,acc_baseline,acc_llm,acc_ensemble,n_low_conf,pct_low_conf
RandomForest,0.39746835443037976,0.42278481012658226,0.4253164556962025,178.0,45.063291139240505
GradientBoosting,0.4151898734177215,0.43544303797468353,0.4177215189873418,59.0,14.936708860759493
LogisticRegression,0.5392405063291139,0.5417721518987342,0.5443037974683544,139.0,35.189873417721515
SVM_RBF,0.44556962025316454,0.4278481012658228,0.44556962025316454,108.0,27.341772151898734
KNN,0.4,0.42025316455696204,0.4177215189873418,66.0,16.70886075949367
MLP,0.4379746835443038,0.4506329113924051,0.43544303797468353,16.0,4.050632911392405
NaiveBayes,0.549367088607595,0.5037974683544304,0.549367088607595,17.0,4.30379746835443
