modelo,classe,precision,recall,f1,support
MechDetect_Original,MCAR,0.6797752808988764,0.521551724137931,0.5902439024390244,232
MechDetect_Original,MAR,0.0,0.0,0.0,550
MechDetect_Original,MNAR,0.34207764952780695,0.9314285714285714,0.5003837298541827,350
