sample_idx,y_true,y_pred,modelo,confianca,prob_MCAR,prob_MAR,prob_MNAR,group
98,0,0,RandomForest,0.5675,0.5675,0.08,0.3525,MCAR_brandsma_apr
99,0,0,RandomForest,0.765,0.765,0.0175,0.2175,MCAR_brandsma_apr
100,0,0,RandomForest,0.63,0.63,0.07,0.3,MCAR_brandsma_apr
101,0,1,RandomForest,0.475,0.32,0.475,0.205,MCAR_brandsma_apr
102,0,2,RandomForest,0.3825,0.25,0.3675,0.3825,MCAR_brandsma_apr
103,0,2,RandomForest,0.465,0.1175,0.4175,0.465,MCAR_brandsma_apr
104,0,2,RandomForest,0.4725,0.4575,0.07,0.4725,MCAR_brandsma_apr
105,0,1,RandomForest,0.4725,0.1975,0.4725,0.33,MCAR_brandsma_apr
106,0,0,RandomForest,0.5,0.5,0.18,0.32,MCAR_brandsma_apr
107,0,0,RandomForest,0.72,0.72,0.0775,0.2025,MCAR_brandsma_apr
108,0,2,RandomForest,0.565,0.4175,0.0175,0.565,MCAR_brandsma_apr
109,0,1,RandomForest,0.525,0.3125,0.525,0.1625,MCAR_brandsma_apr
110,0,2,RandomForest,0.575,0.23,0.195,0.575,MCAR_brandsma_apr
111,0,2,RandomForest,0.4425,0.13,0.4275,0.4425,MCAR_brandsma_apr
112,0,0,RandomForest,0.59,0.59,0.1075,0.3025,MCAR_brandsma_apr
113,0,1,RandomForest,0.3875,0.335,0.3875,0.2775,MCAR_brandsma_apr
114,0,0,RandomForest,0.4575,0.4575,0.2625,0.28,MCAR_brandsma_apr
115,0,0,RandomForest,0.6675,0.6675,0.0375,0.295,MCAR_brandsma_apr
116,0,0,RandomForest,0.46,0.46,0.09,0.45,MCAR_brandsma_apr
117,0,0,RandomForest,0.685,0.685,0.065,0.25,MCAR_brandsma_apr
118,0,1,RandomForest,0.5325,0.2075,0.5325,0.26,MCAR_brandsma_apr
119,0,2,RandomForest,0.6475,0.305,0.0475,0.6475,MCAR_brandsma_apr
120,0,2,RandomForest,0.395,0.2825,0.3225,0.395,MCAR_brandsma_apr
121,0,0,RandomForest,0.5325,0.5325,0.0625,0.405,MCAR_brandsma_apr
122,0,2,RandomForest,0.5825,0.295,0.1225,0.5825,MCAR_brandsma_apr
123,0,2,RandomForest,0.385,0.3,0.315,0.385,MCAR_brandsma_apr
124,0,0,RandomForest,0.695,0.695,0.04,0.265,MCAR_brandsma_apr
125,0,1,RandomForest,0.5075,0.225,0.5075,0.2675,MCAR_brandsma_apr
126,0,1,RandomForest,0.5025,0.2425,0.5025,0.255,MCAR_brandsma_apr
127,0,1,RandomForest,0.44,0.285,0.44,0.275,MCAR_brandsma_apr
128,0,0,RandomForest,0.74,0.74,0.04,0.22,MCAR_brandsma_apr
129,0,1,RandomForest,0.515,0.315,0.515,0.17,MCAR_brandsma_apr
130,0,0,RandomForest,0.6825,0.6825,0.0425,0.275,MCAR_brandsma_apr
131,0,2,RandomForest,0.575,0.245,0.18,0.575,MCAR_brandsma_apr
132,0,0,RandomForest,0.5175,0.5175,0.0925,0.39,MCAR_brandsma_apr
133,0,0,RandomForest,0.475,0.475,0.11,0.415,MCAR_brandsma_apr
134,0,0,RandomForest,0.7175,0.7175,0.035,0.2475,MCAR_brandsma_apr
135,0,0,RandomForest,0.57,0.57,0.065,0.365,MCAR_brandsma_apr
136,0,0,RandomForest,0.535,0.535,0.0725,0.3925,MCAR_brandsma_apr
137,0,0,RandomForest,0.5875,0.5875,0.1875,0.225,MCAR_brandsma_apr
138,0,0,RandomForest,0.6725,0.6725,0.1375,0.19,MCAR_brandsma_apr
139,0,1,RandomForest,0.4425,0.14,0.4425,0.4175,MCAR_brandsma_apr
140,0,0,RandomForest,0.5725,0.5725,0.1825,0.245,MCAR_brandsma_apr
141,0,2,RandomForest,0.5,0.2225,0.2775,0.5,MCAR_brandsma_apr
142,0,0,RandomForest,0.65,0.65,0.1,0.25,MCAR_brandsma_apr
143,0,2,RandomForest,0.4675,0.2325,0.3,0.4675,MCAR_brandsma_apr
144,0,0,RandomForest,0.5475,0.5475,0.075,0.3775,MCAR_brandsma_apr
145,0,2,RandomForest,0.56,0.1275,0.3125,0.56,MCAR_brandsma_apr
146,0,1,RandomForest,0.6025,0.1575,0.6025,0.24,MCAR_brandsma_apr
147,0,0,RandomForest,0.6025,0.6025,0.1275,0.27,MCAR_brandsma_apr
741,2,2,RandomForest,0.4925,0.2375,0.27,0.4925,MNAR_mroz_wages
742,2,1,RandomForest,0.5525,0.2625,0.5525,0.185,MNAR_mroz_wages
743,2,2,RandomForest,0.405,0.2875,0.3075,0.405,MNAR_mroz_wages
744,2,1,RandomForest,0.385,0.25,0.385,0.365,MNAR_mroz_wages
745,2,1,RandomForest,0.4775,0.2175,0.4775,0.305,MNAR_mroz_wages
746,2,2,RandomForest,0.425,0.2575,0.3175,0.425,MNAR_mroz_wages
747,2,2,RandomForest,0.4825,0.14,0.3775,0.4825,MNAR_mroz_wages
748,2,2,RandomForest,0.505,0.12,0.375,0.505,MNAR_mroz_wages
749,2,2,RandomForest,0.485,0.17,0.345,0.485,MNAR_mroz_wages
750,2,2,RandomForest,0.4625,0.1025,0.435,0.4625,MNAR_mroz_wages
751,2,2,RandomForest,0.4175,0.3075,0.275,0.4175,MNAR_mroz_wages
752,2,1,RandomForest,0.4375,0.24,0.4375,0.3225,MNAR_mroz_wages
753,2,1,RandomForest,0.39,0.2225,0.39,0.3875,MNAR_mroz_wages
754,2,2,RandomForest,0.4525,0.1375,0.41,0.4525,MNAR_mroz_wages
755,2,1,RandomForest,0.4425,0.275,0.4425,0.2825,MNAR_mroz_wages
756,2,2,RandomForest,0.4775,0.16,0.3625,0.4775,MNAR_mroz_wages
757,2,1,RandomForest,0.3975,0.255,0.3975,0.3475,MNAR_mroz_wages
758,2,2,RandomForest,0.4775,0.2475,0.275,0.4775,MNAR_mroz_wages
759,2,1,RandomForest,0.4,0.31,0.4,0.29,MNAR_mroz_wages
760,2,1,RandomForest,0.3975,0.2525,0.3975,0.35,MNAR_mroz_wages
761,2,2,RandomForest,0.42,0.275,0.305,0.42,MNAR_mroz_wages
762,2,2,RandomForest,0.3675,0.3075,0.325,0.3675,MNAR_mroz_wages
763,2,1,RandomForest,0.575,0.1175,0.575,0.3075,MNAR_mroz_wages
764,2,2,RandomForest,0.39,0.3175,0.2925,0.39,MNAR_mroz_wages
765,2,1,RandomForest,0.455,0.225,0.455,0.32,MNAR_mroz_wages
766,2,2,RandomForest,0.4275,0.2175,0.355,0.4275,MNAR_mroz_wages
767,2,2,RandomForest,0.4825,0.1775,0.34,0.4825,MNAR_mroz_wages
768,2,2,RandomForest,0.5,0.19,0.31,0.5,MNAR_mroz_wages
769,2,1,RandomForest,0.48,0.375,0.48,0.145,MNAR_mroz_wages
770,2,1,RandomForest,0.435,0.1775,0.435,0.3875,MNAR_mroz_wages
771,2,2,RandomForest,0.4525,0.2175,0.33,0.4525,MNAR_mroz_wages
772,2,1,RandomForest,0.49,0.185,0.49,0.325,MNAR_mroz_wages
773,2,2,RandomForest,0.4625,0.21,0.3275,0.4625,MNAR_mroz_wages
774,2,2,RandomForest,0.4675,0.2675,0.265,0.4675,MNAR_mroz_wages
775,2,1,RandomForest,0.69,0.0875,0.69,0.2225,MNAR_mroz_wages
776,2,2,RandomForest,0.3775,0.37,0.2525,0.3775,MNAR_mroz_wages
777,2,2,RandomForest,0.6025,0.1875,0.21,0.6025,MNAR_mroz_wages
778,2,2,RandomForest,0.465,0.175,0.36,0.465,MNAR_mroz_wages
779,2,2,RandomForest,0.3825,0.3075,0.31,0.3825,MNAR_mroz_wages
780,2,2,RandomForest,0.46,0.2375,0.3025,0.46,MNAR_mroz_wages
781,2,1,RandomForest,0.5025,0.1975,0.5025,0.3,MNAR_mroz_wages
782,2,2,RandomForest,0.385,0.245,0.37,0.385,MNAR_mroz_wages
783,2,1,RandomForest,0.565,0.2825,0.565,0.1525,MNAR_mroz_wages
784,2,1,RandomForest,0.525,0.09,0.525,0.385,MNAR_mroz_wages
785,2,2,RandomForest,0.43,0.15,0.42,0.43,MNAR_mroz_wages
786,2,2,RandomForest,0.575,0.1125,0.3125,0.575,MNAR_mroz_wages
787,2,1,RandomForest,0.7175,0.0675,0.7175,0.215,MNAR_mroz_wages
788,2,1,RandomForest,0.51,0.285,0.51,0.205,MNAR_mroz_wages
789,2,2,RandomForest,0.4275,0.21,0.3625,0.4275,MNAR_mroz_wages
790,2,1,RandomForest,0.465,0.2575,0.465,0.2775,MNAR_mroz_wages
841,0,0,RandomForest,0.42,0.42,0.1625,0.4175,MCAR_hepatitis_albumin
842,0,0,RandomForest,0.555,0.555,0.0975,0.3475,MCAR_hepatitis_albumin
843,0,2,RandomForest,0.5925,0.19,0.2175,0.5925,MCAR_hepatitis_albumin
844,0,2,RandomForest,0.385,0.3075,0.3075,0.385,MCAR_hepatitis_albumin
845,0,2,RandomForest,0.7025,0.17,0.1275,0.7025,MCAR_hepatitis_albumin
846,0,2,RandomForest,0.4175,0.17,0.4125,0.4175,MCAR_hepatitis_albumin
847,0,0,RandomForest,0.43,0.43,0.215,0.355,MCAR_hepatitis_albumin
848,0,0,RandomForest,0.43,0.43,0.195,0.375,MCAR_hepatitis_albumin
849,0,2,RandomForest,0.48,0.2625,0.2575,0.48,MCAR_hepatitis_albumin
850,0,1,RandomForest,0.43,0.2075,0.43,0.3625,MCAR_hepatitis_albumin
851,0,1,RandomForest,0.5625,0.0975,0.5625,0.34,MCAR_hepatitis_albumin
852,0,2,RandomForest,0.6625,0.2325,0.105,0.6625,MCAR_hepatitis_albumin
853,0,0,RandomForest,0.39,0.39,0.23,0.38,MCAR_hepatitis_albumin
854,0,2,RandomForest,0.5375,0.155,0.3075,0.5375,MCAR_hepatitis_albumin
855,0,0,RandomForest,0.4325,0.4325,0.2525,0.315,MCAR_hepatitis_albumin
856,0,2,RandomForest,0.5775,0.2175,0.205,0.5775,MCAR_hepatitis_albumin
857,0,2,RandomForest,0.3975,0.395,0.2075,0.3975,MCAR_hepatitis_albumin
858,0,2,RandomForest,0.4625,0.375,0.1625,0.4625,MCAR_hepatitis_albumin
859,0,2,RandomForest,0.4625,0.3525,0.185,0.4625,MCAR_hepatitis_albumin
860,0,2,RandomForest,0.42,0.2525,0.3275,0.42,MCAR_hepatitis_albumin
861,0,1,RandomForest,0.515,0.29,0.515,0.195,MCAR_hepatitis_albumin
862,0,2,RandomForest,0.635,0.0875,0.2775,0.635,MCAR_hepatitis_albumin
863,0,0,RandomForest,0.43,0.43,0.18,0.39,MCAR_hepatitis_albumin
864,0,2,RandomForest,0.515,0.4025,0.0825,0.515,MCAR_hepatitis_albumin
865,0,2,RandomForest,0.43,0.3725,0.1975,0.43,MCAR_hepatitis_albumin
866,0,2,RandomForest,0.635,0.2025,0.1625,0.635,MCAR_hepatitis_albumin
867,0,2,RandomForest,0.5125,0.4025,0.085,0.5125,MCAR_hepatitis_albumin
868,0,2,RandomForest,0.51,0.29,0.2,0.51,MCAR_hepatitis_albumin
869,0,0,RandomForest,0.475,0.475,0.1375,0.3875,MCAR_hepatitis_albumin
870,0,2,RandomForest,0.495,0.3475,0.1575,0.495,MCAR_hepatitis_albumin
871,0,2,RandomForest,0.4025,0.3325,0.265,0.4025,MCAR_hepatitis_albumin
872,0,0,RandomForest,0.57,0.57,0.0775,0.3525,MCAR_hepatitis_albumin
873,0,0,RandomForest,0.5475,0.5475,0.185,0.2675,MCAR_hepatitis_albumin
874,0,2,RandomForest,0.55,0.0775,0.3725,0.55,MCAR_hepatitis_albumin
875,0,2,RandomForest,0.575,0.2525,0.1725,0.575,MCAR_hepatitis_albumin
876,0,2,RandomForest,0.5775,0.165,0.2575,0.5775,MCAR_hepatitis_albumin
877,0,2,RandomForest,0.4425,0.2275,0.33,0.4425,MCAR_hepatitis_albumin
878,0,2,RandomForest,0.445,0.33,0.225,0.445,MCAR_hepatitis_albumin
879,0,2,RandomForest,0.4125,0.3825,0.205,0.4125,MCAR_hepatitis_albumin
880,0,1,RandomForest,0.34,0.3375,0.34,0.3225,MCAR_hepatitis_albumin
881,0,2,RandomForest,0.3925,0.3525,0.255,0.3925,MCAR_hepatitis_albumin
882,0,0,RandomForest,0.4925,0.4925,0.1875,0.32,MCAR_hepatitis_albumin
883,0,2,RandomForest,0.43,0.145,0.425,0.43,MCAR_hepatitis_albumin
884,0,2,RandomForest,0.545,0.245,0.21,0.545,MCAR_hepatitis_albumin
885,0,2,RandomForest,0.6,0.2425,0.1575,0.6,MCAR_hepatitis_albumin
886,0,1,RandomForest,0.71,0.1875,0.71,0.1025,MCAR_hepatitis_albumin
887,0,0,RandomForest,0.3925,0.3925,0.22,0.3875,MCAR_hepatitis_albumin
888,0,2,RandomForest,0.495,0.375,0.13,0.495,MCAR_hepatitis_albumin
889,0,0,RandomForest,0.455,0.455,0.2575,0.2875,MCAR_hepatitis_albumin
890,0,0,RandomForest,0.525,0.525,0.0675,0.4075,MCAR_hepatitis_albumin
991,1,1,RandomForest,0.625,0.07,0.625,0.305,MAR_sick_t3
992,1,1,RandomForest,0.665,0.1575,0.665,0.1775,MAR_sick_t3
993,1,2,RandomForest,0.61,0.015,0.375,0.61,MAR_sick_t3
994,1,1,RandomForest,0.7475,0.0725,0.7475,0.18,MAR_sick_t3
995,1,1,RandomForest,0.49,0.02,0.49,0.49,MAR_sick_t3
996,1,1,RandomForest,0.825,0.0825,0.825,0.0925,MAR_sick_t3
997,1,2,RandomForest,0.415,0.3825,0.2025,0.415,MAR_sick_t3
998,1,1,RandomForest,0.6825,0.0925,0.6825,0.225,MAR_sick_t3
999,1,2,RandomForest,0.4575,0.1075,0.435,0.4575,MAR_sick_t3
1000,1,2,RandomForest,0.46,0.235,0.305,0.46,MAR_sick_t3
1001,1,1,RandomForest,0.555,0.1175,0.555,0.3275,MAR_sick_t3
1002,1,1,RandomForest,0.54,0.115,0.54,0.345,MAR_sick_t3
1003,1,1,RandomForest,0.64,0.1675,0.64,0.1925,MAR_sick_t3
1004,1,1,RandomForest,0.615,0.1975,0.615,0.1875,MAR_sick_t3
1005,1,2,RandomForest,0.485,0.07,0.445,0.485,MAR_sick_t3
1006,1,1,RandomForest,0.4925,0.2725,0.4925,0.235,MAR_sick_t3
1007,1,1,RandomForest,0.6025,0.0375,0.6025,0.36,MAR_sick_t3
1008,1,1,RandomForest,0.74,0.0525,0.74,0.2075,MAR_sick_t3
1009,1,1,RandomForest,0.5525,0.155,0.5525,0.2925,MAR_sick_t3
1010,1,1,RandomForest,0.56,0.03,0.56,0.41,MAR_sick_t3
1011,1,2,RandomForest,0.38,0.32,0.3,0.38,MAR_sick_t3
1012,1,2,RandomForest,0.475,0.065,0.46,0.475,MAR_sick_t3
1013,1,1,RandomForest,0.735,0.065,0.735,0.2,MAR_sick_t3
1014,1,1,RandomForest,0.575,0.22,0.575,0.205,MAR_sick_t3
1015,1,1,RandomForest,0.6975,0.0925,0.6975,0.21,MAR_sick_t3
1016,1,1,RandomForest,0.5425,0.15,0.5425,0.3075,MAR_sick_t3
1017,1,1,RandomForest,0.6875,0.155,0.6875,0.1575,MAR_sick_t3
1018,1,1,RandomForest,0.555,0.0275,0.555,0.4175,MAR_sick_t3
1019,1,1,RandomForest,0.545,0.025,0.545,0.43,MAR_sick_t3
1020,1,2,RandomForest,0.4,0.27,0.33,0.4,MAR_sick_t3
1021,1,1,RandomForest,0.5275,0.05,0.5275,0.4225,MAR_sick_t3
1022,1,1,RandomForest,0.575,0.03,0.575,0.395,MAR_sick_t3
1023,1,1,RandomForest,0.6275,0.0325,0.6275,0.34,MAR_sick_t3
1024,1,1,RandomForest,0.655,0.045,0.655,0.3,MAR_sick_t3
1025,1,1,RandomForest,0.705,0.135,0.705,0.16,MAR_sick_t3
1026,1,1,RandomForest,0.545,0.045,0.545,0.41,MAR_sick_t3
1027,1,1,RandomForest,0.5575,0.2325,0.5575,0.21,MAR_sick_t3
1028,1,1,RandomForest,0.815,0.055,0.815,0.13,MAR_sick_t3
1029,1,1,RandomForest,0.475,0.0525,0.475,0.4725,MAR_sick_t3
1030,1,1,RandomForest,0.5075,0.1925,0.5075,0.3,MAR_sick_t3
1031,1,1,RandomForest,0.6075,0.1775,0.6075,0.215,MAR_sick_t3
1032,1,1,RandomForest,0.67,0.08,0.67,0.25,MAR_sick_t3
1033,1,1,RandomForest,0.405,0.22,0.405,0.375,MAR_sick_t3
1034,1,1,RandomForest,0.51,0.02,0.51,0.47,MAR_sick_t3
1035,1,2,RandomForest,0.545,0.02,0.435,0.545,MAR_sick_t3
1036,1,1,RandomForest,0.5125,0.0225,0.5125,0.465,MAR_sick_t3
1037,1,2,RandomForest,0.47,0.3175,0.2125,0.47,MAR_sick_t3
1038,1,1,RandomForest,0.525,0.0625,0.525,0.4125,MAR_sick_t3
1039,1,1,RandomForest,0.7775,0.0775,0.7775,0.145,MAR_sick_t3
1040,1,2,RandomForest,0.395,0.275,0.33,0.395,MAR_sick_t3
1041,1,2,RandomForest,0.97,0.0025,0.0275,0.97,MAR_sick_tsh
1042,1,2,RandomForest,0.7525,0.0225,0.225,0.7525,MAR_sick_tsh
1043,1,2,RandomForest,0.9,0.0025,0.0975,0.9,MAR_sick_tsh
1044,1,2,RandomForest,0.9575,0.0025,0.04,0.9575,MAR_sick_tsh
1045,1,2,RandomForest,0.96,0.0075,0.0325,0.96,MAR_sick_tsh
1046,1,2,RandomForest,0.8375,0.01,0.1525,0.8375,MAR_sick_tsh
1047,1,2,RandomForest,0.94,0.01,0.05,0.94,MAR_sick_tsh
1048,1,2,RandomForest,0.8675,0.03,0.1025,0.8675,MAR_sick_tsh
1049,1,2,RandomForest,0.745,0.045,0.21,0.745,MAR_sick_tsh
1050,1,2,RandomForest,0.9875,0.0,0.0125,0.9875,MAR_sick_tsh
1051,1,2,RandomForest,0.8975,0.015,0.0875,0.8975,MAR_sick_tsh
1052,1,2,RandomForest,0.98,0.0025,0.0175,0.98,MAR_sick_tsh
1053,1,2,RandomForest,0.925,0.005,0.07,0.925,MAR_sick_tsh
1054,1,2,RandomForest,0.9375,0.005,0.0575,0.9375,MAR_sick_tsh
1055,1,2,RandomForest,0.985,0.0,0.015,0.985,MAR_sick_tsh
1056,1,2,RandomForest,0.95,0.0025,0.0475,0.95,MAR_sick_tsh
1057,1,2,RandomForest,0.935,0.015,0.05,0.935,MAR_sick_tsh
1058,1,2,RandomForest,0.9775,0.0,0.0225,0.9775,MAR_sick_tsh
1059,1,2,RandomForest,0.9625,0.0025,0.035,0.9625,MAR_sick_tsh
1060,1,2,RandomForest,0.975,0.0025,0.0225,0.975,MAR_sick_tsh
1061,1,2,RandomForest,0.86,0.0075,0.1325,0.86,MAR_sick_tsh
1062,1,2,RandomForest,0.9575,0.0,0.0425,0.9575,MAR_sick_tsh
1063,1,2,RandomForest,0.96,0.0,0.04,0.96,MAR_sick_tsh
1064,1,2,RandomForest,0.945,0.0025,0.0525,0.945,MAR_sick_tsh
1065,1,2,RandomForest,0.9525,0.0125,0.035,0.9525,MAR_sick_tsh
1066,1,2,RandomForest,0.98,0.005,0.015,0.98,MAR_sick_tsh
1067,1,2,RandomForest,0.9925,0.0025,0.005,0.9925,MAR_sick_tsh
1068,1,2,RandomForest,0.9425,0.0,0.0575,0.9425,MAR_sick_tsh
1069,1,2,RandomForest,0.845,0.0275,0.1275,0.845,MAR_sick_tsh
1070,1,2,RandomForest,0.7525,0.0225,0.225,0.7525,MAR_sick_tsh
1071,1,2,RandomForest,0.9425,0.0025,0.055,0.9425,MAR_sick_tsh
1072,1,2,RandomForest,0.9425,0.015,0.0425,0.9425,MAR_sick_tsh
1073,1,2,RandomForest,0.95,0.0025,0.0475,0.95,MAR_sick_tsh
1074,1,2,RandomForest,0.97,0.0,0.03,0.97,MAR_sick_tsh
1075,1,2,RandomForest,0.9775,0.0,0.0225,0.9775,MAR_sick_tsh
1076,1,2,RandomForest,0.9625,0.0025,0.035,0.9625,MAR_sick_tsh
1077,1,2,RandomForest,0.92,0.01,0.07,0.92,MAR_sick_tsh
1078,1,2,RandomForest,0.92,0.005,0.075,0.92,MAR_sick_tsh
1079,1,2,RandomForest,0.94,0.0025,0.0575,0.94,MAR_sick_tsh
1080,1,2,RandomForest,0.9325,0.0175,0.05,0.9325,MAR_sick_tsh
1081,1,2,RandomForest,0.9625,0.0125,0.025,0.9625,MAR_sick_tsh
1082,1,2,RandomForest,0.7875,0.045,0.1675,0.7875,MAR_sick_tsh
1083,1,2,RandomForest,0.9775,0.0,0.0225,0.9775,MAR_sick_tsh
1084,1,2,RandomForest,0.905,0.02,0.075,0.905,MAR_sick_tsh
1085,1,2,RandomForest,0.9825,0.0025,0.015,0.9825,MAR_sick_tsh
1086,1,2,RandomForest,0.98,0.0,0.02,0.98,MAR_sick_tsh
1087,1,2,RandomForest,0.945,0.0,0.055,0.945,MAR_sick_tsh
1088,1,2,RandomForest,0.955,0.005,0.04,0.955,MAR_sick_tsh
1089,1,2,RandomForest,0.9775,0.0075,0.015,0.9775,MAR_sick_tsh
1240,2,2,RandomForest,0.955,0.0125,0.0325,0.955,MNAR_nhanes_cadmium
1241,2,2,RandomForest,0.6325,0.0625,0.305,0.6325,MNAR_nhanes_cadmium
1242,2,2,RandomForest,0.695,0.04,0.265,0.695,MNAR_nhanes_cadmium
1243,2,1,RandomForest,0.5225,0.0875,0.5225,0.39,MNAR_nhanes_cadmium
1244,2,2,RandomForest,0.8,0.03,0.17,0.8,MNAR_nhanes_cadmium
1245,2,2,RandomForest,0.6775,0.03,0.2925,0.6775,MNAR_nhanes_cadmium
1246,2,2,RandomForest,0.77,0.04,0.19,0.77,MNAR_nhanes_cadmium
1247,2,2,RandomForest,0.56,0.0275,0.4125,0.56,MNAR_nhanes_cadmium
1248,2,2,RandomForest,0.915,0.015,0.07,0.915,MNAR_nhanes_cadmium
1249,2,2,RandomForest,0.8875,0.01,0.1025,0.8875,MNAR_nhanes_cadmium
1250,2,2,RandomForest,0.93,0.025,0.045,0.93,MNAR_nhanes_cadmium
1251,2,2,RandomForest,0.625,0.0325,0.3425,0.625,MNAR_nhanes_cadmium
1252,2,2,RandomForest,0.9525,0.02,0.0275,0.9525,MNAR_nhanes_cadmium
1253,2,2,RandomForest,0.5025,0.0725,0.425,0.5025,MNAR_nhanes_cadmium
1254,2,2,RandomForest,0.96,0.0075,0.0325,0.96,MNAR_nhanes_cadmium
1255,2,2,RandomForest,0.735,0.03,0.235,0.735,MNAR_nhanes_cadmium
1256,2,2,RandomForest,0.7375,0.0175,0.245,0.7375,MNAR_nhanes_cadmium
1257,2,1,RandomForest,0.525,0.035,0.525,0.44,MNAR_nhanes_cadmium
1258,2,2,RandomForest,0.8,0.0475,0.1525,0.8,MNAR_nhanes_cadmium
1259,2,2,RandomForest,0.8025,0.0325,0.165,0.8025,MNAR_nhanes_cadmium
1260,2,2,RandomForest,0.5025,0.0575,0.44,0.5025,MNAR_nhanes_cadmium
1261,2,2,RandomForest,0.6225,0.045,0.3325,0.6225,MNAR_nhanes_cadmium
1262,2,1,RandomForest,0.4425,0.1625,0.4425,0.395,MNAR_nhanes_cadmium
1263,2,2,RandomForest,0.73,0.0525,0.2175,0.73,MNAR_nhanes_cadmium
1264,2,2,RandomForest,0.655,0.08,0.265,0.655,MNAR_nhanes_cadmium
1265,2,2,RandomForest,0.7775,0.03,0.1925,0.7775,MNAR_nhanes_cadmium
1266,2,1,RandomForest,0.525,0.115,0.525,0.36,MNAR_nhanes_cadmium
1267,2,2,RandomForest,0.8525,0.0375,0.11,0.8525,MNAR_nhanes_cadmium
1268,2,2,RandomForest,0.9025,0.0275,0.07,0.9025,MNAR_nhanes_cadmium
1269,2,2,RandomForest,0.56,0.055,0.385,0.56,MNAR_nhanes_cadmium
1270,2,2,RandomForest,0.7925,0.0325,0.175,0.7925,MNAR_nhanes_cadmium
1271,2,2,RandomForest,0.8,0.04,0.16,0.8,MNAR_nhanes_cadmium
1272,2,2,RandomForest,0.6525,0.0775,0.27,0.6525,MNAR_nhanes_cadmium
1273,2,2,RandomForest,0.4825,0.1225,0.395,0.4825,MNAR_nhanes_cadmium
1274,2,2,RandomForest,0.625,0.065,0.31,0.625,MNAR_nhanes_cadmium
1275,2,2,RandomForest,0.9775,0.005,0.0175,0.9775,MNAR_nhanes_cadmium
1276,2,2,RandomForest,0.7925,0.05,0.1575,0.7925,MNAR_nhanes_cadmium
1277,2,2,RandomForest,0.505,0.06,0.435,0.505,MNAR_nhanes_cadmium
1278,2,2,RandomForest,0.715,0.0725,0.2125,0.715,MNAR_nhanes_cadmium
1279,2,2,RandomForest,0.79,0.0475,0.1625,0.79,MNAR_nhanes_cadmium
1280,2,2,RandomForest,0.745,0.025,0.23,0.745,MNAR_nhanes_cadmium
1281,2,2,RandomForest,0.53,0.0525,0.4175,0.53,MNAR_nhanes_cadmium
1282,2,2,RandomForest,0.4975,0.06,0.4425,0.4975,MNAR_nhanes_cadmium
1283,2,2,RandomForest,0.585,0.045,0.37,0.585,MNAR_nhanes_cadmium
1284,2,2,RandomForest,0.555,0.095,0.35,0.555,MNAR_nhanes_cadmium
1285,2,2,RandomForest,0.805,0.03,0.165,0.805,MNAR_nhanes_cadmium
1286,2,2,RandomForest,0.575,0.055,0.37,0.575,MNAR_nhanes_cadmium
1287,2,2,RandomForest,0.82,0.01,0.17,0.82,MNAR_nhanes_cadmium
1288,2,2,RandomForest,0.8025,0.0375,0.16,0.8025,MNAR_nhanes_cadmium
1289,2,2,RandomForest,0.4925,0.04,0.4675,0.4925,MNAR_nhanes_cadmium
1440,2,0,RandomForest,0.48,0.48,0.185,0.335,MNAR_pima_skinthickness
1441,2,0,RandomForest,0.575,0.575,0.2025,0.2225,MNAR_pima_skinthickness
1442,2,2,RandomForest,0.6725,0.0225,0.305,0.6725,MNAR_pima_skinthickness
1443,2,0,RandomForest,0.73,0.73,0.0625,0.2075,MNAR_pima_skinthickness
1444,2,2,RandomForest,0.675,0.1875,0.1375,0.675,MNAR_pima_skinthickness
1445,2,2,RandomForest,0.47,0.22,0.31,0.47,MNAR_pima_skinthickness
1446,2,2,RandomForest,0.5875,0.0625,0.35,0.5875,MNAR_pima_skinthickness
1447,2,0,RandomForest,0.3875,0.3875,0.305,0.3075,MNAR_pima_skinthickness
1448,2,2,RandomForest,0.4,0.2925,0.3075,0.4,MNAR_pima_skinthickness
1449,2,1,RandomForest,0.6825,0.1275,0.6825,0.19,MNAR_pima_skinthickness
1450,2,2,RandomForest,0.4975,0.4025,0.1,0.4975,MNAR_pima_skinthickness
1451,2,2,RandomForest,0.4625,0.305,0.2325,0.4625,MNAR_pima_skinthickness
1452,2,1,RandomForest,0.485,0.145,0.485,0.37,MNAR_pima_skinthickness
1453,2,1,RandomForest,0.575,0.095,0.575,0.33,MNAR_pima_skinthickness
1454,2,1,RandomForest,0.5225,0.155,0.5225,0.3225,MNAR_pima_skinthickness
1455,2,1,RandomForest,0.615,0.235,0.615,0.15,MNAR_pima_skinthickness
1456,2,1,RandomForest,0.5375,0.0625,0.5375,0.4,MNAR_pima_skinthickness
1457,2,0,RandomForest,0.6175,0.6175,0.1325,0.25,MNAR_pima_skinthickness
1458,2,2,RandomForest,0.4075,0.27,0.3225,0.4075,MNAR_pima_skinthickness
1459,2,1,RandomForest,0.575,0.205,0.575,0.22,MNAR_pima_skinthickness
1460,2,2,RandomForest,0.415,0.205,0.38,0.415,MNAR_pima_skinthickness
1461,2,1,RandomForest,0.5025,0.13,0.5025,0.3675,MNAR_pima_skinthickness
1462,2,1,RandomForest,0.4525,0.095,0.4525,0.4525,MNAR_pima_skinthickness
1463,2,1,RandomForest,0.6025,0.14,0.6025,0.2575,MNAR_pima_skinthickness
1464,2,1,RandomForest,0.625,0.135,0.625,0.24,MNAR_pima_skinthickness
1465,2,1,RandomForest,0.69,0.13,0.69,0.18,MNAR_pima_skinthickness
1466,2,2,RandomForest,0.76,0.095,0.145,0.76,MNAR_pima_skinthickness
1467,2,1,RandomForest,0.425,0.3675,0.425,0.2075,MNAR_pima_skinthickness
1468,2,1,RandomForest,0.5875,0.12,0.5875,0.2925,MNAR_pima_skinthickness
1469,2,1,RandomForest,0.485,0.0375,0.485,0.4775,MNAR_pima_skinthickness
1470,2,1,RandomForest,0.4325,0.1775,0.4325,0.39,MNAR_pima_skinthickness
1471,2,2,RandomForest,0.4975,0.0425,0.46,0.4975,MNAR_pima_skinthickness
1472,2,0,RandomForest,0.5125,0.5125,0.255,0.2325,MNAR_pima_skinthickness
1473,2,1,RandomForest,0.72,0.145,0.72,0.135,MNAR_pima_skinthickness
1474,2,1,RandomForest,0.53,0.1075,0.53,0.3625,MNAR_pima_skinthickness
1475,2,1,RandomForest,0.41,0.305,0.41,0.285,MNAR_pima_skinthickness
1476,2,1,RandomForest,0.625,0.11,0.625,0.265,MNAR_pima_skinthickness
1477,2,2,RandomForest,0.675,0.2575,0.0675,0.675,MNAR_pima_skinthickness
1478,2,1,RandomForest,0.465,0.2325,0.465,0.3025,MNAR_pima_skinthickness
1479,2,2,RandomForest,0.495,0.28,0.225,0.495,MNAR_pima_skinthickness
1480,2,2,RandomForest,0.585,0.08,0.335,0.585,MNAR_pima_skinthickness
1481,2,1,RandomForest,0.4375,0.25,0.4375,0.3125,MNAR_pima_skinthickness
1482,2,1,RandomForest,0.445,0.2325,0.445,0.3225,MNAR_pima_skinthickness
1483,2,1,RandomForest,0.5075,0.1425,0.5075,0.35,MNAR_pima_skinthickness
1484,2,2,RandomForest,0.5575,0.06,0.3825,0.5575,MNAR_pima_skinthickness
1485,2,1,RandomForest,0.6875,0.095,0.6875,0.2175,MNAR_pima_skinthickness
1486,2,1,RandomForest,0.5725,0.0375,0.5725,0.39,MNAR_pima_skinthickness
1487,2,2,RandomForest,0.7725,0.1475,0.08,0.7725,MNAR_pima_skinthickness
1488,2,1,RandomForest,0.66,0.155,0.66,0.185,MNAR_pima_skinthickness
1489,2,1,RandomForest,0.55,0.2775,0.55,0.1725,MNAR_pima_skinthickness
1490,2,2,RandomForest,0.44,0.1525,0.4075,0.44,MNAR_support2_albumin
1491,2,1,RandomForest,0.53,0.05,0.53,0.42,MNAR_support2_albumin
1492,2,2,RandomForest,0.505,0.105,0.39,0.505,MNAR_support2_albumin
1493,2,0,RandomForest,0.3975,0.3975,0.3675,0.235,MNAR_support2_albumin
1494,2,1,RandomForest,0.715,0.0425,0.715,0.2425,MNAR_support2_albumin
1495,2,1,RandomForest,0.5125,0.195,0.5125,0.2925,MNAR_support2_albumin
1496,2,1,RandomForest,0.74,0.0675,0.74,0.1925,MNAR_support2_albumin
1497,2,1,RandomForest,0.63,0.0225,0.63,0.3475,MNAR_support2_albumin
1498,2,1,RandomForest,0.4675,0.1125,0.4675,0.42,MNAR_support2_albumin
1499,2,1,RandomForest,0.4825,0.0675,0.4825,0.45,MNAR_support2_albumin
1500,2,2,RandomForest,0.475,0.1075,0.4175,0.475,MNAR_support2_albumin
1501,2,2,RandomForest,0.47,0.2125,0.3175,0.47,MNAR_support2_albumin
1502,2,1,RandomForest,0.505,0.0725,0.505,0.4225,MNAR_support2_albumin
1503,2,2,RandomForest,0.6175,0.0375,0.345,0.6175,MNAR_support2_albumin
1504,2,1,RandomForest,0.6375,0.105,0.6375,0.2575,MNAR_support2_albumin
1505,2,2,RandomForest,0.94,0.015,0.045,0.94,MNAR_support2_albumin
1506,2,1,RandomForest,0.7325,0.05,0.7325,0.2175,MNAR_support2_albumin
1507,2,1,RandomForest,0.525,0.2425,0.525,0.2325,MNAR_support2_albumin
1508,2,2,RandomForest,0.5075,0.085,0.4075,0.5075,MNAR_support2_albumin
1509,2,2,RandomForest,0.35,0.34,0.31,0.35,MNAR_support2_albumin
1510,2,1,RandomForest,0.465,0.1275,0.465,0.4075,MNAR_support2_albumin
1511,2,2,RandomForest,0.5,0.2125,0.2875,0.5,MNAR_support2_albumin
1512,2,2,RandomForest,0.675,0.1025,0.2225,0.675,MNAR_support2_albumin
1513,2,1,RandomForest,0.4425,0.1725,0.4425,0.385,MNAR_support2_albumin
1514,2,2,RandomForest,0.5725,0.13,0.2975,0.5725,MNAR_support2_albumin
1515,2,2,RandomForest,0.5575,0.1625,0.28,0.5575,MNAR_support2_albumin
1516,2,1,RandomForest,0.555,0.1275,0.555,0.3175,MNAR_support2_albumin
1517,2,2,RandomForest,0.4925,0.255,0.2525,0.4925,MNAR_support2_albumin
1518,2,2,RandomForest,0.6125,0.2825,0.105,0.6125,MNAR_support2_albumin
1519,2,2,RandomForest,0.5425,0.27,0.1875,0.5425,MNAR_support2_albumin
1520,2,1,RandomForest,0.765,0.05,0.765,0.185,MNAR_support2_albumin
1521,2,1,RandomForest,0.5075,0.1025,0.5075,0.39,MNAR_support2_albumin
1522,2,1,RandomForest,0.5425,0.1475,0.5425,0.31,MNAR_support2_albumin
1523,2,1,RandomForest,0.4875,0.07,0.4875,0.4425,MNAR_support2_albumin
1524,2,2,RandomForest,0.495,0.13,0.375,0.495,MNAR_support2_albumin
1525,2,2,RandomForest,0.54,0.0525,0.4075,0.54,MNAR_support2_albumin
1526,2,2,RandomForest,0.5125,0.13,0.3575,0.5125,MNAR_support2_albumin
1527,2,1,RandomForest,0.5025,0.115,0.5025,0.3825,MNAR_support2_albumin
1528,2,1,RandomForest,0.46,0.1875,0.46,0.3525,MNAR_support2_albumin
1529,2,2,RandomForest,0.55,0.2075,0.2425,0.55,MNAR_support2_albumin
1530,2,2,RandomForest,0.535,0.2,0.265,0.535,MNAR_support2_albumin
1531,2,1,RandomForest,0.4525,0.1525,0.4525,0.395,MNAR_support2_albumin
1532,2,2,RandomForest,0.635,0.1975,0.1675,0.635,MNAR_support2_albumin
1533,2,1,RandomForest,0.6525,0.045,0.6525,0.3025,MNAR_support2_albumin
1534,2,1,RandomForest,0.4775,0.0875,0.4775,0.435,MNAR_support2_albumin
1535,2,1,RandomForest,0.54,0.1225,0.54,0.3375,MNAR_support2_albumin
1536,2,1,RandomForest,0.475,0.065,0.475,0.46,MNAR_support2_albumin
1537,2,1,RandomForest,0.655,0.1275,0.655,0.2175,MNAR_support2_albumin
1538,2,2,RandomForest,0.4675,0.095,0.4375,0.4675,MNAR_support2_albumin
1539,2,2,RandomForest,0.4825,0.1975,0.32,0.4825,MNAR_support2_albumin
98,0,0,GradientBoosting,0.9111561745226269,0.9111561745226269,0.004321380117582943,0.0845224453597904,MCAR_brandsma_apr
99,0,0,GradientBoosting,0.9785163844611149,0.9785163844611149,0.0015175281215663989,0.01996608741731886,MCAR_brandsma_apr
100,0,0,GradientBoosting,0.7348050316305954,0.7348050316305954,0.007151031751255356,0.2580439366181493,MCAR_brandsma_apr
101,0,1,GradientBoosting,0.9755128699698281,0.018651139477086326,0.9755128699698281,0.005835990553085427,MCAR_brandsma_apr
102,0,1,GradientBoosting,0.49835734563997314,0.13598647662711022,0.49835734563997314,0.3656561777329167,MCAR_brandsma_apr
103,0,2,GradientBoosting,0.8432768377826599,0.0011733436503204079,0.15554981856701963,0.8432768377826599,MCAR_brandsma_apr
104,0,2,GradientBoosting,0.7916921081701248,0.20732111330959987,0.0009867785202753055,0.7916921081701248,MCAR_brandsma_apr
105,0,1,GradientBoosting,0.6231471212354535,0.26177049352122544,0.6231471212354535,0.11508238524332107,MCAR_brandsma_apr
106,0,2,GradientBoosting,0.8168056688631349,0.17420211145891526,0.008992219677949855,0.8168056688631349,MCAR_brandsma_apr
107,0,0,GradientBoosting,0.9785018668252543,0.9785018668252543,0.002406072953461664,0.01909206022128399,MCAR_brandsma_apr
108,0,2,GradientBoosting,0.9597278530993585,0.038486068371886374,0.0017860785287551945,0.9597278530993585,MCAR_brandsma_apr
109,0,1,GradientBoosting,0.6510772314803267,0.11911953183024333,0.6510772314803267,0.22980323668942998,MCAR_brandsma_apr
110,0,2,GradientBoosting,0.997199800765695,0.0013296944454917524,0.0014705047888130991,0.997199800765695,MCAR_brandsma_apr
111,0,2,GradientBoosting,0.7673543559430589,0.05201786438535821,0.1806277796715829,0.7673543559430589,MCAR_brandsma_apr
112,0,0,GradientBoosting,0.8465866372194223,0.8465866372194223,0.010311763131796648,0.14310159964878089,MCAR_brandsma_apr
113,0,1,GradientBoosting,0.8581117318487617,0.02171915495664552,0.8581117318487617,0.12016911319459285,MCAR_brandsma_apr
114,0,0,GradientBoosting,0.6657939803572761,0.6657939803572761,0.07381284434973126,0.2603931752929926,MCAR_brandsma_apr
115,0,0,GradientBoosting,0.6432020942267006,0.6432020942267006,0.0020700317182445445,0.3547278740550548,MCAR_brandsma_apr
116,0,0,GradientBoosting,0.5672691361898534,0.5672691361898534,0.09917860788701358,0.333552255923133,MCAR_brandsma_apr
117,0,0,GradientBoosting,0.9419416034201806,0.9419416034201806,0.00888085979601525,0.04917753678380429,MCAR_brandsma_apr
118,0,1,GradientBoosting,0.9388124973476003,0.006734344508700795,0.9388124973476003,0.054453158143698964,MCAR_brandsma_apr
119,0,2,GradientBoosting,0.7872162920509744,0.21113121883663927,0.0016524891123862854,0.7872162920509744,MCAR_brandsma_apr
120,0,1,GradientBoosting,0.5892545030743397,0.1223842278438533,0.5892545030743397,0.288361269081807,MCAR_brandsma_apr
121,0,0,GradientBoosting,0.862539058188414,0.862539058188414,0.009808786721221525,0.12765215509036457,MCAR_brandsma_apr
122,0,2,GradientBoosting,0.9921555066636515,0.007298217945289463,0.0005462753910590244,0.9921555066636515,MCAR_brandsma_apr
123,0,2,GradientBoosting,0.5091817368287695,0.42963886239927046,0.06117940077195999,0.5091817368287695,MCAR_brandsma_apr
124,0,0,GradientBoosting,0.9145985493712405,0.9145985493712405,0.0020205321740199987,0.08338091845473941,MCAR_brandsma_apr
125,0,2,GradientBoosting,0.6049927437213619,0.014655570515584441,0.38035168576305367,0.6049927437213619,MCAR_brandsma_apr
126,0,1,GradientBoosting,0.6462127052077039,0.20784038039697952,0.6462127052077039,0.1459469143953166,MCAR_brandsma_apr
127,0,1,GradientBoosting,0.7792425239623332,0.1484459843819301,0.7792425239623332,0.0723114916557367,MCAR_brandsma_apr
128,0,0,GradientBoosting,0.8768224837508032,0.8768224837508032,0.005848585660903736,0.11732893058829302,MCAR_brandsma_apr
129,0,1,GradientBoosting,0.845528560469973,0.0671238445991871,0.845528560469973,0.08734759493083989,MCAR_brandsma_apr
130,0,0,GradientBoosting,0.7799193098855918,0.7799193098855918,0.0019757470546485478,0.2181049430597597,MCAR_brandsma_apr
131,0,2,GradientBoosting,0.9926648127760066,0.004935707365302354,0.002399479858691104,0.9926648127760066,MCAR_brandsma_apr
132,0,2,GradientBoosting,0.9617055211267597,0.032826316970601836,0.005468161902638542,0.9617055211267597,MCAR_brandsma_apr
133,0,2,GradientBoosting,0.7788831213165327,0.213734732887415,0.007382145796052227,0.7788831213165327,MCAR_brandsma_apr
134,0,0,GradientBoosting,0.9628147112054433,0.9628147112054433,0.00032231402818585223,0.03686297476637079,MCAR_brandsma_apr
135,0,0,GradientBoosting,0.8370284182343314,0.8370284182343314,0.03067620592195272,0.13229537584371578,MCAR_brandsma_apr
136,0,2,GradientBoosting,0.847173690274923,0.15166789324993168,0.0011584164751454761,0.847173690274923,MCAR_brandsma_apr
137,0,0,GradientBoosting,0.802471747174412,0.802471747174412,0.10850277704047735,0.08902547578511065,MCAR_brandsma_apr
138,0,0,GradientBoosting,0.7180193282140128,0.7180193282140128,0.02507212354064138,0.2569085482453458,MCAR_brandsma_apr
139,0,2,GradientBoosting,0.6223456322335059,0.003997238965280202,0.373657128801214,0.6223456322335059,MCAR_brandsma_apr
140,0,0,GradientBoosting,0.8765255141789172,0.8765255141789172,0.03765205187828107,0.08582243394280172,MCAR_brandsma_apr
141,0,2,GradientBoosting,0.9560365182443024,0.008815339211833239,0.03514814254386427,0.9560365182443024,MCAR_brandsma_apr
142,0,0,GradientBoosting,0.7481812572495605,0.7481812572495605,0.03579163182565245,0.216027110924787,MCAR_brandsma_apr
143,0,2,GradientBoosting,0.9872126732716717,0.0009222325599571858,0.011865094168370949,0.9872126732716717,MCAR_brandsma_apr
144,0,0,GradientBoosting,0.5839495261957831,0.5839495261957831,0.004597059469585929,0.41145341433463084,MCAR_brandsma_apr
145,0,2,GradientBoosting,0.9947526613002516,0.0038367646285129378,0.001410574071235383,0.9947526613002516,MCAR_brandsma_apr
146,0,1,GradientBoosting,0.6762696091221511,0.03627032452253339,0.6762696091221511,0.28746006635531557,MCAR_brandsma_apr
147,0,0,GradientBoosting,0.9320770714871984,0.9320770714871984,0.01368086137044758,0.0542420671423539,MCAR_brandsma_apr
741,2,1,GradientBoosting,0.7349754309757004,0.19459308427423935,0.7349754309757004,0.07043148475006031,MNAR_mroz_wages
742,2,1,GradientBoosting,0.9743475505007365,0.00017236575904774779,0.9743475505007365,0.025480083740215657,MNAR_mroz_wages
743,2,2,GradientBoosting,0.9539721181966024,0.005277559332941778,0.04075032247045571,0.9539721181966024,MNAR_mroz_wages
744,2,2,GradientBoosting,0.8253538052042562,0.03375559379879376,0.14089060099695008,0.8253538052042562,MNAR_mroz_wages
745,2,1,GradientBoosting,0.9792594525035315,0.0023291897523093907,0.9792594525035315,0.01841135774415899,MNAR_mroz_wages
746,2,2,GradientBoosting,0.6598562442953207,0.00877843470379043,0.3313653210008889,0.6598562442953207,MNAR_mroz_wages
747,2,1,GradientBoosting,0.7308168752852792,0.0032207137266198112,0.7308168752852792,0.265962410988101,MNAR_mroz_wages
748,2,2,GradientBoosting,0.8779951616262535,0.0013325498367291572,0.12067228853701743,0.8779951616262535,MNAR_mroz_wages
749,2,1,GradientBoosting,0.6964997826283505,0.0029900630745459964,0.6964997826283505,0.30051015429710337,MNAR_mroz_wages
750,2,1,GradientBoosting,0.791877029877037,0.0015407066131853235,0.791877029877037,0.20658226350977774,MNAR_mroz_wages
751,2,1,GradientBoosting,0.8527688799555746,0.1002286658701634,0.8527688799555746,0.04700245417426204,MNAR_mroz_wages
752,2,2,GradientBoosting,0.7030155350753181,0.0036218714969238337,0.2933625934277581,0.7030155350753181,MNAR_mroz_wages
753,2,2,GradientBoosting,0.591521818891372,0.019391668412182404,0.3890865126964457,0.591521818891372,MNAR_mroz_wages
754,2,2,GradientBoosting,0.5151109292460435,0.0034616254108661053,0.48142744534309045,0.5151109292460435,MNAR_mroz_wages
755,2,1,GradientBoosting,0.9456213253078523,0.0006889189499862194,0.9456213253078523,0.05368975574216144,MNAR_mroz_wages
756,2,1,GradientBoosting,0.830006492341803,0.004013152406103279,0.830006492341803,0.1659803552520937,MNAR_mroz_wages
757,2,0,GradientBoosting,0.9706342815743496,0.9706342815743496,0.024374140697752126,0.004991577727898305,MNAR_mroz_wages
758,2,1,GradientBoosting,0.9136325249769882,0.0630408529117671,0.9136325249769882,0.02332662211124479,MNAR_mroz_wages
759,2,1,GradientBoosting,0.7297383899247217,0.1082235930740167,0.7297383899247217,0.1620380170012615,MNAR_mroz_wages
760,2,1,GradientBoosting,0.631026438660647,0.002978100516215349,0.631026438660647,0.36599546082313766,MNAR_mroz_wages
761,2,1,GradientBoosting,0.9189342195136238,0.028502735660575727,0.9189342195136238,0.05256304482580061,MNAR_mroz_wages
762,2,1,GradientBoosting,0.7251581822581504,0.021869836452796262,0.7251581822581504,0.25297198128905335,MNAR_mroz_wages
763,2,1,GradientBoosting,0.9863629363852546,0.00031482625528245185,0.9863629363852546,0.01332223735946291,MNAR_mroz_wages
764,2,1,GradientBoosting,0.4930227851846382,0.016334708597506527,0.4930227851846382,0.4906425062178552,MNAR_mroz_wages
765,2,1,GradientBoosting,0.5823147334013771,0.012942106433797373,0.5823147334013771,0.40474316016482564,MNAR_mroz_wages
766,2,1,GradientBoosting,0.5333549416825429,0.028365231302396394,0.5333549416825429,0.43827982701506063,MNAR_mroz_wages
767,2,1,GradientBoosting,0.6459554216227303,0.0624108356681433,0.6459554216227303,0.2916337427091264,MNAR_mroz_wages
768,2,2,GradientBoosting,0.572825751622529,0.007649852659120819,0.4195243957183502,0.572825751622529,MNAR_mroz_wages
769,2,1,GradientBoosting,0.9492146284091227,0.014321000942320705,0.9492146284091227,0.03646437064855645,MNAR_mroz_wages
770,2,2,GradientBoosting,0.8708300146358277,0.0003568919330108874,0.12881309343116143,0.8708300146358277,MNAR_mroz_wages
771,2,1,GradientBoosting,0.8324015355533466,0.11272946397125927,0.8324015355533466,0.05486900047539414,MNAR_mroz_wages
772,2,1,GradientBoosting,0.7272450325547472,0.0029820586743805645,0.7272450325547472,0.26977290877087223,MNAR_mroz_wages
773,2,2,GradientBoosting,0.8512703552013985,0.055824667301604874,0.0929049774969967,0.8512703552013985,MNAR_mroz_wages
774,2,0,GradientBoosting,0.5995008633616161,0.5995008633616161,0.34684997285668695,0.053649163781696894,MNAR_mroz_wages
775,2,1,GradientBoosting,0.9826455062978531,0.0001938902097271226,0.9826455062978531,0.017160603492419955,MNAR_mroz_wages
776,2,2,GradientBoosting,0.5282598098117645,0.07567633054323568,0.39606385964499996,0.5282598098117645,MNAR_mroz_wages
777,2,2,GradientBoosting,0.5774206413227536,0.05941480056825255,0.36316455810899373,0.5774206413227536,MNAR_mroz_wages
778,2,1,GradientBoosting,0.8609394135695049,0.05825147275224302,0.8609394135695049,0.08080911367825211,MNAR_mroz_wages
779,2,1,GradientBoosting,0.5760153407443174,0.01738675034214849,0.5760153407443174,0.4065979089135342,MNAR_mroz_wages
780,2,1,GradientBoosting,0.6570201126962635,0.011383414451576014,0.6570201126962635,0.33159647285216054,MNAR_mroz_wages
781,2,1,GradientBoosting,0.6198420211102021,0.0010061192253370647,0.6198420211102021,0.37915185966446074,MNAR_mroz_wages
782,2,1,GradientBoosting,0.5846791239051198,0.04566433177803917,0.5846791239051198,0.36965654431684114,MNAR_mroz_wages
783,2,1,GradientBoosting,0.9836919812643787,0.005949029994540314,0.9836919812643787,0.010358988741080825,MNAR_mroz_wages
784,2,1,GradientBoosting,0.9187120672028254,0.0002656987594349966,0.9187120672028254,0.08102223403773964,MNAR_mroz_wages
785,2,1,GradientBoosting,0.6388114618226718,0.007545897863926787,0.6388114618226718,0.35364264031340137,MNAR_mroz_wages
786,2,2,GradientBoosting,0.8274934551331771,0.0024748737427389453,0.17003167112408404,0.8274934551331771,MNAR_mroz_wages
787,2,1,GradientBoosting,0.975829768008931,0.0004208348565967595,0.975829768008931,0.023749397134472282,MNAR_mroz_wages
788,2,1,GradientBoosting,0.6280068936154678,0.3522285621680643,0.6280068936154678,0.019764544216467693,MNAR_mroz_wages
789,2,2,GradientBoosting,0.7368640739738139,0.0026637300705659233,0.2604721959556202,0.7368640739738139,MNAR_mroz_wages
790,2,1,GradientBoosting,0.8309043308697369,0.014827579626376527,0.8309043308697369,0.1542680895038866,MNAR_mroz_wages
841,0,0,GradientBoosting,0.7657076021985344,0.7657076021985344,0.019864512054039024,0.21442788574742658,MCAR_hepatitis_albumin
842,0,0,GradientBoosting,0.9981121029863059,0.9981121029863059,0.00029588853601119236,0.0015920084776827755,MCAR_hepatitis_albumin
843,0,2,GradientBoosting,0.6116215046823821,0.3060826005352873,0.08229589478233067,0.6116215046823821,MCAR_hepatitis_albumin
844,0,0,GradientBoosting,0.47900890180737304,0.47900890180737304,0.15759616195473444,0.3633949362378925,MCAR_hepatitis_albumin
845,0,2,GradientBoosting,0.8883715239694701,0.06337849572671113,0.04824998030381885,0.8883715239694701,MCAR_hepatitis_albumin
846,0,2,GradientBoosting,0.5226387359565565,0.024087129023441272,0.4532741350200022,0.5226387359565565,MCAR_hepatitis_albumin
847,0,0,GradientBoosting,0.9327636978829282,0.9327636978829282,0.0527644452154626,0.014471856901609207,MCAR_hepatitis_albumin
848,0,0,GradientBoosting,0.9845896148605902,0.9845896148605902,0.010946463152427213,0.004463921986982623,MCAR_hepatitis_albumin
849,0,0,GradientBoosting,0.7908379065152515,0.7908379065152515,0.08058920831706541,0.12857288516768298,MCAR_hepatitis_albumin
850,0,2,GradientBoosting,0.5684433771803635,0.3893440028350294,0.0422126199846071,0.5684433771803635,MCAR_hepatitis_albumin
851,0,1,GradientBoosting,0.8854947674249964,0.0014685004279041019,0.8854947674249964,0.11303673214709943,MCAR_hepatitis_albumin
852,0,2,GradientBoosting,0.7510090743306116,0.2357855494544726,0.013205376214915845,0.7510090743306116,MCAR_hepatitis_albumin
853,0,2,GradientBoosting,0.5843354483342431,0.20549080910201234,0.2101737425637445,0.5843354483342431,MCAR_hepatitis_albumin
854,0,1,GradientBoosting,0.7902117152471324,0.01426558980104421,0.7902117152471324,0.1955226949518234,MCAR_hepatitis_albumin
855,0,0,GradientBoosting,0.766583432809849,0.766583432809849,0.09636021896868753,0.1370563482214635,MCAR_hepatitis_albumin
856,0,2,GradientBoosting,0.9665794707637685,0.027935353994196846,0.005485175242034682,0.9665794707637685,MCAR_hepatitis_albumin
857,0,0,GradientBoosting,0.6515864210599264,0.6515864210599264,0.04072297011761605,0.3076906088224575,MCAR_hepatitis_albumin
858,0,0,GradientBoosting,0.8108688233766117,0.8108688233766117,0.020527287806657437,0.16860388881673094,MCAR_hepatitis_albumin
859,0,0,GradientBoosting,0.5229534710829638,0.5229534710829638,0.08397750534276267,0.39306902357427354,MCAR_hepatitis_albumin
860,0,2,GradientBoosting,0.8014054013143328,0.07133923165395498,0.1272553670317121,0.8014054013143328,MCAR_hepatitis_albumin
861,0,0,GradientBoosting,0.5019080351484441,0.5019080351484441,0.482263269065708,0.015828695785847925,MCAR_hepatitis_albumin
862,0,2,GradientBoosting,0.4838054748820894,0.3408156705090401,0.17537885460887057,0.4838054748820894,MCAR_hepatitis_albumin
863,0,0,GradientBoosting,0.7321877788227473,0.7321877788227473,0.22599149385527134,0.041820727321981284,MCAR_hepatitis_albumin
864,0,0,GradientBoosting,0.6185339023620393,0.6185339023620393,0.041813576937678266,0.33965252070028246,MCAR_hepatitis_albumin
865,0,0,GradientBoosting,0.9230383942452672,0.9230383942452672,0.0007164953044651138,0.0762451104502675,MCAR_hepatitis_albumin
866,0,2,GradientBoosting,0.8737316640224032,0.10097619439379527,0.02529214158380156,0.8737316640224032,MCAR_hepatitis_albumin
867,0,2,GradientBoosting,0.7953165046334565,0.20353576499577164,0.0011477303707717876,0.7953165046334565,MCAR_hepatitis_albumin
868,0,2,GradientBoosting,0.6596364869442141,0.29739065483768445,0.04297285821810154,0.6596364869442141,MCAR_hepatitis_albumin
869,0,0,GradientBoosting,0.9762830129235396,0.9762830129235396,0.0008607387739438531,0.022856248302516584,MCAR_hepatitis_albumin
870,0,0,GradientBoosting,0.6269289381407895,0.6269289381407895,0.04574035530646317,0.3273307065527473,MCAR_hepatitis_albumin
871,0,2,GradientBoosting,0.8884217612551731,0.06589155510173908,0.045686683643087866,0.8884217612551731,MCAR_hepatitis_albumin
872,0,0,GradientBoosting,0.8605961537385691,0.8605961537385691,0.0018792699748174694,0.13752457628661335,MCAR_hepatitis_albumin
873,0,0,GradientBoosting,0.968527225037088,0.968527225037088,0.0056299752504675084,0.025842799712444544,MCAR_hepatitis_albumin
874,0,2,GradientBoosting,0.8981367866160469,0.0021898220807369984,0.09967339130321612,0.8981367866160469,MCAR_hepatitis_albumin
875,0,2,GradientBoosting,0.5716036411227317,0.3434682366415428,0.0849281222357255,0.5716036411227317,MCAR_hepatitis_albumin
876,0,2,GradientBoosting,0.8725814978656258,0.11887436559822603,0.008544136536148215,0.8725814978656258,MCAR_hepatitis_albumin
877,0,2,GradientBoosting,0.6530620728295637,0.3179373936106555,0.029000533559780807,0.6530620728295637,MCAR_hepatitis_albumin
878,0,2,GradientBoosting,0.6036792144261622,0.3941739191377685,0.0021468664360692817,0.6036792144261622,MCAR_hepatitis_albumin
879,0,2,GradientBoosting,0.5033251066440557,0.446190928954314,0.050483964401630166,0.5033251066440557,MCAR_hepatitis_albumin
880,0,1,GradientBoosting,0.5970861860913615,0.25231581475156206,0.5970861860913615,0.15059799915707653,MCAR_hepatitis_albumin
881,0,2,GradientBoosting,0.6984902821149531,0.11692438270410734,0.1845853351809396,0.6984902821149531,MCAR_hepatitis_albumin
882,0,0,GradientBoosting,0.76067842602429,0.76067842602429,0.09435400121695062,0.14496757275875927,MCAR_hepatitis_albumin
883,0,2,GradientBoosting,0.5116719395889565,0.016902686538728676,0.47142537387231476,0.5116719395889565,MCAR_hepatitis_albumin
884,0,2,GradientBoosting,0.9302370623172826,0.038382259384041606,0.031380678298675795,0.9302370623172826,MCAR_hepatitis_albumin
885,0,2,GradientBoosting,0.8191931809864493,0.1502828609653275,0.030523958048223096,0.8191931809864493,MCAR_hepatitis_albumin
886,0,0,GradientBoosting,0.7713176703533107,0.7713176703533107,0.16453751205893236,0.06414481758775692,MCAR_hepatitis_albumin
887,0,0,GradientBoosting,0.9815600610283058,0.9815600610283058,0.0021124181815355574,0.016327520790158555,MCAR_hepatitis_albumin
888,0,0,GradientBoosting,0.7399566921750675,0.7399566921750675,0.014642627436263015,0.2454006803886695,MCAR_hepatitis_albumin
889,0,0,GradientBoosting,0.9052349683811939,0.9052349683811939,0.09182461031252825,0.002940421306277948,MCAR_hepatitis_albumin
890,0,0,GradientBoosting,0.9966921210791766,0.9966921210791766,0.0004031731258727984,0.002904705794950838,MCAR_hepatitis_albumin
991,1,1,GradientBoosting,0.9961824215367397,0.0011016374627737314,0.9961824215367397,0.0027159410004864853,MAR_sick_t3
992,1,1,GradientBoosting,0.8246585770715561,0.021534906172229588,0.8246585770715561,0.15380651675621446,MAR_sick_t3
993,1,1,GradientBoosting,0.9232403632153259,5.394599328557378e-05,0.9232403632153259,0.07670569079138854,MAR_sick_t3
994,1,1,GradientBoosting,0.9853685927883286,0.002357948218313002,0.9853685927883286,0.012273458993358513,MAR_sick_t3
995,1,1,GradientBoosting,0.9907948071934581,0.00014814527359267054,0.9907948071934581,0.009057047532949168,MAR_sick_t3
996,1,1,GradientBoosting,0.9953902260427868,0.0007667124459912906,0.9953902260427868,0.0038430615112219433,MAR_sick_t3
997,1,1,GradientBoosting,0.7418190070897167,0.214698303343592,0.7418190070897167,0.043482689566691365,MAR_sick_t3
998,1,1,GradientBoosting,0.9883483404626741,0.00022126634956902937,0.9883483404626741,0.011430393187756963,MAR_sick_t3
999,1,2,GradientBoosting,0.9332648574897732,0.003651462094996475,0.06308368041523035,0.9332648574897732,MAR_sick_t3
1000,1,1,GradientBoosting,0.5305335035895907,0.29135147927801686,0.5305335035895907,0.17811501713239236,MAR_sick_t3
1001,1,1,GradientBoosting,0.9410972162505268,0.0044197733118607006,0.9410972162505268,0.054483010437612694,MAR_sick_t3
1002,1,1,GradientBoosting,0.875279648860185,0.08168698452469497,0.875279648860185,0.043033366615120104,MAR_sick_t3
1003,1,1,GradientBoosting,0.9951583679251613,0.0014198031401185794,0.9951583679251613,0.0034218289347201798,MAR_sick_t3
1004,1,1,GradientBoosting,0.985834468307314,0.008188666101162739,0.985834468307314,0.005976865591523402,MAR_sick_t3
1005,1,1,GradientBoosting,0.9954043729519138,5.314553197901396e-05,0.9954043729519138,0.00454248151610728,MAR_sick_t3
1006,1,1,GradientBoosting,0.965076810013496,0.015203386437591764,0.965076810013496,0.019719803548912295,MAR_sick_t3
1007,1,1,GradientBoosting,0.5152329605835118,0.0011953729487920706,0.5152329605835118,0.48357166646769606,MAR_sick_t3
1008,1,1,GradientBoosting,0.9656985825546505,7.459251828560122e-05,0.9656985825546505,0.03422682492706401,MAR_sick_t3
1009,1,1,GradientBoosting,0.9148869151697163,0.003669021377640191,0.9148869151697163,0.08144406345264357,MAR_sick_t3
1010,1,1,GradientBoosting,0.9984446102847091,0.00015855461096703634,0.9984446102847091,0.0013968351043238396,MAR_sick_t3
1011,1,2,GradientBoosting,0.4035085446403239,0.19682398770571471,0.3996674676539614,0.4035085446403239,MAR_sick_t3
1012,1,1,GradientBoosting,0.8293160465307197,0.0052460940549588116,0.8293160465307197,0.16543785941432163,MAR_sick_t3
1013,1,1,GradientBoosting,0.9992482148421681,0.0005174335914005623,0.9992482148421681,0.00023435156643137912,MAR_sick_t3
1014,1,1,GradientBoosting,0.9872535010046222,0.0056583221812905185,0.9872535010046222,0.007088176814087313,MAR_sick_t3
1015,1,1,GradientBoosting,0.9572571013740072,0.00014103945796194953,0.9572571013740072,0.042601859168030824,MAR_sick_t3
1016,1,1,GradientBoosting,0.9555435922578439,0.015053810591038776,0.9555435922578439,0.02940259715111743,MAR_sick_t3
1017,1,1,GradientBoosting,0.9084759724267177,0.028935613267222857,0.9084759724267177,0.0625884143060594,MAR_sick_t3
1018,1,1,GradientBoosting,0.9785710507722605,0.00028924792662496075,0.9785710507722605,0.021139701301114644,MAR_sick_t3
1019,1,1,GradientBoosting,0.9944500384247814,2.3782885467410017e-05,0.9944500384247814,0.005526178689751172,MAR_sick_t3
1020,1,2,GradientBoosting,0.6931856004129587,0.0015861523253300788,0.3052282472617111,0.6931856004129587,MAR_sick_t3
1021,1,1,GradientBoosting,0.9535197399056646,0.00275118364641142,0.9535197399056646,0.04372907644792394,MAR_sick_t3
1022,1,1,GradientBoosting,0.8034132237829859,0.0003346645766823089,0.8034132237829859,0.19625211164033193,MAR_sick_t3
1023,1,1,GradientBoosting,0.9701852639415895,9.576141339815598e-05,0.9701852639415895,0.029718974645012275,MAR_sick_t3
1024,1,1,GradientBoosting,0.9677988382063072,0.00018162239158065532,0.9677988382063072,0.03201953940211228,MAR_sick_t3
1025,1,1,GradientBoosting,0.9408132761664993,0.005702914574165013,0.9408132761664993,0.05348380925933573,MAR_sick_t3
1026,1,1,GradientBoosting,0.7971321142646068,0.0007611379555336159,0.7971321142646068,0.20210674777985954,MAR_sick_t3
1027,1,1,GradientBoosting,0.9844685192603055,0.007829126008972835,0.9844685192603055,0.00770235473072142,MAR_sick_t3
1028,1,1,GradientBoosting,0.9906145343529554,0.001174109480046045,0.9906145343529554,0.008211356166998529,MAR_sick_t3
1029,1,1,GradientBoosting,0.9942233143528187,2.6038658219769075e-05,0.9942233143528187,0.005750646988961441,MAR_sick_t3
1030,1,1,GradientBoosting,0.8118719793124387,0.014374559906295865,0.8118719793124387,0.1737534607812655,MAR_sick_t3
1031,1,1,GradientBoosting,0.9187710292979889,0.06426461317937629,0.9187710292979889,0.01696435752263482,MAR_sick_t3
1032,1,1,GradientBoosting,0.9943836040428358,0.0006106488438846623,0.9943836040428358,0.005005747113279654,MAR_sick_t3
1033,1,2,GradientBoosting,0.526439850017971,0.23037341489470678,0.2431867350873222,0.526439850017971,MAR_sick_t3
1034,1,1,GradientBoosting,0.9620377548579808,0.0001738012460160658,0.9620377548579808,0.03778844389600309,MAR_sick_t3
1035,1,1,GradientBoosting,0.8873608686680021,8.992926759777335e-05,0.8873608686680021,0.11254920206440001,MAR_sick_t3
1036,1,1,GradientBoosting,0.9836597713850255,7.964968219329466e-05,0.9836597713850255,0.016260578932781114,MAR_sick_t3
1037,1,2,GradientBoosting,0.7661099806946243,0.026938072445215348,0.20695194686016033,0.7661099806946243,MAR_sick_t3
1038,1,2,GradientBoosting,0.7198595098003399,0.000767373064437623,0.27937311713522256,0.7198595098003399,MAR_sick_t3
1039,1,1,GradientBoosting,0.9784036713147545,0.0012976156971106012,0.9784036713147545,0.020298712988134855,MAR_sick_t3
1040,1,0,GradientBoosting,0.6282247355089533,0.6282247355089533,0.3223278473517645,0.049447417139282156,MAR_sick_t3
1041,1,2,GradientBoosting,0.9948580410430479,0.0002452618191176331,0.004896697137834505,0.9948580410430479,MAR_sick_tsh
1042,1,2,GradientBoosting,0.9798044336669691,0.0008338600822568365,0.019361706250774068,0.9798044336669691,MAR_sick_tsh
1043,1,2,GradientBoosting,0.9975560332878585,1.5587465052064107e-05,0.0024283792470896123,0.9975560332878585,MAR_sick_tsh
1044,1,2,GradientBoosting,0.9702551834867291,8.167798891368283e-05,0.02966313852435721,0.9702551834867291,MAR_sick_tsh
1045,1,2,GradientBoosting,0.9834461724923065,0.000350643188231756,0.01620318431946174,0.9834461724923065,MAR_sick_tsh
1046,1,2,GradientBoosting,0.99622126161656,8.928365731912385e-05,0.0036894547261208345,0.99622126161656,MAR_sick_tsh
1047,1,2,GradientBoosting,0.9765249576943451,0.0004190128687622361,0.02305602943689265,0.9765249576943451,MAR_sick_tsh
1048,1,2,GradientBoosting,0.9781998987485391,0.00042363074487982214,0.021376470506581088,0.9781998987485391,MAR_sick_tsh
1049,1,2,GradientBoosting,0.9958837736670053,0.0012798028167588043,0.002836423516235938,0.9958837736670053,MAR_sick_tsh
1050,1,2,GradientBoosting,0.9992429046597676,2.3670448134891333e-05,0.0007334248920975837,0.9992429046597676,MAR_sick_tsh
1051,1,2,GradientBoosting,0.9983612948566322,0.00011736883097238716,0.0015213363123954041,0.9983612948566322,MAR_sick_tsh
1052,1,2,GradientBoosting,0.9962759941465023,0.0002694482686445438,0.003454557584853194,0.9962759941465023,MAR_sick_tsh
1053,1,2,GradientBoosting,0.978641344179512,0.00041580842813181254,0.02094284739235628,0.978641344179512,MAR_sick_tsh
1054,1,2,GradientBoosting,0.9802539815862946,8.48931006011275e-05,0.019661125313104363,0.9802539815862946,MAR_sick_tsh
1055,1,2,GradientBoosting,0.9972914171014002,5.2652316669574606e-05,0.0026559305819303268,0.9972914171014002,MAR_sick_tsh
1056,1,2,GradientBoosting,0.9998261569156695,2.3930506731824913e-05,0.00014991257759871296,0.9998261569156695,MAR_sick_tsh
1057,1,2,GradientBoosting,0.998294715140473,6.539507617705795e-05,0.001639889783349941,0.998294715140473,MAR_sick_tsh
1058,1,2,GradientBoosting,0.9993319558525783,1.8322989161181886e-05,0.0006497211582605188,0.9993319558525783,MAR_sick_tsh
1059,1,2,GradientBoosting,0.99807606630265,9.929498496642213e-05,0.001824638712383614,0.99807606630265,MAR_sick_tsh
1060,1,2,GradientBoosting,0.9994255140886138,4.160998702861609e-05,0.0005328759243575534,0.9994255140886138,MAR_sick_tsh
1061,1,2,GradientBoosting,0.9973979700061814,0.001477784658867269,0.0011242453349512938,0.9973979700061814,MAR_sick_tsh
1062,1,2,GradientBoosting,0.9993404708133201,0.00011394521317224538,0.0005455839735075838,0.9993404708133201,MAR_sick_tsh
1063,1,2,GradientBoosting,0.9985076781801343,3.965364161144047e-05,0.0014526681782542552,0.9985076781801343,MAR_sick_tsh
1064,1,2,GradientBoosting,0.9981137408834156,0.00015818160386142088,0.0017280775127229433,0.9981137408834156,MAR_sick_tsh
1065,1,2,GradientBoosting,0.9985732256026376,0.00034064011999077536,0.0010861342773716791,0.9985732256026376,MAR_sick_tsh
1066,1,2,GradientBoosting,0.9993814269854772,1.5285754885072668e-05,0.0006032872596377606,0.9993814269854772,MAR_sick_tsh
1067,1,2,GradientBoosting,0.9904941679367515,0.0004881097775427531,0.00901772228570589,0.9904941679367515,MAR_sick_tsh
1068,1,2,GradientBoosting,0.9961007627891059,6.079901848567156e-05,0.0038384381924084694,0.9961007627891059,MAR_sick_tsh
1069,1,2,GradientBoosting,0.9889214442196078,0.00020765822844301287,0.010870897551949147,0.9889214442196078,MAR_sick_tsh
1070,1,2,GradientBoosting,0.9910661390112303,0.0007263234564090301,0.008207537532360785,0.9910661390112303,MAR_sick_tsh
1071,1,2,GradientBoosting,0.9961504988034597,0.0003087791381181921,0.0035407220584222025,0.9961504988034597,MAR_sick_tsh
1072,1,2,GradientBoosting,0.9902547023137321,0.00026622917143748757,0.009479068514830333,0.9902547023137321,MAR_sick_tsh
1073,1,2,GradientBoosting,0.99575642912732,0.00042783595843690704,0.003815734914243219,0.99575642912732,MAR_sick_tsh
1074,1,2,GradientBoosting,0.9961922438415693,3.21030853858314e-05,0.0037756530730448123,0.9961922438415693,MAR_sick_tsh
1075,1,2,GradientBoosting,0.9988524120944545,8.660564852487312e-06,0.001138927340693101,0.9988524120944545,MAR_sick_tsh
1076,1,2,GradientBoosting,0.9940068751591475,8.93963429990943e-05,0.00590372849785339,0.9940068751591475,MAR_sick_tsh
1077,1,2,GradientBoosting,0.987707421846226,5.936628962456384e-05,0.012233211864149522,0.987707421846226,MAR_sick_tsh
1078,1,2,GradientBoosting,0.9881660942673284,0.00030346205761316663,0.01153044367505853,0.9881660942673284,MAR_sick_tsh
1079,1,2,GradientBoosting,0.9991305798966275,5.381042411383655e-05,0.0008156096792586531,0.9991305798966275,MAR_sick_tsh
1080,1,2,GradientBoosting,0.9973825225247516,0.00027827235204755667,0.0023392051232009824,0.9973825225247516,MAR_sick_tsh
1081,1,2,GradientBoosting,0.9991440445588916,0.00022037522134127019,0.0006355802197671231,0.9991440445588916,MAR_sick_tsh
1082,1,2,GradientBoosting,0.957801815863645,0.0001651049096266313,0.04203307922672831,0.957801815863645,MAR_sick_tsh
1083,1,2,GradientBoosting,0.9991597240073893,5.5433531869991865e-05,0.0007848424607407313,0.9991597240073893,MAR_sick_tsh
1084,1,2,GradientBoosting,0.9970905943679761,0.00011717363594545977,0.002792231996078505,0.9970905943679761,MAR_sick_tsh
1085,1,2,GradientBoosting,0.9982723669650357,1.4907295207927337e-05,0.0017127257397562966,0.9982723669650357,MAR_sick_tsh
1086,1,2,GradientBoosting,0.9995507565820256,2.890033262248339e-05,0.00042034308535203186,0.9995507565820256,MAR_sick_tsh
1087,1,2,GradientBoosting,0.9912430330007738,0.00013616185549798632,0.008620805143728207,0.9912430330007738,MAR_sick_tsh
1088,1,2,GradientBoosting,0.9994645111879848,2.1405480589432426e-05,0.0005140833314257302,0.9994645111879848,MAR_sick_tsh
1089,1,2,GradientBoosting,0.9983212307061797,0.00039037442757797305,0.0012883948662424406,0.9983212307061797,MAR_sick_tsh
1240,2,2,GradientBoosting,0.998662481549835,5.580238610807538e-05,0.0012817160640569167,0.998662481549835,MNAR_nhanes_cadmium
1241,2,2,GradientBoosting,0.8450864072468964,0.00014504825231973243,0.15476854450078384,0.8450864072468964,MNAR_nhanes_cadmium
1242,2,2,GradientBoosting,0.9089068249849602,0.006406961575278053,0.08468621343976164,0.9089068249849602,MNAR_nhanes_cadmium
1243,2,2,GradientBoosting,0.6562150485039137,0.006977738800405247,0.33680721269568104,0.6562150485039137,MNAR_nhanes_cadmium
1244,2,2,GradientBoosting,0.9966615166608352,5.660911199498478e-05,0.0032818742271698005,0.9966615166608352,MNAR_nhanes_cadmium
1245,2,2,GradientBoosting,0.9506516251167082,0.0001812149026504559,0.04916715998064142,0.9506516251167082,MNAR_nhanes_cadmium
1246,2,2,GradientBoosting,0.988337776774603,1.4133528346216292e-05,0.011648089697050867,0.988337776774603,MNAR_nhanes_cadmium
1247,2,2,GradientBoosting,0.8789906854766626,0.002086364434868095,0.11892295008846933,0.8789906854766626,MNAR_nhanes_cadmium
1248,2,2,GradientBoosting,0.999560327642634,1.542811284083242e-05,0.0004242442445251333,0.999560327642634,MNAR_nhanes_cadmium
1249,2,2,GradientBoosting,0.9893434660995913,0.0007696491821112794,0.009886884718297283,0.9893434660995913,MNAR_nhanes_cadmium
1250,2,2,GradientBoosting,0.9985393111479365,0.00012160967914202957,0.0013390791729213916,0.9985393111479365,MNAR_nhanes_cadmium
1251,2,2,GradientBoosting,0.9890846465943369,6.121555361239748e-05,0.010854137852050725,0.9890846465943369,MNAR_nhanes_cadmium
1252,2,2,GradientBoosting,0.999195649925774,7.385150333772124e-05,0.0007304985708882762,0.999195649925774,MNAR_nhanes_cadmium
1253,2,2,GradientBoosting,0.9889170836404483,0.0005455618819600878,0.010537354477591658,0.9889170836404483,MNAR_nhanes_cadmium
1254,2,2,GradientBoosting,0.9877165910315148,6.591601945963479e-05,0.012217492949025726,0.9877165910315148,MNAR_nhanes_cadmium
1255,2,2,GradientBoosting,0.9762276419713534,0.001004515753229078,0.022767842275417675,0.9762276419713534,MNAR_nhanes_cadmium
1256,2,2,GradientBoosting,0.9470695929855669,0.0013091209531640828,0.051621286061268895,0.9470695929855669,MNAR_nhanes_cadmium
1257,2,2,GradientBoosting,0.5021619963390626,0.0022987291617364114,0.4955392744992011,0.5021619963390626,MNAR_nhanes_cadmium
1258,2,2,GradientBoosting,0.995367783983621,5.277135559557679e-05,0.004579444660783347,0.995367783983621,MNAR_nhanes_cadmium
1259,2,2,GradientBoosting,0.9960747817936025,0.0003018177056710939,0.003623400500726463,0.9960747817936025,MNAR_nhanes_cadmium
1260,2,2,GradientBoosting,0.8948503013788097,0.0002675153114693648,0.10488218330972078,0.8948503013788097,MNAR_nhanes_cadmium
1261,2,2,GradientBoosting,0.9605448380546233,0.000510089908212162,0.03894507203716457,0.9605448380546233,MNAR_nhanes_cadmium
1262,2,1,GradientBoosting,0.7816017144853282,0.003895730041174472,0.7816017144853282,0.2145025554734975,MNAR_nhanes_cadmium
1263,2,2,GradientBoosting,0.9601946136551501,0.0013828795437410104,0.03842250680110882,0.9601946136551501,MNAR_nhanes_cadmium
1264,2,2,GradientBoosting,0.9857086690849435,0.0017529577216861558,0.012538373193370303,0.9857086690849435,MNAR_nhanes_cadmium
1265,2,2,GradientBoosting,0.9910116586141835,0.00012959501431005003,0.008858746371506448,0.9910116586141835,MNAR_nhanes_cadmium
1266,2,1,GradientBoosting,0.6675535327518825,0.001704172299138682,0.6675535327518825,0.33074229494897883,MNAR_nhanes_cadmium
1267,2,2,GradientBoosting,0.9953864504590684,6.591274822944665e-05,0.0045476367927020965,0.9953864504590684,MNAR_nhanes_cadmium
1268,2,2,GradientBoosting,0.9923642909819909,0.00018625237059314583,0.007449456647416032,0.9923642909819909,MNAR_nhanes_cadmium
1269,2,2,GradientBoosting,0.7954292158253787,0.0026526306911197495,0.20191815348350148,0.7954292158253787,MNAR_nhanes_cadmium
1270,2,2,GradientBoosting,0.982100985261382,4.275860594680121e-05,0.01785625613267105,0.982100985261382,MNAR_nhanes_cadmium
1271,2,2,GradientBoosting,0.9985525116619701,9.340644523138089e-06,0.0014381476935067658,0.9985525116619701,MNAR_nhanes_cadmium
1272,2,2,GradientBoosting,0.9762144759097672,0.000177112690150697,0.02360841140008206,0.9762144759097672,MNAR_nhanes_cadmium
1273,2,2,GradientBoosting,0.8334354372039924,0.0020047536525506235,0.16455980914345705,0.8334354372039924,MNAR_nhanes_cadmium
1274,2,2,GradientBoosting,0.9517677298536988,0.00012192506441595182,0.04811034508188533,0.9517677298536988,MNAR_nhanes_cadmium
1275,2,2,GradientBoosting,0.9994591252335577,5.4684077929628666e-05,0.00048619068851259417,0.9994591252335577,MNAR_nhanes_cadmium
1276,2,2,GradientBoosting,0.9892596288178219,9.311652081180355e-05,0.010647254661366339,0.9892596288178219,MNAR_nhanes_cadmium
1277,2,2,GradientBoosting,0.8441299193022588,0.004214039417539432,0.1516560412802018,0.8441299193022588,MNAR_nhanes_cadmium
1278,2,2,GradientBoosting,0.993393891005932,9.402320407394407e-05,0.006512085789994109,0.993393891005932,MNAR_nhanes_cadmium
1279,2,2,GradientBoosting,0.9953224802350892,9.093576719448545e-05,0.004586583997716403,0.9953224802350892,MNAR_nhanes_cadmium
1280,2,2,GradientBoosting,0.9838207913835152,0.0015637439313221772,0.014615464685162557,0.9838207913835152,MNAR_nhanes_cadmium
1281,2,2,GradientBoosting,0.8602904503745694,0.00020251328896167328,0.13950703633646902,0.8602904503745694,MNAR_nhanes_cadmium
1282,2,2,GradientBoosting,0.9533432017814858,0.007090473751693274,0.03956632446682081,0.9533432017814858,MNAR_nhanes_cadmium
1283,2,2,GradientBoosting,0.924994231657515,9.416943652808046e-05,0.0749115989059569,0.924994231657515,MNAR_nhanes_cadmium
1284,2,2,GradientBoosting,0.9945452668876849,0.00010396286748486628,0.0053507702448302805,0.9945452668876849,MNAR_nhanes_cadmium
1285,2,2,GradientBoosting,0.9340621589882517,0.004076571945268387,0.06186126906647983,0.9340621589882517,MNAR_nhanes_cadmium
1286,2,2,GradientBoosting,0.8353836018141422,0.002403723002099519,0.16221267518375834,0.8353836018141422,MNAR_nhanes_cadmium
1287,2,2,GradientBoosting,0.9835134400264907,0.0007838743571772805,0.01570268561633198,0.9835134400264907,MNAR_nhanes_cadmium
1288,2,2,GradientBoosting,0.9473170785864682,0.001256186717571615,0.051426734695960145,0.9473170785864682,MNAR_nhanes_cadmium
1289,2,2,GradientBoosting,0.5292486090850281,0.0008821421928098787,0.46986924872216207,0.5292486090850281,MNAR_nhanes_cadmium
1440,2,2,GradientBoosting,0.908440221056532,0.06054938455595497,0.03101039438751294,0.908440221056532,MNAR_pima_skinthickness
1441,2,0,GradientBoosting,0.5471196840121785,0.5471196840121785,0.1064935074431339,0.3463868085446877,MNAR_pima_skinthickness
1442,2,1,GradientBoosting,0.6207598081855019,0.0007237042279882386,0.6207598081855019,0.3785164875865098,MNAR_pima_skinthickness
1443,2,0,GradientBoosting,0.6402228048725416,0.6402228048725416,0.054775426530449714,0.30500176859700867,MNAR_pima_skinthickness
1444,2,2,GradientBoosting,0.9991107274771382,0.0003143584600681868,0.0005749140627935854,0.9991107274771382,MNAR_pima_skinthickness
1445,2,2,GradientBoosting,0.4471287120082083,0.16603507221372807,0.3868362157780637,0.4471287120082083,MNAR_pima_skinthickness
1446,2,1,GradientBoosting,0.7219779173496822,0.0026492499235582297,0.7219779173496822,0.27537283272675966,MNAR_pima_skinthickness
1447,2,1,GradientBoosting,0.5740156419903939,0.2485002190066355,0.5740156419903939,0.17748413900297066,MNAR_pima_skinthickness
1448,2,2,GradientBoosting,0.5793825984498855,0.18717304939546373,0.23344435215465084,0.5793825984498855,MNAR_pima_skinthickness
1449,2,1,GradientBoosting,0.8891560904068133,0.00584727060256258,0.8891560904068133,0.10499663899062407,MNAR_pima_skinthickness
1450,2,2,GradientBoosting,0.4542163162835776,0.36238137151834726,0.18340231219807512,0.4542163162835776,MNAR_pima_skinthickness
1451,2,2,GradientBoosting,0.7762136081936784,0.03728690545430143,0.18649948635202024,0.7762136081936784,MNAR_pima_skinthickness
1452,2,1,GradientBoosting,0.7563009051157888,0.0299227111604425,0.7563009051157888,0.2137763837237685,MNAR_pima_skinthickness
1453,2,1,GradientBoosting,0.7264278915391571,0.017053052427445967,0.7264278915391571,0.25651905603339703,MNAR_pima_skinthickness
1454,2,1,GradientBoosting,0.9438012323065817,0.04133725363375054,0.9438012323065817,0.014861514059667666,MNAR_pima_skinthickness
1455,2,1,GradientBoosting,0.8294169137578606,0.11911955295891301,0.8294169137578606,0.05146353328322628,MNAR_pima_skinthickness
1456,2,1,GradientBoosting,0.708425733392758,0.0046971047350168145,0.708425733392758,0.2868771618722251,MNAR_pima_skinthickness
1457,2,2,GradientBoosting,0.5016590704603195,0.41713672324928025,0.08120420629040029,0.5016590704603195,MNAR_pima_skinthickness
1458,2,2,GradientBoosting,0.5878215844937119,0.06371607905469487,0.34846233645159325,0.5878215844937119,MNAR_pima_skinthickness
1459,2,1,GradientBoosting,0.8863957373863937,0.05679180189126173,0.8863957373863937,0.05681246072234476,MNAR_pima_skinthickness
1460,2,2,GradientBoosting,0.9159373371556174,0.04583618434981189,0.0382264784945707,0.9159373371556174,MNAR_pima_skinthickness
1461,2,1,GradientBoosting,0.9114691331397888,0.0005097249604542361,0.9114691331397888,0.08802114189975697,MNAR_pima_skinthickness
1462,2,1,GradientBoosting,0.8443947418302803,0.005421798296411149,0.8443947418302803,0.1501834598733085,MNAR_pima_skinthickness
1463,2,1,GradientBoosting,0.9845242357235532,0.004820317176621861,0.9845242357235532,0.010655447099824848,MNAR_pima_skinthickness
1464,2,1,GradientBoosting,0.854718695963223,0.01976925294494682,0.854718695963223,0.1255120510918302,MNAR_pima_skinthickness
1465,2,1,GradientBoosting,0.9719621917270768,0.009145345520534207,0.9719621917270768,0.018892462752389146,MNAR_pima_skinthickness
1466,2,2,GradientBoosting,0.9959588095480156,0.00039546869257753336,0.003645721759406877,0.9959588095480156,MNAR_pima_skinthickness
1467,2,0,GradientBoosting,0.8003111593724045,0.8003111593724045,0.18305290291602233,0.01663593771157315,MNAR_pima_skinthickness
1468,2,1,GradientBoosting,0.8913287463452222,0.03184621081638929,0.8913287463452222,0.07682504283838848,MNAR_pima_skinthickness
1469,2,2,GradientBoosting,0.6895308708836776,0.00025092070196407,0.3102182084143584,0.6895308708836776,MNAR_pima_skinthickness
1470,2,1,GradientBoosting,0.49387441126138254,0.02206520064110547,0.49387441126138254,0.4840603880975119,MNAR_pima_skinthickness
1471,2,1,GradientBoosting,0.6333275567521018,0.0006066269610150533,0.6333275567521018,0.3660658162868831,MNAR_pima_skinthickness
1472,2,0,GradientBoosting,0.7499123431565617,0.7499123431565617,0.12127442761986511,0.1288132292235731,MNAR_pima_skinthickness
1473,2,1,GradientBoosting,0.9523941745916578,0.00718996738619655,0.9523941745916578,0.04041585802214571,MNAR_pima_skinthickness
1474,2,1,GradientBoosting,0.6798591061359041,0.002180461279908667,0.6798591061359041,0.3179604325841873,MNAR_pima_skinthickness
1475,2,1,GradientBoosting,0.4764109279026826,0.30073643564529884,0.4764109279026826,0.22285263645201864,MNAR_pima_skinthickness
1476,2,1,GradientBoosting,0.9548978796208355,0.002795930741779307,0.9548978796208355,0.042306189637385166,MNAR_pima_skinthickness
1477,2,2,GradientBoosting,0.9888332404938682,0.009281093938020579,0.0018856655681112476,0.9888332404938682,MNAR_pima_skinthickness
1478,2,1,GradientBoosting,0.558515326814317,0.08745862252290389,0.558515326814317,0.35402605066277915,MNAR_pima_skinthickness
1479,2,2,GradientBoosting,0.6802466884347628,0.3003110590115433,0.019442252553693914,0.6802466884347628,MNAR_pima_skinthickness
1480,2,2,GradientBoosting,0.9916640320850447,0.0005039089854907641,0.007832058929464484,0.9916640320850447,MNAR_pima_skinthickness
1481,2,1,GradientBoosting,0.6427504395896368,0.0108890062574988,0.6427504395896368,0.3463605541528643,MNAR_pima_skinthickness
1482,2,2,GradientBoosting,0.610581730294748,0.0973741868363694,0.29204408286888256,0.610581730294748,MNAR_pima_skinthickness
1483,2,2,GradientBoosting,0.531006049286316,0.026634192362555435,0.4423597583511286,0.531006049286316,MNAR_pima_skinthickness
1484,2,2,GradientBoosting,0.7894468780422687,0.0004005833498170499,0.21015253860791433,0.7894468780422687,MNAR_pima_skinthickness
1485,2,1,GradientBoosting,0.9956794418833226,0.002432465515753678,0.9956794418833226,0.001888092600923674,MNAR_pima_skinthickness
1486,2,1,GradientBoosting,0.778317821281134,0.0023360932744359727,0.778317821281134,0.21934608544443002,MNAR_pima_skinthickness
1487,2,2,GradientBoosting,0.9992511052392657,0.0005824443574776086,0.00016645040325673533,0.9992511052392657,MNAR_pima_skinthickness
1488,2,1,GradientBoosting,0.8765767667534026,0.10262632511703115,0.8765767667534026,0.020796908129566437,MNAR_pima_skinthickness
1489,2,1,GradientBoosting,0.8420808230467688,0.12697996899802744,0.8420808230467688,0.030939207955203787,MNAR_pima_skinthickness
1490,2,1,GradientBoosting,0.704716600911809,0.002566562034579442,0.704716600911809,0.2927168370536116,MNAR_support2_albumin
1491,2,1,GradientBoosting,0.8293166891047532,8.355747069969079e-05,0.8293166891047532,0.1705997534245472,MNAR_support2_albumin
1492,2,2,GradientBoosting,0.7119711332727234,0.0013365288520913454,0.2866923378751852,0.7119711332727234,MNAR_support2_albumin
1493,2,0,GradientBoosting,0.5859896319677583,0.5859896319677583,0.1524193449321788,0.2615910231000629,MNAR_support2_albumin
1494,2,1,GradientBoosting,0.9493958175265579,0.0003722257614602086,0.9493958175265579,0.05023195671198186,MNAR_support2_albumin
1495,2,1,GradientBoosting,0.8413427788129705,0.004000824125260738,0.8413427788129705,0.1546563970617687,MNAR_support2_albumin
1496,2,1,GradientBoosting,0.9922320168064946,7.582139897035041e-05,0.9922320168064946,0.00769216179453506,MNAR_support2_albumin
1497,2,1,GradientBoosting,0.8601554480743308,0.00015559562893852056,0.8601554480743308,0.13968895629673073,MNAR_support2_albumin
1498,2,2,GradientBoosting,0.7818147673475698,0.00832312523940978,0.20986210741302047,0.7818147673475698,MNAR_support2_albumin
1499,2,2,GradientBoosting,0.5984997864624841,0.00015164183836983896,0.401348571699146,0.5984997864624841,MNAR_support2_albumin
1500,2,1,GradientBoosting,0.5204064238668039,0.0014839531108753864,0.5204064238668039,0.47810962302232074,MNAR_support2_albumin
1501,2,2,GradientBoosting,0.7626475543755851,0.07421281886577846,0.1631396267586365,0.7626475543755851,MNAR_support2_albumin
1502,2,2,GradientBoosting,0.7525845247055762,0.0002671129545188806,0.24714836233990495,0.7525845247055762,MNAR_support2_albumin
1503,2,2,GradientBoosting,0.9934462409611219,1.1853185030835232e-05,0.006541905853847348,0.9934462409611219,MNAR_support2_albumin
1504,2,1,GradientBoosting,0.9711849719074462,0.008651559859054237,0.9711849719074462,0.020163468233499477,MNAR_support2_albumin
1505,2,2,GradientBoosting,0.993703413507422,0.00041726753809955995,0.005879318954478467,0.993703413507422,MNAR_support2_albumin
1506,2,1,GradientBoosting,0.9362697741204217,0.00028205425323649347,0.9362697741204217,0.06344817162634184,MNAR_support2_albumin
1507,2,1,GradientBoosting,0.9556235338388956,0.02207793553281173,0.9556235338388956,0.022298530628292523,MNAR_support2_albumin
1508,2,2,GradientBoosting,0.9961159917111937,0.0002317462251268602,0.0036522620636794396,0.9961159917111937,MNAR_support2_albumin
1509,2,0,GradientBoosting,0.5982706293891032,0.5982706293891032,0.188814983851997,0.2129143867588997,MNAR_support2_albumin
1510,2,2,GradientBoosting,0.9288426698825454,0.00034115561795973053,0.07081617449949482,0.9288426698825454,MNAR_support2_albumin
1511,2,1,GradientBoosting,0.6431922607969325,0.04148232568169818,0.6431922607969325,0.31532541352136934,MNAR_support2_albumin
1512,2,2,GradientBoosting,0.9805319547224829,0.0004130618330295305,0.019054983444487698,0.9805319547224829,MNAR_support2_albumin
1513,2,2,GradientBoosting,0.5880578268824697,0.008328778473733334,0.40361339464379686,0.5880578268824697,MNAR_support2_albumin
1514,2,2,GradientBoosting,0.8463708314843863,0.048075398470655416,0.10555377004495822,0.8463708314843863,MNAR_support2_albumin
1515,2,2,GradientBoosting,0.9836528261586598,0.0087806668792174,0.0075665069621228456,0.9836528261586598,MNAR_support2_albumin
1516,2,1,GradientBoosting,0.9244258140761981,0.006741472983237144,0.9244258140761981,0.06883271294056492,MNAR_support2_albumin
1517,2,2,GradientBoosting,0.6076384301618832,0.23529869182471874,0.15706287801339805,0.6076384301618832,MNAR_support2_albumin
1518,2,0,GradientBoosting,0.7226969376769807,0.7226969376769807,0.00531311782028231,0.27198994450273695,MNAR_support2_albumin
1519,2,2,GradientBoosting,0.8404976601335731,0.147664960641792,0.011837379224635035,0.8404976601335731,MNAR_support2_albumin
1520,2,1,GradientBoosting,0.9786716900253704,2.8031613791543307e-05,0.9786716900253704,0.021300278360838094,MNAR_support2_albumin
1521,2,2,GradientBoosting,0.7904416273069035,0.026248058374296335,0.18331031431880027,0.7904416273069035,MNAR_support2_albumin
1522,2,1,GradientBoosting,0.9760180719982441,0.0008948721429540416,0.9760180719982441,0.02308705585880173,MNAR_support2_albumin
1523,2,1,GradientBoosting,0.5971184078890904,0.0010563037467058274,0.5971184078890904,0.40182528836420367,MNAR_support2_albumin
1524,2,1,GradientBoosting,0.9342963752449582,0.005458721609700216,0.9342963752449582,0.06024490314534141,MNAR_support2_albumin
1525,2,2,GradientBoosting,0.7935723988528032,0.00013570853888261736,0.2062918926083141,0.7935723988528032,MNAR_support2_albumin
1526,2,2,GradientBoosting,0.9638959386084925,0.006136227618748149,0.029967833772759318,0.9638959386084925,MNAR_support2_albumin
1527,2,1,GradientBoosting,0.812458806515342,0.006406236639644698,0.812458806515342,0.1811349568450134,MNAR_support2_albumin
1528,2,1,GradientBoosting,0.9273805108536765,0.004548142732888343,0.9273805108536765,0.06807134641343535,MNAR_support2_albumin
1529,2,2,GradientBoosting,0.6810848531206399,0.002203772083559168,0.3167113747958008,0.6810848531206399,MNAR_support2_albumin
1530,2,2,GradientBoosting,0.9749637784124165,0.00013773703730996886,0.024898484550273433,0.9749637784124165,MNAR_support2_albumin
1531,2,2,GradientBoosting,0.6061915103186865,0.06100078177022875,0.3328077079110847,0.6061915103186865,MNAR_support2_albumin
1532,2,2,GradientBoosting,0.9911593936838357,0.00761819376875736,0.0012224125474069349,0.9911593936838357,MNAR_support2_albumin
1533,2,1,GradientBoosting,0.9075018374793097,0.00011612455983003422,0.9075018374793097,0.09238203796086016,MNAR_support2_albumin
1534,2,2,GradientBoosting,0.6385440622797363,0.002166933363066574,0.35928900435719713,0.6385440622797363,MNAR_support2_albumin
1535,2,2,GradientBoosting,0.8309241915962233,0.0019205353277758964,0.16715527307600078,0.8309241915962233,MNAR_support2_albumin
1536,2,1,GradientBoosting,0.5918170182433576,0.0008849647442203343,0.5918170182433576,0.407298017012422,MNAR_support2_albumin
1537,2,1,GradientBoosting,0.8912749406163337,0.009700816692761257,0.8912749406163337,0.09902424269090511,MNAR_support2_albumin
1538,2,2,GradientBoosting,0.9176645565041008,0.0008147438724669455,0.08152069962343227,0.9176645565041008,MNAR_support2_albumin
1539,2,2,GradientBoosting,0.8603487744898932,0.0024167272094171915,0.13723449830068968,0.8603487744898932,MNAR_support2_albumin
98,0,0,LogisticRegression,0.42116752421813286,0.42116752421813286,0.2007349241694937,0.3780975516123735,MCAR_brandsma_apr
99,0,0,LogisticRegression,0.7231203574046716,0.7231203574046716,0.17028034227070826,0.10659930032462017,MCAR_brandsma_apr
100,0,1,LogisticRegression,0.4621600255661544,0.3885685027701431,0.4621600255661544,0.14927147166370258,MCAR_brandsma_apr
101,0,0,LogisticRegression,0.5814152616929759,0.5814152616929759,0.36389554266183666,0.054689195645187455,MCAR_brandsma_apr
102,0,1,LogisticRegression,0.4540867275349963,0.43405086592009734,0.4540867275349963,0.11186240654490645,MCAR_brandsma_apr
103,0,0,LogisticRegression,0.8038783379900455,0.8038783379900455,0.14413561000363403,0.0519860520063205,MCAR_brandsma_apr
104,0,0,LogisticRegression,0.4890005375888635,0.4890005375888635,0.22938928803894815,0.28161017437218827,MCAR_brandsma_apr
105,0,0,LogisticRegression,0.6270666470639887,0.6270666470639887,0.26100510618227823,0.11192824675373292,MCAR_brandsma_apr
106,0,0,LogisticRegression,0.4205393510044305,0.4205393510044305,0.3057400069971127,0.27372064199845686,MCAR_brandsma_apr
107,0,0,LogisticRegression,0.5920951230345982,0.5920951230345982,0.03778615545313812,0.3701187215122637,MCAR_brandsma_apr
108,0,0,LogisticRegression,0.7093399474082978,0.7093399474082978,0.07538846446147189,0.21527158813023037,MCAR_brandsma_apr
109,0,1,LogisticRegression,0.5297286104400718,0.39115811654825206,0.5297286104400718,0.07911327301167623,MCAR_brandsma_apr
110,0,2,LogisticRegression,0.5422077718612309,0.3274343363215249,0.13035789181724416,0.5422077718612309,MCAR_brandsma_apr
111,0,0,LogisticRegression,0.6814551781047444,0.6814551781047444,0.18220791689912536,0.13633690499613033,MCAR_brandsma_apr
112,0,0,LogisticRegression,0.8967316325185225,0.8967316325185225,0.039841800681946545,0.06342656679953101,MCAR_brandsma_apr
113,0,1,LogisticRegression,0.7383013472246346,0.1916109923702654,0.7383013472246346,0.07008766040509996,MCAR_brandsma_apr
114,0,0,LogisticRegression,0.5074388953413204,0.5074388953413204,0.4588198042978325,0.03374130036084712,MCAR_brandsma_apr
115,0,0,LogisticRegression,0.5068512168075922,0.5068512168075922,0.24343202688343407,0.24971675630897372,MCAR_brandsma_apr
116,0,1,LogisticRegression,0.4237769975388733,0.42049005515863036,0.4237769975388733,0.15573294730249623,MCAR_brandsma_apr
117,0,0,LogisticRegression,0.811686571175847,0.811686571175847,0.04621640755682864,0.1420970212673244,MCAR_brandsma_apr
118,0,1,LogisticRegression,0.8763835159529261,0.00610345925369939,0.8763835159529261,0.11751302479337447,MCAR_brandsma_apr
119,0,0,LogisticRegression,0.4856915533470812,0.4856915533470812,0.19506161495731472,0.319246831695604,MCAR_brandsma_apr
120,0,0,LogisticRegression,0.8848600654761627,0.8848600654761627,0.043272560569207204,0.07186737395463015,MCAR_brandsma_apr
121,0,0,LogisticRegression,0.6465482182381035,0.6465482182381035,0.34208326902527125,0.01136851273662526,MCAR_brandsma_apr
122,0,0,LogisticRegression,0.6130715694230431,0.6130715694230431,0.050268163167033995,0.3366602674099229,MCAR_brandsma_apr
123,0,1,LogisticRegression,0.5642012442219806,0.1302121460109918,0.5642012442219806,0.3055866097670276,MCAR_brandsma_apr
124,0,0,LogisticRegression,0.6592119929322877,0.6592119929322877,0.15269121703193353,0.1880967900357788,MCAR_brandsma_apr
125,0,1,LogisticRegression,0.7902783006358343,0.11126219722469159,0.7902783006358343,0.09845950213947419,MCAR_brandsma_apr
126,0,1,LogisticRegression,0.6006135011461927,0.17003140154432062,0.6006135011461927,0.2293550973094867,MCAR_brandsma_apr
127,0,0,LogisticRegression,0.5659519903045472,0.5659519903045472,0.2776084958204824,0.15643951387497032,MCAR_brandsma_apr
128,0,1,LogisticRegression,0.4823714352302508,0.41683668038679317,0.4823714352302508,0.10079188438295605,MCAR_brandsma_apr
129,0,0,LogisticRegression,0.688033948812948,0.688033948812948,0.18774559335405924,0.12422045783299278,MCAR_brandsma_apr
130,0,0,LogisticRegression,0.4192711135786237,0.4192711135786237,0.31831880721151207,0.2624100792098641,MCAR_brandsma_apr
131,0,0,LogisticRegression,0.5664634470284268,0.5664634470284268,0.0670095721010314,0.36652698087054186,MCAR_brandsma_apr
132,0,0,LogisticRegression,0.8100835416187524,0.8100835416187524,0.06419546957511738,0.1257209888061303,MCAR_brandsma_apr
133,0,0,LogisticRegression,0.684252025583888,0.684252025583888,0.19000741869965965,0.1257405557164524,MCAR_brandsma_apr
134,0,0,LogisticRegression,0.8324162773599956,0.8324162773599956,0.08039575241085552,0.08718797022914891,MCAR_brandsma_apr
135,0,1,LogisticRegression,0.6634558172642148,0.05288522307263278,0.6634558172642148,0.28365895966315247,MCAR_brandsma_apr
136,0,0,LogisticRegression,0.48828290425701376,0.48828290425701376,0.44126365189247135,0.07045344385051493,MCAR_brandsma_apr
137,0,0,LogisticRegression,0.5329776019075756,0.5329776019075756,0.28791684699371933,0.1791055510987051,MCAR_brandsma_apr
138,0,0,LogisticRegression,0.9160760525161161,0.9160760525161161,0.07798501535981382,0.005938932124070128,MCAR_brandsma_apr
139,0,0,LogisticRegression,0.43952795991070953,0.43952795991070953,0.2525890267357718,0.3078830133535187,MCAR_brandsma_apr
140,0,0,LogisticRegression,0.5946759569852444,0.5946759569852444,0.31350886583798243,0.09181517717677307,MCAR_brandsma_apr
141,0,0,LogisticRegression,0.5882733936142601,0.5882733936142601,0.16839460162586642,0.24333200475987352,MCAR_brandsma_apr
142,0,0,LogisticRegression,0.4270541750508296,0.4270541750508296,0.3172644769467564,0.2556813480024141,MCAR_brandsma_apr
143,0,0,LogisticRegression,0.4699388763390443,0.4699388763390443,0.3134010888506929,0.2166600348102628,MCAR_brandsma_apr
144,0,0,LogisticRegression,0.8847105878107512,0.8847105878107512,0.09503066763154154,0.020258744557707316,MCAR_brandsma_apr
145,0,2,LogisticRegression,0.586683542945368,0.28648604022323165,0.1268304168314005,0.586683542945368,MCAR_brandsma_apr
146,0,1,LogisticRegression,0.569426619694037,0.33413053555508365,0.569426619694037,0.0964428447508793,MCAR_brandsma_apr
147,0,0,LogisticRegression,0.6665320738958884,0.6665320738958884,0.0853588681187823,0.24810905798532934,MCAR_brandsma_apr
741,2,2,LogisticRegression,0.8550991194837111,0.05618436442709948,0.0887165160891894,0.8550991194837111,MNAR_mroz_wages
742,2,1,LogisticRegression,0.835921374879157,0.031730464498745774,0.835921374879157,0.13234816062209748,MNAR_mroz_wages
743,2,2,LogisticRegression,0.6403253223022005,0.053848315889704505,0.3058263618080949,0.6403253223022005,MNAR_mroz_wages
744,2,1,LogisticRegression,0.5083993317679617,0.16526737208588776,0.5083993317679617,0.3263332961461505,MNAR_mroz_wages
745,2,1,LogisticRegression,0.9434849769904041,0.015325459691700375,0.9434849769904041,0.04118956331789563,MNAR_mroz_wages
746,2,2,LogisticRegression,0.6323096918016526,0.11608245767418224,0.25160785052416523,0.6323096918016526,MNAR_mroz_wages
747,2,2,LogisticRegression,0.7666687186796992,0.07034783547105583,0.16298344584924496,0.7666687186796992,MNAR_mroz_wages
748,2,1,LogisticRegression,0.7359952308917556,0.0546696521728422,0.7359952308917556,0.20933511693540238,MNAR_mroz_wages
749,2,2,LogisticRegression,0.6403851609500698,0.07114374043439464,0.28847109861553544,0.6403851609500698,MNAR_mroz_wages
750,2,1,LogisticRegression,0.7006863696600641,0.0055175188297703045,0.7006863696600641,0.29379611151016555,MNAR_mroz_wages
751,2,1,LogisticRegression,0.5968483775109625,0.04199252990026302,0.5968483775109625,0.36115909258877443,MNAR_mroz_wages
752,2,1,LogisticRegression,0.49126823150491483,0.16685223530225396,0.49126823150491483,0.34187953319283115,MNAR_mroz_wages
753,2,2,LogisticRegression,0.5220763254896856,0.05120946910605145,0.42671420540426286,0.5220763254896856,MNAR_mroz_wages
754,2,2,LogisticRegression,0.4892677003435323,0.0956877477203751,0.41504455193609263,0.4892677003435323,MNAR_mroz_wages
755,2,1,LogisticRegression,0.6270599615963928,0.026310338453292975,0.6270599615963928,0.34662969995031434,MNAR_mroz_wages
756,2,1,LogisticRegression,0.6029160561401621,0.05296255459651129,0.6029160561401621,0.34412138926332664,MNAR_mroz_wages
757,2,1,LogisticRegression,0.6103241019525638,0.15216675296217827,0.6103241019525638,0.23750914508525803,MNAR_mroz_wages
758,2,2,LogisticRegression,0.5804028682157885,0.09768379807931614,0.32191333370489544,0.5804028682157885,MNAR_mroz_wages
759,2,1,LogisticRegression,0.47156370204529124,0.1260359217140323,0.47156370204529124,0.4024003762406764,MNAR_mroz_wages
760,2,1,LogisticRegression,0.530132940506579,0.02648130541948205,0.530132940506579,0.44338575407393904,MNAR_mroz_wages
761,2,2,LogisticRegression,0.6281601473559935,0.1341857613491626,0.23765409129484394,0.6281601473559935,MNAR_mroz_wages
762,2,1,LogisticRegression,0.7397810566742288,0.08610873039073423,0.7397810566742288,0.17411021293503703,MNAR_mroz_wages
763,2,2,LogisticRegression,0.689240493639147,0.07278703258532562,0.23797247377552744,0.689240493639147,MNAR_mroz_wages
764,2,1,LogisticRegression,0.7077501329520068,0.006074198835962496,0.7077501329520068,0.2861756682120307,MNAR_mroz_wages
765,2,1,LogisticRegression,0.8637761911231884,0.09123917638879456,0.8637761911231884,0.04498463248801717,MNAR_mroz_wages
766,2,2,LogisticRegression,0.76893491551443,0.14516527409795088,0.08589981038761899,0.76893491551443,MNAR_mroz_wages
767,2,1,LogisticRegression,0.4767434057544944,0.2091973241810405,0.4767434057544944,0.3140592700644651,MNAR_mroz_wages
768,2,2,LogisticRegression,0.6375329971603568,0.05826857997702307,0.30419842286262017,0.6375329971603568,MNAR_mroz_wages
769,2,1,LogisticRegression,0.8767388647762002,0.07532970894745801,0.8767388647762002,0.04793142627634166,MNAR_mroz_wages
770,2,2,LogisticRegression,0.6620010620807163,0.09177020868884656,0.24622872923043712,0.6620010620807163,MNAR_mroz_wages
771,2,2,LogisticRegression,0.6863859328369394,0.03983562056581871,0.27377844659724193,0.6863859328369394,MNAR_mroz_wages
772,2,1,LogisticRegression,0.7256805886238564,0.09386901604282535,0.7256805886238564,0.18045039533331825,MNAR_mroz_wages
773,2,1,LogisticRegression,0.576665685743709,0.10220455412143209,0.576665685743709,0.3211297601348589,MNAR_mroz_wages
774,2,1,LogisticRegression,0.49846217811709237,0.22620710571307945,0.49846217811709237,0.2753307161698282,MNAR_mroz_wages
775,2,2,LogisticRegression,0.5385379713961631,0.13174149698816592,0.329720531615671,0.5385379713961631,MNAR_mroz_wages
776,2,1,LogisticRegression,0.5305411078176185,0.049984658289138124,0.5305411078176185,0.41947423389324334,MNAR_mroz_wages
777,2,1,LogisticRegression,0.5403754989681596,0.1055250042904687,0.5403754989681596,0.35409949674137164,MNAR_mroz_wages
778,2,2,LogisticRegression,0.711841777190046,0.049073956961699285,0.23908426584825465,0.711841777190046,MNAR_mroz_wages
779,2,1,LogisticRegression,0.5958511580931425,0.04918092492739208,0.5958511580931425,0.3549679169794655,MNAR_mroz_wages
780,2,2,LogisticRegression,0.5550372040322045,0.02924392658678318,0.4157188693810123,0.5550372040322045,MNAR_mroz_wages
781,2,2,LogisticRegression,0.5040343001699795,0.07953976551334781,0.4164259343166727,0.5040343001699795,MNAR_mroz_wages
782,2,1,LogisticRegression,0.6476945519678444,0.09300160030572328,0.6476945519678444,0.25930384772643233,MNAR_mroz_wages
783,2,1,LogisticRegression,0.6934443730114302,0.18620447015525496,0.6934443730114302,0.12035115683331475,MNAR_mroz_wages
784,2,2,LogisticRegression,0.6186047536021863,0.19034215873249574,0.19105308766531792,0.6186047536021863,MNAR_mroz_wages
785,2,1,LogisticRegression,0.8890201128356013,0.005452105479822116,0.8890201128356013,0.10552778168457666,MNAR_mroz_wages
786,2,1,LogisticRegression,0.3613329682292554,0.2879035413589905,0.3613329682292554,0.35076349041175403,MNAR_mroz_wages
787,2,1,LogisticRegression,0.7554978856295733,0.08773157459619588,0.7554978856295733,0.15677053977423092,MNAR_mroz_wages
788,2,1,LogisticRegression,0.7045235888337334,0.2617004178028681,0.7045235888337334,0.033775993363398316,MNAR_mroz_wages
789,2,2,LogisticRegression,0.5044318714148899,0.02590885282479519,0.4696592757603149,0.5044318714148899,MNAR_mroz_wages
790,2,2,LogisticRegression,0.4494780384608315,0.22856747069070096,0.3219544908484675,0.4494780384608315,MNAR_mroz_wages
841,0,0,LogisticRegression,0.6558900873675318,0.6558900873675318,0.2628007038400323,0.08130920879243582,MCAR_hepatitis_albumin
842,0,0,LogisticRegression,0.6138096059904424,0.6138096059904424,0.31355903634435184,0.07263135766520584,MCAR_hepatitis_albumin
843,0,0,LogisticRegression,0.5768384488077688,0.5768384488077688,0.356851467504521,0.06631008368771019,MCAR_hepatitis_albumin
844,0,0,LogisticRegression,0.5816273358730759,0.5816273358730759,0.2921574494469786,0.1262152146799455,MCAR_hepatitis_albumin
845,0,1,LogisticRegression,0.3979270926175014,0.3274341824610164,0.3979270926175014,0.27463872492148206,MCAR_hepatitis_albumin
846,0,1,LogisticRegression,0.7808478031295131,0.04384802781194593,0.7808478031295131,0.17530416905854102,MCAR_hepatitis_albumin
847,0,1,LogisticRegression,0.7972408038049384,0.12503355479862494,0.7972408038049384,0.07772564139643673,MCAR_hepatitis_albumin
848,0,1,LogisticRegression,0.5696525663771115,0.4030724693153757,0.5696525663771115,0.027274964307512906,MCAR_hepatitis_albumin
849,0,0,LogisticRegression,0.8068505627630232,0.8068505627630232,0.0945680167972308,0.09858142043974581,MCAR_hepatitis_albumin
850,0,1,LogisticRegression,0.3560879805649187,0.32875976391858086,0.3560879805649187,0.3151522555165005,MCAR_hepatitis_albumin
851,0,1,LogisticRegression,0.7050379316673178,0.055827791740554286,0.7050379316673178,0.23913427659212785,MCAR_hepatitis_albumin
852,0,1,LogisticRegression,0.4465858944840626,0.3340345257109646,0.4465858944840626,0.2193795798049727,MCAR_hepatitis_albumin
853,0,0,LogisticRegression,0.5998878815195365,0.5998878815195365,0.3603921372383611,0.03971998124210239,MCAR_hepatitis_albumin
854,0,2,LogisticRegression,0.4605559299148291,0.4399798643831707,0.09946420570200011,0.4605559299148291,MCAR_hepatitis_albumin
855,0,1,LogisticRegression,0.8165735369513768,0.07187612671578562,0.8165735369513768,0.11155033633283773,MCAR_hepatitis_albumin
856,0,1,LogisticRegression,0.41756305859327336,0.41474125836576553,0.41756305859327336,0.16769568304096108,MCAR_hepatitis_albumin
857,0,0,LogisticRegression,0.6215352249869017,0.6215352249869017,0.31928804611916894,0.05917672889392921,MCAR_hepatitis_albumin
858,0,0,LogisticRegression,0.8163143822441542,0.8163143822441542,0.10303396502591773,0.08065165272992798,MCAR_hepatitis_albumin
859,0,0,LogisticRegression,0.685092120700835,0.685092120700835,0.16570130950764478,0.14920656979152022,MCAR_hepatitis_albumin
860,0,0,LogisticRegression,0.7777974787819988,0.7777974787819988,0.21274338149090902,0.009459139727092246,MCAR_hepatitis_albumin
861,0,1,LogisticRegression,0.949801371642048,0.03884413856725121,0.949801371642048,0.011354489790700787,MCAR_hepatitis_albumin
862,0,1,LogisticRegression,0.7256434550304143,0.04954935603826135,0.7256434550304143,0.22480718893132437,MCAR_hepatitis_albumin
863,0,1,LogisticRegression,0.8254667134039506,0.14608993476558277,0.8254667134039506,0.02844335183046662,MCAR_hepatitis_albumin
864,0,2,LogisticRegression,0.46517444601568214,0.3453416478914525,0.18948390609286542,0.46517444601568214,MCAR_hepatitis_albumin
865,0,0,LogisticRegression,0.6459179368051006,0.6459179368051006,0.24017897305722963,0.11390309013766987,MCAR_hepatitis_albumin
866,0,2,LogisticRegression,0.4427598694705426,0.18436066884772662,0.3728794616817308,0.4427598694705426,MCAR_hepatitis_albumin
867,0,0,LogisticRegression,0.7528009733088165,0.7528009733088165,0.13363668691164574,0.1135623397795378,MCAR_hepatitis_albumin
868,0,0,LogisticRegression,0.8041074343916986,0.8041074343916986,0.09762417027273948,0.09826839533556202,MCAR_hepatitis_albumin
869,0,0,LogisticRegression,0.5336511469513973,0.5336511469513973,0.41574876342513545,0.05060008962346732,MCAR_hepatitis_albumin
870,0,0,LogisticRegression,0.572460292314165,0.572460292314165,0.33700322074105926,0.09053648694477583,MCAR_hepatitis_albumin
871,0,0,LogisticRegression,0.8093273779266542,0.8093273779266542,0.16980643772250859,0.020866184350837123,MCAR_hepatitis_albumin
872,0,0,LogisticRegression,0.8181673626216237,0.8181673626216237,0.09247647677269126,0.08935616060568492,MCAR_hepatitis_albumin
873,0,1,LogisticRegression,0.8118701255711599,0.15032816951159786,0.8118701255711599,0.037801704917242454,MCAR_hepatitis_albumin
874,0,1,LogisticRegression,0.7699973838123679,0.11258711922483111,0.7699973838123679,0.11741549696280085,MCAR_hepatitis_albumin
875,0,0,LogisticRegression,0.637901669259036,0.637901669259036,0.22092494444860478,0.14117338629235923,MCAR_hepatitis_albumin
876,0,2,LogisticRegression,0.37715616183401185,0.3683707398905609,0.25447309827542736,0.37715616183401185,MCAR_hepatitis_albumin
877,0,1,LogisticRegression,0.7043377481679054,0.2095360869644014,0.7043377481679054,0.08612616486769323,MCAR_hepatitis_albumin
878,0,1,LogisticRegression,0.4963696537659584,0.4332283933257961,0.4963696537659584,0.07040195290824564,MCAR_hepatitis_albumin
879,0,0,LogisticRegression,0.47171858276248296,0.47171858276248296,0.18177914697802813,0.34650227025948893,MCAR_hepatitis_albumin
880,0,1,LogisticRegression,0.9572944177219479,0.035877851725078735,0.9572944177219479,0.006827730552973483,MCAR_hepatitis_albumin
881,0,1,LogisticRegression,0.5665998187801143,0.10356106839994338,0.5665998187801143,0.32983911281994227,MCAR_hepatitis_albumin
882,0,0,LogisticRegression,0.5677424592282271,0.5677424592282271,0.2194633551181488,0.21279418565362412,MCAR_hepatitis_albumin
883,0,1,LogisticRegression,0.7817259783839461,0.04436863641626447,0.7817259783839461,0.17390538519978946,MCAR_hepatitis_albumin
884,0,2,LogisticRegression,0.7174767021943645,0.23215013058621525,0.05037316721942025,0.7174767021943645,MCAR_hepatitis_albumin
885,0,1,LogisticRegression,0.39118634599058244,0.37290033342797246,0.39118634599058244,0.23591332058144515,MCAR_hepatitis_albumin
886,0,1,LogisticRegression,0.7091511948981329,0.27763555828024505,0.7091511948981329,0.013213246821621994,MCAR_hepatitis_albumin
887,0,0,LogisticRegression,0.8648419178533847,0.8648419178533847,0.11492909675432261,0.02022898539229269,MCAR_hepatitis_albumin
888,0,1,LogisticRegression,0.8271995993712657,0.14162170391324327,0.8271995993712657,0.03117869671549098,MCAR_hepatitis_albumin
889,0,0,LogisticRegression,0.5299156666040938,0.5299156666040938,0.46182026443717167,0.008264068958734503,MCAR_hepatitis_albumin
890,0,0,LogisticRegression,0.8201884471660109,0.8201884471660109,0.1570319063742919,0.02277964645969707,MCAR_hepatitis_albumin
991,1,1,LogisticRegression,0.5444563056278905,0.010957379256533674,0.5444563056278905,0.44458631511557584,MAR_sick_t3
992,1,0,LogisticRegression,0.3911523572736241,0.3911523572736241,0.2718559855566027,0.33699165716977325,MAR_sick_t3
993,1,2,LogisticRegression,0.7069976423795176,0.0029861602312669633,0.2900161973892155,0.7069976423795176,MAR_sick_t3
994,1,2,LogisticRegression,0.4209772545725274,0.3027100529413461,0.2763126924861264,0.4209772545725274,MAR_sick_t3
995,1,2,LogisticRegression,0.8920310051111411,0.00782558765013989,0.10014340723871902,0.8920310051111411,MAR_sick_t3
996,1,1,LogisticRegression,0.3709531008117045,0.30160161869619656,0.3709531008117045,0.327445280492099,MAR_sick_t3
997,1,2,LogisticRegression,0.7982440676121404,0.02947907355577267,0.17227685883208688,0.7982440676121404,MAR_sick_t3
998,1,2,LogisticRegression,0.5794289194281804,0.018739411961279987,0.40183166861053965,0.5794289194281804,MAR_sick_t3
999,1,2,LogisticRegression,0.5725081946417805,0.0022679606190552913,0.4252238447391643,0.5725081946417805,MAR_sick_t3
1000,1,1,LogisticRegression,0.45330018372332975,0.2600805702294012,0.45330018372332975,0.286619246047269,MAR_sick_t3
1001,1,2,LogisticRegression,0.6698276088149726,0.004855940801657824,0.32531645038336954,0.6698276088149726,MAR_sick_t3
1002,1,1,LogisticRegression,0.5427212071669897,0.0838481018611255,0.5427212071669897,0.3734306909718848,MAR_sick_t3
1003,1,2,LogisticRegression,0.40541128955537925,0.3847615230958014,0.20982718734881928,0.40541128955537925,MAR_sick_t3
1004,1,1,LogisticRegression,0.5406108196372545,0.2260895398747033,0.5406108196372545,0.2332996404880422,MAR_sick_t3
1005,1,1,LogisticRegression,0.6040144839590882,0.006702669632320712,0.6040144839590882,0.3892828464085911,MAR_sick_t3
1006,1,0,LogisticRegression,0.4508343565378501,0.4508343565378501,0.17693044803408803,0.37223519542806177,MAR_sick_t3
1007,1,2,LogisticRegression,0.7401173726005089,0.033377816225444945,0.22650481117404617,0.7401173726005089,MAR_sick_t3
1008,1,2,LogisticRegression,0.49910084617332434,0.01772311970714406,0.4831760341195317,0.49910084617332434,MAR_sick_t3
1009,1,2,LogisticRegression,0.8091324565316624,0.011854922513245577,0.17901262095509204,0.8091324565316624,MAR_sick_t3
1010,1,1,LogisticRegression,0.6350516470072097,0.010689431038887143,0.6350516470072097,0.3542589219539032,MAR_sick_t3
1011,1,2,LogisticRegression,0.6373137626297825,0.09354380536506825,0.26914243200514915,0.6373137626297825,MAR_sick_t3
1012,1,1,LogisticRegression,0.45476543048737617,0.10180743404926967,0.45476543048737617,0.4434271354633542,MAR_sick_t3
1013,1,2,LogisticRegression,0.6363831118590848,0.11373762885903034,0.24987925928188479,0.6363831118590848,MAR_sick_t3
1014,1,0,LogisticRegression,0.4438511159492803,0.4438511159492803,0.25554562847616225,0.3006032555745574,MAR_sick_t3
1015,1,1,LogisticRegression,0.8324305351998084,0.0685389616053806,0.8324305351998084,0.09903050319481113,MAR_sick_t3
1016,1,2,LogisticRegression,0.8921081601393234,0.0003405398336059697,0.10755130002707065,0.8921081601393234,MAR_sick_t3
1017,1,2,LogisticRegression,0.501636202005266,0.1944167551564483,0.30394704283828566,0.501636202005266,MAR_sick_t3
1018,1,1,LogisticRegression,0.6664993062853214,0.03680189191294402,0.6664993062853214,0.2966988018017345,MAR_sick_t3
1019,1,1,LogisticRegression,0.5438601375661183,0.009475330338065554,0.5438601375661183,0.44666453209581625,MAR_sick_t3
1020,1,2,LogisticRegression,0.6627529121733373,0.019869594484878073,0.31737749334178456,0.6627529121733373,MAR_sick_t3
1021,1,2,LogisticRegression,0.6462375642980822,0.008794513832096404,0.3449679218698213,0.6462375642980822,MAR_sick_t3
1022,1,2,LogisticRegression,0.577328312252765,0.0485919651410812,0.37407972260615385,0.577328312252765,MAR_sick_t3
1023,1,1,LogisticRegression,0.74122405946025,0.036954430893219835,0.74122405946025,0.22182150964653002,MAR_sick_t3
1024,1,2,LogisticRegression,0.6128051128559383,0.004218392378966663,0.38297649476509504,0.6128051128559383,MAR_sick_t3
1025,1,1,LogisticRegression,0.5032479872023888,0.1359986110295858,0.5032479872023888,0.36075340176802534,MAR_sick_t3
1026,1,2,LogisticRegression,0.3420775963523779,0.33190133906841257,0.32602106457920965,0.3420775963523779,MAR_sick_t3
1027,1,2,LogisticRegression,0.3975616661326937,0.3224260875253551,0.2800122463419512,0.3975616661326937,MAR_sick_t3
1028,1,2,LogisticRegression,0.6889406052019929,0.06832025790371433,0.24273913689429294,0.6889406052019929,MAR_sick_t3
1029,1,2,LogisticRegression,0.6898177776750505,0.004554584796280756,0.30562763752866884,0.6898177776750505,MAR_sick_t3
1030,1,2,LogisticRegression,0.4998934123715993,0.16517146433835256,0.33493512329004815,0.4998934123715993,MAR_sick_t3
1031,1,1,LogisticRegression,0.43585910790366245,0.16031830643406098,0.43585910790366245,0.4038225856622765,MAR_sick_t3
1032,1,1,LogisticRegression,0.5122325757926166,0.05821790515582156,0.5122325757926166,0.4295495190515618,MAR_sick_t3
1033,1,1,LogisticRegression,0.5763679077910776,0.0735197407626045,0.5763679077910776,0.35011235144631797,MAR_sick_t3
1034,1,2,LogisticRegression,0.5922969843612277,0.023779863911877957,0.38392315172689434,0.5922969843612277,MAR_sick_t3
1035,1,2,LogisticRegression,0.5492026124048471,0.03578479811169197,0.4150125894834609,0.5492026124048471,MAR_sick_t3
1036,1,2,LogisticRegression,0.800962661146442,0.013327635584130776,0.18570970326942735,0.800962661146442,MAR_sick_t3
1037,1,2,LogisticRegression,0.7696884117923374,0.11516185294926398,0.11514973525839861,0.7696884117923374,MAR_sick_t3
1038,1,2,LogisticRegression,0.4796424254312113,0.35455791277573084,0.16579966179305786,0.4796424254312113,MAR_sick_t3
1039,1,2,LogisticRegression,0.6243898924463878,0.21611393163594306,0.15949617591766913,0.6243898924463878,MAR_sick_t3
1040,1,0,LogisticRegression,0.5520241061639516,0.5520241061639516,0.18213092480939216,0.2658449690266564,MAR_sick_t3
1041,1,2,LogisticRegression,0.9843965081727428,3.608951423668677e-05,0.01556740231302036,0.9843965081727428,MAR_sick_tsh
1042,1,2,LogisticRegression,0.8066548320381471,0.00874963997515469,0.18459552798669818,0.8066548320381471,MAR_sick_tsh
1043,1,2,LogisticRegression,0.9999998029034958,2.048147364156804e-15,1.970965021052248e-07,0.9999998029034958,MAR_sick_tsh
1044,1,2,LogisticRegression,0.9998490295636557,1.2313771192970298e-09,0.00015096920496714263,0.9998490295636557,MAR_sick_tsh
1045,1,2,LogisticRegression,0.9969505317275263,1.327309629830707e-06,0.0030481409628438667,0.9969505317275263,MAR_sick_tsh
1046,1,2,LogisticRegression,0.8433470653120699,0.002326151109836705,0.15432678357809337,0.8433470653120699,MAR_sick_tsh
1047,1,2,LogisticRegression,0.9970625343488203,1.867026017807974e-10,0.0029374654644770586,0.9970625343488203,MAR_sick_tsh
1048,1,2,LogisticRegression,0.9999027823780854,3.452925144863722e-11,9.721758738529673e-05,0.9999027823780854,MAR_sick_tsh
1049,1,2,LogisticRegression,0.9593772469849772,0.003732542963106708,0.03689021005191623,0.9593772469849772,MAR_sick_tsh
1050,1,2,LogisticRegression,0.9997668241777843,1.0502840224581596e-08,0.0002331653193755539,0.9997668241777843,MAR_sick_tsh
1051,1,2,LogisticRegression,0.9999727937833036,6.575210841946198e-11,2.720615094427012e-05,0.9999727937833036,MAR_sick_tsh
1052,1,2,LogisticRegression,0.9813446836273042,1.4804624663732072e-06,0.018653835910229462,0.9813446836273042,MAR_sick_tsh
1053,1,2,LogisticRegression,0.9999979573542985,2.7294048412909393e-13,2.0426454286250466e-06,0.9999979573542985,MAR_sick_tsh
1054,1,2,LogisticRegression,0.9974171138969086,2.6696832265013587e-07,0.002582619134768851,0.9974171138969086,MAR_sick_tsh
1055,1,2,LogisticRegression,0.9999940092009115,1.3330815611820561e-11,5.990785757708444e-06,0.9999940092009115,MAR_sick_tsh
1056,1,2,LogisticRegression,0.9999997801119576,1.0479630630928057e-15,2.1988804153640165e-07,0.9999997801119576,MAR_sick_tsh
1057,1,2,LogisticRegression,0.9999358528645432,3.262766332613979e-10,6.414680918012573e-05,0.9999358528645432,MAR_sick_tsh
1058,1,2,LogisticRegression,0.9999532741029147,9.312972712273974e-11,4.672580395560048e-05,0.9999532741029147,MAR_sick_tsh
1059,1,2,LogisticRegression,0.9968132612076713,1.952411154827445e-06,0.003184786381173803,0.9968132612076713,MAR_sick_tsh
1060,1,2,LogisticRegression,0.9966204497952152,3.6411563972624506e-07,0.0033791860891450513,0.9966204497952152,MAR_sick_tsh
1061,1,2,LogisticRegression,0.9406891389427704,0.00030391762458466774,0.05900694343264496,0.9406891389427704,MAR_sick_tsh
1062,1,2,LogisticRegression,0.9920394686787677,4.215620149682785e-06,0.007956315701082687,0.9920394686787677,MAR_sick_tsh
1063,1,2,LogisticRegression,0.9999999292575671,2.805516677587295e-15,7.07424301638214e-08,0.9999999292575671,MAR_sick_tsh
1064,1,2,LogisticRegression,0.9999898321000703,6.081926857986941e-11,1.0167839110358469e-05,0.9999898321000703,MAR_sick_tsh
1065,1,2,LogisticRegression,0.9975749837876603,4.056233665879816e-06,0.002420959978673774,0.9975749837876603,MAR_sick_tsh
1066,1,2,LogisticRegression,0.9999989033244708,1.2199404229717174e-13,1.0966754071239536e-06,0.9999989033244708,MAR_sick_tsh
1067,1,2,LogisticRegression,0.9999976564801589,4.910006927978455e-14,2.3435197920279494e-06,0.9999976564801589,MAR_sick_tsh
1068,1,2,LogisticRegression,0.9999482070712288,3.550962894733259e-11,5.1792893261657996e-05,0.9999482070712288,MAR_sick_tsh
1069,1,2,LogisticRegression,0.9987780243555642,1.6787731807189595e-07,0.0012218077671177206,0.9987780243555642,MAR_sick_tsh
1070,1,2,LogisticRegression,0.9999327361121998,4.087822282313778e-09,6.725979997797818e-05,0.9999327361121998,MAR_sick_tsh
1071,1,2,LogisticRegression,0.9999997317143494,2.8277127395014352e-14,2.682856222941013e-07,0.9999997317143494,MAR_sick_tsh
1072,1,2,LogisticRegression,0.9999752238019599,9.658947240614345e-10,2.47752321452944e-05,0.9999752238019599,MAR_sick_tsh
1073,1,2,LogisticRegression,0.9786392629835781,0.0001789256222066057,0.021181811394215308,0.9786392629835781,MAR_sick_tsh
1074,1,2,LogisticRegression,0.9655223213816405,0.00020838250534329194,0.0342692961130161,0.9655223213816405,MAR_sick_tsh
1075,1,2,LogisticRegression,0.999534296021448,7.605846367274281e-10,0.0004657032179672095,0.999534296021448,MAR_sick_tsh
1076,1,2,LogisticRegression,0.9996532811089028,9.512837404953224e-09,0.0003467093782597578,0.9996532811089028,MAR_sick_tsh
1077,1,2,LogisticRegression,0.9160654053444138,0.003830615328472737,0.08010397932711344,0.9160654053444138,MAR_sick_tsh
1078,1,2,LogisticRegression,0.9400798149658272,0.00028481017031504465,0.059635374863857754,0.9400798149658272,MAR_sick_tsh
1079,1,2,LogisticRegression,0.9998960533145732,1.1490338600408502e-10,0.00010394657052329821,0.9998960533145732,MAR_sick_tsh
1080,1,2,LogisticRegression,0.9999934628223934,3.090642951831371e-11,6.537146700164187e-06,0.9999934628223934,MAR_sick_tsh
1081,1,2,LogisticRegression,0.9999961469415257,2.966070081539537e-12,3.853055508187806e-06,0.9999961469415257,MAR_sick_tsh
1082,1,2,LogisticRegression,0.9961786326180868,6.399450454136756e-07,0.003820727436867822,0.9961786326180868,MAR_sick_tsh
1083,1,2,LogisticRegression,0.996525254323426,7.885639567426025e-07,0.003473957112617153,0.996525254323426,MAR_sick_tsh
1084,1,2,LogisticRegression,0.918188142682574,0.0006972047244893465,0.08111465259293663,0.918188142682574,MAR_sick_tsh
1085,1,2,LogisticRegression,0.9997311122451497,3.297274596459072e-09,0.0002688844575758182,0.9997311122451497,MAR_sick_tsh
1086,1,2,LogisticRegression,0.9979923816398523,9.682961570375924e-07,0.0020066500639906817,0.9979923816398523,MAR_sick_tsh
1087,1,2,LogisticRegression,0.9998886646310745,6.46227690243891e-12,0.00011133536246314975,0.9998886646310745,MAR_sick_tsh
1088,1,2,LogisticRegression,0.9999886131967504,5.086733555482023e-13,1.1386802740846317e-05,0.9999886131967504,MAR_sick_tsh
1089,1,2,LogisticRegression,0.9999999053913643,5.5312558698309895e-15,9.460863012110323e-08,0.9999999053913643,MAR_sick_tsh
1240,2,2,LogisticRegression,0.8144849179569431,0.00026748413866888086,0.18524759790438808,0.8144849179569431,MNAR_nhanes_cadmium
1241,2,1,LogisticRegression,0.8704108512092874,0.0022873585318587118,0.8704108512092874,0.12730179025885385,MNAR_nhanes_cadmium
1242,2,1,LogisticRegression,0.5050445018648992,0.011925763131312692,0.5050445018648992,0.4830297350037881,MNAR_nhanes_cadmium
1243,2,0,LogisticRegression,0.4548576458128028,0.4548576458128028,0.4190662856963365,0.12607606849086056,MNAR_nhanes_cadmium
1244,2,2,LogisticRegression,0.9357498685839389,7.851003235650653e-07,0.06424934631573746,0.9357498685839389,MNAR_nhanes_cadmium
1245,2,2,LogisticRegression,0.9191027040266249,6.085733605900729e-07,0.08089668740001457,0.9191027040266249,MNAR_nhanes_cadmium
1246,2,2,LogisticRegression,0.6534548281197234,0.0011756337976214133,0.34536953808265514,0.6534548281197234,MNAR_nhanes_cadmium
1247,2,1,LogisticRegression,0.8566205465821811,0.027047284301755386,0.8566205465821811,0.1163321691160634,MNAR_nhanes_cadmium
1248,2,2,LogisticRegression,0.9998075091106763,9.788315612392099e-11,0.0001924907914405959,0.9998075091106763,MNAR_nhanes_cadmium
1249,2,2,LogisticRegression,0.9582659827049501,3.1680542747289096e-05,0.04170233675230253,0.9582659827049501,MNAR_nhanes_cadmium
1250,2,2,LogisticRegression,0.785921039944638,0.001094147437259519,0.2129848126181024,0.785921039944638,MNAR_nhanes_cadmium
1251,2,2,LogisticRegression,0.683752731542173,2.2795851634488163e-06,0.3162449888726635,0.683752731542173,MNAR_nhanes_cadmium
1252,2,2,LogisticRegression,0.956165494448337,2.9085591931256087e-06,0.04383159699246983,0.956165494448337,MNAR_nhanes_cadmium
1253,2,1,LogisticRegression,0.5384231267639669,0.02324143573263116,0.5384231267639669,0.438335437503402,MNAR_nhanes_cadmium
1254,2,2,LogisticRegression,0.8835889128999683,3.3680864298174455e-05,0.11637740623573344,0.8835889128999683,MNAR_nhanes_cadmium
1255,2,2,LogisticRegression,0.5290863621147508,0.18800868906996407,0.2829049488152851,0.5290863621147508,MNAR_nhanes_cadmium
1256,2,1,LogisticRegression,0.6658069170571346,0.09809816770443572,0.6658069170571346,0.23609491523842965,MNAR_nhanes_cadmium
1257,2,1,LogisticRegression,0.761939256594142,0.002005538064976708,0.761939256594142,0.23605520534088145,MNAR_nhanes_cadmium
1258,2,2,LogisticRegression,0.626614836722385,0.00025265632291236387,0.37313250695470246,0.626614836722385,MNAR_nhanes_cadmium
1259,2,2,LogisticRegression,0.8758940256729669,0.0017213474584215178,0.1223846268686115,0.8758940256729669,MNAR_nhanes_cadmium
1260,2,1,LogisticRegression,0.6762609350944282,0.002089523151648659,0.6762609350944282,0.3216495417539232,MNAR_nhanes_cadmium
1261,2,2,LogisticRegression,0.5488595070061882,0.0061539587899572526,0.4449865342038545,0.5488595070061882,MNAR_nhanes_cadmium
1262,2,2,LogisticRegression,0.6102992804881051,0.02790836776765908,0.36179235174423585,0.6102992804881051,MNAR_nhanes_cadmium
1263,2,1,LogisticRegression,0.8018703188265727,0.009854401519358649,0.8018703188265727,0.1882752796540687,MNAR_nhanes_cadmium
1264,2,2,LogisticRegression,0.5667444761777752,0.07337993195312345,0.3598755918691014,0.5667444761777752,MNAR_nhanes_cadmium
1265,2,2,LogisticRegression,0.728826444924846,0.00024009750724831642,0.27093345756790566,0.728826444924846,MNAR_nhanes_cadmium
1266,2,2,LogisticRegression,0.4870449942426845,0.03185553273864041,0.4810994730186751,0.4870449942426845,MNAR_nhanes_cadmium
1267,2,1,LogisticRegression,0.5168087221651392,0.014844919102365406,0.5168087221651392,0.4683463587324953,MNAR_nhanes_cadmium
1268,2,2,LogisticRegression,0.6377219047434658,0.0010444083515820774,0.3612336869049522,0.6377219047434658,MNAR_nhanes_cadmium
1269,2,1,LogisticRegression,0.581530671285713,0.0015049860588094424,0.581530671285713,0.4169643426554775,MNAR_nhanes_cadmium
1270,2,2,LogisticRegression,0.7111446012722524,0.000784674719154669,0.28807072400859296,0.7111446012722524,MNAR_nhanes_cadmium
1271,2,2,LogisticRegression,0.9309897087868261,1.968648226932306e-07,0.0690100943483512,0.9309897087868261,MNAR_nhanes_cadmium
1272,2,1,LogisticRegression,0.6224540407755419,0.013288314364747063,0.6224540407755419,0.364257644859711,MNAR_nhanes_cadmium
1273,2,2,LogisticRegression,0.536804562175369,0.013879622295304544,0.4493158155293265,0.536804562175369,MNAR_nhanes_cadmium
1274,2,1,LogisticRegression,0.7377857255153069,0.0008392297070697842,0.7377857255153069,0.26137504477762347,MNAR_nhanes_cadmium
1275,2,2,LogisticRegression,0.9998538610373272,8.547114442563511e-11,0.00014613887720164563,0.9998538610373272,MNAR_nhanes_cadmium
1276,2,2,LogisticRegression,0.6267227442884354,0.00020395386920638947,0.3730733018423583,0.6267227442884354,MNAR_nhanes_cadmium
1277,2,1,LogisticRegression,0.7058958128169551,0.016333594954222427,0.7058958128169551,0.27777059222882233,MNAR_nhanes_cadmium
1278,2,2,LogisticRegression,0.7203820587567583,2.9653844038089246e-05,0.2795882873992035,0.7203820587567583,MNAR_nhanes_cadmium
1279,2,2,LogisticRegression,0.7654416070086711,0.0007154855268829516,0.2338429074644459,0.7654416070086711,MNAR_nhanes_cadmium
1280,2,2,LogisticRegression,0.551572172278749,0.033550069250222116,0.4148777584710289,0.551572172278749,MNAR_nhanes_cadmium
1281,2,2,LogisticRegression,0.5882715179256274,0.0011996272520639409,0.4105288548223087,0.5882715179256274,MNAR_nhanes_cadmium
1282,2,1,LogisticRegression,0.7424156518550322,0.008815453177472324,0.7424156518550322,0.24876889496749544,MNAR_nhanes_cadmium
1283,2,2,LogisticRegression,0.6720540979420577,0.0011147715097922551,0.32683113054815005,0.6720540979420577,MNAR_nhanes_cadmium
1284,2,1,LogisticRegression,0.7841153304127214,2.357954424373834e-05,0.7841153304127214,0.21586109004303483,MNAR_nhanes_cadmium
1285,2,2,LogisticRegression,0.7746250253841669,0.03628570576802171,0.18908926884781138,0.7746250253841669,MNAR_nhanes_cadmium
1286,2,2,LogisticRegression,0.5754740892462747,0.002218031191567316,0.4223078795621579,0.5754740892462747,MNAR_nhanes_cadmium
1287,2,1,LogisticRegression,0.8177906361289077,0.050146220972904436,0.8177906361289077,0.13206314289818794,MNAR_nhanes_cadmium
1288,2,2,LogisticRegression,0.8634700209116036,0.0007222684604760193,0.13580771062792024,0.8634700209116036,MNAR_nhanes_cadmium
1289,2,1,LogisticRegression,0.7831294340799382,0.005716443933418377,0.7831294340799382,0.2111541219866435,MNAR_nhanes_cadmium
1440,2,0,LogisticRegression,0.39788898746060947,0.39788898746060947,0.20904002510209405,0.39307098743729646,MNAR_pima_skinthickness
1441,2,0,LogisticRegression,0.42530847771466457,0.42530847771466457,0.3632039395151348,0.2114875827702006,MNAR_pima_skinthickness
1442,2,1,LogisticRegression,0.6724205772773724,0.03216705954638669,0.6724205772773724,0.29541236317624087,MNAR_pima_skinthickness
1443,2,0,LogisticRegression,0.6748735766886363,0.6748735766886363,0.23886793888586824,0.08625848442549541,MNAR_pima_skinthickness
1444,2,0,LogisticRegression,0.6382853874222449,0.6382853874222449,0.1605116948000209,0.2012029177777342,MNAR_pima_skinthickness
1445,2,0,LogisticRegression,0.39306964918135306,0.39306964918135306,0.3296677498869066,0.2772626009317404,MNAR_pima_skinthickness
1446,2,1,LogisticRegression,0.7076439657052235,0.04162624116335804,0.7076439657052235,0.2507297931314186,MNAR_pima_skinthickness
1447,2,0,LogisticRegression,0.3853697679032735,0.3853697679032735,0.3607971502435845,0.25383308185314196,MNAR_pima_skinthickness
1448,2,0,LogisticRegression,0.6154838575638142,0.6154838575638142,0.24105884559189908,0.14345729684428668,MNAR_pima_skinthickness
1449,2,1,LogisticRegression,0.6837994623582154,0.10493307770817172,0.6837994623582154,0.21126745993361293,MNAR_pima_skinthickness
1450,2,2,LogisticRegression,0.49968773105411474,0.20562745544071423,0.2946848135051711,0.49968773105411474,MNAR_pima_skinthickness
1451,2,0,LogisticRegression,0.5168011942740807,0.5168011942740807,0.08771787479269878,0.3954809309332206,MNAR_pima_skinthickness
1452,2,0,LogisticRegression,0.4987265014969355,0.4987265014969355,0.16732733273738884,0.3339461657656756,MNAR_pima_skinthickness
1453,2,2,LogisticRegression,0.3875509599801919,0.2489224625656267,0.36352657745418143,0.3875509599801919,MNAR_pima_skinthickness
1454,2,2,LogisticRegression,0.6580927088105142,0.20965242775865087,0.13225486343083495,0.6580927088105142,MNAR_pima_skinthickness
1455,2,1,LogisticRegression,0.5225568611738818,0.31066594238982953,0.5225568611738818,0.16677719643628863,MNAR_pima_skinthickness
1456,2,2,LogisticRegression,0.6874773516798363,0.041665661295740876,0.27085698702442285,0.6874773516798363,MNAR_pima_skinthickness
1457,2,0,LogisticRegression,0.6978529421202637,0.6978529421202637,0.23984152337009462,0.06230553450964165,MNAR_pima_skinthickness
1458,2,2,LogisticRegression,0.39848348007950796,0.23871894562706897,0.362797574293423,0.39848348007950796,MNAR_pima_skinthickness
1459,2,0,LogisticRegression,0.7681801653118732,0.7681801653118732,0.060227077531872814,0.1715927571562539,MNAR_pima_skinthickness
1460,2,2,LogisticRegression,0.4264200042222705,0.4196059487244808,0.1539740470532487,0.4264200042222705,MNAR_pima_skinthickness
1461,2,2,LogisticRegression,0.5127602486043483,0.25809388448972553,0.22914586690592606,0.5127602486043483,MNAR_pima_skinthickness
1462,2,1,LogisticRegression,0.7897358341740456,0.029687659512980344,0.7897358341740456,0.18057650631297423,MNAR_pima_skinthickness
1463,2,2,LogisticRegression,0.4949896587199067,0.3435190323038058,0.1614913089762875,0.4949896587199067,MNAR_pima_skinthickness
1464,2,1,LogisticRegression,0.44594718369306724,0.247202864107931,0.44594718369306724,0.3068499521990019,MNAR_pima_skinthickness
1465,2,0,LogisticRegression,0.46770576058583146,0.46770576058583146,0.43449143613895447,0.09780280327521408,MNAR_pima_skinthickness
1466,2,0,LogisticRegression,0.4971521477435791,0.4971521477435791,0.20331910101505254,0.29952875124136835,MNAR_pima_skinthickness
1467,2,0,LogisticRegression,0.606612167897777,0.606612167897777,0.15276348470937218,0.24062434739285074,MNAR_pima_skinthickness
1468,2,0,LogisticRegression,0.427949578589973,0.427949578589973,0.18493974647434225,0.3871106749356848,MNAR_pima_skinthickness
1469,2,1,LogisticRegression,0.6717383969072042,0.008426848600842243,0.6717383969072042,0.31983475449195375,MNAR_pima_skinthickness
1470,2,2,LogisticRegression,0.6651228404862337,0.0070233227476380385,0.32785383676612817,0.6651228404862337,MNAR_pima_skinthickness
1471,2,2,LogisticRegression,0.6627353989692321,0.028730219748968965,0.30853438128179905,0.6627353989692321,MNAR_pima_skinthickness
1472,2,0,LogisticRegression,0.6383513348068629,0.6383513348068629,0.3155931237639171,0.04605554142921994,MNAR_pima_skinthickness
1473,2,1,LogisticRegression,0.7114759013854111,0.15851743283303563,0.7114759013854111,0.13000666578155334,MNAR_pima_skinthickness
1474,2,2,LogisticRegression,0.5817117379243951,0.14972515888840032,0.2685631031872045,0.5817117379243951,MNAR_pima_skinthickness
1475,2,1,LogisticRegression,0.4291226393747157,0.2865449963760255,0.4291226393747157,0.2843323642492589,MNAR_pima_skinthickness
1476,2,1,LogisticRegression,0.7226083227156043,0.22533152574781204,0.7226083227156043,0.05206015153658376,MNAR_pima_skinthickness
1477,2,0,LogisticRegression,0.5770271299806611,0.5770271299806611,0.19986815815742684,0.2231047118619122,MNAR_pima_skinthickness
1478,2,2,LogisticRegression,0.4620390335545636,0.3599251746918734,0.1780357917535629,0.4620390335545636,MNAR_pima_skinthickness
1479,2,0,LogisticRegression,0.4119957067398664,0.4119957067398664,0.32278067006852745,0.2652236231916062,MNAR_pima_skinthickness
1480,2,2,LogisticRegression,0.6008666746897091,0.03132196113679515,0.3678113641734958,0.6008666746897091,MNAR_pima_skinthickness
1481,2,0,LogisticRegression,0.4224491773175657,0.4224491773175657,0.25124270676432503,0.3263081159181092,MNAR_pima_skinthickness
1482,2,1,LogisticRegression,0.3804979943000321,0.3182697125784871,0.3804979943000321,0.3012322931214808,MNAR_pima_skinthickness
1483,2,2,LogisticRegression,0.36113772225976387,0.323077196760485,0.3157850809797511,0.36113772225976387,MNAR_pima_skinthickness
1484,2,0,LogisticRegression,0.4540768697627706,0.4540768697627706,0.2631797418803541,0.2827433883568753,MNAR_pima_skinthickness
1485,2,0,LogisticRegression,0.590573967874914,0.590573967874914,0.29475079484389344,0.11467523728119251,MNAR_pima_skinthickness
1486,2,2,LogisticRegression,0.6976005681790263,0.016307420682622937,0.2860920111383507,0.6976005681790263,MNAR_pima_skinthickness
1487,2,0,LogisticRegression,0.389776094299346,0.389776094299346,0.3447254834345779,0.26549842226607606,MNAR_pima_skinthickness
1488,2,0,LogisticRegression,0.6866579014836737,0.6866579014836737,0.21644248886936163,0.09689960964696476,MNAR_pima_skinthickness
1489,2,1,LogisticRegression,0.5244219891228118,0.4396630682638462,0.5244219891228118,0.03591494261334197,MNAR_pima_skinthickness
1490,2,2,LogisticRegression,0.4898264067762605,0.32574667369552934,0.18442691952821025,0.4898264067762605,MNAR_support2_albumin
1491,2,2,LogisticRegression,0.48724419947303915,0.3018562158890495,0.2108995846379114,0.48724419947303915,MNAR_support2_albumin
1492,2,0,LogisticRegression,0.5227748138278919,0.5227748138278919,0.2570770599249771,0.22014812624713095,MNAR_support2_albumin
1493,2,0,LogisticRegression,0.771055652049255,0.771055652049255,0.10410501229883194,0.12483933565191306,MNAR_support2_albumin
1494,2,1,LogisticRegression,0.5152412992020889,0.12819889637459528,0.5152412992020889,0.35655980442331586,MNAR_support2_albumin
1495,2,0,LogisticRegression,0.7999567778850505,0.7999567778850505,0.011606078811563923,0.18843714330338565,MNAR_support2_albumin
1496,2,1,LogisticRegression,0.4172966299966718,0.2949537103491156,0.4172966299966718,0.28774965965421256,MNAR_support2_albumin
1497,2,2,LogisticRegression,0.5172587885716102,0.19882759027865135,0.2839136211497384,0.5172587885716102,MNAR_support2_albumin
1498,2,0,LogisticRegression,0.4985750010382964,0.4985750010382964,0.334580784947259,0.16684421401444458,MNAR_support2_albumin
1499,2,0,LogisticRegression,0.5421351444537554,0.5421351444537554,0.27366742074269174,0.18419743480355283,MNAR_support2_albumin
1500,2,0,LogisticRegression,0.4477692987494482,0.4477692987494482,0.30505308864299946,0.24717761260755244,MNAR_support2_albumin
1501,2,1,LogisticRegression,0.383296661941901,0.3821849857349997,0.383296661941901,0.2345183523230993,MNAR_support2_albumin
1502,2,2,LogisticRegression,0.5144635463651821,0.2769809532933271,0.2085555003414908,0.5144635463651821,MNAR_support2_albumin
1503,2,2,LogisticRegression,0.6812566087309936,0.10575669351247535,0.21298669775653106,0.6812566087309936,MNAR_support2_albumin
1504,2,1,LogisticRegression,0.46292254744624056,0.22384665170023962,0.46292254744624056,0.3132308008535198,MNAR_support2_albumin
1505,2,2,LogisticRegression,0.9999348716378504,4.566794250902509e-12,6.512835758282456e-05,0.9999348716378504,MNAR_support2_albumin
1506,2,1,LogisticRegression,0.49672831807603324,0.12459794817526086,0.49672831807603324,0.3786737337487058,MNAR_support2_albumin
1507,2,0,LogisticRegression,0.3670745019619899,0.3670745019619899,0.30694887023325285,0.3259766278047573,MNAR_support2_albumin
1508,2,2,LogisticRegression,0.5642218310281564,0.20148995270166667,0.23428821627017685,0.5642218310281564,MNAR_support2_albumin
1509,2,0,LogisticRegression,0.35312525669220696,0.35312525669220696,0.338683423720639,0.308191319587154,MNAR_support2_albumin
1510,2,2,LogisticRegression,0.4484062381353602,0.11623578454210051,0.4353579773225394,0.4484062381353602,MNAR_support2_albumin
1511,2,1,LogisticRegression,0.7421426049186779,0.05749874642068603,0.7421426049186779,0.20035864866063602,MNAR_support2_albumin
1512,2,2,LogisticRegression,0.582232355811439,0.0670473353760713,0.3507203088124898,0.582232355811439,MNAR_support2_albumin
1513,2,2,LogisticRegression,0.4532874673536828,0.25140069176104923,0.29531184088526785,0.4532874673536828,MNAR_support2_albumin
1514,2,0,LogisticRegression,0.6334528586228492,0.6334528586228492,0.10826492395564927,0.2582822174215016,MNAR_support2_albumin
1515,2,2,LogisticRegression,0.4818069214732895,0.2151355752928082,0.30305750323390235,0.4818069214732895,MNAR_support2_albumin
1516,2,1,LogisticRegression,0.7428712605631645,0.009285682662885274,0.7428712605631645,0.24784305677395027,MNAR_support2_albumin
1517,2,0,LogisticRegression,0.4447942071966383,0.4447942071966383,0.17167124565604958,0.3835345471473121,MNAR_support2_albumin
1518,2,1,LogisticRegression,0.429162404967468,0.18586257438582765,0.429162404967468,0.38497502064670436,MNAR_support2_albumin
1519,2,1,LogisticRegression,0.6196683337871959,0.1276205231596496,0.6196683337871959,0.2527111430531545,MNAR_support2_albumin
1520,2,1,LogisticRegression,0.5173510946642202,0.2076797550149995,0.5173510946642202,0.2749691503207802,MNAR_support2_albumin
1521,2,0,LogisticRegression,0.3921691736831648,0.3921691736831648,0.2688351165161821,0.33899570980065324,MNAR_support2_albumin
1522,2,1,LogisticRegression,0.842274677779951,0.09290817391587798,0.842274677779951,0.06481714830417105,MNAR_support2_albumin
1523,2,1,LogisticRegression,0.4503172945336273,0.21360703518122148,0.4503172945336273,0.33607567028515123,MNAR_support2_albumin
1524,2,1,LogisticRegression,0.6971135649179416,0.04734997831184429,0.6971135649179416,0.25553645677021397,MNAR_support2_albumin
1525,2,2,LogisticRegression,0.5080931108378683,0.24392691907370367,0.24797997008842795,0.5080931108378683,MNAR_support2_albumin
1526,2,0,LogisticRegression,0.4605216523183834,0.4605216523183834,0.11234805677568917,0.42713029090592736,MNAR_support2_albumin
1527,2,2,LogisticRegression,0.5364098434095392,0.23083558057064973,0.23275457601981103,0.5364098434095392,MNAR_support2_albumin
1528,2,1,LogisticRegression,0.4961028570175867,0.313309712822431,0.4961028570175867,0.19058743015998228,MNAR_support2_albumin
1529,2,2,LogisticRegression,0.9001626704155389,0.05622162948118867,0.043615700103272544,0.9001626704155389,MNAR_support2_albumin
1530,2,0,LogisticRegression,0.5434908553090767,0.5434908553090767,0.2224636693232251,0.23404547536769824,MNAR_support2_albumin
1531,2,0,LogisticRegression,0.3790673160475795,0.3790673160475795,0.3326851890720118,0.28824749488040874,MNAR_support2_albumin
1532,2,0,LogisticRegression,0.6983217073187327,0.6983217073187327,0.049797873506138346,0.25188041917512904,MNAR_support2_albumin
1533,2,1,LogisticRegression,0.5091487639812908,0.13024539690774656,0.5091487639812908,0.36060583911096256,MNAR_support2_albumin
1534,2,1,LogisticRegression,0.5252899571653803,0.22860551843017182,0.5252899571653803,0.24610452440444794,MNAR_support2_albumin
1535,2,0,LogisticRegression,0.702556827476439,0.702556827476439,0.08522577933771737,0.21221739318584365,MNAR_support2_albumin
1536,2,2,LogisticRegression,0.474880512116579,0.3612239139066158,0.16389557397680524,0.474880512116579,MNAR_support2_albumin
1537,2,0,LogisticRegression,0.46885526089485774,0.46885526089485774,0.17712796849366966,0.3540167706114726,MNAR_support2_albumin
1538,2,2,LogisticRegression,0.5171078885775943,0.3011049594057687,0.181787152016637,0.5171078885775943,MNAR_support2_albumin
1539,2,1,LogisticRegression,0.4511913858413202,0.21033159149745692,0.4511913858413202,0.3384770226612228,MNAR_support2_albumin
98,0,0,SVM_RBF,0.5355267628872604,0.5355267628872604,0.1177767906892461,0.34669644642349345,MCAR_brandsma_apr
99,0,0,SVM_RBF,0.8723055035094786,0.8723055035094786,0.07951635779425754,0.048178138696264014,MCAR_brandsma_apr
100,0,0,SVM_RBF,0.426457248226609,0.426457248226609,0.3407395997234746,0.2328031520499161,MCAR_brandsma_apr
101,0,0,SVM_RBF,0.936313197087931,0.936313197087931,0.017509598178748167,0.046177204733320806,MCAR_brandsma_apr
102,0,0,SVM_RBF,0.9414047839978139,0.9414047839978139,0.011240467051181313,0.04735474895100482,MCAR_brandsma_apr
103,0,1,SVM_RBF,0.42537068680294354,0.17081476572245635,0.42537068680294354,0.40381454747460005,MCAR_brandsma_apr
104,0,0,SVM_RBF,0.5596993458769345,0.5596993458769345,0.062039731233942554,0.3782609228891231,MCAR_brandsma_apr
105,0,0,SVM_RBF,0.795685552049055,0.795685552049055,0.1610416150218848,0.04327283292906009,MCAR_brandsma_apr
106,0,0,SVM_RBF,0.645528181042836,0.645528181042836,0.14029252228841133,0.21417929666875243,MCAR_brandsma_apr
107,0,0,SVM_RBF,0.9784360306232903,0.9784360306232903,0.0013949155887351351,0.020169053787974508,MCAR_brandsma_apr
108,0,0,SVM_RBF,0.5054609222683706,0.4452383402788679,0.04930073745276156,0.5054609222683706,MCAR_brandsma_apr
109,0,0,SVM_RBF,0.6172752676709483,0.6172752676709483,0.24427592267630144,0.13844880965275014,MCAR_brandsma_apr
110,0,2,SVM_RBF,0.8170332462854385,0.13598569236154956,0.046981061353011805,0.8170332462854385,MCAR_brandsma_apr
111,0,1,SVM_RBF,0.5323248575782394,0.175735690793748,0.5323248575782394,0.2919394516280122,MCAR_brandsma_apr
112,0,2,SVM_RBF,0.6856728372524983,0.05512867458582434,0.2591984881616772,0.6856728372524983,MCAR_brandsma_apr
113,0,0,SVM_RBF,0.8026204728224499,0.8026204728224499,0.02739675729747562,0.16998276988007452,MCAR_brandsma_apr
114,0,0,SVM_RBF,0.4239519825426761,0.4239519825426761,0.38386592006051706,0.19218209739680686,MCAR_brandsma_apr
115,0,0,SVM_RBF,0.9848529971963728,0.9848529971963728,0.004437466049637102,0.010709536753990175,MCAR_brandsma_apr
116,0,0,SVM_RBF,0.9793160626735176,0.9793160626735176,0.000899219817735748,0.01978471750874662,MCAR_brandsma_apr
117,0,0,SVM_RBF,0.5699219340362832,0.37616556646675875,0.05391249949695808,0.5699219340362832,MCAR_brandsma_apr
118,0,2,SVM_RBF,0.6345838435280212,0.19000224046227362,0.17541391600970488,0.6345838435280212,MCAR_brandsma_apr
119,0,2,SVM_RBF,0.9027367453349258,0.0733750381831762,0.023888216481898095,0.9027367453349258,MCAR_brandsma_apr
120,0,0,SVM_RBF,0.49337104378758917,0.49337104378758917,0.11287156870392381,0.3937573875084869,MCAR_brandsma_apr
121,0,0,SVM_RBF,0.7879780227909498,0.7879780227909498,0.1382259015637881,0.07379607564526205,MCAR_brandsma_apr
122,0,0,SVM_RBF,0.9523337216139276,0.9523337216139276,0.00462823629337,0.04303804209270245,MCAR_brandsma_apr
123,0,1,SVM_RBF,0.7243955751238602,0.07438296275140358,0.7243955751238602,0.20122146212473604,MCAR_brandsma_apr
124,0,0,SVM_RBF,0.5948492264511647,0.5948492264511647,0.08425617035955141,0.3208946031892839,MCAR_brandsma_apr
125,0,1,SVM_RBF,0.7910320087181437,0.09078612621789435,0.7910320087181437,0.11818186506396203,MCAR_brandsma_apr
126,0,0,SVM_RBF,0.5561712217812749,0.5561712217812749,0.1454611497620893,0.2983676284566359,MCAR_brandsma_apr
127,0,1,SVM_RBF,0.5220845652625792,0.24218074072093626,0.5220845652625792,0.23573469401648467,MCAR_brandsma_apr
128,0,0,SVM_RBF,0.962403598804768,0.962403598804768,0.011082858101756994,0.02651354309347472,MCAR_brandsma_apr
129,0,0,SVM_RBF,0.4189751270920337,0.24573715033145255,0.3352877225765137,0.4189751270920337,MCAR_brandsma_apr
130,0,0,SVM_RBF,0.8647792797069808,0.8647792797069808,0.03222926546455248,0.10299145482846656,MCAR_brandsma_apr
131,0,0,SVM_RBF,0.9381564064408786,0.9381564064408786,0.006726583223620198,0.055117010335501385,MCAR_brandsma_apr
132,0,0,SVM_RBF,0.8277008679215659,0.8277008679215659,0.10745758861349995,0.06484154346493401,MCAR_brandsma_apr
133,0,0,SVM_RBF,0.9862495866328225,0.9862495866328225,0.004184463268292136,0.0095659500988856,MCAR_brandsma_apr
134,0,0,SVM_RBF,0.9482415691058526,0.9482415691058526,0.0029678719640102717,0.04879055893013732,MCAR_brandsma_apr
135,0,2,SVM_RBF,0.7821957321426437,0.11982215909378732,0.09798210876356857,0.7821957321426437,MCAR_brandsma_apr
136,0,0,SVM_RBF,0.7543627951369741,0.7543627951369741,0.1977343930233131,0.04790281183971255,MCAR_brandsma_apr
137,0,0,SVM_RBF,0.9705641166422927,0.9705641166422927,0.017107267607858388,0.012328615749848835,MCAR_brandsma_apr
138,0,0,SVM_RBF,0.9059855534934282,0.9059855534934282,0.042675959215243725,0.051338487291328165,MCAR_brandsma_apr
139,0,2,SVM_RBF,0.7878116591223024,0.14945314170283935,0.06273519917485836,0.7878116591223024,MCAR_brandsma_apr
140,0,0,SVM_RBF,0.6496983309979124,0.6496983309979124,0.21510723661796316,0.13519443238412468,MCAR_brandsma_apr
141,0,1,SVM_RBF,0.7069998274944619,0.2640916095418228,0.7069998274944619,0.028908562963715405,MCAR_brandsma_apr
142,0,0,SVM_RBF,0.5841769194069472,0.5841769194069472,0.20427588721058146,0.21154719338247105,MCAR_brandsma_apr
143,0,0,SVM_RBF,0.63549430851546,0.63549430851546,0.022763357730109884,0.3417423337544301,MCAR_brandsma_apr
144,0,0,SVM_RBF,0.7961969753366137,0.7961969753366137,0.03533889228720392,0.1684641323761825,MCAR_brandsma_apr
145,0,0,SVM_RBF,0.5383301069681199,0.5383301069681199,0.0591004844802784,0.40256940855160167,MCAR_brandsma_apr
146,0,0,SVM_RBF,0.8492512397588564,0.8492512397588564,0.07747002878006896,0.0732787314610748,MCAR_brandsma_apr
147,0,0,SVM_RBF,0.7735711537052963,0.7735711537052963,0.027803943179192367,0.19862490311551118,MCAR_brandsma_apr
741,2,2,SVM_RBF,0.9119181240019673,0.003143901584940193,0.08493797441309282,0.9119181240019673,MNAR_mroz_wages
742,2,1,SVM_RBF,0.9217814175304191,0.006024023211022537,0.9217814175304191,0.07219455925855817,MNAR_mroz_wages
743,2,2,SVM_RBF,0.5922457168809347,0.0011886587857930068,0.40656562433327204,0.5922457168809347,MNAR_mroz_wages
744,2,2,SVM_RBF,0.7025164587341763,0.04195739655943396,0.25552614470639007,0.7025164587341763,MNAR_mroz_wages
745,2,2,SVM_RBF,0.48307523947701897,0.0469482372131856,0.48307523947701897,0.46997652330979545,MNAR_mroz_wages
746,2,1,SVM_RBF,0.8388599034211524,0.003940261139511417,0.8388599034211524,0.15719983543933616,MNAR_mroz_wages
747,2,1,SVM_RBF,0.9805444552572862,0.00029213529282952816,0.9805444552572862,0.01916340944988427,MNAR_mroz_wages
748,2,1,SVM_RBF,0.7716822653275079,0.015606054542710857,0.7716822653275079,0.21271168012978114,MNAR_mroz_wages
749,2,1,SVM_RBF,0.5949529865174809,0.0011020787790087109,0.5949529865174809,0.40394493470351034,MNAR_mroz_wages
750,2,1,SVM_RBF,0.7048287087991276,0.0034513730055572983,0.7048287087991276,0.2917199181953157,MNAR_mroz_wages
751,2,2,SVM_RBF,0.8844763347684752,0.04294916026160594,0.07257450496991885,0.8844763347684752,MNAR_mroz_wages
752,2,2,SVM_RBF,0.7576604191245685,0.009171341726730751,0.23316823914870083,0.7576604191245685,MNAR_mroz_wages
753,2,1,SVM_RBF,0.9165607663994019,0.0004803818139317923,0.9165607663994019,0.08295885178666619,MNAR_mroz_wages
754,2,1,SVM_RBF,0.606218791065011,0.16465885133248923,0.606218791065011,0.22912235760249988,MNAR_mroz_wages
755,2,1,SVM_RBF,0.815809130315612,0.0024816285368184374,0.815809130315612,0.18170924114756956,MNAR_mroz_wages
756,2,2,SVM_RBF,0.5405607244562879,0.000757892659955055,0.45868138288375704,0.5405607244562879,MNAR_mroz_wages
757,2,1,SVM_RBF,0.9178376905913919,0.03921977621540132,0.9178376905913919,0.04294253319320684,MNAR_mroz_wages
758,2,1,SVM_RBF,0.7975022317705339,0.000964717194172274,0.7975022317705339,0.20153305103529376,MNAR_mroz_wages
759,2,2,SVM_RBF,0.7393149378496622,0.012966773118315945,0.24771828903202195,0.7393149378496622,MNAR_mroz_wages
760,2,1,SVM_RBF,0.6089849046667222,0.0032415325085256735,0.6089849046667222,0.3877735628247519,MNAR_mroz_wages
761,2,1,SVM_RBF,0.8119503288552762,0.005125763332255078,0.8119503288552762,0.18292390781246898,MNAR_mroz_wages
762,2,2,SVM_RBF,0.5204081498558039,0.031882191348078674,0.4477096587961171,0.5204081498558039,MNAR_mroz_wages
763,2,2,SVM_RBF,0.557004026961529,0.0015736033143051535,0.4414223697241658,0.557004026961529,MNAR_mroz_wages
764,2,1,SVM_RBF,0.9058009164690771,0.0007501268089029687,0.9058009164690771,0.09344895672202001,MNAR_mroz_wages
765,2,1,SVM_RBF,0.929705149133808,0.011405140302637942,0.929705149133808,0.058889710563553965,MNAR_mroz_wages
766,2,2,SVM_RBF,0.6581092497707958,0.0016777756134201394,0.34021297461578404,0.6581092497707958,MNAR_mroz_wages
767,2,1,SVM_RBF,0.6085318760682523,0.007191901678441094,0.6085318760682523,0.3842762222533064,MNAR_mroz_wages
768,2,2,SVM_RBF,0.8163018771251649,0.0035875086821386647,0.18011061419269617,0.8163018771251649,MNAR_mroz_wages
769,2,1,SVM_RBF,0.8991595188339937,0.03339286996733042,0.8991595188339937,0.06744761119867593,MNAR_mroz_wages
770,2,1,SVM_RBF,0.7405738771874603,0.00011837207140456287,0.7405738771874603,0.25930775074113555,MNAR_mroz_wages
771,2,2,SVM_RBF,0.8382330370625334,0.0016682956304545137,0.16009866730701214,0.8382330370625334,MNAR_mroz_wages
772,2,1,SVM_RBF,0.5176164800969907,0.026044094441774492,0.5176164800969907,0.45633942546123496,MNAR_mroz_wages
773,2,1,SVM_RBF,0.7240103411803772,0.006886705929857288,0.7240103411803772,0.2691029528897655,MNAR_mroz_wages
774,2,2,SVM_RBF,0.7057891006138681,0.003251193101918565,0.290959706284213,0.7057891006138681,MNAR_mroz_wages
775,2,1,SVM_RBF,0.6248829581139609,0.0014993821727972009,0.6248829581139609,0.3736176597132422,MNAR_mroz_wages
776,2,1,SVM_RBF,0.5409150661352987,0.01268837848252461,0.5409150661352987,0.44639655538217654,MNAR_mroz_wages
777,2,2,SVM_RBF,0.9308255121341402,0.010967362309473686,0.05820712555638615,0.9308255121341402,MNAR_mroz_wages
778,2,2,SVM_RBF,0.9427717947541066,0.00047278539769105276,0.056755419848202274,0.9427717947541066,MNAR_mroz_wages
779,2,2,SVM_RBF,0.9520468448180972,0.0024728739728469137,0.04548028120905594,0.9520468448180972,MNAR_mroz_wages
780,2,2,SVM_RBF,0.6975343491926945,0.0012743630035916553,0.3011912878037139,0.6975343491926945,MNAR_mroz_wages
781,2,1,SVM_RBF,0.6362569640608253,0.0003141983888759477,0.6362569640608253,0.3634288375502983,MNAR_mroz_wages
782,2,1,SVM_RBF,0.7458801351666118,0.003314957804597844,0.7458801351666118,0.25080490702879044,MNAR_mroz_wages
783,2,1,SVM_RBF,0.8871762889333862,0.007528869697079666,0.8871762889333862,0.10529484136953432,MNAR_mroz_wages
784,2,2,SVM_RBF,0.582793454369773,0.0015562609482891252,0.4156502846819377,0.582793454369773,MNAR_mroz_wages
785,2,1,SVM_RBF,0.8299104241841495,0.005116296236608082,0.8299104241841495,0.16497327957924207,MNAR_mroz_wages
786,2,1,SVM_RBF,0.5376947374592139,0.0008241159696937504,0.5376947374592139,0.461481146571092,MNAR_mroz_wages
787,2,2,SVM_RBF,0.7166280414433408,0.001749599424268208,0.2816223591323909,0.7166280414433408,MNAR_mroz_wages
788,2,1,SVM_RBF,0.7467215064456846,0.16543722878582773,0.7467215064456846,0.08784126476848779,MNAR_mroz_wages
789,2,1,SVM_RBF,0.779099432065518,0.014366355234052565,0.779099432065518,0.2065342127004293,MNAR_mroz_wages
790,2,2,SVM_RBF,0.49656393265532434,0.018840763969542984,0.48459530337513285,0.49656393265532434,MNAR_mroz_wages
841,0,2,SVM_RBF,0.9274408008705587,0.015617881322321713,0.05694131780711961,0.9274408008705587,MCAR_hepatitis_albumin
842,0,0,SVM_RBF,0.7061470152395881,0.7061470152395881,0.1534387710487675,0.1404142137116444,MCAR_hepatitis_albumin
843,0,2,SVM_RBF,0.9707565119226638,0.02631604154053911,0.002927446536796919,0.9707565119226638,MCAR_hepatitis_albumin
844,0,0,SVM_RBF,0.573961964549858,0.573961964549858,0.12679059195965448,0.29924744349048743,MCAR_hepatitis_albumin
845,0,2,SVM_RBF,0.6839359908764545,0.06043654636465612,0.25562746275888903,0.6839359908764545,MCAR_hepatitis_albumin
846,0,2,SVM_RBF,0.6244918950767948,0.0020746020790640414,0.3734335028441407,0.6244918950767948,MCAR_hepatitis_albumin
847,0,0,SVM_RBF,0.5903244816733917,0.5903244816733917,0.10662016901663977,0.30305534930996847,MCAR_hepatitis_albumin
848,0,0,SVM_RBF,0.762472982089048,0.762472982089048,0.11517092531753463,0.1223560925934175,MCAR_hepatitis_albumin
849,0,0,SVM_RBF,0.5709796841401409,0.5709796841401409,0.05343487147090539,0.37558544438895375,MCAR_hepatitis_albumin
850,0,0,SVM_RBF,0.470249299454429,0.19804965219897724,0.470249299454429,0.33170104834659364,MCAR_hepatitis_albumin
851,0,1,SVM_RBF,0.7965304549365355,0.06444265625511354,0.7965304549365355,0.13902688880835082,MCAR_hepatitis_albumin
852,0,2,SVM_RBF,0.7854882835916942,0.20475812303821084,0.00975359337009481,0.7854882835916942,MCAR_hepatitis_albumin
853,0,0,SVM_RBF,0.5891538784407333,0.5891538784407333,0.3401868380069371,0.0706592835523295,MCAR_hepatitis_albumin
854,0,2,SVM_RBF,0.5277040109092821,0.010382752517012529,0.4619132365737049,0.5277040109092821,MCAR_hepatitis_albumin
855,0,2,SVM_RBF,0.9141814237595786,0.02552484777963108,0.060293728460790355,0.9141814237595786,MCAR_hepatitis_albumin
856,0,0,SVM_RBF,0.5536482513248068,0.3890790386626518,0.057272710012541535,0.5536482513248068,MCAR_hepatitis_albumin
857,0,0,SVM_RBF,0.4336634920961734,0.30978950376528314,0.4336634920961734,0.25654700413854364,MCAR_hepatitis_albumin
858,0,0,SVM_RBF,0.6877686718104571,0.6877686718104571,0.01256837607697584,0.2996629521125672,MCAR_hepatitis_albumin
859,0,2,SVM_RBF,0.7395258708013468,0.1604305152344299,0.10004361396422337,0.7395258708013468,MCAR_hepatitis_albumin
860,0,1,SVM_RBF,0.5494168703682268,0.3008012299361734,0.5494168703682268,0.1497818996955998,MCAR_hepatitis_albumin
861,0,1,SVM_RBF,0.8371322228502754,0.09616833999389267,0.8371322228502754,0.06669943715583213,MCAR_hepatitis_albumin
862,0,2,SVM_RBF,0.8534904009009219,0.05426186180893958,0.09224773729013855,0.8534904009009219,MCAR_hepatitis_albumin
863,0,0,SVM_RBF,0.5399322786738073,0.4146444527675217,0.04542326855867106,0.5399322786738073,MCAR_hepatitis_albumin
864,0,2,SVM_RBF,0.6625278920539208,0.19695717415023492,0.14051493379584426,0.6625278920539208,MCAR_hepatitis_albumin
865,0,2,SVM_RBF,0.9591537604216905,0.02608105437069447,0.014765185207615049,0.9591537604216905,MCAR_hepatitis_albumin
866,0,2,SVM_RBF,0.7915696993104715,0.07125114095581683,0.1371791597337118,0.7915696993104715,MCAR_hepatitis_albumin
867,0,2,SVM_RBF,0.6270693990470562,0.2057848862594738,0.1671457146934698,0.6270693990470562,MCAR_hepatitis_albumin
868,0,2,SVM_RBF,0.9552204339025319,0.04040729646492824,0.004372269632539858,0.9552204339025319,MCAR_hepatitis_albumin
869,0,0,SVM_RBF,0.45155032035697706,0.4450519573682102,0.10339772227481271,0.45155032035697706,MCAR_hepatitis_albumin
870,0,2,SVM_RBF,0.5574038936495679,0.2893454365044479,0.15325066984598423,0.5574038936495679,MCAR_hepatitis_albumin
871,0,0,SVM_RBF,0.7486769664598222,0.7486769664598222,0.03711681612854445,0.2142062174116334,MCAR_hepatitis_albumin
872,0,0,SVM_RBF,0.9383297509681825,0.9383297509681825,0.009179639437285537,0.05249060959453195,MCAR_hepatitis_albumin
873,0,0,SVM_RBF,0.9352509109090176,0.9352509109090176,0.023857416835403104,0.040891672255579395,MCAR_hepatitis_albumin
874,0,1,SVM_RBF,0.8419445228141677,0.0015900575719433841,0.8419445228141677,0.15646541961388902,MCAR_hepatitis_albumin
875,0,2,SVM_RBF,0.6810318115811461,0.05875302774136261,0.26021516067749134,0.6810318115811461,MCAR_hepatitis_albumin
876,0,1,SVM_RBF,0.6212079956197469,0.03600343155754064,0.6212079956197469,0.3427885728227122,MCAR_hepatitis_albumin
877,0,1,SVM_RBF,0.7782171651545428,0.07382114338467852,0.7782171651545428,0.14796169146077864,MCAR_hepatitis_albumin
878,0,0,SVM_RBF,0.3836095419443016,0.3836095419443016,0.34601339135540876,0.27037706670028955,MCAR_hepatitis_albumin
879,0,0,SVM_RBF,0.7516491270958231,0.7516491270958231,0.05857125473337991,0.18977961817079686,MCAR_hepatitis_albumin
880,0,0,SVM_RBF,0.6448724054687395,0.6448724054687395,0.2228931091408774,0.13223448539038293,MCAR_hepatitis_albumin
881,0,2,SVM_RBF,0.6345381266343383,0.2032498353825878,0.16221203798307388,0.6345381266343383,MCAR_hepatitis_albumin
882,0,0,SVM_RBF,0.686696773586533,0.686696773586533,0.0865987435863525,0.22670448282711464,MCAR_hepatitis_albumin
883,0,1,SVM_RBF,0.7215495301771696,0.012516421231388655,0.7215495301771696,0.26593404859144176,MCAR_hepatitis_albumin
884,0,2,SVM_RBF,0.9873871296775221,0.003392957949520495,0.009219912372957354,0.9873871296775221,MCAR_hepatitis_albumin
885,0,2,SVM_RBF,0.9726880886225882,0.015515670067710858,0.01179624130970091,0.9726880886225882,MCAR_hepatitis_albumin
886,0,1,SVM_RBF,0.7512384344801143,0.19308078538864595,0.7512384344801143,0.05568078013123952,MCAR_hepatitis_albumin
887,0,0,SVM_RBF,0.5441139110905445,0.5441139110905445,0.42719258632343193,0.02869350258602348,MCAR_hepatitis_albumin
888,0,0,SVM_RBF,0.854284501052386,0.854284501052386,0.04701202619576378,0.09870347275185061,MCAR_hepatitis_albumin
889,0,0,SVM_RBF,0.963790328056001,0.963790328056001,0.01599628464006783,0.020213387303930932,MCAR_hepatitis_albumin
890,0,0,SVM_RBF,0.7657468643759849,0.7657468643759849,0.026228318382172752,0.20802481724184219,MCAR_hepatitis_albumin
991,1,1,SVM_RBF,0.8809821080859869,0.004984312111430606,0.8809821080859869,0.11403357980258261,MAR_sick_t3
992,1,1,SVM_RBF,0.6192842752146281,0.09302359739031857,0.6192842752146281,0.28769212739505323,MAR_sick_t3
993,1,2,SVM_RBF,0.851695393347309,0.00013241412860878288,0.14817219252408226,0.851695393347309,MAR_sick_t3
994,1,2,SVM_RBF,0.6307031847343829,0.09014209282863991,0.27915472243697714,0.6307031847343829,MAR_sick_t3
995,1,2,SVM_RBF,0.6428188448576405,0.0005844142369400791,0.3565967409054196,0.6428188448576405,MAR_sick_t3
996,1,2,SVM_RBF,0.5010243346138592,0.009258253966552403,0.4897174114195885,0.5010243346138592,MAR_sick_t3
997,1,1,SVM_RBF,0.5548494952186357,0.0018003261666767612,0.5548494952186357,0.4433501786146873,MAR_sick_t3
998,1,1,SVM_RBF,0.8676355613106671,0.0031933439051508136,0.8676355613106671,0.12917109478418218,MAR_sick_t3
999,1,1,SVM_RBF,0.8717025800675097,0.0002381574341341478,0.8717025800675097,0.12805926249835622,MAR_sick_t3
1000,1,2,SVM_RBF,0.5395500463128629,0.196402024807413,0.2640479288797242,0.5395500463128629,MAR_sick_t3
1001,1,2,SVM_RBF,0.7401767742843894,0.0017331186962003338,0.2580901070194104,0.7401767742843894,MAR_sick_t3
1002,1,1,SVM_RBF,0.6692959750747294,0.07377493103284827,0.6692959750747294,0.2569290938924223,MAR_sick_t3
1003,1,1,SVM_RBF,0.4876130754327955,0.13384587705944426,0.4876130754327955,0.3785410475077603,MAR_sick_t3
1004,1,0,SVM_RBF,0.5016274984728302,0.17471120780375077,0.5016274984728302,0.3236612937234187,MAR_sick_t3
1005,1,1,SVM_RBF,0.6244157673123057,0.0007925632591632338,0.6244157673123057,0.37479166942853087,MAR_sick_t3
1006,1,2,SVM_RBF,0.5381053687664284,0.2672948595436833,0.19459977168988823,0.5381053687664284,MAR_sick_t3
1007,1,1,SVM_RBF,0.5642862612689635,0.0008660849448914893,0.5642862612689635,0.43484765378614515,MAR_sick_t3
1008,1,1,SVM_RBF,0.72232683764262,0.0013529627592640293,0.72232683764262,0.2763201995981159,MAR_sick_t3
1009,1,2,SVM_RBF,0.5496957000915526,0.005039967402514989,0.445264332505932,0.5496957000915526,MAR_sick_t3
1010,1,2,SVM_RBF,0.5634653547721712,0.0004486293507566614,0.4360860158770723,0.5634653547721712,MAR_sick_t3
1011,1,1,SVM_RBF,0.5721548247552612,0.009508992446921336,0.5721548247552612,0.41833618279781737,MAR_sick_t3
1012,1,2,SVM_RBF,0.9514702930870161,0.003797456325321027,0.04473225058766268,0.9514702930870161,MAR_sick_t3
1013,1,1,SVM_RBF,0.8874632435278615,0.004767954095621195,0.8874632435278615,0.10776880237651722,MAR_sick_t3
1014,1,2,SVM_RBF,0.49240079386507235,0.14719470271242985,0.36040450342249764,0.49240079386507235,MAR_sick_t3
1015,1,1,SVM_RBF,0.6609488198225165,0.02299622065763342,0.6609488198225165,0.31605495951984985,MAR_sick_t3
1016,1,2,SVM_RBF,0.8976732712921633,7.477129217991868e-05,0.10225195741565679,0.8976732712921633,MAR_sick_t3
1017,1,2,SVM_RBF,0.7785306726671164,0.01414804563972242,0.20732128169316122,0.7785306726671164,MAR_sick_t3
1018,1,1,SVM_RBF,0.7087414733070209,0.0005005526552849183,0.7087414733070209,0.2907579740376944,MAR_sick_t3
1019,1,1,SVM_RBF,0.8906793728262957,0.00015147196547290556,0.8906793728262957,0.10916915520823163,MAR_sick_t3
1020,1,2,SVM_RBF,0.5622768617203618,0.003040356099413873,0.43468278218022427,0.5622768617203618,MAR_sick_t3
1021,1,1,SVM_RBF,0.49139940862390347,0.0948640806469483,0.49139940862390347,0.4137365107291478,MAR_sick_t3
1022,1,1,SVM_RBF,0.7173642805809733,0.0010999082683224046,0.7173642805809733,0.2815358111507042,MAR_sick_t3
1023,1,2,SVM_RBF,0.7137270864190369,0.002707127853807904,0.2835657857271553,0.7137270864190369,MAR_sick_t3
1024,1,1,SVM_RBF,0.8693041741092853,0.004768590356956683,0.8693041741092853,0.12592723553375826,MAR_sick_t3
1025,1,2,SVM_RBF,0.7143202288354804,0.002348281608858061,0.28333148955566145,0.7143202288354804,MAR_sick_t3
1026,1,2,SVM_RBF,0.6725979786964946,0.017390630819684602,0.31001139048382087,0.6725979786964946,MAR_sick_t3
1027,1,1,SVM_RBF,0.6455393396330235,0.059801617668846486,0.6455393396330235,0.2946590426981298,MAR_sick_t3
1028,1,1,SVM_RBF,0.6671537356795485,0.0050875591252505115,0.6671537356795485,0.3277587051952009,MAR_sick_t3
1029,1,1,SVM_RBF,0.7444698162338755,4.9513918578636277e-05,0.7444698162338755,0.2554806698475456,MAR_sick_t3
1030,1,2,SVM_RBF,0.6054782574542223,0.013010492936106115,0.38151124960967153,0.6054782574542223,MAR_sick_t3
1031,1,2,SVM_RBF,0.5430447997450986,0.04391722108319579,0.4130379791717056,0.5430447997450986,MAR_sick_t3
1032,1,1,SVM_RBF,0.5497303345267427,0.007988551506822565,0.5497303345267427,0.4422811139664344,MAR_sick_t3
1033,1,1,SVM_RBF,0.655849712163588,0.008177543062280697,0.655849712163588,0.3359727447741311,MAR_sick_t3
1034,1,1,SVM_RBF,0.8952532103658086,0.000489152510355112,0.8952532103658086,0.10425763712383634,MAR_sick_t3
1035,1,2,SVM_RBF,0.7405617966360354,0.0010296486883964314,0.25840855467556834,0.7405617966360354,MAR_sick_t3
1036,1,1,SVM_RBF,0.658547146442865,0.004712148673126494,0.658547146442865,0.3367407048840086,MAR_sick_t3
1037,1,2,SVM_RBF,0.5043097515651674,0.005406082190391096,0.49028416624444143,0.5043097515651674,MAR_sick_t3
1038,1,1,SVM_RBF,0.6969278454862248,0.012408202897957075,0.6969278454862248,0.29066395161581826,MAR_sick_t3
1039,1,1,SVM_RBF,0.6638134825327163,0.009656905857452198,0.6638134825327163,0.3265296116098318,MAR_sick_t3
1040,1,2,SVM_RBF,0.553388723727323,0.10413634999358916,0.3424749262790877,0.553388723727323,MAR_sick_t3
1041,1,2,SVM_RBF,0.9980788462559994,1.738922396987858e-05,0.0019037645200306655,0.9980788462559994,MAR_sick_tsh
1042,1,1,SVM_RBF,0.6355041750141287,0.0006120340112463968,0.6355041750141287,0.3638837909746251,MAR_sick_tsh
1043,1,2,SVM_RBF,0.9964481861759724,9.555107401573322e-05,0.0034562627500117817,0.9964481861759724,MAR_sick_tsh
1044,1,2,SVM_RBF,0.999999987577427,5.64635682650238e-09,6.776216137839658e-09,0.999999987577427,MAR_sick_tsh
1045,1,2,SVM_RBF,0.9999962675620541,1.6994885203878065e-06,2.0329494255665817e-06,0.9999962675620541,MAR_sick_tsh
1046,1,2,SVM_RBF,0.9644480642097364,0.0005752361505645771,0.034976699639698995,0.9644480642097364,MAR_sick_tsh
1047,1,2,SVM_RBF,0.9555912968963292,0.00815498166911584,0.03625372143455507,0.9555912968963292,MAR_sick_tsh
1048,1,2,SVM_RBF,0.9930640010659398,0.0010659887172301274,0.005870010216829671,0.9930640010659398,MAR_sick_tsh
1049,1,2,SVM_RBF,0.9553576776002952,0.0012187662885808912,0.043423556111124126,0.9553576776002952,MAR_sick_tsh
1050,1,2,SVM_RBF,0.9999923928520954,3.464143751943591e-06,4.143004152733892e-06,0.9999923928520954,MAR_sick_tsh
1051,1,2,SVM_RBF,0.9865702525083531,0.00017653526308294767,0.013253212228564173,0.9865702525083531,MAR_sick_tsh
1052,1,2,SVM_RBF,0.998016736498104,0.001266339521479796,0.0007169239804160404,0.998016736498104,MAR_sick_tsh
1053,1,2,SVM_RBF,0.9999992974602285,3.1919719795088596e-07,3.833425736183425e-07,0.9999992974602285,MAR_sick_tsh
1054,1,2,SVM_RBF,0.9999973348251928,1.2341426047427413e-06,1.4310322024334946e-06,0.9999973348251928,MAR_sick_tsh
1055,1,2,SVM_RBF,0.9999937607884277,2.834105754918152e-06,3.4051058173976024e-06,0.9999937607884277,MAR_sick_tsh
1056,1,2,SVM_RBF,0.9900424662829723,0.0004358979351086856,0.009521635781918955,0.9900424662829723,MAR_sick_tsh
1057,1,2,SVM_RBF,0.9616806751518003,0.001635060671225709,0.03668426417697409,0.9616806751518003,MAR_sick_tsh
1058,1,2,SVM_RBF,0.9999999372912461,2.850666046031763e-08,3.420209336343618e-08,0.9999999372912461,MAR_sick_tsh
1059,1,2,SVM_RBF,0.9980893392371206,2.1948348407370842e-05,0.0018887124144721429,0.9980893392371206,MAR_sick_tsh
1060,1,2,SVM_RBF,0.9968412705882749,3.548556269754876e-05,0.003123243849027526,0.9968412705882749,MAR_sick_tsh
1061,1,2,SVM_RBF,0.9866426517546163,0.0036240435066297416,0.00973330473875415,0.9866426517546163,MAR_sick_tsh
1062,1,2,SVM_RBF,0.9999998536111335,6.652717387592077e-08,7.986169255536461e-08,0.9999998536111335,MAR_sick_tsh
1063,1,2,SVM_RBF,0.986992990109205,0.0010682240765106771,0.011938785814284546,0.986992990109205,MAR_sick_tsh
1064,1,2,SVM_RBF,0.9466853535616934,0.003958800767632882,0.04935584567067379,0.9466853535616934,MAR_sick_tsh
1065,1,2,SVM_RBF,0.9999974577831771,1.1550837042907378e-06,1.387133118629611e-06,0.9999974577831771,MAR_sick_tsh
1066,1,2,SVM_RBF,0.9999998132633494,8.488189959549984e-08,1.0185475096317654e-07,0.9999998132633494,MAR_sick_tsh
1067,1,2,SVM_RBF,0.9999999675780141,1.4739456345330438e-08,1.7682529565692402e-08,0.9999999675780141,MAR_sick_tsh
1068,1,2,SVM_RBF,0.9999956179943468,1.989483069133338e-06,2.3925225841211686e-06,0.9999956179943468,MAR_sick_tsh
1069,1,2,SVM_RBF,0.8656225188577102,0.08790824324326295,0.04646923789902664,0.8656225188577102,MAR_sick_tsh
1070,1,2,SVM_RBF,0.9960863883590692,3.373103079991464e-05,0.0038798806101311176,0.9960863883590692,MAR_sick_tsh
1071,1,2,SVM_RBF,0.9956334207458981,0.0001377126656919742,0.004228866588409764,0.9956334207458981,MAR_sick_tsh
1072,1,1,SVM_RBF,0.685450831667473,0.011748480954708459,0.685450831667473,0.3028006873778182,MAR_sick_tsh
1073,1,2,SVM_RBF,0.9999991192071931,4.002273117271775e-07,4.80565495220764e-07,0.9999991192071931,MAR_sick_tsh
1074,1,2,SVM_RBF,0.8711067033706403,8.647260364307229e-05,0.12880682402571622,0.8711067033706403,MAR_sick_tsh
1075,1,2,SVM_RBF,0.9999965210976,1.5807366211186205e-06,1.8981657789149991e-06,0.9999965210976,MAR_sick_tsh
1076,1,2,SVM_RBF,0.9999998023047244,8.98389691172766e-08,1.0785630650680887e-07,0.9999998023047244,MAR_sick_tsh
1077,1,2,SVM_RBF,0.7415698178793962,0.0002096827768509282,0.2582204993437529,0.7415698178793962,MAR_sick_tsh
1078,1,2,SVM_RBF,0.9953283247920385,5.655350908763909e-05,0.004615121698873866,0.9953283247920385,MAR_sick_tsh
1079,1,2,SVM_RBF,0.9999967381024252,1.481209745727298e-06,1.7806878291751081e-06,0.9999967381024252,MAR_sick_tsh
1080,1,2,SVM_RBF,0.9825004734086035,0.0003382626700309312,0.017161263921365695,0.9825004734086035,MAR_sick_tsh
1081,1,2,SVM_RBF,0.9897259761567946,0.0006302671201494619,0.009643756723055608,0.9897259761567946,MAR_sick_tsh
1082,1,2,SVM_RBF,0.9913983319807436,0.004270435382788114,0.004331232636468178,0.9913983319807436,MAR_sick_tsh
1083,1,2,SVM_RBF,0.9999946088552215,2.4479815373932185e-06,2.943163241170347e-06,0.9999946088552215,MAR_sick_tsh
1084,1,2,SVM_RBF,0.7309157459268915,0.0015696007676385217,0.26751465330547,0.7309157459268915,MAR_sick_tsh
1085,1,2,SVM_RBF,0.9999999677335728,1.4665733336432554e-08,1.7600693949047297e-08,0.9999999677335728,MAR_sick_tsh
1086,1,2,SVM_RBF,0.992806215731893,0.0010991413789444863,0.006094642889162468,0.992806215731893,MAR_sick_tsh
1087,1,2,SVM_RBF,0.9999999748472618,1.1432449484955478e-08,1.3720288769052577e-08,0.9999999748472618,MAR_sick_tsh
1088,1,2,SVM_RBF,0.97047126678113,0.0025823841521236,0.026946349066746377,0.97047126678113,MAR_sick_tsh
1089,1,2,SVM_RBF,0.9967741850074415,0.0008246154926511863,0.002401199499907204,0.9967741850074415,MAR_sick_tsh
1240,2,2,SVM_RBF,0.9804771014365098,0.0004057960188453818,0.019117102544644687,0.9804771014365098,MNAR_nhanes_cadmium
1241,2,1,SVM_RBF,0.956822441956897,0.017458050852566114,0.956822441956897,0.025719507190536804,MNAR_nhanes_cadmium
1242,2,2,SVM_RBF,0.5632973341999151,0.004313350019894384,0.43238931578019046,0.5632973341999151,MNAR_nhanes_cadmium
1243,2,0,SVM_RBF,0.3581655682666048,0.2920672295666369,0.3497672021667581,0.3581655682666048,MNAR_nhanes_cadmium
1244,2,1,SVM_RBF,0.8466820790452801,0.017189646183305363,0.8466820790452801,0.13612827477141431,MNAR_nhanes_cadmium
1245,2,1,SVM_RBF,0.7474711633853557,0.00890529723385961,0.7474711633853557,0.2436235393807847,MNAR_nhanes_cadmium
1246,2,1,SVM_RBF,0.8802032286485756,0.012846108007379457,0.8802032286485756,0.10695066334404486,MNAR_nhanes_cadmium
1247,2,2,SVM_RBF,0.7314485214693572,0.017435364343380198,0.25111611418726265,0.7314485214693572,MNAR_nhanes_cadmium
1248,2,2,SVM_RBF,0.9971046360554796,0.00048063152303489336,0.0024147324214855883,0.9971046360554796,MNAR_nhanes_cadmium
1249,2,2,SVM_RBF,0.9266488157728435,2.71016640573708e-05,0.073324082563099,0.9266488157728435,MNAR_nhanes_cadmium
1250,2,2,SVM_RBF,0.9440997563967848,0.0025540947296952493,0.053346148873520086,0.9440997563967848,MNAR_nhanes_cadmium
1251,2,1,SVM_RBF,0.8493102946614371,0.01738091625719283,0.8493102946614371,0.13330878908137,MNAR_nhanes_cadmium
1252,2,2,SVM_RBF,0.9835340786352076,0.008655006538542925,0.007810914826249476,0.9835340786352076,MNAR_nhanes_cadmium
1253,2,1,SVM_RBF,0.7217831272175248,0.14579987087874072,0.7217831272175248,0.13241700190373432,MNAR_nhanes_cadmium
1254,2,2,SVM_RBF,0.6809552664282033,0.014106350517712925,0.3049383830540839,0.6809552664282033,MNAR_nhanes_cadmium
1255,2,1,SVM_RBF,0.5875394666260155,0.04536847634533886,0.5875394666260155,0.36709205702864534,MNAR_nhanes_cadmium
1256,2,2,SVM_RBF,0.7016339928840207,0.007994025039914216,0.29037198207606524,0.7016339928840207,MNAR_nhanes_cadmium
1257,2,1,SVM_RBF,0.9717443597766438,0.009215447258430678,0.9717443597766438,0.01904019296492576,MNAR_nhanes_cadmium
1258,2,2,SVM_RBF,0.43672668922950697,0.1482435431947886,0.43672668922950697,0.41502976757570437,MNAR_nhanes_cadmium
1259,2,2,SVM_RBF,0.9147059517906098,0.0007034603041666749,0.08459058790522371,0.9147059517906098,MNAR_nhanes_cadmium
1260,2,1,SVM_RBF,0.9561398645174344,0.015693613634971803,0.9561398645174344,0.028166521847594016,MNAR_nhanes_cadmium
1261,2,2,SVM_RBF,0.6668378843567165,0.006783554128159123,0.32637856151512445,0.6668378843567165,MNAR_nhanes_cadmium
1262,2,1,SVM_RBF,0.7335280536538076,0.03882448266465812,0.7335280536538076,0.2276474636815343,MNAR_nhanes_cadmium
1263,2,2,SVM_RBF,0.5145675615600759,0.015791102871879566,0.46964133556804477,0.5145675615600759,MNAR_nhanes_cadmium
1264,2,2,SVM_RBF,0.5552325198149264,0.02987436764726115,0.41489311253781236,0.5552325198149264,MNAR_nhanes_cadmium
1265,2,1,SVM_RBF,0.6019549003913754,0.19795094461001517,0.6019549003913754,0.20009415499860936,MNAR_nhanes_cadmium
1266,2,1,SVM_RBF,0.9494983394065047,0.00440820467630641,0.9494983394065047,0.04609345591718889,MNAR_nhanes_cadmium
1267,2,2,SVM_RBF,0.7495420275357527,0.2090045458470678,0.04145342661717954,0.7495420275357527,MNAR_nhanes_cadmium
1268,2,1,SVM_RBF,0.7188519390542736,0.05853958525766164,0.7188519390542736,0.22260847568806463,MNAR_nhanes_cadmium
1269,2,1,SVM_RBF,0.9425056481204169,0.007609924782752433,0.9425056481204169,0.04988442709683052,MNAR_nhanes_cadmium
1270,2,1,SVM_RBF,0.8492598151172046,0.03506404157983125,0.8492598151172046,0.11567614330296414,MNAR_nhanes_cadmium
1271,2,1,SVM_RBF,0.6797070572433493,0.014678664701059139,0.6797070572433493,0.3056142780555917,MNAR_nhanes_cadmium
1272,2,1,SVM_RBF,0.6383993378500595,0.25328114400957286,0.6383993378500595,0.1083195181403675,MNAR_nhanes_cadmium
1273,2,1,SVM_RBF,0.8454301369947779,0.009055522001416273,0.8454301369947779,0.14551434100380567,MNAR_nhanes_cadmium
1274,2,1,SVM_RBF,0.9325692562566239,0.01645546827506768,0.9325692562566239,0.050975275468308226,MNAR_nhanes_cadmium
1275,2,2,SVM_RBF,0.9999940814170062,2.694728806169277e-06,3.2238541876330285e-06,0.9999940814170062,MNAR_nhanes_cadmium
1276,2,1,SVM_RBF,0.7977236474607254,0.06191466811122253,0.7977236474607254,0.14036168442805205,MNAR_nhanes_cadmium
1277,2,1,SVM_RBF,0.814858981312607,0.03532770526689003,0.814858981312607,0.14981331342050277,MNAR_nhanes_cadmium
1278,2,1,SVM_RBF,0.7610889087502893,0.05696545826985767,0.7610889087502893,0.18194563297985292,MNAR_nhanes_cadmium
1279,2,1,SVM_RBF,0.6545484805709755,0.1800472083172883,0.6545484805709755,0.16540431111173615,MNAR_nhanes_cadmium
1280,2,2,SVM_RBF,0.8376186289445544,0.001252258106068059,0.1611291129493777,0.8376186289445544,MNAR_nhanes_cadmium
1281,2,1,SVM_RBF,0.9293035472211855,0.028372153942968173,0.9293035472211855,0.04232429883584656,MNAR_nhanes_cadmium
1282,2,1,SVM_RBF,0.7342717142783826,0.02924919262879714,0.7342717142783826,0.2364790930928202,MNAR_nhanes_cadmium
1283,2,1,SVM_RBF,0.9482376222569978,0.010959989794530538,0.9482376222569978,0.040802387948471665,MNAR_nhanes_cadmium
1284,2,1,SVM_RBF,0.8267642145792157,0.0067711910662452135,0.8267642145792157,0.16646459435453903,MNAR_nhanes_cadmium
1285,2,2,SVM_RBF,0.9382743338935695,0.002266129315434492,0.05945953679099611,0.9382743338935695,MNAR_nhanes_cadmium
1286,2,1,SVM_RBF,0.8855120940006911,0.003920606886020235,0.8855120940006911,0.1105672991132888,MNAR_nhanes_cadmium
1287,2,2,SVM_RBF,0.8993809680233976,0.0011374006596612475,0.09948163131694125,0.8993809680233976,MNAR_nhanes_cadmium
1288,2,2,SVM_RBF,0.9520048169078928,0.0006783964388207553,0.04731678665328631,0.9520048169078928,MNAR_nhanes_cadmium
1289,2,1,SVM_RBF,0.8336725340806408,0.03308849940653987,0.8336725340806408,0.13323896651281927,MNAR_nhanes_cadmium
1440,2,2,SVM_RBF,0.5209643215006842,0.22272098929762743,0.256314689201688,0.5209643215006842,MNAR_pima_skinthickness
1441,2,1,SVM_RBF,0.8405163130259157,0.007080147627235626,0.8405163130259157,0.15240353934684853,MNAR_pima_skinthickness
1442,2,1,SVM_RBF,0.5171644147226623,0.005547304564556422,0.5171644147226623,0.4772882807127813,MNAR_pima_skinthickness
1443,2,0,SVM_RBF,0.5879928304971881,0.5879928304971881,0.18918628032556134,0.22282088917725074,MNAR_pima_skinthickness
1444,2,2,SVM_RBF,0.7234890872018791,0.18103121931868982,0.09547969347943105,0.7234890872018791,MNAR_pima_skinthickness
1445,2,0,SVM_RBF,0.5935040425546814,0.5935040425546814,0.029985988045871433,0.37650996939944714,MNAR_pima_skinthickness
1446,2,2,SVM_RBF,0.513262130888557,0.015339520168182961,0.47139834894326016,0.513262130888557,MNAR_pima_skinthickness
1447,2,1,SVM_RBF,0.6970255479618321,0.0336951979348313,0.6970255479618321,0.2692792541033365,MNAR_pima_skinthickness
1448,2,2,SVM_RBF,0.6620752455911185,0.18289831359815245,0.1550264408107292,0.6620752455911185,MNAR_pima_skinthickness
1449,2,2,SVM_RBF,0.6474453887227847,0.09124711333735801,0.26130749793985686,0.6474453887227847,MNAR_pima_skinthickness
1450,2,0,SVM_RBF,0.5437303274884764,0.5437303274884764,0.05243428112420725,0.4038353913873163,MNAR_pima_skinthickness
1451,2,2,SVM_RBF,0.5738746583594071,0.24784858714568547,0.17827675449490743,0.5738746583594071,MNAR_pima_skinthickness
1452,2,0,SVM_RBF,0.3913649595584889,0.3913649595584889,0.26571707318968046,0.3429179672518306,MNAR_pima_skinthickness
1453,2,1,SVM_RBF,0.849094711969461,0.05711968205408692,0.849094711969461,0.0937856059764519,MNAR_pima_skinthickness
1454,2,2,SVM_RBF,0.762351438825847,0.03590744201158057,0.20174111916257234,0.762351438825847,MNAR_pima_skinthickness
1455,2,0,SVM_RBF,0.45429495258554325,0.4501101266399009,0.0955949207745558,0.45429495258554325,MNAR_pima_skinthickness
1456,2,1,SVM_RBF,0.5800965796014671,0.003934537616175761,0.5800965796014671,0.41596888278235716,MNAR_pima_skinthickness
1457,2,0,SVM_RBF,0.7496680639015565,0.7496680639015565,0.025138961345209737,0.22519297475323366,MNAR_pima_skinthickness
1458,2,2,SVM_RBF,0.5421989883595851,0.1628471705862915,0.2949538410541235,0.5421989883595851,MNAR_pima_skinthickness
1459,2,1,SVM_RBF,0.7529666731427684,0.020286433236807698,0.7529666731427684,0.22674689362042402,MNAR_pima_skinthickness
1460,2,0,SVM_RBF,0.4712827417682346,0.4712827417682346,0.1390241524492685,0.38969310578249666,MNAR_pima_skinthickness
1461,2,1,SVM_RBF,0.921017499517298,0.0003734514808366146,0.921017499517298,0.07860904900186517,MNAR_pima_skinthickness
1462,2,2,SVM_RBF,0.5015589403194567,0.00043157282313439584,0.49800948685740837,0.5015589403194567,MNAR_pima_skinthickness
1463,2,2,SVM_RBF,0.805256534527566,0.01943134927158484,0.17531211620084922,0.805256534527566,MNAR_pima_skinthickness
1464,2,2,SVM_RBF,0.5128250463333686,0.08838731266232247,0.3987876410043087,0.5128250463333686,MNAR_pima_skinthickness
1465,2,1,SVM_RBF,0.73489005867356,0.04043373948697978,0.73489005867356,0.2246762018394602,MNAR_pima_skinthickness
1466,2,2,SVM_RBF,0.9670367299785009,0.0053739835612970225,0.027589286460201947,0.9670367299785009,MNAR_pima_skinthickness
1467,2,2,SVM_RBF,0.6940307731016271,0.0555448356768161,0.25042439122155674,0.6940307731016271,MNAR_pima_skinthickness
1468,2,1,SVM_RBF,0.952964470381458,0.012304678696479101,0.952964470381458,0.034730850922062954,MNAR_pima_skinthickness
1469,2,1,SVM_RBF,0.8663842446804192,0.0007063216264100822,0.8663842446804192,0.13290943369317068,MNAR_pima_skinthickness
1470,2,1,SVM_RBF,0.5288162589632801,0.030358893057671466,0.5288162589632801,0.4408248479790479,MNAR_pima_skinthickness
1471,2,1,SVM_RBF,0.8259989879926251,0.009884863230744069,0.8259989879926251,0.16411614877663097,MNAR_pima_skinthickness
1472,2,0,SVM_RBF,0.39245722019418694,0.2847044650828036,0.39245722019418694,0.32283831472300967,MNAR_pima_skinthickness
1473,2,1,SVM_RBF,0.9452988097968111,0.013233839467331088,0.9452988097968111,0.04146735073585784,MNAR_pima_skinthickness
1474,2,1,SVM_RBF,0.7925277382080809,0.016671251598043026,0.7925277382080809,0.19080101019387644,MNAR_pima_skinthickness
1475,2,2,SVM_RBF,0.6013088299050897,0.3085837899905279,0.09010738010438218,0.6013088299050897,MNAR_pima_skinthickness
1476,2,2,SVM_RBF,0.7022799826683748,0.0009920659285367506,0.29672795140308833,0.7022799826683748,MNAR_pima_skinthickness
1477,2,0,SVM_RBF,0.7704238349119092,0.7704238349119092,0.03527174260945179,0.19430442247863897,MNAR_pima_skinthickness
1478,2,2,SVM_RBF,0.9401630572509144,0.021660535124236983,0.03817640762484859,0.9401630572509144,MNAR_pima_skinthickness
1479,2,0,SVM_RBF,0.5800374737720736,0.5800374737720736,0.05021348895588199,0.36974903727204433,MNAR_pima_skinthickness
1480,2,2,SVM_RBF,0.639096054795378,0.0006686583971865381,0.36023528680743555,0.639096054795378,MNAR_pima_skinthickness
1481,2,2,SVM_RBF,0.49867032215211565,0.29467293710770825,0.20665674074017618,0.49867032215211565,MNAR_pima_skinthickness
1482,2,2,SVM_RBF,0.5851346478356009,0.17541305303326324,0.23945229913113583,0.5851346478356009,MNAR_pima_skinthickness
1483,2,0,SVM_RBF,0.36866225964485017,0.36866225964485017,0.33149258655500813,0.2998451538001416,MNAR_pima_skinthickness
1484,2,2,SVM_RBF,0.8199083609379753,0.09747971836132723,0.08261192070069756,0.8199083609379753,MNAR_pima_skinthickness
1485,2,1,SVM_RBF,0.8882459628898526,0.03962644048811534,0.8882459628898526,0.07212759662203189,MNAR_pima_skinthickness
1486,2,2,SVM_RBF,0.8808407616821703,0.01679345808066202,0.10236578023716776,0.8808407616821703,MNAR_pima_skinthickness
1487,2,0,SVM_RBF,0.47848351111632464,0.47848351111632464,0.0571941556859018,0.4643223331977736,MNAR_pima_skinthickness
1488,2,1,SVM_RBF,0.48617484714966847,0.3796777673535451,0.48617484714966847,0.1341473854967867,MNAR_pima_skinthickness
1489,2,1,SVM_RBF,0.7170721410018649,0.10625172506967948,0.7170721410018649,0.1766761339284557,MNAR_pima_skinthickness
1490,2,1,SVM_RBF,0.7897725654400726,0.00034665940909881605,0.7897725654400726,0.20988077515082876,MNAR_support2_albumin
1491,2,1,SVM_RBF,0.9431093571827355,0.0007914748702481877,0.9431093571827355,0.056099167947016235,MNAR_support2_albumin
1492,2,2,SVM_RBF,0.7889648993824834,0.0035145170463939442,0.20752058357112257,0.7889648993824834,MNAR_support2_albumin
1493,2,0,SVM_RBF,0.8568339435896738,0.8568339435896738,0.03507179921182806,0.10809425719849808,MNAR_support2_albumin
1494,2,1,SVM_RBF,0.5536944461055413,0.006750536762274558,0.5536944461055413,0.43955501713218414,MNAR_support2_albumin
1495,2,2,SVM_RBF,0.7844689108684106,0.03920158365892281,0.17632950547266665,0.7844689108684106,MNAR_support2_albumin
1496,2,1,SVM_RBF,0.97476530702893,0.0018276085648382431,0.97476530702893,0.023407084406231765,MNAR_support2_albumin
1497,2,1,SVM_RBF,0.6394535112893095,0.00799357348102229,0.6394535112893095,0.35255291522966786,MNAR_support2_albumin
1498,2,1,SVM_RBF,0.6231142004374237,0.003641240337490634,0.6231142004374237,0.37324455922508554,MNAR_support2_albumin
1499,2,2,SVM_RBF,0.48321879444523524,0.05065947666366155,0.4661217288911032,0.48321879444523524,MNAR_support2_albumin
1500,2,2,SVM_RBF,0.6160313109815015,0.032871924322391735,0.3510967646961066,0.6160313109815015,MNAR_support2_albumin
1501,2,1,SVM_RBF,0.7192034193715702,0.0010491875580364413,0.7192034193715702,0.2797473930703933,MNAR_support2_albumin
1502,2,1,SVM_RBF,0.7352859396483061,0.0112908649097621,0.7352859396483061,0.2534231954419317,MNAR_support2_albumin
1503,2,1,SVM_RBF,0.6318965771989791,0.0023890380364092493,0.6318965771989791,0.3657143847646119,MNAR_support2_albumin
1504,2,1,SVM_RBF,0.7066199540640739,0.008973867230759408,0.7066199540640739,0.28440617870516616,MNAR_support2_albumin
1505,2,2,SVM_RBF,0.9901906521662532,0.000674124326284861,0.009135223507462086,0.9901906521662532,MNAR_support2_albumin
1506,2,1,SVM_RBF,0.8153856352307236,0.004728872174029975,0.8153856352307236,0.17988549259524653,MNAR_support2_albumin
1507,2,0,SVM_RBF,0.46649804174469345,0.46649804174469345,0.28810294484640037,0.2453990134089062,MNAR_support2_albumin
1508,2,2,SVM_RBF,0.881620732850022,0.021075763004391897,0.09730350414558632,0.881620732850022,MNAR_support2_albumin
1509,2,2,SVM_RBF,0.6511226055472327,0.06667170921253765,0.28220568524022965,0.6511226055472327,MNAR_support2_albumin
1510,2,2,SVM_RBF,0.7534360918070997,0.005845315110386861,0.24071859308251314,0.7534360918070997,MNAR_support2_albumin
1511,2,2,SVM_RBF,0.6745867936886863,0.037312212844899495,0.2881009934664141,0.6745867936886863,MNAR_support2_albumin
1512,2,1,SVM_RBF,0.7955243376522573,0.003378058027479094,0.7955243376522573,0.2010976043202639,MNAR_support2_albumin
1513,2,2,SVM_RBF,0.8265300581924473,0.011337003220504316,0.1621329385870482,0.8265300581924473,MNAR_support2_albumin
1514,2,1,SVM_RBF,0.6163683284067835,0.01109985489518409,0.6163683284067835,0.3725318166980327,MNAR_support2_albumin
1515,2,2,SVM_RBF,0.9401955176843579,0.024108023667872427,0.0356964586477697,0.9401955176843579,MNAR_support2_albumin
1516,2,2,SVM_RBF,0.6956726271480959,0.04539352899362163,0.2589338438582826,0.6956726271480959,MNAR_support2_albumin
1517,2,2,SVM_RBF,0.652416433855926,0.0008470465501833757,0.34673651959389074,0.652416433855926,MNAR_support2_albumin
1518,2,2,SVM_RBF,0.8682886756486574,0.029787395738932385,0.1019239286124105,0.8682886756486574,MNAR_support2_albumin
1519,2,2,SVM_RBF,0.5309498238481277,0.05897066405238863,0.4100795120994836,0.5309498238481277,MNAR_support2_albumin
1520,2,1,SVM_RBF,0.9628010558829262,0.0010046637008027332,0.9628010558829262,0.03619428041627107,MNAR_support2_albumin
1521,2,1,SVM_RBF,0.6274675157132849,0.0035499611506380497,0.6274675157132849,0.3689825231360768,MNAR_support2_albumin
1522,2,2,SVM_RBF,0.5779133260254591,0.0016359839444371868,0.4204506900301037,0.5779133260254591,MNAR_support2_albumin
1523,2,1,SVM_RBF,0.7928028956475065,0.00035601243264858553,0.7928028956475065,0.20684109191984504,MNAR_support2_albumin
1524,2,1,SVM_RBF,0.6807574930606819,0.0026053765091742687,0.6807574930606819,0.3166371304301435,MNAR_support2_albumin
1525,2,1,SVM_RBF,0.8590578527248058,0.0044670812213734885,0.8590578527248058,0.13647506605382098,MNAR_support2_albumin
1526,2,2,SVM_RBF,0.8427749972792477,0.10064275609248537,0.05658224662826709,0.8427749972792477,MNAR_support2_albumin
1527,2,1,SVM_RBF,0.5422956729036577,0.02721243798471905,0.5422956729036577,0.4304918891116233,MNAR_support2_albumin
1528,2,2,SVM_RBF,0.4633354404423515,0.26519905313562925,0.2714655064220194,0.4633354404423515,MNAR_support2_albumin
1529,2,2,SVM_RBF,0.6083345355453039,0.2640251095142387,0.12764035494045703,0.6083345355453039,MNAR_support2_albumin
1530,2,2,SVM_RBF,0.7472457477570212,0.005733376973699098,0.24702087526927957,0.7472457477570212,MNAR_support2_albumin
1531,2,1,SVM_RBF,0.7022592952444032,0.0008471821341516679,0.7022592952444032,0.296893522621445,MNAR_support2_albumin
1532,2,2,SVM_RBF,0.5870443607810837,0.08238339122906065,0.33057224798985585,0.5870443607810837,MNAR_support2_albumin
1533,2,1,SVM_RBF,0.9553015142352856,0.00031376659278060644,0.9553015142352856,0.04438471917193399,MNAR_support2_albumin
1534,2,1,SVM_RBF,0.5617880993339409,0.031862250403192946,0.5617880993339409,0.4063496502628663,MNAR_support2_albumin
1535,2,1,SVM_RBF,0.8623360516846579,0.017700615288818007,0.8623360516846579,0.119963333026524,MNAR_support2_albumin
1536,2,1,SVM_RBF,0.6288975562079082,0.07671861737947318,0.6288975562079082,0.2943838264126188,MNAR_support2_albumin
1537,2,0,SVM_RBF,0.4368909440244565,0.19162431544860556,0.4368909440244565,0.3714847405269381,MNAR_support2_albumin
1538,2,1,SVM_RBF,0.5856047707563725,0.04986724640866005,0.5856047707563725,0.36452798283496723,MNAR_support2_albumin
1539,2,1,SVM_RBF,0.7723674948845168,0.0019410611050060466,0.7723674948845168,0.22569144401047722,MNAR_support2_albumin
98,0,0,KNN,0.6,0.6,0.0,0.4,MCAR_brandsma_apr
99,0,0,KNN,0.8,0.8,0.2,0.0,MCAR_brandsma_apr
100,0,0,KNN,0.4,0.4,0.4,0.2,MCAR_brandsma_apr
101,0,0,KNN,0.8,0.8,0.0,0.2,MCAR_brandsma_apr
102,0,2,KNN,0.6,0.4,0.0,0.6,MCAR_brandsma_apr
103,0,1,KNN,0.6,0.0,0.6,0.4,MCAR_brandsma_apr
104,0,0,KNN,0.8,0.8,0.0,0.2,MCAR_brandsma_apr
105,0,0,KNN,0.8,0.8,0.2,0.0,MCAR_brandsma_apr
106,0,1,KNN,0.6,0.0,0.6,0.4,MCAR_brandsma_apr
107,0,0,KNN,1.0,1.0,0.0,0.0,MCAR_brandsma_apr
108,0,0,KNN,0.8,0.8,0.0,0.2,MCAR_brandsma_apr
109,0,0,KNN,0.6,0.6,0.2,0.2,MCAR_brandsma_apr
110,0,1,KNN,0.4,0.2,0.4,0.4,MCAR_brandsma_apr
111,0,2,KNN,0.6,0.2,0.2,0.6,MCAR_brandsma_apr
112,0,2,KNN,0.6,0.4,0.0,0.6,MCAR_brandsma_apr
113,0,0,KNN,1.0,1.0,0.0,0.0,MCAR_brandsma_apr
114,0,0,KNN,0.6,0.6,0.2,0.2,MCAR_brandsma_apr
115,0,0,KNN,1.0,1.0,0.0,0.0,MCAR_brandsma_apr
116,0,2,KNN,0.6,0.4,0.0,0.6,MCAR_brandsma_apr
117,0,0,KNN,0.8,0.8,0.0,0.2,MCAR_brandsma_apr
118,0,1,KNN,0.6,0.0,0.6,0.4,MCAR_brandsma_apr
119,0,0,KNN,0.6,0.6,0.0,0.4,MCAR_brandsma_apr
120,0,0,KNN,0.6,0.6,0.2,0.2,MCAR_brandsma_apr
121,0,0,KNN,0.8,0.8,0.0,0.2,MCAR_brandsma_apr
122,0,0,KNN,1.0,1.0,0.0,0.0,MCAR_brandsma_apr
123,0,1,KNN,0.8,0.2,0.8,0.0,MCAR_brandsma_apr
124,0,0,KNN,0.8,0.8,0.0,0.2,MCAR_brandsma_apr
125,0,2,KNN,0.6,0.2,0.2,0.6,MCAR_brandsma_apr
126,0,0,KNN,1.0,1.0,0.0,0.0,MCAR_brandsma_apr
127,0,0,KNN,0.4,0.4,0.4,0.2,MCAR_brandsma_apr
128,0,0,KNN,0.8,0.8,0.0,0.2,MCAR_brandsma_apr
129,0,2,KNN,0.6,0.2,0.2,0.6,MCAR_brandsma_apr
130,0,0,KNN,0.8,0.8,0.0,0.2,MCAR_brandsma_apr
131,0,0,KNN,0.8,0.8,0.2,0.0,MCAR_brandsma_apr
132,0,0,KNN,1.0,1.0,0.0,0.0,MCAR_brandsma_apr
133,0,0,KNN,1.0,1.0,0.0,0.0,MCAR_brandsma_apr
134,0,0,KNN,1.0,1.0,0.0,0.0,MCAR_brandsma_apr
135,0,0,KNN,0.8,0.8,0.2,0.0,MCAR_brandsma_apr
136,0,0,KNN,0.8,0.8,0.2,0.0,MCAR_brandsma_apr
137,0,0,KNN,1.0,1.0,0.0,0.0,MCAR_brandsma_apr
138,0,0,KNN,1.0,1.0,0.0,0.0,MCAR_brandsma_apr
139,0,2,KNN,1.0,0.0,0.0,1.0,MCAR_brandsma_apr
140,0,0,KNN,0.8,0.8,0.0,0.2,MCAR_brandsma_apr
141,0,0,KNN,0.8,0.8,0.2,0.0,MCAR_brandsma_apr
142,0,0,KNN,0.6,0.6,0.2,0.2,MCAR_brandsma_apr
143,0,0,KNN,0.8,0.8,0.0,0.2,MCAR_brandsma_apr
144,0,0,KNN,0.6,0.6,0.0,0.4,MCAR_brandsma_apr
145,0,1,KNN,0.4,0.2,0.4,0.4,MCAR_brandsma_apr
146,0,1,KNN,0.6,0.2,0.6,0.2,MCAR_brandsma_apr
147,0,0,KNN,0.8,0.8,0.0,0.2,MCAR_brandsma_apr
741,2,2,KNN,1.0,0.0,0.0,1.0,MNAR_mroz_wages
742,2,1,KNN,0.6,0.2,0.6,0.2,MNAR_mroz_wages
743,2,2,KNN,0.6,0.0,0.4,0.6,MNAR_mroz_wages
744,2,2,KNN,0.6,0.0,0.4,0.6,MNAR_mroz_wages
745,2,0,KNN,0.8,0.8,0.0,0.2,MNAR_mroz_wages
746,2,2,KNN,0.6,0.0,0.4,0.6,MNAR_mroz_wages
747,2,1,KNN,0.6,0.0,0.6,0.4,MNAR_mroz_wages
748,2,2,KNN,0.6,0.0,0.4,0.6,MNAR_mroz_wages
749,2,1,KNN,0.6,0.0,0.6,0.4,MNAR_mroz_wages
750,2,2,KNN,0.6,0.0,0.4,0.6,MNAR_mroz_wages
751,2,0,KNN,0.4,0.4,0.4,0.2,MNAR_mroz_wages
752,2,2,KNN,1.0,0.0,0.0,1.0,MNAR_mroz_wages
753,2,1,KNN,0.6,0.0,0.6,0.4,MNAR_mroz_wages
754,2,0,KNN,0.6,0.6,0.4,0.0,MNAR_mroz_wages
755,2,1,KNN,0.8,0.0,0.8,0.2,MNAR_mroz_wages
756,2,1,KNN,0.8,0.0,0.8,0.2,MNAR_mroz_wages
757,2,1,KNN,0.6,0.0,0.6,0.4,MNAR_mroz_wages
758,2,1,KNN,0.6,0.0,0.6,0.4,MNAR_mroz_wages
759,2,2,KNN,0.8,0.0,0.2,0.8,MNAR_mroz_wages
760,2,1,KNN,0.8,0.0,0.8,0.2,MNAR_mroz_wages
761,2,1,KNN,0.6,0.0,0.6,0.4,MNAR_mroz_wages
762,2,1,KNN,0.8,0.0,0.8,0.2,MNAR_mroz_wages
763,2,2,KNN,0.6,0.0,0.4,0.6,MNAR_mroz_wages
764,2,1,KNN,0.6,0.4,0.6,0.0,MNAR_mroz_wages
765,2,1,KNN,0.6,0.0,0.6,0.4,MNAR_mroz_wages
766,2,1,KNN,0.8,0.0,0.8,0.2,MNAR_mroz_wages
767,2,2,KNN,0.6,0.0,0.4,0.6,MNAR_mroz_wages
768,2,1,KNN,0.4,0.2,0.4,0.4,MNAR_mroz_wages
769,2,1,KNN,1.0,0.0,1.0,0.0,MNAR_mroz_wages
770,2,2,KNN,0.8,0.0,0.2,0.8,MNAR_mroz_wages
771,2,2,KNN,0.6,0.0,0.4,0.6,MNAR_mroz_wages
772,2,1,KNN,0.6,0.0,0.6,0.4,MNAR_mroz_wages
773,2,1,KNN,0.8,0.0,0.8,0.2,MNAR_mroz_wages
774,2,1,KNN,0.6,0.0,0.6,0.4,MNAR_mroz_wages
775,2,2,KNN,0.6,0.0,0.4,0.6,MNAR_mroz_wages
776,2,0,KNN,0.4,0.4,0.4,0.2,MNAR_mroz_wages
777,2,2,KNN,1.0,0.0,0.0,1.0,MNAR_mroz_wages
778,2,2,KNN,0.8,0.0,0.2,0.8,MNAR_mroz_wages
779,2,2,KNN,1.0,0.0,0.0,1.0,MNAR_mroz_wages
780,2,2,KNN,0.6,0.0,0.4,0.6,MNAR_mroz_wages
781,2,1,KNN,0.6,0.0,0.6,0.4,MNAR_mroz_wages
782,2,1,KNN,1.0,0.0,1.0,0.0,MNAR_mroz_wages
783,2,1,KNN,0.4,0.2,0.4,0.4,MNAR_mroz_wages
784,2,2,KNN,0.8,0.0,0.2,0.8,MNAR_mroz_wages
785,2,1,KNN,0.6,0.0,0.6,0.4,MNAR_mroz_wages
786,2,2,KNN,0.6,0.2,0.2,0.6,MNAR_mroz_wages
787,2,2,KNN,0.6,0.0,0.4,0.6,MNAR_mroz_wages
788,2,0,KNN,0.6,0.6,0.4,0.0,MNAR_mroz_wages
789,2,0,KNN,0.4,0.4,0.4,0.2,MNAR_mroz_wages
790,2,2,KNN,0.8,0.0,0.2,0.8,MNAR_mroz_wages
841,0,2,KNN,1.0,0.0,0.0,1.0,MCAR_hepatitis_albumin
842,0,0,KNN,0.6,0.6,0.2,0.2,MCAR_hepatitis_albumin
843,0,2,KNN,0.8,0.0,0.2,0.8,MCAR_hepatitis_albumin
844,0,0,KNN,0.4,0.4,0.4,0.2,MCAR_hepatitis_albumin
845,0,2,KNN,0.6,0.0,0.4,0.6,MCAR_hepatitis_albumin
846,0,2,KNN,0.6,0.0,0.4,0.6,MCAR_hepatitis_albumin
847,0,0,KNN,1.0,1.0,0.0,0.0,MCAR_hepatitis_albumin
848,0,0,KNN,0.6,0.6,0.0,0.4,MCAR_hepatitis_albumin
849,0,0,KNN,0.8,0.8,0.0,0.2,MCAR_hepatitis_albumin
850,0,0,KNN,0.4,0.4,0.4,0.2,MCAR_hepatitis_albumin
851,0,1,KNN,0.6,0.2,0.6,0.2,MCAR_hepatitis_albumin
852,0,2,KNN,0.6,0.4,0.0,0.6,MCAR_hepatitis_albumin
853,0,0,KNN,0.4,0.4,0.2,0.4,MCAR_hepatitis_albumin
854,0,2,KNN,0.8,0.0,0.2,0.8,MCAR_hepatitis_albumin
855,0,0,KNN,0.4,0.4,0.4,0.2,MCAR_hepatitis_albumin
856,0,0,KNN,0.8,0.8,0.0,0.2,MCAR_hepatitis_albumin
857,0,0,KNN,1.0,1.0,0.0,0.0,MCAR_hepatitis_albumin
858,0,0,KNN,0.6,0.6,0.0,0.4,MCAR_hepatitis_albumin
859,0,0,KNN,0.6,0.6,0.2,0.2,MCAR_hepatitis_albumin
860,0,0,KNN,0.4,0.4,0.4,0.2,MCAR_hepatitis_albumin
861,0,0,KNN,0.4,0.4,0.4,0.2,MCAR_hepatitis_albumin
862,0,1,KNN,0.6,0.0,0.6,0.4,MCAR_hepatitis_albumin
863,0,2,KNN,0.6,0.4,0.0,0.6,MCAR_hepatitis_albumin
864,0,0,KNN,0.8,0.8,0.0,0.2,MCAR_hepatitis_albumin
865,0,2,KNN,0.6,0.4,0.0,0.6,MCAR_hepatitis_albumin
866,0,2,KNN,0.8,0.2,0.0,0.8,MCAR_hepatitis_albumin
867,0,0,KNN,0.4,0.4,0.2,0.4,MCAR_hepatitis_albumin
868,0,0,KNN,0.4,0.4,0.4,0.2,MCAR_hepatitis_albumin
869,0,2,KNN,0.6,0.4,0.0,0.6,MCAR_hepatitis_albumin
870,0,0,KNN,0.4,0.4,0.4,0.2,MCAR_hepatitis_albumin
871,0,0,KNN,1.0,1.0,0.0,0.0,MCAR_hepatitis_albumin
872,0,0,KNN,1.0,1.0,0.0,0.0,MCAR_hepatitis_albumin
873,0,0,KNN,1.0,1.0,0.0,0.0,MCAR_hepatitis_albumin
874,0,2,KNN,0.6,0.0,0.4,0.6,MCAR_hepatitis_albumin
875,0,2,KNN,0.8,0.0,0.2,0.8,MCAR_hepatitis_albumin
876,0,2,KNN,0.6,0.0,0.4,0.6,MCAR_hepatitis_albumin
877,0,0,KNN,0.6,0.6,0.2,0.2,MCAR_hepatitis_albumin
878,0,0,KNN,0.8,0.8,0.0,0.2,MCAR_hepatitis_albumin
879,0,0,KNN,1.0,1.0,0.0,0.0,MCAR_hepatitis_albumin
880,0,0,KNN,0.8,0.8,0.2,0.0,MCAR_hepatitis_albumin
881,0,1,KNN,0.6,0.0,0.6,0.4,MCAR_hepatitis_albumin
882,0,1,KNN,0.4,0.2,0.4,0.4,MCAR_hepatitis_albumin
883,0,2,KNN,0.6,0.2,0.2,0.6,MCAR_hepatitis_albumin
884,0,2,KNN,0.8,0.0,0.2,0.8,MCAR_hepatitis_albumin
885,0,0,KNN,0.4,0.4,0.2,0.4,MCAR_hepatitis_albumin
886,0,0,KNN,0.6,0.6,0.2,0.2,MCAR_hepatitis_albumin
887,0,0,KNN,0.6,0.6,0.4,0.0,MCAR_hepatitis_albumin
888,0,0,KNN,0.8,0.8,0.2,0.0,MCAR_hepatitis_albumin
889,0,0,KNN,0.8,0.8,0.0,0.2,MCAR_hepatitis_albumin
890,0,0,KNN,0.6,0.6,0.0,0.4,MCAR_hepatitis_albumin
991,1,1,KNN,0.6,0.2,0.6,0.2,MAR_sick_t3
992,1,0,KNN,0.4,0.4,0.4,0.2,MAR_sick_t3
993,1,2,KNN,0.6,0.0,0.4,0.6,MAR_sick_t3
994,1,1,KNN,0.8,0.0,0.8,0.2,MAR_sick_t3
995,1,1,KNN,0.6,0.0,0.6,0.4,MAR_sick_t3
996,1,0,KNN,0.4,0.4,0.4,0.2,MAR_sick_t3
997,1,1,KNN,0.6,0.2,0.6,0.2,MAR_sick_t3
998,1,1,KNN,0.8,0.0,0.8,0.2,MAR_sick_t3
999,1,1,KNN,0.6,0.0,0.6,0.4,MAR_sick_t3
1000,1,0,KNN,1.0,1.0,0.0,0.0,MAR_sick_t3
1001,1,1,KNN,0.6,0.2,0.6,0.2,MAR_sick_t3
1002,1,1,KNN,0.4,0.2,0.4,0.4,MAR_sick_t3
1003,1,2,KNN,0.6,0.0,0.4,0.6,MAR_sick_t3
1004,1,0,KNN,0.6,0.6,0.2,0.2,MAR_sick_t3
1005,1,2,KNN,0.6,0.2,0.2,0.6,MAR_sick_t3
1006,1,0,KNN,0.6,0.6,0.2,0.2,MAR_sick_t3
1007,1,0,KNN,0.4,0.4,0.2,0.4,MAR_sick_t3
1008,1,1,KNN,0.8,0.2,0.8,0.0,MAR_sick_t3
1009,1,2,KNN,0.6,0.0,0.4,0.6,MAR_sick_t3
1010,1,2,KNN,0.6,0.0,0.4,0.6,MAR_sick_t3
1011,1,1,KNN,0.6,0.2,0.6,0.2,MAR_sick_t3
1012,1,0,KNN,0.4,0.4,0.2,0.4,MAR_sick_t3
1013,1,2,KNN,0.8,0.0,0.2,0.8,MAR_sick_t3
1014,1,0,KNN,0.4,0.4,0.2,0.4,MAR_sick_t3
1015,1,0,KNN,0.4,0.4,0.2,0.4,MAR_sick_t3
1016,1,2,KNN,0.8,0.0,0.2,0.8,MAR_sick_t3
1017,1,1,KNN,0.4,0.2,0.4,0.4,MAR_sick_t3
1018,1,1,KNN,1.0,0.0,1.0,0.0,MAR_sick_t3
1019,1,1,KNN,0.6,0.0,0.6,0.4,MAR_sick_t3
1020,1,2,KNN,0.6,0.2,0.2,0.6,MAR_sick_t3
1021,1,0,KNN,1.0,1.0,0.0,0.0,MAR_sick_t3
1022,1,1,KNN,0.8,0.2,0.8,0.0,MAR_sick_t3
1023,1,2,KNN,0.8,0.0,0.2,0.8,MAR_sick_t3
1024,1,1,KNN,0.8,0.2,0.8,0.0,MAR_sick_t3
1025,1,2,KNN,0.8,0.0,0.2,0.8,MAR_sick_t3
1026,1,1,KNN,0.4,0.2,0.4,0.4,MAR_sick_t3
1027,1,0,KNN,0.4,0.4,0.2,0.4,MAR_sick_t3
1028,1,0,KNN,0.4,0.4,0.4,0.2,MAR_sick_t3
1029,1,1,KNN,0.8,0.0,0.8,0.2,MAR_sick_t3
1030,1,0,KNN,0.6,0.6,0.0,0.4,MAR_sick_t3
1031,1,2,KNN,0.6,0.2,0.2,0.6,MAR_sick_t3
1032,1,1,KNN,0.6,0.0,0.6,0.4,MAR_sick_t3
1033,1,0,KNN,0.4,0.4,0.2,0.4,MAR_sick_t3
1034,1,1,KNN,0.8,0.0,0.8,0.2,MAR_sick_t3
1035,1,0,KNN,0.4,0.4,0.2,0.4,MAR_sick_t3
1036,1,1,KNN,0.6,0.4,0.6,0.0,MAR_sick_t3
1037,1,2,KNN,0.8,0.2,0.0,0.8,MAR_sick_t3
1038,1,0,KNN,0.6,0.6,0.0,0.4,MAR_sick_t3
1039,1,2,KNN,0.6,0.2,0.2,0.6,MAR_sick_t3
1040,1,0,KNN,0.4,0.4,0.4,0.2,MAR_sick_t3
1041,1,2,KNN,1.0,0.0,0.0,1.0,MAR_sick_tsh
1042,1,2,KNN,0.6,0.0,0.4,0.6,MAR_sick_tsh
1043,1,2,KNN,1.0,0.0,0.0,1.0,MAR_sick_tsh
1044,1,2,KNN,1.0,0.0,0.0,1.0,MAR_sick_tsh
1045,1,2,KNN,0.8,0.0,0.2,0.8,MAR_sick_tsh
1046,1,2,KNN,1.0,0.0,0.0,1.0,MAR_sick_tsh
1047,1,2,KNN,1.0,0.0,0.0,1.0,MAR_sick_tsh
1048,1,2,KNN,1.0,0.0,0.0,1.0,MAR_sick_tsh
1049,1,2,KNN,0.8,0.0,0.2,0.8,MAR_sick_tsh
1050,1,2,KNN,1.0,0.0,0.0,1.0,MAR_sick_tsh
1051,1,2,KNN,1.0,0.0,0.0,1.0,MAR_sick_tsh
1052,1,2,KNN,1.0,0.0,0.0,1.0,MAR_sick_tsh
1053,1,2,KNN,1.0,0.0,0.0,1.0,MAR_sick_tsh
1054,1,2,KNN,1.0,0.0,0.0,1.0,MAR_sick_tsh
1055,1,2,KNN,1.0,0.0,0.0,1.0,MAR_sick_tsh
1056,1,2,KNN,1.0,0.0,0.0,1.0,MAR_sick_tsh
1057,1,2,KNN,1.0,0.0,0.0,1.0,MAR_sick_tsh
1058,1,2,KNN,1.0,0.0,0.0,1.0,MAR_sick_tsh
1059,1,2,KNN,1.0,0.0,0.0,1.0,MAR_sick_tsh
1060,1,2,KNN,1.0,0.0,0.0,1.0,MAR_sick_tsh
1061,1,0,KNN,0.6,0.6,0.0,0.4,MAR_sick_tsh
1062,1,2,KNN,1.0,0.0,0.0,1.0,MAR_sick_tsh
1063,1,2,KNN,1.0,0.0,0.0,1.0,MAR_sick_tsh
1064,1,2,KNN,1.0,0.0,0.0,1.0,MAR_sick_tsh
1065,1,2,KNN,1.0,0.0,0.0,1.0,MAR_sick_tsh
1066,1,2,KNN,1.0,0.0,0.0,1.0,MAR_sick_tsh
1067,1,2,KNN,1.0,0.0,0.0,1.0,MAR_sick_tsh
1068,1,2,KNN,1.0,0.0,0.0,1.0,MAR_sick_tsh
1069,1,2,KNN,1.0,0.0,0.0,1.0,MAR_sick_tsh
1070,1,2,KNN,0.6,0.0,0.4,0.6,MAR_sick_tsh
1071,1,2,KNN,1.0,0.0,0.0,1.0,MAR_sick_tsh
1072,1,2,KNN,0.8,0.0,0.2,0.8,MAR_sick_tsh
1073,1,2,KNN,1.0,0.0,0.0,1.0,MAR_sick_tsh
1074,1,2,KNN,1.0,0.0,0.0,1.0,MAR_sick_tsh
1075,1,2,KNN,1.0,0.0,0.0,1.0,MAR_sick_tsh
1076,1,2,KNN,1.0,0.0,0.0,1.0,MAR_sick_tsh
1077,1,2,KNN,1.0,0.0,0.0,1.0,MAR_sick_tsh
1078,1,2,KNN,1.0,0.0,0.0,1.0,MAR_sick_tsh
1079,1,2,KNN,1.0,0.0,0.0,1.0,MAR_sick_tsh
1080,1,2,KNN,1.0,0.0,0.0,1.0,MAR_sick_tsh
1081,1,2,KNN,1.0,0.0,0.0,1.0,MAR_sick_tsh
1082,1,2,KNN,1.0,0.0,0.0,1.0,MAR_sick_tsh
1083,1,2,KNN,1.0,0.0,0.0,1.0,MAR_sick_tsh
1084,1,2,KNN,1.0,0.0,0.0,1.0,MAR_sick_tsh
1085,1,2,KNN,1.0,0.0,0.0,1.0,MAR_sick_tsh
1086,1,2,KNN,1.0,0.0,0.0,1.0,MAR_sick_tsh
1087,1,2,KNN,1.0,0.0,0.0,1.0,MAR_sick_tsh
1088,1,2,KNN,1.0,0.0,0.0,1.0,MAR_sick_tsh
1089,1,2,KNN,1.0,0.0,0.0,1.0,MAR_sick_tsh
1240,2,2,KNN,1.0,0.0,0.0,1.0,MNAR_nhanes_cadmium
1241,2,1,KNN,0.8,0.2,0.8,0.0,MNAR_nhanes_cadmium
1242,2,1,KNN,0.4,0.2,0.4,0.4,MNAR_nhanes_cadmium
1243,2,0,KNN,0.8,0.8,0.2,0.0,MNAR_nhanes_cadmium
1244,2,2,KNN,0.8,0.0,0.2,0.8,MNAR_nhanes_cadmium
1245,2,2,KNN,1.0,0.0,0.0,1.0,MNAR_nhanes_cadmium
1246,2,1,KNN,0.6,0.0,0.6,0.4,MNAR_nhanes_cadmium
1247,2,2,KNN,0.6,0.0,0.4,0.6,MNAR_nhanes_cadmium
1248,2,2,KNN,1.0,0.0,0.0,1.0,MNAR_nhanes_cadmium
1249,2,2,KNN,0.8,0.0,0.2,0.8,MNAR_nhanes_cadmium
1250,2,2,KNN,1.0,0.0,0.0,1.0,MNAR_nhanes_cadmium
1251,2,1,KNN,0.6,0.0,0.6,0.4,MNAR_nhanes_cadmium
1252,2,2,KNN,1.0,0.0,0.0,1.0,MNAR_nhanes_cadmium
1253,2,0,KNN,0.6,0.6,0.0,0.4,MNAR_nhanes_cadmium
1254,2,2,KNN,0.8,0.0,0.2,0.8,MNAR_nhanes_cadmium
1255,2,2,KNN,0.6,0.2,0.2,0.6,MNAR_nhanes_cadmium
1256,2,2,KNN,0.8,0.0,0.2,0.8,MNAR_nhanes_cadmium
1257,2,1,KNN,1.0,0.0,1.0,0.0,MNAR_nhanes_cadmium
1258,2,2,KNN,0.6,0.2,0.2,0.6,MNAR_nhanes_cadmium
1259,2,2,KNN,1.0,0.0,0.0,1.0,MNAR_nhanes_cadmium
1260,2,1,KNN,0.8,0.0,0.8,0.2,MNAR_nhanes_cadmium
1261,2,2,KNN,0.6,0.2,0.2,0.6,MNAR_nhanes_cadmium
1262,2,0,KNN,0.4,0.4,0.2,0.4,MNAR_nhanes_cadmium
1263,2,1,KNN,0.6,0.0,0.6,0.4,MNAR_nhanes_cadmium
1264,2,2,KNN,1.0,0.0,0.0,1.0,MNAR_nhanes_cadmium
1265,2,2,KNN,0.6,0.4,0.0,0.6,MNAR_nhanes_cadmium
1266,2,1,KNN,0.8,0.0,0.8,0.2,MNAR_nhanes_cadmium
1267,2,2,KNN,0.8,0.0,0.2,0.8,MNAR_nhanes_cadmium
1268,2,2,KNN,0.6,0.2,0.2,0.6,MNAR_nhanes_cadmium
1269,2,1,KNN,0.8,0.0,0.8,0.2,MNAR_nhanes_cadmium
1270,2,2,KNN,0.6,0.2,0.2,0.6,MNAR_nhanes_cadmium
1271,2,2,KNN,1.0,0.0,0.0,1.0,MNAR_nhanes_cadmium
1272,2,0,KNN,1.0,1.0,0.0,0.0,MNAR_nhanes_cadmium
1273,2,1,KNN,0.6,0.2,0.6,0.2,MNAR_nhanes_cadmium
1274,2,1,KNN,0.8,0.0,0.8,0.2,MNAR_nhanes_cadmium
1275,2,2,KNN,1.0,0.0,0.0,1.0,MNAR_nhanes_cadmium
1276,2,0,KNN,0.4,0.4,0.4,0.2,MNAR_nhanes_cadmium
1277,2,1,KNN,0.6,0.2,0.6,0.2,MNAR_nhanes_cadmium
1278,2,2,KNN,0.6,0.2,0.2,0.6,MNAR_nhanes_cadmium
1279,2,0,KNN,0.6,0.6,0.0,0.4,MNAR_nhanes_cadmium
1280,2,2,KNN,0.6,0.0,0.4,0.6,MNAR_nhanes_cadmium
1281,2,1,KNN,0.6,0.2,0.6,0.2,MNAR_nhanes_cadmium
1282,2,0,KNN,0.8,0.8,0.2,0.0,MNAR_nhanes_cadmium
1283,2,1,KNN,0.6,0.2,0.6,0.2,MNAR_nhanes_cadmium
1284,2,1,KNN,0.6,0.0,0.6,0.4,MNAR_nhanes_cadmium
1285,2,2,KNN,0.8,0.0,0.2,0.8,MNAR_nhanes_cadmium
1286,2,0,KNN,0.4,0.4,0.4,0.2,MNAR_nhanes_cadmium
1287,2,2,KNN,1.0,0.0,0.0,1.0,MNAR_nhanes_cadmium
1288,2,2,KNN,1.0,0.0,0.0,1.0,MNAR_nhanes_cadmium
1289,2,1,KNN,0.6,0.2,0.6,0.2,MNAR_nhanes_cadmium
1440,2,0,KNN,0.8,0.8,0.0,0.2,MNAR_pima_skinthickness
1441,2,1,KNN,0.6,0.0,0.6,0.4,MNAR_pima_skinthickness
1442,2,2,KNN,0.6,0.2,0.2,0.6,MNAR_pima_skinthickness
1443,2,0,KNN,1.0,1.0,0.0,0.0,MNAR_pima_skinthickness
1444,2,2,KNN,0.6,0.2,0.2,0.6,MNAR_pima_skinthickness
1445,2,0,KNN,0.6,0.6,0.0,0.4,MNAR_pima_skinthickness
1446,2,2,KNN,0.6,0.4,0.0,0.6,MNAR_pima_skinthickness
1447,2,1,KNN,0.8,0.2,0.8,0.0,MNAR_pima_skinthickness
1448,2,2,KNN,0.6,0.0,0.4,0.6,MNAR_pima_skinthickness
1449,2,2,KNN,0.8,0.2,0.0,0.8,MNAR_pima_skinthickness
1450,2,0,KNN,1.0,1.0,0.0,0.0,MNAR_pima_skinthickness
1451,2,1,KNN,0.4,0.2,0.4,0.4,MNAR_pima_skinthickness
1452,2,0,KNN,1.0,1.0,0.0,0.0,MNAR_pima_skinthickness
1453,2,1,KNN,0.4,0.2,0.4,0.4,MNAR_pima_skinthickness
1454,2,2,KNN,0.8,0.0,0.2,0.8,MNAR_pima_skinthickness
1455,2,0,KNN,0.4,0.4,0.2,0.4,MNAR_pima_skinthickness
1456,2,2,KNN,0.8,0.2,0.0,0.8,MNAR_pima_skinthickness
1457,2,0,KNN,0.8,0.8,0.0,0.2,MNAR_pima_skinthickness
1458,2,1,KNN,0.4,0.2,0.4,0.4,MNAR_pima_skinthickness
1459,2,1,KNN,0.4,0.2,0.4,0.4,MNAR_pima_skinthickness
1460,2,0,KNN,0.4,0.4,0.4,0.2,MNAR_pima_skinthickness
1461,2,1,KNN,0.8,0.0,0.8,0.2,MNAR_pima_skinthickness
1462,2,1,KNN,1.0,0.0,1.0,0.0,MNAR_pima_skinthickness
1463,2,1,KNN,0.6,0.0,0.6,0.4,MNAR_pima_skinthickness
1464,2,0,KNN,0.6,0.6,0.4,0.0,MNAR_pima_skinthickness
1465,2,0,KNN,0.6,0.6,0.0,0.4,MNAR_pima_skinthickness
1466,2,2,KNN,1.0,0.0,0.0,1.0,MNAR_pima_skinthickness
1467,2,2,KNN,0.6,0.2,0.2,0.6,MNAR_pima_skinthickness
1468,2,2,KNN,0.6,0.0,0.4,0.6,MNAR_pima_skinthickness
1469,2,1,KNN,0.6,0.2,0.6,0.2,MNAR_pima_skinthickness
1470,2,0,KNN,0.6,0.6,0.2,0.2,MNAR_pima_skinthickness
1471,2,1,KNN,1.0,0.0,1.0,0.0,MNAR_pima_skinthickness
1472,2,1,KNN,0.4,0.2,0.4,0.4,MNAR_pima_skinthickness
1473,2,1,KNN,0.6,0.4,0.6,0.0,MNAR_pima_skinthickness
1474,2,1,KNN,0.4,0.2,0.4,0.4,MNAR_pima_skinthickness
1475,2,2,KNN,0.6,0.0,0.4,0.6,MNAR_pima_skinthickness
1476,2,2,KNN,0.6,0.0,0.4,0.6,MNAR_pima_skinthickness
1477,2,0,KNN,1.0,1.0,0.0,0.0,MNAR_pima_skinthickness
1478,2,0,KNN,0.4,0.4,0.2,0.4,MNAR_pima_skinthickness
1479,2,0,KNN,0.8,0.8,0.2,0.0,MNAR_pima_skinthickness
1480,2,2,KNN,0.6,0.0,0.4,0.6,MNAR_pima_skinthickness
1481,2,0,KNN,0.4,0.4,0.4,0.2,MNAR_pima_skinthickness
1482,2,0,KNN,1.0,1.0,0.0,0.0,MNAR_pima_skinthickness
1483,2,1,KNN,0.8,0.2,0.8,0.0,MNAR_pima_skinthickness
1484,2,2,KNN,0.6,0.2,0.2,0.6,MNAR_pima_skinthickness
1485,2,2,KNN,0.8,0.0,0.2,0.8,MNAR_pima_skinthickness
1486,2,2,KNN,0.6,0.4,0.0,0.6,MNAR_pima_skinthickness
1487,2,0,KNN,0.8,0.8,0.0,0.2,MNAR_pima_skinthickness
1488,2,0,KNN,0.4,0.4,0.4,0.2,MNAR_pima_skinthickness
1489,2,0,KNN,0.4,0.4,0.4,0.2,MNAR_pima_skinthickness
1490,2,1,KNN,0.6,0.0,0.6,0.4,MNAR_support2_albumin
1491,2,1,KNN,0.6,0.0,0.6,0.4,MNAR_support2_albumin
1492,2,2,KNN,0.6,0.0,0.4,0.6,MNAR_support2_albumin
1493,2,0,KNN,0.8,0.8,0.2,0.0,MNAR_support2_albumin
1494,2,2,KNN,0.8,0.0,0.2,0.8,MNAR_support2_albumin
1495,2,2,KNN,0.6,0.4,0.0,0.6,MNAR_support2_albumin
1496,2,1,KNN,0.6,0.4,0.6,0.0,MNAR_support2_albumin
1497,2,2,KNN,0.8,0.0,0.2,0.8,MNAR_support2_albumin
1498,2,1,KNN,1.0,0.0,1.0,0.0,MNAR_support2_albumin
1499,2,0,KNN,0.4,0.4,0.2,0.4,MNAR_support2_albumin
1500,2,1,KNN,0.6,0.0,0.6,0.4,MNAR_support2_albumin
1501,2,1,KNN,0.6,0.0,0.6,0.4,MNAR_support2_albumin
1502,2,1,KNN,0.4,0.2,0.4,0.4,MNAR_support2_albumin
1503,2,2,KNN,0.8,0.0,0.2,0.8,MNAR_support2_albumin
1504,2,0,KNN,0.4,0.4,0.2,0.4,MNAR_support2_albumin
1505,2,2,KNN,1.0,0.0,0.0,1.0,MNAR_support2_albumin
1506,2,1,KNN,1.0,0.0,1.0,0.0,MNAR_support2_albumin
1507,2,0,KNN,0.6,0.6,0.2,0.2,MNAR_support2_albumin
1508,2,2,KNN,0.6,0.0,0.4,0.6,MNAR_support2_albumin
1509,2,0,KNN,0.4,0.4,0.4,0.2,MNAR_support2_albumin
1510,2,2,KNN,0.6,0.0,0.4,0.6,MNAR_support2_albumin
1511,2,2,KNN,0.8,0.2,0.0,0.8,MNAR_support2_albumin
1512,2,1,KNN,0.8,0.0,0.8,0.2,MNAR_support2_albumin
1513,2,0,KNN,0.6,0.6,0.0,0.4,MNAR_support2_albumin
1514,2,2,KNN,0.6,0.2,0.2,0.6,MNAR_support2_albumin
1515,2,2,KNN,0.8,0.0,0.2,0.8,MNAR_support2_albumin
1516,2,1,KNN,0.4,0.2,0.4,0.4,MNAR_support2_albumin
1517,2,2,KNN,0.6,0.0,0.4,0.6,MNAR_support2_albumin
1518,2,0,KNN,0.4,0.4,0.4,0.2,MNAR_support2_albumin
1519,2,1,KNN,0.6,0.2,0.6,0.2,MNAR_support2_albumin
1520,2,1,KNN,1.0,0.0,1.0,0.0,MNAR_support2_albumin
1521,2,2,KNN,0.8,0.0,0.2,0.8,MNAR_support2_albumin
1522,2,1,KNN,0.6,0.0,0.6,0.4,MNAR_support2_albumin
1523,2,1,KNN,0.6,0.0,0.6,0.4,MNAR_support2_albumin
1524,2,1,KNN,0.6,0.0,0.6,0.4,MNAR_support2_albumin
1525,2,2,KNN,0.6,0.0,0.4,0.6,MNAR_support2_albumin
1526,2,0,KNN,0.6,0.6,0.0,0.4,MNAR_support2_albumin
1527,2,2,KNN,0.6,0.0,0.4,0.6,MNAR_support2_albumin
1528,2,0,KNN,0.4,0.4,0.4,0.2,MNAR_support2_albumin
1529,2,0,KNN,1.0,1.0,0.0,0.0,MNAR_support2_albumin
1530,2,2,KNN,0.8,0.0,0.2,0.8,MNAR_support2_albumin
1531,2,2,KNN,0.6,0.0,0.4,0.6,MNAR_support2_albumin
1532,2,1,KNN,0.6,0.0,0.6,0.4,MNAR_support2_albumin
1533,2,1,KNN,1.0,0.0,1.0,0.0,MNAR_support2_albumin
1534,2,0,KNN,0.4,0.4,0.2,0.4,MNAR_support2_albumin
1535,2,1,KNN,0.6,0.2,0.6,0.2,MNAR_support2_albumin
1536,2,1,KNN,0.4,0.2,0.4,0.4,MNAR_support2_albumin
1537,2,0,KNN,0.4,0.4,0.4,0.2,MNAR_support2_albumin
1538,2,0,KNN,0.4,0.4,0.2,0.4,MNAR_support2_albumin
1539,2,1,KNN,0.8,0.2,0.8,0.0,MNAR_support2_albumin
98,0,2,MLP,0.7367956176115568,0.03287600348621301,0.23032837890223026,0.7367956176115568,MCAR_brandsma_apr
99,0,0,MLP,0.9913965215833525,0.9913965215833525,0.008451484807880978,0.0001519936087667277,MCAR_brandsma_apr
100,0,0,MLP,0.9424021275274603,0.9424021275274603,0.016023936632765877,0.041573935839773715,MCAR_brandsma_apr
101,0,2,MLP,0.6206458081727286,0.25776800232480923,0.12158618950246207,0.6206458081727286,MCAR_brandsma_apr
102,0,2,MLP,0.9889493730889254,0.011042122862642143,8.504048432496746e-06,0.9889493730889254,MCAR_brandsma_apr
103,0,1,MLP,0.9083328026732203,0.0026859046122380817,0.9083328026732203,0.08898129271454176,MCAR_brandsma_apr
104,0,0,MLP,0.8989403313881803,0.8989403313881803,0.0035529744766660694,0.09750669413515374,MCAR_brandsma_apr
105,0,0,MLP,0.995416586529335,0.995416586529335,0.0045819723041387785,1.4411665263541277e-06,MCAR_brandsma_apr
106,0,1,MLP,0.9911129658250488,0.0059829590230735565,0.9911129658250488,0.0029040751518776596,MCAR_brandsma_apr
107,0,0,MLP,0.9986824567998537,0.9986824567998537,5.7732632274914926e-09,0.0013175374268832223,MCAR_brandsma_apr
108,0,0,MLP,0.8898081197689054,0.8898081197689054,6.362010575104995e-07,0.11019124403003716,MCAR_brandsma_apr
109,0,0,MLP,0.9972802895404034,0.9972802895404034,0.0013741521983131363,0.0013455582612833636,MCAR_brandsma_apr
110,0,2,MLP,0.9999514199085692,4.115746705859352e-07,4.816851676034729e-05,0.9999514199085692,MCAR_brandsma_apr
111,0,0,MLP,0.8497987468762921,0.8497987468762921,0.13030568114653768,0.019895571977170276,MCAR_brandsma_apr
112,0,2,MLP,0.977852069036393,0.00047102575410753116,0.021676905209499338,0.977852069036393,MCAR_brandsma_apr
113,0,0,MLP,0.9998202080117955,0.9998202080117955,0.00017940159940174383,3.9038880285957495e-07,MCAR_brandsma_apr
114,0,1,MLP,0.7873006807610498,0.20708189696262755,0.7873006807610498,0.00561742227632285,MCAR_brandsma_apr
115,0,0,MLP,0.999792709201769,0.999792709201769,1.525046739112186e-08,0.00020727554776380722,MCAR_brandsma_apr
116,0,2,MLP,0.9695802092914897,0.03041923315768367,5.575508267132206e-07,0.9695802092914897,MCAR_brandsma_apr
117,0,2,MLP,0.9990582862326398,0.0004754028420371404,0.00046631092532305673,0.9990582862326398,MCAR_brandsma_apr
118,0,0,MLP,0.9881529211606942,0.9881529211606942,0.0003940691212497304,0.011453009718056219,MCAR_brandsma_apr
119,0,2,MLP,0.9989851351666932,0.0010148208596289395,4.397367788506899e-08,0.9989851351666932,MCAR_brandsma_apr
120,0,0,MLP,0.9341846788243091,0.9341846788243091,0.06302890626455139,0.002786414911139504,MCAR_brandsma_apr
121,0,0,MLP,0.8289557688848499,0.8289557688848499,0.017502955337852785,0.1535412757772974,MCAR_brandsma_apr
122,0,2,MLP,0.6449965624890239,0.3549446296927816,5.880781819441788e-05,0.6449965624890239,MCAR_brandsma_apr
123,0,2,MLP,0.4534823871781662,0.12663883813792676,0.41987877468390705,0.4534823871781662,MCAR_brandsma_apr
124,0,2,MLP,0.9376335212411046,0.0602203178409431,0.002146160917952317,0.9376335212411046,MCAR_brandsma_apr
125,0,1,MLP,0.992962193559608,0.00010520743445896195,0.992962193559608,0.0069325990059330225,MCAR_brandsma_apr
126,0,0,MLP,0.9796886530498484,0.9796886530498484,0.00014384032609412577,0.020167506624057488,MCAR_brandsma_apr
127,0,0,MLP,0.8363127186497409,0.8363127186497409,0.163326095902191,0.00036118544806826547,MCAR_brandsma_apr
128,0,0,MLP,0.9859800139193592,0.9859800139193592,1.9334798217621566e-06,0.014018052600819213,MCAR_brandsma_apr
129,0,1,MLP,0.9826995934907887,5.8602590187250056e-05,0.9826995934907887,0.01724180391902409,MCAR_brandsma_apr
130,0,0,MLP,0.8459520049193625,0.8459520049193625,2.037691291612302e-05,0.15402761816772131,MCAR_brandsma_apr
131,0,0,MLP,0.9104685853380688,0.9104685853380688,0.00023879818206048515,0.0892926164798707,MCAR_brandsma_apr
132,0,0,MLP,0.952358272996615,0.952358272996615,0.04607992207435381,0.001561804929031343,MCAR_brandsma_apr
133,0,0,MLP,0.9999463647169448,0.9999463647169448,3.259644182998348e-06,5.037563887239094e-05,MCAR_brandsma_apr
134,0,0,MLP,0.9889211775971598,0.9889211775971598,4.6707253105083535e-05,0.011032115149734999,MCAR_brandsma_apr
135,0,2,MLP,0.6895411230102082,0.00013226889666847222,0.3103266080931234,0.6895411230102082,MCAR_brandsma_apr
136,0,0,MLP,0.9970493220932343,0.9970493220932343,0.0029376888786376647,1.2989028127915196e-05,MCAR_brandsma_apr
137,0,0,MLP,0.9999694658154783,0.9999694658154783,9.887995135438981e-08,3.0435304570252295e-05,MCAR_brandsma_apr
138,0,0,MLP,0.9995005461171517,0.9995005461171517,1.6055359504439006e-05,0.00048339852334397185,MCAR_brandsma_apr
139,0,2,MLP,0.9961400557379867,0.00039819293322188634,0.0034617513287913885,0.9961400557379867,MCAR_brandsma_apr
140,0,2,MLP,0.46088437302220714,0.38292872686574086,0.1561869001120519,0.46088437302220714,MCAR_brandsma_apr
141,0,1,MLP,0.5284196008293681,0.47154269733054194,0.5284196008293681,3.77018400900017e-05,MCAR_brandsma_apr
142,0,0,MLP,0.47950310767751025,0.47950310767751025,0.39974465050578195,0.12075224181670764,MCAR_brandsma_apr
143,0,2,MLP,0.9968233145065057,0.0031472637745909335,2.9421718903208852e-05,0.9968233145065057,MCAR_brandsma_apr
144,0,2,MLP,0.49872105020182816,0.360047648235948,0.1412313015622239,0.49872105020182816,MCAR_brandsma_apr
145,0,2,MLP,0.9947455509227456,0.005024975162810347,0.00022947391444401682,0.9947455509227456,MCAR_brandsma_apr
146,0,0,MLP,0.5211992160622098,0.5211992160622098,0.009255848171757062,0.46954493576603323,MCAR_brandsma_apr
147,0,2,MLP,0.5239004970375326,0.4760718472946738,2.765566779361447e-05,0.5239004970375326,MCAR_brandsma_apr
741,2,2,MLP,0.981275542854075,1.0211614011136579e-07,0.018724355029784798,0.981275542854075,MNAR_mroz_wages
742,2,1,MLP,0.9985855127160875,3.595976061889914e-05,0.9985855127160875,0.0013785275232935895,MNAR_mroz_wages
743,2,2,MLP,0.7067835846926879,2.7959747748858467e-06,0.2932136193325372,0.7067835846926879,MNAR_mroz_wages
744,2,2,MLP,0.8406521509008282,2.073182356637758e-05,0.15932711727560547,0.8406521509008282,MNAR_mroz_wages
745,2,1,MLP,0.9986392593658139,2.2505822464502854e-05,0.9986392593658139,0.0013382348117216682,MNAR_mroz_wages
746,2,1,MLP,0.919714878403605,8.568097582017302e-11,0.919714878403605,0.08028512151071408,MNAR_mroz_wages
747,2,1,MLP,0.9991143724043442,4.025953761700879e-10,0.9991143724043442,0.0008856271930603343,MNAR_mroz_wages
748,2,1,MLP,0.9907849470461243,5.466418913736115e-05,0.9907849470461243,0.009160388764738363,MNAR_mroz_wages
749,2,1,MLP,0.9925462798787804,2.6538518680087365e-09,0.9925462798787804,0.007453717467367669,MNAR_mroz_wages
750,2,1,MLP,0.9999766873307618,1.7770652215185027e-07,0.9999766873307618,2.3134962716137013e-05,MNAR_mroz_wages
751,2,1,MLP,0.9548575181755564,8.995740603089016e-06,0.9548575181755564,0.045133486083840504,MNAR_mroz_wages
752,2,2,MLP,0.5546874161580733,5.72901767226524e-06,0.4453068548242544,0.5546874161580733,MNAR_mroz_wages
753,2,1,MLP,0.9999855828869582,3.2325533365062354e-08,0.9999855828869582,1.4384787508443967e-05,MNAR_mroz_wages
754,2,1,MLP,0.8025919660029762,0.018696948661945153,0.8025919660029762,0.17871108533507865,MNAR_mroz_wages
755,2,1,MLP,0.999972522360259,7.200309578145724e-08,0.999972522360259,2.74056366452017e-05,MNAR_mroz_wages
756,2,1,MLP,0.9957913110386064,1.9324678565904523e-05,0.9957913110386064,0.004189364282827635,MNAR_mroz_wages
757,2,1,MLP,0.9993564174661015,6.7823850915248095e-09,0.9993564174661015,0.0006435757515134809,MNAR_mroz_wages
758,2,1,MLP,0.9987410294134681,7.540077923341611e-08,0.9987410294134681,0.0012588951857525578,MNAR_mroz_wages
759,2,1,MLP,0.921755425157157,8.609385457093676e-05,0.921755425157157,0.07815848098827204,MNAR_mroz_wages
760,2,1,MLP,0.9672612240297278,5.518814004152258e-06,0.9672612240297278,0.03273325715626783,MNAR_mroz_wages
761,2,1,MLP,0.9979199492613191,8.720176967031702e-10,0.9979199492613191,0.002080049866663154,MNAR_mroz_wages
762,2,2,MLP,0.5231173809134105,0.0001236191628166884,0.47675899992377274,0.5231173809134105,MNAR_mroz_wages
763,2,1,MLP,0.5243657891974008,9.999430947133424e-10,0.5243657891974008,0.475634209802656,MNAR_mroz_wages
764,2,1,MLP,0.9998133618763112,5.453558321704776e-06,0.9998133618763112,0.00018118456536709099,MNAR_mroz_wages
765,2,1,MLP,0.9202480171460646,2.6814840874979157e-06,0.9202480171460646,0.07974930136984792,MNAR_mroz_wages
766,2,2,MLP,0.9947841108747747,4.1769743336378455e-07,0.005215471427791925,0.9947841108747747,MNAR_mroz_wages
767,2,1,MLP,0.9497343798080028,0.0001223663758505806,0.9497343798080028,0.0501432538161468,MNAR_mroz_wages
768,2,2,MLP,0.7338226434331826,2.669758412384407e-05,0.2661506589826936,0.7338226434331826,MNAR_mroz_wages
769,2,1,MLP,0.9965645122600953,0.0034239894849296734,0.9965645122600953,1.1498254975042262e-05,MNAR_mroz_wages
770,2,2,MLP,0.9769309695528071,9.575012873884942e-09,0.02306902087218002,0.9769309695528071,MNAR_mroz_wages
771,2,1,MLP,0.5779204190182047,1.1833137094366838e-06,0.5779204190182047,0.4220783976680859,MNAR_mroz_wages
772,2,1,MLP,0.5188632926947054,2.7486965629173332e-08,0.5188632926947054,0.4811366798183289,MNAR_mroz_wages
773,2,1,MLP,0.99995216694594,1.5690159774115561e-06,0.99995216694594,4.626403808263982e-05,MNAR_mroz_wages
774,2,1,MLP,0.5137345473032565,6.151400776138334e-05,0.5137345473032565,0.48620393868898204,MNAR_mroz_wages
775,2,1,MLP,0.9905348281290453,6.615432380679215e-09,0.9905348281290453,0.009465165255522195,MNAR_mroz_wages
776,2,1,MLP,0.9886862596533595,0.011262947181763638,0.9886862596533595,5.079316487688853e-05,MNAR_mroz_wages
777,2,2,MLP,0.9227668841937055,0.00019213156442052942,0.07704098424187417,0.9227668841937055,MNAR_mroz_wages
778,2,1,MLP,0.846593238754456,4.669297551291841e-07,0.846593238754456,0.15340629431578903,MNAR_mroz_wages
779,2,2,MLP,0.9360888806915542,5.168395938319398e-07,0.06391060246885205,0.9360888806915542,MNAR_mroz_wages
780,2,1,MLP,0.9972927021119383,3.6088738514218178e-09,0.9972927021119383,0.0027072942791877552,MNAR_mroz_wages
781,2,1,MLP,0.9921474877268268,6.586906337699433e-06,0.9921474877268268,0.00784592536683552,MNAR_mroz_wages
782,2,1,MLP,0.9999951595979285,1.6250394815135943e-08,0.9999951595979285,4.82415167666028e-06,MNAR_mroz_wages
783,2,1,MLP,0.9883242993054963,5.666601574738222e-10,0.9883242993054963,0.011675700127843637,MNAR_mroz_wages
784,2,1,MLP,0.9819831477547027,3.5336941846310915e-09,0.9819831477547027,0.018016848711603056,MNAR_mroz_wages
785,2,1,MLP,0.9981684678777748,1.5343266318418187e-05,0.9981684678777748,0.0018161888559067743,MNAR_mroz_wages
786,2,1,MLP,0.9802311354159264,6.433785531969093e-07,0.9802311354159264,0.019768221205520416,MNAR_mroz_wages
787,2,1,MLP,0.690557121172376,8.802077316175648e-07,0.690557121172376,0.3094419986198924,MNAR_mroz_wages
788,2,0,MLP,0.9321301424173576,0.9321301424173576,0.0674818786990559,0.0003879788835863788,MNAR_mroz_wages
789,2,1,MLP,0.9940911108840897,4.2750959696575914e-08,0.9940911108840897,0.005908846364950491,MNAR_mroz_wages
790,2,2,MLP,0.9786726202881085,6.34193987550088e-08,0.021327316292492824,0.9786726202881085,MNAR_mroz_wages
841,0,2,MLP,0.9999377221327878,3.295351617316759e-07,6.194833205051604e-05,0.9999377221327878,MCAR_hepatitis_albumin
842,0,2,MLP,0.8606550867966054,0.0163501618275424,0.12299475137585218,0.8606550867966054,MCAR_hepatitis_albumin
843,0,2,MLP,0.999999987021208,1.2544871207065227e-08,4.339208604567575e-10,0.999999987021208,MCAR_hepatitis_albumin
844,0,2,MLP,0.5221838664292039,0.37153991774813766,0.1062762158226585,0.5221838664292039,MCAR_hepatitis_albumin
845,0,2,MLP,0.7454944198979238,0.25432745217863745,0.00017812792343875684,0.7454944198979238,MCAR_hepatitis_albumin
846,0,2,MLP,0.9998596251102613,7.440564070040416e-10,0.00014037414568219433,0.9998596251102613,MCAR_hepatitis_albumin
847,0,0,MLP,0.9237355416316747,0.9237355416316747,9.666859949120106e-05,0.07616778976883415,MCAR_hepatitis_albumin
848,0,1,MLP,0.6230084830419402,0.03329588485632696,0.6230084830419402,0.3436956321017327,MCAR_hepatitis_albumin
849,0,2,MLP,0.9972298587751249,0.0020629295284237325,0.0007072116964513523,0.9972298587751249,MCAR_hepatitis_albumin
850,0,1,MLP,0.8723356213868129,0.0135497888717897,0.8723356213868129,0.11411458974139733,MCAR_hepatitis_albumin
851,0,1,MLP,0.9560309728999186,0.03318938821265595,0.9560309728999186,0.010779638887425422,MCAR_hepatitis_albumin
852,0,2,MLP,0.9999854980811627,1.4501428604460134e-05,4.902328090267901e-10,0.9999854980811627,MCAR_hepatitis_albumin
853,0,1,MLP,0.8086691671991767,0.09865287129712667,0.8086691671991767,0.09267796150369675,MCAR_hepatitis_albumin
854,0,2,MLP,0.9940842462396927,2.849866019491636e-07,0.005915468773705286,0.9940842462396927,MCAR_hepatitis_albumin
855,0,2,MLP,0.9999977888070537,2.441982180155456e-07,1.9669947283685067e-06,0.9999977888070537,MCAR_hepatitis_albumin
856,0,2,MLP,0.956803912419211,0.01326852649691242,0.02992756108387655,0.956803912419211,MCAR_hepatitis_albumin
857,0,2,MLP,0.9748855062853532,1.3127839685412735e-05,0.02510136587496135,0.9748855062853532,MCAR_hepatitis_albumin
858,0,2,MLP,0.8643523311925001,0.13559767279913934,4.9996008360583175e-05,0.8643523311925001,MCAR_hepatitis_albumin
859,0,2,MLP,0.9703729767243141,0.0002571327292413984,0.029369890546444583,0.9703729767243141,MCAR_hepatitis_albumin
860,0,0,MLP,0.8180310459968431,0.8180310459968431,0.15938383460215513,0.022585119401001833,MCAR_hepatitis_albumin
861,0,0,MLP,0.8237623814937826,0.8237623814937826,0.17623645710405159,1.161402165797505e-06,MCAR_hepatitis_albumin
862,0,2,MLP,0.9998173429561122,0.00018170200872857678,9.550351591283343e-07,0.9998173429561122,MCAR_hepatitis_albumin
863,0,2,MLP,0.9799692364261658,0.019819109196866407,0.00021165437696763176,0.9799692364261658,MCAR_hepatitis_albumin
864,0,2,MLP,0.9975252039422936,6.28741246653218e-05,0.0024119219330410507,0.9975252039422936,MCAR_hepatitis_albumin
865,0,2,MLP,0.999999794227516,1.8708632698142659e-07,1.8686157082837493e-08,0.999999794227516,MCAR_hepatitis_albumin
866,0,2,MLP,0.9987367257746508,0.0012631458468978765,1.2837845139528352e-07,0.9987367257746508,MCAR_hepatitis_albumin
867,0,0,MLP,0.9755087502626532,0.9755087502626532,6.0295166850385556e-05,0.02443095457049646,MCAR_hepatitis_albumin
868,0,2,MLP,0.998841657213696,0.0007656063790949438,0.00039273640720893256,0.998841657213696,MCAR_hepatitis_albumin
869,0,2,MLP,0.4858878100462112,0.3249720575619445,0.18914013239184427,0.4858878100462112,MCAR_hepatitis_albumin
870,0,2,MLP,0.9993890392653274,1.8500793237847882e-06,0.0006091106553486675,0.9993890392653274,MCAR_hepatitis_albumin
871,0,0,MLP,0.8900589226655254,0.8900589226655254,0.10895493179537326,0.00098614553910127,MCAR_hepatitis_albumin
872,0,0,MLP,0.9992511353503607,0.9992511353503607,0.0002378506186937027,0.0005110140309456752,MCAR_hepatitis_albumin
873,0,0,MLP,0.998656860750359,0.998656860750359,3.124603056759024e-05,0.001311893219073604,MCAR_hepatitis_albumin
874,0,1,MLP,0.9942864509422643,1.2249133217989631e-09,0.9942864509422643,0.005713547832822398,MCAR_hepatitis_albumin
875,0,2,MLP,0.9854027558752438,0.014573090507062233,2.4153617693822978e-05,0.9854027558752438,MCAR_hepatitis_albumin
876,0,2,MLP,0.9513216042299751,5.114540071952734e-06,0.04867328122995302,0.9513216042299751,MCAR_hepatitis_albumin
877,0,1,MLP,0.7791288844075394,0.00019416233640532021,0.7791288844075394,0.22067695325605519,MCAR_hepatitis_albumin
878,0,1,MLP,0.46373457178612215,0.13466326953977908,0.46373457178612215,0.4016021586740988,MCAR_hepatitis_albumin
879,0,2,MLP,0.587188073004546,0.26682191565513674,0.14599001134031722,0.587188073004546,MCAR_hepatitis_albumin
880,0,2,MLP,0.9980758544249424,0.0007910990934848797,0.0011330464815726522,0.9980758544249424,MCAR_hepatitis_albumin
881,0,2,MLP,0.9999895387676839,2.065052881829954e-06,8.39617943434341e-06,0.9999895387676839,MCAR_hepatitis_albumin
882,0,0,MLP,0.9773418352074308,0.9773418352074308,7.039976041582764e-05,0.022587765032153408,MCAR_hepatitis_albumin
883,0,2,MLP,0.5716386636577763,6.759222882390161e-05,0.42829374411339977,0.5716386636577763,MCAR_hepatitis_albumin
884,0,2,MLP,0.9999978588964953,2.1411031469991214e-06,3.577245121953148e-13,0.9999978588964953,MCAR_hepatitis_albumin
885,0,2,MLP,0.9999646139454996,3.0551691018865725e-06,3.233088539846616e-05,0.9999646139454996,MCAR_hepatitis_albumin
886,0,1,MLP,0.9727390827595638,0.027000419075845904,0.9727390827595638,0.0002604981645904425,MCAR_hepatitis_albumin
887,0,0,MLP,0.8076296337907136,0.8076296337907136,0.19236966924624338,6.969630430225175e-07,MCAR_hepatitis_albumin
888,0,0,MLP,0.9306115786488494,0.9306115786488494,0.0029255346118963904,0.06646288673925442,MCAR_hepatitis_albumin
889,0,2,MLP,0.8359243392322145,0.156898978685482,0.0071766820823035175,0.8359243392322145,MCAR_hepatitis_albumin
890,0,2,MLP,0.9273061072631855,0.07238279299202793,0.00031109974478655064,0.9273061072631855,MCAR_hepatitis_albumin
991,1,1,MLP,0.9997948635081393,3.0274789724009454e-06,0.9997948635081393,0.00020210901288836904,MAR_sick_t3
992,1,1,MLP,0.7843889919750133,0.01680855873041539,0.7843889919750133,0.19880244929457133,MAR_sick_t3
993,1,2,MLP,0.9999999994590492,3.908401303642605e-17,5.409508255736506e-10,0.9999999994590492,MAR_sick_t3
994,1,1,MLP,0.9068227973383044,0.002940608504923992,0.9068227973383044,0.09023659415677163,MAR_sick_t3
995,1,2,MLP,0.9999973651844982,9.264975184035266e-14,2.634815409134975e-06,0.9999973651844982,MAR_sick_t3
996,1,1,MLP,0.98513949081831,4.892980950965289e-05,0.98513949081831,0.014811579372180354,MAR_sick_t3
997,1,1,MLP,0.9511183621805074,1.6488438599212684e-06,0.9511183621805074,0.04887998897563253,MAR_sick_t3
998,1,1,MLP,0.9936634058287642,4.135398710253207e-07,0.9936634058287642,0.0063361806313646865,MAR_sick_t3
999,1,1,MLP,0.907049468995346,4.380614726466389e-10,0.907049468995346,0.09295053056659264,MAR_sick_t3
1000,1,1,MLP,0.9309664316708463,0.00065912157783074,0.9309664316708463,0.0683744467513232,MAR_sick_t3
1001,1,2,MLP,0.9940041394906969,7.47261054013579e-08,0.005995785783197764,0.9940041394906969,MAR_sick_t3
1002,1,1,MLP,0.9995408803548645,2.6851800819261137e-07,0.9995408803548645,0.0004588511271272141,MAR_sick_t3
1003,1,1,MLP,0.9975998528832172,0.0005181595473235687,0.9975998528832172,0.0018819875694593442,MAR_sick_t3
1004,1,1,MLP,0.9897001525278635,0.0007315851531246086,0.9897001525278635,0.009568262319011823,MAR_sick_t3
1005,1,1,MLP,0.5392302862570677,1.910789125881198e-06,0.5392302862570677,0.4607678029538064,MAR_sick_t3
1006,1,2,MLP,0.5794007666320878,3.7826403888378566e-05,0.4205614069640239,0.5794007666320878,MAR_sick_t3
1007,1,2,MLP,0.9999601513327343,9.936074631168982e-13,3.9848666272158005e-05,0.9999601513327343,MAR_sick_t3
1008,1,1,MLP,0.7568343595238227,1.171605457709521e-06,0.7568343595238227,0.24316446887071944,MAR_sick_t3
1009,1,2,MLP,0.7492371969988082,1.0348646174951396e-06,0.25076176813657436,0.7492371969988082,MAR_sick_t3
1010,1,1,MLP,0.699252708751182,1.8733326618485217e-07,0.699252708751182,0.3007471039155519,MAR_sick_t3
1011,1,1,MLP,0.9996834760168742,6.778991865863007e-07,0.9996834760168742,0.0003158460839390792,MAR_sick_t3
1012,1,2,MLP,0.9991031078603402,5.302624699466278e-09,0.0008968868370351837,0.9991031078603402,MAR_sick_t3
1013,1,1,MLP,0.9999827254513322,6.945689718095356e-08,0.9999827254513322,1.720509177053925e-05,MAR_sick_t3
1014,1,2,MLP,0.7002781755902601,0.17251382142329846,0.12720800298644142,0.7002781755902601,MAR_sick_t3
1015,1,1,MLP,0.9988416634217433,2.581781212508927e-05,0.9988416634217433,0.0011325187661315743,MAR_sick_t3
1016,1,2,MLP,0.9778827175175479,5.992729709552728e-11,0.02211728242252494,0.9778827175175479,MAR_sick_t3
1017,1,2,MLP,0.98025143558292,0.0003547416162446456,0.019393822800835417,0.98025143558292,MAR_sick_t3
1018,1,1,MLP,0.7116987024540574,9.480394567369259e-07,0.7116987024540574,0.2883003495064859,MAR_sick_t3
1019,1,1,MLP,0.9953991241338872,1.3587928069246005e-09,0.9953991241338872,0.0046008745073200285,MAR_sick_t3
1020,1,1,MLP,0.9936537143647365,5.01592335545559e-08,0.9936537143647365,0.006346235476030065,MAR_sick_t3
1021,1,1,MLP,0.5826263002703912,3.624747023619948e-05,0.5826263002703912,0.4173374522593727,MAR_sick_t3
1022,1,1,MLP,0.9998997299801927,9.585373531468127e-08,0.9998997299801927,0.00010017416607203532,MAR_sick_t3
1023,1,1,MLP,0.5079828015831472,1.5921911252120432e-05,0.5079828015831472,0.49200127650560055,MAR_sick_t3
1024,1,1,MLP,0.999347558684535,6.062423079335221e-05,0.999347558684535,0.0005918170846716421,MAR_sick_t3
1025,1,1,MLP,0.9693722285982945,4.62419367929848e-08,0.9693722285982945,0.03062772515976876,MAR_sick_t3
1026,1,1,MLP,0.988884881591883,3.313195293415968e-05,0.988884881591883,0.011081986455182609,MAR_sick_t3
1027,1,1,MLP,0.9999067508948644,1.0744822492771982e-05,0.9999067508948644,8.250428264276199e-05,MAR_sick_t3
1028,1,1,MLP,0.9898678446507383,5.8737136047203766e-05,0.9898678446507383,0.010073418213214572,MAR_sick_t3
1029,1,2,MLP,0.9915105167358673,2.9323427333703506e-13,0.00848948326383951,0.9915105167358673,MAR_sick_t3
1030,1,2,MLP,0.5693076778223443,0.00046713231653165314,0.4302251898611242,0.5693076778223443,MAR_sick_t3
1031,1,1,MLP,0.6028535698527486,0.010907077193583017,0.6028535698527486,0.38623935295366835,MAR_sick_t3
1032,1,2,MLP,0.8945887958920338,3.785837178531442e-06,0.10540741827078763,0.8945887958920338,MAR_sick_t3
1033,1,1,MLP,0.9991284630424281,1.0678528721565093e-08,0.9991284630424281,0.0008715262790433666,MAR_sick_t3
1034,1,1,MLP,0.9993872284926871,1.086842077280575e-09,0.9993872284926871,0.0006127704204707922,MAR_sick_t3
1035,1,2,MLP,0.9999997625941597,3.6604547163812386e-12,2.374021798561639e-07,0.9999997625941597,MAR_sick_t3
1036,1,1,MLP,0.9915369844668263,6.284411143856107e-09,0.9915369844668263,0.008463009248762712,MAR_sick_t3
1037,1,1,MLP,0.8912064959024261,7.613796806906132e-09,0.8912064959024261,0.10879349648377708,MAR_sick_t3
1038,1,1,MLP,0.9989369896643427,1.3987209666084977e-08,0.9989369896643427,0.001062996348447668,MAR_sick_t3
1039,1,1,MLP,0.9971657819381788,1.6200646800091867e-07,0.9971657819381788,0.0028340560553530144,MAR_sick_t3
1040,1,1,MLP,0.9857386030432851,0.012652084050847251,0.9857386030432851,0.0016093129058676364,MAR_sick_t3
1041,1,2,MLP,1.0,8.451039875730116e-25,3.4767048883292855e-18,1.0,MAR_sick_tsh
1042,1,1,MLP,0.9996630479279526,1.856719402760744e-11,0.9996630479279526,0.0003369520534802631,MAR_sick_tsh
1043,1,2,MLP,1.0,8.096723226435006e-45,2.3305009176862754e-35,1.0,MAR_sick_tsh
1044,1,2,MLP,1.0,1.8571342945846279e-34,1.1669600413449582e-29,1.0,MAR_sick_tsh
1045,1,2,MLP,1.0,1.8765553114803523e-25,9.11908384617196e-23,1.0,MAR_sick_tsh
1046,1,2,MLP,0.9999999999979279,3.361444610345961e-20,2.072144415277184e-12,0.9999999999979279,MAR_sick_tsh
1047,1,2,MLP,1.0,3.2426196028627006e-36,9.424775457186024e-43,1.0,MAR_sick_tsh
1048,1,2,MLP,1.0,4.432760411784771e-31,3.2150646627336054e-25,1.0,MAR_sick_tsh
1049,1,2,MLP,0.9999994892383708,3.391280505782581e-15,5.107616258355767e-07,0.9999994892383708,MAR_sick_tsh
1050,1,2,MLP,1.0,1.69792605149568e-31,1.8750412844332736e-29,1.0,MAR_sick_tsh
1051,1,2,MLP,1.0,2.0977533653717784e-33,1.356999147690744e-22,1.0,MAR_sick_tsh
1052,1,2,MLP,1.0,4.2959196133207396e-24,3.5607079110731336e-26,1.0,MAR_sick_tsh
1053,1,2,MLP,1.0,7.357315284615693e-36,2.1253147072615922e-30,1.0,MAR_sick_tsh
1054,1,2,MLP,1.0,2.3565402564543993e-32,6.343277204126484e-35,1.0,MAR_sick_tsh
1055,1,2,MLP,1.0,1.5405432169748313e-39,1.0626925296868133e-32,1.0,MAR_sick_tsh
1056,1,2,MLP,1.0,1.2337285549870675e-46,4.5271376795557486e-39,1.0,MAR_sick_tsh
1057,1,2,MLP,1.0,2.3279388030991708e-25,1.2390725101481156e-17,1.0,MAR_sick_tsh
1058,1,2,MLP,1.0,2.8259698370678072e-36,2.5687439226127057e-33,1.0,MAR_sick_tsh
1059,1,2,MLP,1.0,2.255123986260777e-25,2.603108362216084e-19,1.0,MAR_sick_tsh
1060,1,2,MLP,1.0,3.3508210415900195e-33,6.184760375532004e-26,1.0,MAR_sick_tsh
1061,1,2,MLP,0.9999999999999598,5.4239524086247236e-18,4.0250684465927455e-14,0.9999999999999598,MAR_sick_tsh
1062,1,2,MLP,1.0,2.7805733117328104e-26,3.345547261984068e-21,1.0,MAR_sick_tsh
1063,1,2,MLP,1.0,3.386411121593602e-55,7.898734925259237e-49,1.0,MAR_sick_tsh
1064,1,2,MLP,1.0,3.8160778905747156e-39,4.602168832143872e-31,1.0,MAR_sick_tsh
1065,1,2,MLP,1.0,4.8381956913383975e-20,1.016479013239824e-17,1.0,MAR_sick_tsh
1066,1,2,MLP,1.0,1.2272976477303354e-48,2.3010810007397445e-43,1.0,MAR_sick_tsh
1067,1,2,MLP,1.0,9.624626380021836e-47,5.828585842777349e-43,1.0,MAR_sick_tsh
1068,1,2,MLP,1.0,1.61941320835892e-34,1.2764346032529699e-26,1.0,MAR_sick_tsh
1069,1,2,MLP,0.9999999999999989,1.130364792967351e-15,8.201084907672379e-20,0.9999999999999989,MAR_sick_tsh
1070,1,2,MLP,1.0,2.2738770003970077e-25,1.8962259344959775e-18,1.0,MAR_sick_tsh
1071,1,2,MLP,1.0,4.6830174135795496e-42,3.6088613779490466e-33,1.0,MAR_sick_tsh
1072,1,2,MLP,1.0,1.9040462205742504e-17,8.126407352291573e-24,1.0,MAR_sick_tsh
1073,1,2,MLP,1.0,9.72357028823335e-22,1.8073654240612668e-18,1.0,MAR_sick_tsh
1074,1,2,MLP,0.9999999723464036,1.3216894695641688e-16,2.765359624186941e-08,0.9999999723464036,MAR_sick_tsh
1075,1,2,MLP,1.0,7.61038157091632e-35,1.2927261327096698e-31,1.0,MAR_sick_tsh
1076,1,2,MLP,1.0,4.314025696732696e-29,3.78386503172066e-23,1.0,MAR_sick_tsh
1077,1,2,MLP,0.9999995840977387,3.018095317145144e-16,4.15902260926159e-07,0.9999995840977387,MAR_sick_tsh
1078,1,2,MLP,0.9999999999992948,2.6002615309882797e-21,7.052943568268546e-13,0.9999999999992948,MAR_sick_tsh
1079,1,2,MLP,1.0,1.8051435315267308e-35,6.50628818624893e-26,1.0,MAR_sick_tsh
1080,1,2,MLP,1.0,1.2165435726504702e-37,1.4237093314621757e-24,1.0,MAR_sick_tsh
1081,1,2,MLP,1.0,5.093366314737667e-47,4.568659803136324e-37,1.0,MAR_sick_tsh
1082,1,2,MLP,1.0,4.41150782298907e-21,2.2630175884761162e-21,1.0,MAR_sick_tsh
1083,1,2,MLP,1.0,2.016656334869209e-28,2.6963453485322397e-25,1.0,MAR_sick_tsh
1084,1,2,MLP,0.9999999999993889,1.2340163298435301e-17,6.10947685619099e-13,0.9999999999993889,MAR_sick_tsh
1085,1,2,MLP,1.0,2.819513554654872e-38,6.099890566524263e-32,1.0,MAR_sick_tsh
1086,1,2,MLP,1.0,8.407027895123707e-23,1.517023268089575e-17,1.0,MAR_sick_tsh
1087,1,2,MLP,1.0,2.0962304482809074e-37,1.2772204073968303e-32,1.0,MAR_sick_tsh
1088,1,2,MLP,1.0,2.189854050416467e-47,5.4586829871112805e-49,1.0,MAR_sick_tsh
1089,1,2,MLP,1.0,2.0159257420022793e-47,4.3633423296650603e-44,1.0,MAR_sick_tsh
1240,2,2,MLP,0.9999999999999867,1.5382983072511536e-17,1.3418083446366996e-14,0.9999999999999867,MNAR_nhanes_cadmium
1241,2,1,MLP,0.9710018713333431,0.0002926155703473015,0.9710018713333431,0.028705513096309306,MNAR_nhanes_cadmium
1242,2,2,MLP,0.9997421586410983,3.3330282438534e-06,0.00025450833065778644,0.9997421586410983,MNAR_nhanes_cadmium
1243,2,0,MLP,0.9840922905676985,0.9840922905676985,0.015368954522749743,0.0005387549095517766,MNAR_nhanes_cadmium
1244,2,2,MLP,0.9999999241890696,1.8344081585607187e-09,7.397652227123786e-08,0.9999999241890696,MNAR_nhanes_cadmium
1245,2,2,MLP,0.9999998983835424,1.578056980974596e-15,1.0161645607039087e-07,0.9999998983835424,MNAR_nhanes_cadmium
1246,2,2,MLP,0.6965496312598192,2.3517500512432754e-05,0.3034268512396683,0.6965496312598192,MNAR_nhanes_cadmium
1247,2,2,MLP,0.9995064294584979,4.968843580180695e-10,0.0004935700446176421,0.9995064294584979,MNAR_nhanes_cadmium
1248,2,2,MLP,1.0,4.335992472393503e-34,4.424200078281725e-30,1.0,MNAR_nhanes_cadmium
1249,2,2,MLP,0.9999999343877476,6.127120271537129e-15,6.561224633830187e-08,0.9999999343877476,MNAR_nhanes_cadmium
1250,2,2,MLP,0.9999999999985143,1.6806870717636988e-15,1.4839454537762242e-12,0.9999999999985143,MNAR_nhanes_cadmium
1251,2,2,MLP,0.9985870470287391,0.0009248042330787799,0.0004881487381819524,0.9985870470287391,MNAR_nhanes_cadmium
1252,2,2,MLP,1.0,1.9789398527522578e-25,2.1903362738048147e-25,1.0,MNAR_nhanes_cadmium
1253,2,0,MLP,0.5306989592257465,0.5306989592257465,0.13456273196820104,0.3347383088060524,MNAR_nhanes_cadmium
1254,2,2,MLP,0.9999999999956297,6.295049182219262e-14,4.307292507153414e-12,0.9999999999956297,MNAR_nhanes_cadmium
1255,2,2,MLP,0.5641084520595283,0.005934095081319862,0.4299574528591517,0.5641084520595283,MNAR_nhanes_cadmium
1256,2,2,MLP,0.7139101687298107,0.00022179170348782956,0.2858680395667014,0.7139101687298107,MNAR_nhanes_cadmium
1257,2,1,MLP,0.9997920089661524,0.00020423149685992812,0.9997920089661524,3.7595369877354353e-06,MNAR_nhanes_cadmium
1258,2,2,MLP,0.9999999171814602,8.269398070867462e-08,1.245591804084991e-10,0.9999999171814602,MNAR_nhanes_cadmium
1259,2,2,MLP,0.9999931078689903,2.9538230991223073e-10,6.891835627338914e-06,0.9999931078689903,MNAR_nhanes_cadmium
1260,2,1,MLP,0.9995877535008991,0.0002480648118751765,0.9995877535008991,0.0001641816872258563,MNAR_nhanes_cadmium
1261,2,2,MLP,0.9746964978534639,2.600062513494184e-06,0.02530090208402252,0.9746964978534639,MNAR_nhanes_cadmium
1262,2,2,MLP,0.9999687194509853,5.37915632364803e-06,2.5901392690976712e-05,0.9999687194509853,MNAR_nhanes_cadmium
1263,2,2,MLP,0.9934120546527143,3.359845750264063e-07,0.006587609362710669,0.9934120546527143,MNAR_nhanes_cadmium
1264,2,2,MLP,0.901497985090261,0.0119723261558904,0.08652968875384849,0.901497985090261,MNAR_nhanes_cadmium
1265,2,2,MLP,0.9999853228960054,1.465277177914143e-05,2.4332215472248186e-08,0.9999853228960054,MNAR_nhanes_cadmium
1266,2,1,MLP,0.9999989944689346,3.828422033718035e-07,0.9999989944689346,6.226888620911599e-07,MNAR_nhanes_cadmium
1267,2,2,MLP,0.9987706691500288,0.00122759765817252,1.7331917987901124e-06,0.9987706691500288,MNAR_nhanes_cadmium
1268,2,2,MLP,0.9986391540390387,0.0012992837097778565,6.156225118335097e-05,0.9986391540390387,MNAR_nhanes_cadmium
1269,2,1,MLP,0.9996249546223623,1.1756994081023635e-06,0.9996249546223623,0.0003738696782297849,MNAR_nhanes_cadmium
1270,2,1,MLP,0.9461655553659369,0.00019021799771618748,0.9461655553659369,0.05364422663634696,MNAR_nhanes_cadmium
1271,2,2,MLP,0.9999999998532867,3.7838236409975287e-13,1.4633491230683041e-10,0.9999999998532867,MNAR_nhanes_cadmium
1272,2,2,MLP,0.7544326846147889,0.2451847157059313,0.00038259967927982663,0.7544326846147889,MNAR_nhanes_cadmium
1273,2,1,MLP,0.9663062236938059,0.018155545307751354,0.9663062236938059,0.015538230998442667,MNAR_nhanes_cadmium
1274,2,1,MLP,0.9924865204015053,2.777078924097575e-05,0.9924865204015053,0.007485708809253801,MNAR_nhanes_cadmium
1275,2,2,MLP,1.0,1.9148673707782928e-36,1.7594491897608536e-36,1.0,MNAR_nhanes_cadmium
1276,2,2,MLP,0.9999541369524749,1.9374560190051347e-05,2.6488487335115548e-05,0.9999541369524749,MNAR_nhanes_cadmium
1277,2,1,MLP,0.9986713510459915,0.00013683321804431337,0.9986713510459915,0.001191815735964125,MNAR_nhanes_cadmium
1278,2,2,MLP,0.9998831272527265,0.00011642716705348795,4.4558022004706856e-07,0.9998831272527265,MNAR_nhanes_cadmium
1279,2,2,MLP,0.9863326197922444,0.013645085796572658,2.229441118287278e-05,0.9863326197922444,MNAR_nhanes_cadmium
1280,2,2,MLP,0.9972528701793618,2.858165903937233e-08,0.002747101238979081,0.9972528701793618,MNAR_nhanes_cadmium
1281,2,1,MLP,0.813038347400397,0.1308595522308382,0.813038347400397,0.05610210036876469,MNAR_nhanes_cadmium
1282,2,1,MLP,0.8925142056410409,3.088335664127556e-06,0.8925142056410409,0.10748270602329497,MNAR_nhanes_cadmium
1283,2,1,MLP,0.998821982798683,2.2828282504325904e-05,0.998821982798683,0.0011551889188126207,MNAR_nhanes_cadmium
1284,2,1,MLP,0.9964025762290675,6.254708083108224e-08,0.9964025762290675,0.003597361223851702,MNAR_nhanes_cadmium
1285,2,2,MLP,0.9999953061641138,6.543376050867554e-10,4.693181548619269e-06,0.9999953061641138,MNAR_nhanes_cadmium
1286,2,1,MLP,0.9983983296859402,1.354387142362283e-06,0.9983983296859402,0.0016003159269174427,MNAR_nhanes_cadmium
1287,2,2,MLP,0.9998598733069091,4.5935416742422346e-10,0.000140126233736648,0.9998598733069091,MNAR_nhanes_cadmium
1288,2,2,MLP,0.9999999993706046,8.609952551744977e-15,6.293869236087344e-10,0.9999999993706046,MNAR_nhanes_cadmium
1289,2,2,MLP,0.5072094041141662,0.06572498021530505,0.42706561567052875,0.5072094041141662,MNAR_nhanes_cadmium
1440,2,1,MLP,0.9591148063240099,0.0212660715146303,0.9591148063240099,0.01961912216135988,MNAR_pima_skinthickness
1441,2,1,MLP,0.9982915985292019,0.000287445758422553,0.9982915985292019,0.001420955712375506,MNAR_pima_skinthickness
1442,2,2,MLP,0.9999075237484784,6.377231495967534e-09,9.246987429021763e-05,0.9999075237484784,MNAR_pima_skinthickness
1443,2,0,MLP,0.9994656247904723,0.9994656247904723,0.00018378140046478147,0.0003505938090629486,MNAR_pima_skinthickness
1444,2,2,MLP,0.9990759189933771,0.0003810562021214754,0.0005430248045013563,0.9990759189933771,MNAR_pima_skinthickness
1445,2,2,MLP,0.9988558099699185,0.001142253227426894,1.9368026546946995e-06,0.9988558099699185,MNAR_pima_skinthickness
1446,2,2,MLP,0.7747770463731729,0.0004670184556263505,0.22475593517120063,0.7747770463731729,MNAR_pima_skinthickness
1447,2,1,MLP,0.9992462875351691,6.789396212887306e-07,0.9992462875351691,0.0007530335252096764,MNAR_pima_skinthickness
1448,2,2,MLP,0.9619292266346329,0.02189095119446712,0.0161798221708999,0.9619292266346329,MNAR_pima_skinthickness
1449,2,1,MLP,0.9591956585871572,0.013878622877629199,0.9591956585871572,0.026925718535213677,MNAR_pima_skinthickness
1450,2,2,MLP,0.8811818388765237,0.11876532723274405,5.283389073236114e-05,0.8811818388765237,MNAR_pima_skinthickness
1451,2,1,MLP,0.8011984963742531,0.059252059139618965,0.8011984963742531,0.13954944448612788,MNAR_pima_skinthickness
1452,2,0,MLP,0.7902688943749624,0.7902688943749624,0.19276490522375223,0.01696620040128553,MNAR_pima_skinthickness
1453,2,1,MLP,0.9991101008472425,0.00048407968067156474,0.9991101008472425,0.0004058194720859263,MNAR_pima_skinthickness
1454,2,2,MLP,0.9995841929546002,3.176319908502257e-06,0.0004126307254913563,0.9995841929546002,MNAR_pima_skinthickness
1455,2,1,MLP,0.70828357428061,0.02937977958693049,0.70828357428061,0.2623366461324596,MNAR_pima_skinthickness
1456,2,2,MLP,0.9876432036882267,7.350250615382759e-08,0.012356722809267147,0.9876432036882267,MNAR_pima_skinthickness
1457,2,0,MLP,0.9952608651804138,0.9952608651804138,0.0022210778431463697,0.0025180569764396924,MNAR_pima_skinthickness
1458,2,1,MLP,0.8277128446630192,0.011057712421503118,0.8277128446630192,0.16122944291547772,MNAR_pima_skinthickness
1459,2,1,MLP,0.9861416681408979,9.961932050154117e-05,0.9861416681408979,0.013758712538600622,MNAR_pima_skinthickness
1460,2,2,MLP,0.8046548533007145,0.12622933450871343,0.0691158121905721,0.8046548533007145,MNAR_pima_skinthickness
1461,2,1,MLP,0.9999552222677491,6.155027641113128e-10,0.9999552222677491,4.477711674809534e-05,MNAR_pima_skinthickness
1462,2,1,MLP,0.9997996025511757,1.0602871151668088e-08,0.9997996025511757,0.00020038684595316496,MNAR_pima_skinthickness
1463,2,1,MLP,0.7231380338414891,0.0003057829766877023,0.7231380338414891,0.2765561831818233,MNAR_pima_skinthickness
1464,2,1,MLP,0.9956362269623996,2.4146228248738973e-05,0.9956362269623996,0.004339626809351534,MNAR_pima_skinthickness
1465,2,2,MLP,0.877935453771624,0.0004107690610895264,0.12165377716728641,0.877935453771624,MNAR_pima_skinthickness
1466,2,2,MLP,0.9999367409566832,2.3606793576854806e-06,6.089836395915757e-05,0.9999367409566832,MNAR_pima_skinthickness
1467,2,1,MLP,0.9906570517146592,5.898834065484934e-05,0.9906570517146592,0.009283959944685886,MNAR_pima_skinthickness
1468,2,1,MLP,0.9997457000715619,1.0090030140976393e-05,0.9997457000715619,0.00024420989829711595,MNAR_pima_skinthickness
1469,2,1,MLP,0.6161486890442953,3.500111079273949e-08,0.6161486890442953,0.38385127595459384,MNAR_pima_skinthickness
1470,2,2,MLP,0.5196883624244133,0.22290651698214475,0.25740512059344195,0.5196883624244133,MNAR_pima_skinthickness
1471,2,2,MLP,0.6454986966933693,9.186113998514001e-08,0.3545012114454907,0.6454986966933693,MNAR_pima_skinthickness
1472,2,1,MLP,0.9573856751125014,0.02625879734993686,0.9573856751125014,0.01635552753756168,MNAR_pima_skinthickness
1473,2,1,MLP,0.9999993409010003,6.181431040376903e-08,0.9999993409010003,5.972846893430229e-07,MNAR_pima_skinthickness
1474,2,1,MLP,0.9531646983651756,0.004960185999229869,0.9531646983651756,0.041875115635594436,MNAR_pima_skinthickness
1475,2,0,MLP,0.9575434456111006,0.9575434456111006,0.019070480114511464,0.023386074274387873,MNAR_pima_skinthickness
1476,2,2,MLP,0.970804371838474,5.558123910924338e-06,0.02919007003761495,0.970804371838474,MNAR_pima_skinthickness
1477,2,2,MLP,0.9428901818321982,0.05710155646882768,8.2616989742217e-06,0.9428901818321982,MNAR_pima_skinthickness
1478,2,1,MLP,0.5410351839342755,0.2523227276032883,0.5410351839342755,0.20664208846243623,MNAR_pima_skinthickness
1479,2,2,MLP,0.7012587664246835,0.2952437185150646,0.0034975150602518977,0.7012587664246835,MNAR_pima_skinthickness
1480,2,2,MLP,0.7901643357782182,1.1562427436596426e-05,0.2098241017943452,0.7901643357782182,MNAR_pima_skinthickness
1481,2,1,MLP,0.9394936448053121,0.05880474883177895,0.9394936448053121,0.0017016063629090262,MNAR_pima_skinthickness
1482,2,2,MLP,0.7475272965598596,0.14884238071456582,0.10363032272557458,0.7475272965598596,MNAR_pima_skinthickness
1483,2,1,MLP,0.7944269143754922,0.19383628049183887,0.7944269143754922,0.011736805132669056,MNAR_pima_skinthickness
1484,2,1,MLP,0.5548540207602533,0.0006132764669987313,0.5548540207602533,0.444532702772748,MNAR_pima_skinthickness
1485,2,1,MLP,0.9999911092379157,6.299461868579735e-07,0.9999911092379157,8.260815897428899e-06,MNAR_pima_skinthickness
1486,2,2,MLP,0.9996266852325169,1.5360923252558215e-06,0.00037177867515790193,0.9996266852325169,MNAR_pima_skinthickness
1487,2,2,MLP,0.8316958374533426,0.08986279789322213,0.07844136465343507,0.8316958374533426,MNAR_pima_skinthickness
1488,2,1,MLP,0.9275676842117204,0.007831653928399752,0.9275676842117204,0.06460066185987993,MNAR_pima_skinthickness
1489,2,2,MLP,0.48097983765464747,0.08506436133189196,0.43395580101346054,0.48097983765464747,MNAR_pima_skinthickness
1490,2,1,MLP,0.9953756889093373,3.44821392104291e-08,0.9953756889093373,0.004624276608523615,MNAR_support2_albumin
1491,2,1,MLP,0.9999821937303915,2.7733186206202157e-12,0.9999821937303915,1.7806266835299867e-05,MNAR_support2_albumin
1492,2,1,MLP,0.5371369756159355,0.0003475325361581546,0.5371369756159355,0.4625154918479064,MNAR_support2_albumin
1493,2,0,MLP,0.999999050964327,0.999999050964327,2.014060667738784e-09,9.470216124872779e-07,MNAR_support2_albumin
1494,2,1,MLP,0.9990151611005713,0.00015232348544013928,0.9990151611005713,0.0008325154139885561,MNAR_support2_albumin
1495,2,2,MLP,0.974578307931698,0.024958783540557757,0.00046290852774434946,0.974578307931698,MNAR_support2_albumin
1496,2,1,MLP,0.9999160486738025,9.730990040216086e-08,0.9999160486738025,8.38540162969073e-05,MNAR_support2_albumin
1497,2,1,MLP,0.9852693576244035,6.132500316818506e-05,0.9852693576244035,0.014669317372428438,MNAR_support2_albumin
1498,2,1,MLP,0.9991764291559101,4.64662914261869e-07,0.9991764291559101,0.0008231061811756102,MNAR_support2_albumin
1499,2,1,MLP,0.4966237060060808,0.017710453897211074,0.4966237060060808,0.4856658400967081,MNAR_support2_albumin
1500,2,2,MLP,0.9599694561788046,0.0021069908236424724,0.03792355299755287,0.9599694561788046,MNAR_support2_albumin
1501,2,1,MLP,0.9998546749408646,5.701102624715162e-09,0.9998546749408646,0.00014531935803287972,MNAR_support2_albumin
1502,2,1,MLP,0.9874433821970725,1.341073129748135e-06,0.9874433821970725,0.012555276729797801,MNAR_support2_albumin
1503,2,1,MLP,0.9988140488556004,9.588638798398677e-07,0.9988140488556004,0.0011849922805196795,MNAR_support2_albumin
1504,2,1,MLP,0.9860681378208201,6.69062400671259e-08,0.9860681378208201,0.013931795272939874,MNAR_support2_albumin
1505,2,2,MLP,1.0,8.507666792542655e-33,2.002297752061891e-28,1.0,MNAR_support2_albumin
1506,2,1,MLP,0.9998949721386597,4.412139258134167e-09,0.9998949721386597,0.00010502344920104993,MNAR_support2_albumin
1507,2,1,MLP,0.5588411213621142,0.4356760372359786,0.5588411213621142,0.00548284140190708,MNAR_support2_albumin
1508,2,2,MLP,0.9996943927238277,0.00018598872457503132,0.00011961855159724765,0.9996943927238277,MNAR_support2_albumin
1509,2,2,MLP,0.5047726595524377,0.0011748537164393128,0.494052486731123,0.5047726595524377,MNAR_support2_albumin
1510,2,1,MLP,0.8061190535057633,0.004676346895174132,0.8061190535057633,0.18920459959906266,MNAR_support2_albumin
1511,2,2,MLP,0.5267993981076133,4.347701355306354e-07,0.47320016712225105,0.5267993981076133,MNAR_support2_albumin
1512,2,1,MLP,0.996989449410157,8.88863387891142e-07,0.996989449410157,0.0030096617264551914,MNAR_support2_albumin
1513,2,2,MLP,0.9759320935216887,5.556069390323803e-05,0.02401234578440794,0.9759320935216887,MNAR_support2_albumin
1514,2,1,MLP,0.824750125822783,8.109203143403061e-07,0.824750125822783,0.1752490632569028,MNAR_support2_albumin
1515,2,2,MLP,0.9999857973555255,1.3343458537665527e-05,8.591859369110022e-07,0.9999857973555255,MNAR_support2_albumin
1516,2,2,MLP,0.8757750170024794,5.098619365577238e-06,0.1242198843781551,0.8757750170024794,MNAR_support2_albumin
1517,2,1,MLP,0.7830561632619727,1.6358640643365372e-06,0.7830561632619727,0.21694220087396293,MNAR_support2_albumin
1518,2,2,MLP,0.9999102492567508,2.0208042979720355e-06,8.772993895118582e-05,0.9999102492567508,MNAR_support2_albumin
1519,2,2,MLP,0.7317579968112966,0.004281320119109129,0.2639606830695943,0.7317579968112966,MNAR_support2_albumin
1520,2,1,MLP,0.9999964448220452,3.3408448710543385e-07,0.9999964448220452,3.2210934677436145e-06,MNAR_support2_albumin
1521,2,1,MLP,0.9910814337312864,5.710803399900837e-09,0.9910814337312864,0.00891856055791028,MNAR_support2_albumin
1522,2,1,MLP,0.585305264575473,2.3445824415346554e-05,0.585305264575473,0.41467128960011174,MNAR_support2_albumin
1523,2,1,MLP,0.9882180841895614,3.1375941203146203e-06,0.9882180841895614,0.011778778216318229,MNAR_support2_albumin
1524,2,1,MLP,0.8358635873337105,2.416333677306242e-06,0.8358635873337105,0.16413399633261225,MNAR_support2_albumin
1525,2,1,MLP,0.9020370284643935,3.6031398962553547e-07,0.9020370284643935,0.09796261122161669,MNAR_support2_albumin
1526,2,2,MLP,0.9799222968403402,0.00044394946999848584,0.019633753689661464,0.9799222968403402,MNAR_support2_albumin
1527,2,2,MLP,0.9837689301066106,0.00018609114135435036,0.016044978752034988,0.9837689301066106,MNAR_support2_albumin
1528,2,1,MLP,0.9358633625140232,0.00046558444857789093,0.9358633625140232,0.06367105303739892,MNAR_support2_albumin
1529,2,2,MLP,0.7763518518496999,0.023379244662369156,0.20026890348793103,0.7763518518496999,MNAR_support2_albumin
1530,2,2,MLP,0.9019682460157858,9.781912181388426e-06,0.09802197207203278,0.9019682460157858,MNAR_support2_albumin
1531,2,1,MLP,0.9998868601561273,2.1390129514883897e-09,0.9998868601561273,0.0001131377048597665,MNAR_support2_albumin
1532,2,2,MLP,0.997637824226104,0.0007956582906253339,0.001566517483270615,0.997637824226104,MNAR_support2_albumin
1533,2,1,MLP,0.9999959448945814,3.0324822241410864e-09,0.9999959448945814,4.0520729362992404e-06,MNAR_support2_albumin
1534,2,2,MLP,0.8368596802821691,0.009210163197994866,0.15393015651983621,0.8368596802821691,MNAR_support2_albumin
1535,2,1,MLP,0.8196162780541028,2.524564982203709e-07,0.8196162780541028,0.18038346948939893,MNAR_support2_albumin
1536,2,2,MLP,0.9776274053465707,0.007703311702507862,0.014669282950921441,0.9776274053465707,MNAR_support2_albumin
1537,2,1,MLP,0.5150792363710345,0.06457839342151361,0.5150792363710345,0.420342370207452,MNAR_support2_albumin
1538,2,2,MLP,0.6950198465439148,0.0760420851965586,0.2289380682595267,0.6950198465439148,MNAR_support2_albumin
1539,2,1,MLP,0.9999117468075907,4.86972444622922e-07,0.9999117468075907,8.776621996462562e-05,MNAR_support2_albumin
98,0,0,NaiveBayes,0.9267662991927536,0.9267662991927536,5.178092802230757e-07,0.0732331829979668,MCAR_brandsma_apr
99,0,0,NaiveBayes,0.9878843472742068,0.9878843472742068,2.357547527114243e-08,0.012115629150316143,MCAR_brandsma_apr
100,0,0,NaiveBayes,0.9942989121699647,0.9942989121699647,8.563890902166463e-07,0.005700231440946109,MCAR_brandsma_apr
101,0,2,NaiveBayes,0.8247239904102737,0.17396894747679228,0.0013070621129326603,0.8247239904102737,MCAR_brandsma_apr
102,0,2,NaiveBayes,0.566748223959085,0.4332272006526238,2.457538829202408e-05,0.566748223959085,MCAR_brandsma_apr
103,0,0,NaiveBayes,0.9921725267584952,0.9921725267584952,1.196708073613953e-05,0.00781550616077047,MCAR_brandsma_apr
104,0,0,NaiveBayes,0.7287969572879976,0.7287969572879976,1.967060679670974e-07,0.2712028460059356,MCAR_brandsma_apr
105,0,0,NaiveBayes,0.9960335127893406,0.9960335127893406,3.122454894910865e-07,0.003966174965169323,MCAR_brandsma_apr
106,0,0,NaiveBayes,0.8726632773245062,0.8726632773245062,4.413706844735828e-07,0.12733628130480848,MCAR_brandsma_apr
107,0,0,NaiveBayes,0.9999989541847325,0.9999989541847325,6.655443326462761e-10,1.0451497230163274e-06,MCAR_brandsma_apr
108,0,0,NaiveBayes,0.9996489130585765,0.9996489130585765,4.742726234145164e-08,0.00035103951416287665,MCAR_brandsma_apr
109,0,0,NaiveBayes,0.999995349596388,0.999995349596388,4.645636027615056e-06,4.767582906398791e-09,MCAR_brandsma_apr
110,0,0,NaiveBayes,0.9850102989098746,0.9850102989098746,1.2007978061345863e-07,0.014989581010345195,MCAR_brandsma_apr
111,0,0,NaiveBayes,0.998407507765864,0.998407507765864,0.00033569438241385605,0.0012567978517215575,MCAR_brandsma_apr
112,0,0,NaiveBayes,0.9820649100301932,0.9820649100301932,1.5563319897825775e-08,0.01793507440648487,MCAR_brandsma_apr
113,0,0,NaiveBayes,0.5248429535488005,0.5248429535488005,0.04469019310457254,0.4304668533466266,MCAR_brandsma_apr
114,0,0,NaiveBayes,0.9997435951550641,0.9997435951550641,6.890419415116629e-08,0.00025633594074199906,MCAR_brandsma_apr
115,0,0,NaiveBayes,0.9982908870024537,0.9982908870024537,4.326563573185225e-08,0.0017090697319118925,MCAR_brandsma_apr
116,0,2,NaiveBayes,0.976644384206815,0.022893775085539324,0.0004618407076447493,0.976644384206815,MCAR_brandsma_apr
117,0,0,NaiveBayes,0.5111144948770329,0.5111144948770329,4.6015580129786853e-08,0.4888854591073856,MCAR_brandsma_apr
118,0,2,NaiveBayes,0.9992549540371557,0.0007319936748970769,1.3052287945217146e-05,0.9992549540371557,MCAR_brandsma_apr
119,0,0,NaiveBayes,0.8605579787666967,0.8605579787666967,3.172571865739412e-06,0.13943884866143708,MCAR_brandsma_apr
120,0,0,NaiveBayes,0.9581318773021522,0.9581318773021522,2.093066016233514e-07,0.04186791339124872,MCAR_brandsma_apr
121,0,0,NaiveBayes,0.9999999999800018,0.9999999999800018,1.9995771604301136e-11,3.796650119792267e-15,MCAR_brandsma_apr
122,0,0,NaiveBayes,0.9727893564777439,0.9727893564777439,4.116862255214066e-08,0.027210602353634518,MCAR_brandsma_apr
123,0,0,NaiveBayes,0.9993256542872615,0.9993256542872615,0.00022123755884024418,0.000453108153897234,MCAR_brandsma_apr
124,0,0,NaiveBayes,0.9999995004811315,0.9999995004811315,1.5038825136222434e-10,4.99368478637331e-07,MCAR_brandsma_apr
125,0,0,NaiveBayes,0.9999409294524029,0.9999409294524029,1.4227923566280718e-05,4.484262402963827e-05,MCAR_brandsma_apr
126,0,0,NaiveBayes,0.9404263113577018,0.9404263113577018,3.571140906296644e-06,0.05957011750139249,MCAR_brandsma_apr
127,0,0,NaiveBayes,0.9738514062657736,0.9738514062657736,1.9346533929906476e-07,0.02614840026888523,MCAR_brandsma_apr
128,0,0,NaiveBayes,0.9151500685734851,0.9151500685734851,1.0682324624255501e-07,0.08484982460326951,MCAR_brandsma_apr
129,0,0,NaiveBayes,0.9650496820404254,0.9650496820404254,1.2261799825726396e-08,0.03495030569777478,MCAR_brandsma_apr
130,0,0,NaiveBayes,0.9957253510852131,0.9957253510852131,1.3340777455037734e-07,0.004274515507010871,MCAR_brandsma_apr
131,0,2,NaiveBayes,0.9896155910202725,0.010383924942484322,4.840372442188454e-07,0.9896155910202725,MCAR_brandsma_apr
132,0,0,NaiveBayes,0.9944787155692222,0.9944787155692222,6.03739269704285e-09,0.005521278393385297,MCAR_brandsma_apr
133,0,0,NaiveBayes,0.9998576428880808,0.9998576428880808,5.356921551939671e-08,0.00014230354270467312,MCAR_brandsma_apr
134,0,0,NaiveBayes,0.9997075128019189,0.9997075128019189,6.793590111347755e-09,0.00029248040448975676,MCAR_brandsma_apr
135,0,0,NaiveBayes,0.9995162983824878,0.9995162983824878,1.3344060067815552e-08,0.0004836882734508255,MCAR_brandsma_apr
136,0,0,NaiveBayes,0.9995687442179385,0.9995687442179385,2.2646500866838222e-07,0.00043102931705282316,MCAR_brandsma_apr
137,0,0,NaiveBayes,0.999935476186784,0.999935476186784,7.938313705776762e-08,6.444443007878818e-05,MCAR_brandsma_apr
138,0,0,NaiveBayes,0.9999999999995985,0.9999999999995985,3.9984952045598987e-13,1.6168780766745742e-22,MCAR_brandsma_apr
139,0,0,NaiveBayes,0.9416904787103699,0.9416904787103699,1.893303819232876e-07,0.05830933195924986,MCAR_brandsma_apr
140,0,0,NaiveBayes,0.9999999206436097,0.9999999206436097,6.232300475149243e-10,7.873316046353324e-08,MCAR_brandsma_apr
141,0,0,NaiveBayes,0.5035706717581543,0.5035706717581543,0.00238116674901598,0.49404816149282804,MCAR_brandsma_apr
142,0,0,NaiveBayes,0.9999999964066646,0.9999999964066646,6.255338108915453e-10,2.9678033230620054e-09,MCAR_brandsma_apr
143,0,0,NaiveBayes,0.9755180160586809,0.9755180160586809,2.7957867314960664e-06,0.02447918815458503,MCAR_brandsma_apr
144,0,0,NaiveBayes,0.9999999325150691,0.9999999325150691,2.8817346935981297e-10,6.71967567576246e-08,MCAR_brandsma_apr
145,0,0,NaiveBayes,0.9627860335124461,0.9627860335124461,4.0485528654047943e-07,0.03721356163226902,MCAR_brandsma_apr
146,0,0,NaiveBayes,0.9999424955397073,0.9999424955397073,2.640362786802643e-07,5.724042401565333e-05,MCAR_brandsma_apr
147,0,0,NaiveBayes,0.9999980626482037,0.9999980626482037,2.3181650716841417e-10,1.9371199798105053e-06,MCAR_brandsma_apr
741,2,2,NaiveBayes,0.5260498373716954,0.4739475317564488,2.630871855444339e-06,0.5260498373716954,MNAR_mroz_wages
742,2,0,NaiveBayes,0.9236239477012326,0.9236239477012326,0.00494889489702653,0.07142715740174163,MNAR_mroz_wages
743,2,2,NaiveBayes,0.9805381578812198,0.01946047229411896,1.3698246608252592e-06,0.9805381578812198,MNAR_mroz_wages
744,2,2,NaiveBayes,0.9971087592208531,0.0028883807035331413,2.8600756130552205e-06,0.9971087592208531,MNAR_mroz_wages
745,2,0,NaiveBayes,0.9976889083177418,0.9976889083177418,1.2472028239394823e-05,0.0022986196540152534,MNAR_mroz_wages
746,2,2,NaiveBayes,0.9928238463777074,0.00717466423253899,1.48938975455993e-06,0.9928238463777074,MNAR_mroz_wages
747,2,2,NaiveBayes,0.999846758456016,0.00015317940121702662,6.214276403276721e-08,0.999846758456016,MNAR_mroz_wages
748,2,2,NaiveBayes,0.9999188645931503,7.157438317191763e-05,9.56102367770107e-06,0.9999188645931503,MNAR_mroz_wages
749,2,2,NaiveBayes,0.9993767266942638,0.0006231353034542357,1.380022838809493e-07,0.9993767266942638,MNAR_mroz_wages
750,2,2,NaiveBayes,0.9976592767930376,5.7178892719708446e-05,0.0022835443142448083,0.9976592767930376,MNAR_mroz_wages
751,2,0,NaiveBayes,0.8809882830708968,0.8809882830708968,8.378673048302655e-07,0.1190108790617966,MNAR_mroz_wages
752,2,0,NaiveBayes,0.5421876411116824,0.5421876411116824,1.1921736324467515e-05,0.4578004371519931,MNAR_mroz_wages
753,2,2,NaiveBayes,0.8683870420870723,0.13157296546075117,3.9992452176679935e-05,0.8683870420870723,MNAR_mroz_wages
754,2,2,NaiveBayes,0.9928331094014584,0.007166280040038107,6.105585030250822e-07,0.9928331094014584,MNAR_mroz_wages
755,2,2,NaiveBayes,0.838575422837993,0.1611443544478541,0.00028022271415066276,0.838575422837993,MNAR_mroz_wages
756,2,2,NaiveBayes,0.9989398640072119,0.0010541491829115397,5.986809878182024e-06,0.9989398640072119,MNAR_mroz_wages
757,2,2,NaiveBayes,0.9737064023677788,0.026243826168872147,4.977146334693372e-05,0.9737064023677788,MNAR_mroz_wages
758,2,2,NaiveBayes,0.9953344589202259,0.0046652662271855164,2.748525886658462e-07,0.9953344589202259,MNAR_mroz_wages
759,2,0,NaiveBayes,0.6701922859989718,0.6701922859989718,4.561455867664635e-05,0.329762099442351,MNAR_mroz_wages
760,2,2,NaiveBayes,0.9992064335162257,0.000775895137804806,1.7671345969571274e-05,0.9992064335162257,MNAR_mroz_wages
761,2,2,NaiveBayes,0.7530268275430559,0.2469722428617857,9.295951590250287e-07,0.7530268275430559,MNAR_mroz_wages
762,2,2,NaiveBayes,0.9987576921619785,0.0012405390709304424,1.768767089710865e-06,0.9987576921619785,MNAR_mroz_wages
763,2,2,NaiveBayes,0.8969099929687725,0.10308864544574348,1.3615854806748314e-06,0.8969099929687725,MNAR_mroz_wages
764,2,2,NaiveBayes,0.9960253559624811,0.0039442091967677026,3.043484075260959e-05,0.9960253559624811,MNAR_mroz_wages
765,2,0,NaiveBayes,0.7807351599824389,0.7807351599824389,0.0018003162909063068,0.21746452372665245,MNAR_mroz_wages
766,2,2,NaiveBayes,0.9986653912809896,0.0013341734546512699,4.3526436084043163e-07,0.9986653912809896,MNAR_mroz_wages
767,2,2,NaiveBayes,0.8566840938330732,0.14331250167403406,3.4044928918680854e-06,0.8566840938330732,MNAR_mroz_wages
768,2,2,NaiveBayes,0.9989394667545489,0.0010603972560182433,1.3598943332116702e-07,0.9989394667545489,MNAR_mroz_wages
769,2,0,NaiveBayes,0.9795561020343795,0.9795561020343795,0.005983471744891574,0.014460426220731583,MNAR_mroz_wages
770,2,2,NaiveBayes,0.9973957199840401,0.0026034140127579528,8.660032010460468e-07,0.9973957199840401,MNAR_mroz_wages
771,2,2,NaiveBayes,0.9967785693519349,0.0032182987274560555,3.1319206074466213e-06,0.9967785693519349,MNAR_mroz_wages
772,2,0,NaiveBayes,0.9975587612093384,0.9975587612093384,5.168780444263741e-07,0.002440721912617663,MNAR_mroz_wages
773,2,2,NaiveBayes,0.9999944867599874,2.5929961663268677e-06,2.920243848463839e-06,0.9999944867599874,MNAR_mroz_wages
774,2,2,NaiveBayes,0.9972044049597437,0.0027955771534248007,1.7886829281430113e-08,0.9972044049597437,MNAR_mroz_wages
775,2,2,NaiveBayes,0.9618712611866873,0.038128099921041145,6.388922691638304e-07,0.9618712611866873,MNAR_mroz_wages
776,2,2,NaiveBayes,0.9885717387877432,0.011419384031587688,8.877180667614634e-06,0.9885717387877432,MNAR_mroz_wages
777,2,2,NaiveBayes,0.9802626338860206,0.01973695054288678,4.155710925930199e-07,0.9802626338860206,MNAR_mroz_wages
778,2,2,NaiveBayes,0.9965573288730373,0.0034419435728513846,7.275541132454151e-07,0.9965573288730373,MNAR_mroz_wages
779,2,2,NaiveBayes,0.8112853753454735,0.18855959802516017,0.00015502662936610456,0.8112853753454735,MNAR_mroz_wages
780,2,2,NaiveBayes,0.9986201284280743,0.0013782892291305008,1.5823427918340867e-06,0.9986201284280743,MNAR_mroz_wages
781,2,2,NaiveBayes,0.9980474172104193,0.001951788155210055,7.946343693366038e-07,0.9980474172104193,MNAR_mroz_wages
782,2,2,NaiveBayes,0.999299012822589,0.0006570431596876945,4.394401772351045e-05,0.999299012822589,MNAR_mroz_wages
783,2,0,NaiveBayes,0.9999931057976862,0.9999931057976862,5.274522338686475e-07,6.366750080827148e-06,MNAR_mroz_wages
784,2,2,NaiveBayes,0.9545454261919472,0.04545342256540696,1.151242647991506e-06,0.9545454261919472,MNAR_mroz_wages
785,2,2,NaiveBayes,0.6588994933059042,0.34051480957945646,0.0005856971146387523,0.6588994933059042,MNAR_mroz_wages
786,2,2,NaiveBayes,0.9998619137442024,0.00013804253788589148,4.371791077218182e-08,0.9998619137442024,MNAR_mroz_wages
787,2,2,NaiveBayes,0.9999358032460373,6.415346709287097e-05,4.328687299240814e-08,0.9999358032460373,MNAR_mroz_wages
788,2,0,NaiveBayes,0.9975163531678165,0.9975163531678165,0.00021944443139492972,0.00226420240079059,MNAR_mroz_wages
789,2,2,NaiveBayes,0.9999822572120095,7.0255285264759676e-06,1.0717259466906854e-05,0.9999822572120095,MNAR_mroz_wages
790,2,0,NaiveBayes,0.9066067905456199,0.9066067905456199,5.517493601467031e-07,0.0933926577050202,MNAR_mroz_wages
841,0,0,NaiveBayes,0.6400969235223343,0.6400969235223343,1.946134686047634e-07,0.35990288186419556,MCAR_hepatitis_albumin
842,0,0,NaiveBayes,0.99981344347559,0.99981344347559,5.37807606883058e-07,0.00018601871680200903,MCAR_hepatitis_albumin
843,0,2,NaiveBayes,0.9897241811609973,0.010042839382360691,0.00023297945664488414,0.9897241811609973,MCAR_hepatitis_albumin
844,0,2,NaiveBayes,0.9999999999232436,2.535351460904617e-18,7.675660538325121e-11,0.9999999999232436,MCAR_hepatitis_albumin
845,0,2,NaiveBayes,0.9955148736048326,0.004484557576845714,5.688183208952305e-07,0.9955148736048326,MCAR_hepatitis_albumin
846,0,2,NaiveBayes,0.91307784619768,3.970439834122435e-05,0.08688244940397986,0.91307784619768,MCAR_hepatitis_albumin
847,0,2,NaiveBayes,0.9244666997746255,0.057876738337788274,0.017656561887587453,0.9244666997746255,MCAR_hepatitis_albumin
848,0,2,NaiveBayes,0.9415767875562688,0.052513263241118525,0.005909949202610881,0.9415767875562688,MCAR_hepatitis_albumin
849,0,2,NaiveBayes,0.99081160883501,0.009188303618446114,8.754654742792096e-08,0.99081160883501,MCAR_hepatitis_albumin
850,0,0,NaiveBayes,0.9999350416400503,0.9999350416400503,2.275004752428219e-06,6.268335519378658e-05,MCAR_hepatitis_albumin
851,0,2,NaiveBayes,0.9999997952531278,3.787471031794068e-11,2.0470899631114323e-07,0.9999997952531278,MCAR_hepatitis_albumin
852,0,2,NaiveBayes,0.8833293931230369,0.11666543469157921,5.172185385111885e-06,0.8833293931230369,MCAR_hepatitis_albumin
853,0,0,NaiveBayes,0.9999349306949782,0.9999349306949782,6.283106066060656e-06,5.8786198958462636e-05,MCAR_hepatitis_albumin
854,0,0,NaiveBayes,0.6643945173946696,0.6643945173946696,2.8579240252855102e-06,0.33560262468130503,MCAR_hepatitis_albumin
855,0,0,NaiveBayes,0.8883579484205747,0.8883579484205747,6.760093823412779e-05,0.11157445064119134,MCAR_hepatitis_albumin
856,0,0,NaiveBayes,0.6279514074699798,0.6279514074699798,6.9192299902795864e-06,0.37204167330003246,MCAR_hepatitis_albumin
857,0,0,NaiveBayes,0.9992410195415076,0.9992410195415076,2.0765106823147634e-07,0.000758772807423717,MCAR_hepatitis_albumin
858,0,2,NaiveBayes,0.8871672215894815,0.11283275159270832,2.681780930879061e-08,0.8871672215894815,MCAR_hepatitis_albumin
859,0,2,NaiveBayes,0.8317363517770469,0.16826338440958702,2.6381336589978236e-07,0.8317363517770469,MCAR_hepatitis_albumin
860,0,0,NaiveBayes,0.9999999986406465,0.9999999986406465,1.234804585876339e-09,1.2455051643100596e-10,MCAR_hepatitis_albumin
861,0,1,NaiveBayes,0.7700792201395977,0.22992077447753265,0.7700792201395977,5.382870588398408e-09,MCAR_hepatitis_albumin
862,0,2,NaiveBayes,0.8692612157130897,6.670556727512568e-06,0.13073211373017937,0.8692612157130897,MCAR_hepatitis_albumin
863,0,2,NaiveBayes,0.9863993923231588,0.013448666334918025,0.0001519413419231515,0.9863993923231588,MCAR_hepatitis_albumin
864,0,0,NaiveBayes,0.8628742386868724,0.8628742386868724,1.986223859822869e-06,0.1371237750892683,MCAR_hepatitis_albumin
865,0,0,NaiveBayes,0.8522357901230595,0.8522357901230595,1.1678852058696897e-06,0.14776304199173607,MCAR_hepatitis_albumin
866,0,2,NaiveBayes,0.8909306507308051,0.1090587668248804,1.058244431334616e-05,0.8909306507308051,MCAR_hepatitis_albumin
867,0,0,NaiveBayes,0.9999976765394002,0.9999976765394002,4.548420996075194e-09,2.318912178038518e-06,MCAR_hepatitis_albumin
868,0,0,NaiveBayes,0.998484197483901,0.998484197483901,2.2210065197639293e-06,0.0015135815095788207,MCAR_hepatitis_albumin
869,0,0,NaiveBayes,0.9999994503339896,0.9999994503339896,6.183615987694084e-09,5.434823964086189e-07,MCAR_hepatitis_albumin
870,0,0,NaiveBayes,0.5679276673756833,0.5679276673756833,9.4199374384203e-06,0.43206291268687863,MCAR_hepatitis_albumin
871,0,0,NaiveBayes,0.9768655009095335,0.9768655009095335,7.572184494267272e-08,0.02313442336862098,MCAR_hepatitis_albumin
872,0,0,NaiveBayes,0.9107290438702305,0.9107290438702305,1.5502168971251417e-07,0.08927080110807886,MCAR_hepatitis_albumin
873,0,0,NaiveBayes,0.5488427119772757,0.5488427119772757,0.04162451838811507,0.4095327696346087,MCAR_hepatitis_albumin
874,0,2,NaiveBayes,0.9985990839218368,0.0013940548572239874,6.861220939754965e-06,0.9985990839218368,MCAR_hepatitis_albumin
875,0,0,NaiveBayes,0.545189457711332,0.545189457711332,4.15800266758764e-06,0.4548063842859992,MCAR_hepatitis_albumin
876,0,2,NaiveBayes,0.6158976963158087,0.3841020843818861,2.1930230561893747e-07,0.6158976963158087,MCAR_hepatitis_albumin
877,0,0,NaiveBayes,0.7995507728104938,0.7995507728104938,0.0003825047607602461,0.20006672242874501,MCAR_hepatitis_albumin
878,0,0,NaiveBayes,0.5912023588683977,0.5912023588683977,5.3219624689067056e-05,0.4087444215069149,MCAR_hepatitis_albumin
879,0,0,NaiveBayes,0.6009182958585375,0.6009182958585375,8.459251921736623e-07,0.39908085821627226,MCAR_hepatitis_albumin
880,0,1,NaiveBayes,0.9682260761740031,1.069511145490088e-05,0.9682260761740031,0.031763228714540286,MCAR_hepatitis_albumin
881,0,0,NaiveBayes,0.9997405953874564,0.9997405953874564,4.469085549924754e-06,0.00025493552699651996,MCAR_hepatitis_albumin
882,0,0,NaiveBayes,0.9999932819984342,0.9999932819984342,7.94225358852316e-08,6.638579031669964e-06,MCAR_hepatitis_albumin
883,0,0,NaiveBayes,0.9992631310390787,0.9992631310390787,0.00047113213039390664,0.00026573683052748563,MCAR_hepatitis_albumin
884,0,2,NaiveBayes,0.942552399877384,0.057444452431767164,3.147690849745451e-06,0.942552399877384,MCAR_hepatitis_albumin
885,0,2,NaiveBayes,0.9833335415789728,0.01666541031186236,1.0481091639007925e-06,0.9833335415789728,MCAR_hepatitis_albumin
886,0,0,NaiveBayes,0.9422898283296471,0.9422898283296471,0.057708812025411345,1.359644941280246e-06,MCAR_hepatitis_albumin
887,0,2,NaiveBayes,0.996401893495281,0.003562449232586816,3.5657272135623126e-05,0.996401893495281,MCAR_hepatitis_albumin
888,0,2,NaiveBayes,0.618606443089688,0.22362984954839193,0.15776370736191653,0.618606443089688,MCAR_hepatitis_albumin
889,0,1,NaiveBayes,0.4193286206508636,0.3327177137667212,0.4193286206508636,0.24795366558241516,MCAR_hepatitis_albumin
890,0,0,NaiveBayes,0.9998750416725506,0.9998750416725506,5.124633219653921e-07,0.00012444586412712353,MCAR_hepatitis_albumin
991,1,2,NaiveBayes,0.9999984301020066,1.8038820230807748e-19,1.5698979944629792e-06,0.9999984301020066,MAR_sick_t3
992,1,0,NaiveBayes,0.9990811243943488,0.9990811243943488,1.336375360674524e-06,0.0009175392302917573,MAR_sick_t3
993,1,2,NaiveBayes,0.9999999927015573,1.2878491122242755e-31,7.298443206934666e-09,0.9999999927015573,MAR_sick_t3
994,1,2,NaiveBayes,0.9897688524668545,0.010231079250585376,6.828255962175076e-08,0.9897688524668545,MAR_sick_t3
995,1,2,NaiveBayes,0.9999999995262705,5.243781428498409e-41,4.7372988768449e-10,0.9999999995262705,MAR_sick_t3
996,1,0,NaiveBayes,0.9928610007625482,0.9928610007625482,1.8261617514623464e-05,0.00712073761993748,MAR_sick_t3
997,1,0,NaiveBayes,0.9957713329309275,0.9957713329309275,3.3050544111233397e-06,0.00422536201466228,MAR_sick_t3
998,1,0,NaiveBayes,0.9781102374220874,0.9781102374220874,0.0005834846880435122,0.021306277889870183,MAR_sick_t3
999,1,2,NaiveBayes,0.9999999800489976,1.4450761696507374e-29,1.995100419304715e-08,0.9999999800489976,MAR_sick_t3
1000,1,2,NaiveBayes,0.8526183966859621,0.14730752819322793,7.407512081128853e-05,0.8526183966859621,MAR_sick_t3
1001,1,2,NaiveBayes,0.9999987011419991,9.704787324603926e-22,1.2988580027038303e-06,0.9999987011419991,MAR_sick_t3
1002,1,2,NaiveBayes,0.9996113207319178,0.00016156034599226676,0.00022711892209057285,0.9996113207319178,MAR_sick_t3
1003,1,2,NaiveBayes,0.8914103152448722,0.10858961355907469,7.119605120187382e-08,0.8914103152448722,MAR_sick_t3
1004,1,2,NaiveBayes,0.9957841234881298,0.004215814342828172,6.216904430694e-08,0.9957841234881298,MAR_sick_t3
1005,1,2,NaiveBayes,0.9999998956421391,4.140618978517198e-23,1.043578601253538e-07,0.9999998956421391,MAR_sick_t3
1006,1,0,NaiveBayes,0.9997681074042634,0.9997681074042634,1.608063335711032e-08,0.00023187651510251305,MAR_sick_t3
1007,1,2,NaiveBayes,0.9999998588629169,6.44862013144194e-15,1.4113707826108826e-07,0.9999998588629169,MAR_sick_t3
1008,1,2,NaiveBayes,0.9984290262507274,0.0009299668085735457,0.0006410069406985771,0.9984290262507274,MAR_sick_t3
1009,1,2,NaiveBayes,0.9999994615181891,1.51895935250316e-14,5.384817973704788e-07,0.9999994615181891,MAR_sick_t3
1010,1,2,NaiveBayes,0.99999986102459,1.5409953505798362e-10,1.3882131197004766e-07,0.99999986102459,MAR_sick_t3
1011,1,0,NaiveBayes,0.91777759490323,0.91777759490323,9.299573070265338e-06,0.08221310552370048,MAR_sick_t3
1012,1,0,NaiveBayes,0.7507476892549177,0.7507476892549177,1.3359369288341553e-05,0.24923895137579594,MAR_sick_t3
1013,1,0,NaiveBayes,0.9217425820433078,0.9217425820433078,5.858097112888428e-07,0.07825683214697916,MAR_sick_t3
1014,1,2,NaiveBayes,0.834192331967927,0.16580753005020746,1.3798186591593192e-07,0.834192331967927,MAR_sick_t3
1015,1,2,NaiveBayes,0.9989003581771363,0.001099372417631439,2.6940523081420093e-07,0.9989003581771363,MAR_sick_t3
1016,1,2,NaiveBayes,0.9999993040634442,2.577772459699505e-50,6.959365545404326e-07,0.9999993040634442,MAR_sick_t3
1017,1,0,NaiveBayes,0.9419080263712497,0.9419080263712497,1.24075258574135e-07,0.058091849553491,MAR_sick_t3
1018,1,1,NaiveBayes,0.7609876207418865,0.097480435787647,0.7609876207418865,0.14153194347046746,MAR_sick_t3
1019,1,2,NaiveBayes,0.9999998935158437,3.3699218324931033e-12,1.0648078789280271e-07,0.9999998935158437,MAR_sick_t3
1020,1,0,NaiveBayes,0.9773551948189847,0.9773551948189847,9.83625795238566e-07,0.02264382155521958,MAR_sick_t3
1021,1,2,NaiveBayes,0.9999773140177843,5.262929386679604e-17,2.2685982217519575e-05,0.9999773140177843,MAR_sick_t3
1022,1,2,NaiveBayes,0.9701040400432593,0.029847638640608725,4.832131613042195e-05,0.9701040400432593,MAR_sick_t3
1023,1,2,NaiveBayes,0.9999770893787412,2.069977626093445e-05,2.2108449972529708e-06,0.9999770893787412,MAR_sick_t3
1024,1,2,NaiveBayes,0.7387238667580325,1.88775579640693e-05,0.2612572556840046,0.7387238667580325,MAR_sick_t3
1025,1,0,NaiveBayes,0.5624104019671575,0.5624104019671575,5.942034280718589e-06,0.43758365599856297,MAR_sick_t3
1026,1,0,NaiveBayes,0.9974332172904838,0.9974332172904838,6.133151018095551e-07,0.002566169394411557,MAR_sick_t3
1027,1,0,NaiveBayes,0.9967124697622707,0.9967124697622707,2.156810028186121e-06,0.003285373427704633,MAR_sick_t3
1028,1,0,NaiveBayes,0.9962969597132838,0.9962969597132838,1.6946648811495866e-05,0.003686093637904891,MAR_sick_t3
1029,1,2,NaiveBayes,0.9999998925051039,6.1149542652762784e-27,1.0749489691250909e-07,0.9999998925051039,MAR_sick_t3
1030,1,0,NaiveBayes,0.8630696397380082,0.8630696397380082,2.6633619105111726e-07,0.1369300939258006,MAR_sick_t3
1031,1,0,NaiveBayes,0.9981243770920493,0.9981243770920493,2.8579481579407715e-07,0.0018753371131341164,MAR_sick_t3
1032,1,2,NaiveBayes,0.9999999861681524,1.0673699791513085e-10,1.3725108804757086e-08,0.9999999861681524,MAR_sick_t3
1033,1,2,NaiveBayes,0.7195594264691505,0.28043977897740535,7.945534437191049e-07,0.7195594264691505,MAR_sick_t3
1034,1,2,NaiveBayes,0.999970484183921,1.990603711054749e-08,2.9495910042746108e-05,0.999970484183921,MAR_sick_t3
1035,1,2,NaiveBayes,0.999999987891414,3.207282967447291e-20,1.2108587569282961e-08,0.999999987891414,MAR_sick_t3
1036,1,2,NaiveBayes,0.9999998619633164,1.5575371688263165e-24,1.38036684818353e-07,0.9999998619633164,MAR_sick_t3
1037,1,0,NaiveBayes,0.9832433682972301,0.9832433682972301,4.1987953495750305e-08,0.016756589714817756,MAR_sick_t3
1038,1,2,NaiveBayes,0.9552486567682473,0.044741721259852506,9.621971901366497e-06,0.9552486567682473,MAR_sick_t3
1039,1,0,NaiveBayes,0.9612695133942294,0.9612695133942294,4.646094647442867e-08,0.038730440144824206,MAR_sick_t3
1040,1,0,NaiveBayes,0.5439720587742193,0.5439720587742193,3.250925157096018e-08,0.4560279087165273,MAR_sick_t3
1041,1,2,NaiveBayes,0.9999999999215952,4.647262436711299e-56,7.840481609701662e-11,0.9999999999215952,MAR_sick_tsh
1042,1,2,NaiveBayes,0.9999941941935223,5.801981754209732e-09,5.800004496616915e-06,0.9999941941935223,MAR_sick_tsh
1043,1,2,NaiveBayes,1.0,0.0,1.9924825313894443e-102,1.0,MAR_sick_tsh
1044,1,2,NaiveBayes,1.0,0.0,3.054041522285948e-33,1.0,MAR_sick_tsh
1045,1,2,NaiveBayes,0.9999999999326619,1.9601057190952496e-92,6.733710365072686e-11,0.9999999999326619,MAR_sick_tsh
1046,1,2,NaiveBayes,0.9999999298847182,4.0752619393795296e-27,7.011528003306275e-08,0.9999999298847182,MAR_sick_tsh
1047,1,2,NaiveBayes,1.0,0.0,9.81727280968105e-50,1.0,MAR_sick_tsh
1048,1,2,NaiveBayes,1.0,0.0,7.203424487130715e-40,1.0,MAR_sick_tsh
1049,1,2,NaiveBayes,0.9999999242128432,2.4301671470896664e-25,7.578715670487752e-08,0.9999999242128432,MAR_sick_tsh
1050,1,2,NaiveBayes,1.0,1.7800168656446545e-281,1.708766540821895e-32,1.0,MAR_sick_tsh
1051,1,2,NaiveBayes,1.0,0.0,1.0262916847738462e-44,1.0,MAR_sick_tsh
1052,1,2,NaiveBayes,1.0,1.2185904559962107e-143,2.415447343394483e-16,1.0,MAR_sick_tsh
1053,1,2,NaiveBayes,1.0,0.0,1.4361173972576508e-78,1.0,MAR_sick_tsh
1054,1,2,NaiveBayes,1.0,4.4863717901805185e-207,4.9232522512719867e-29,1.0,MAR_sick_tsh
1055,1,2,NaiveBayes,1.0,0.0,3.986190372022857e-59,1.0,MAR_sick_tsh
1056,1,2,NaiveBayes,1.0,0.0,1.127603514090057e-103,1.0,MAR_sick_tsh
1057,1,2,NaiveBayes,1.0,0.0,7.551443790027903e-41,1.0,MAR_sick_tsh
1058,1,2,NaiveBayes,1.0,0.0,1.9331478837017272e-37,1.0,MAR_sick_tsh
1059,1,2,NaiveBayes,1.0,2.4133501164006278e-149,3.615727622154326e-18,1.0,MAR_sick_tsh
1060,1,2,NaiveBayes,1.0,8.816600937465207e-186,2.756158230877024e-23,1.0,MAR_sick_tsh
1061,1,2,NaiveBayes,0.9999999999771063,5.8977354460748966e-77,2.2892477751406735e-11,0.9999999999771063,MAR_sick_tsh
1062,1,2,NaiveBayes,1.0,3.044118086209761e-139,4.462966807975586e-17,1.0,MAR_sick_tsh
1063,1,2,NaiveBayes,1.0,0.0,1.7916644843545691e-103,1.0,MAR_sick_tsh
1064,1,2,NaiveBayes,1.0,0.0,3.045165765473191e-51,1.0,MAR_sick_tsh
1065,1,2,NaiveBayes,1.0,8.6271588447512e-168,1.0537479662190395e-19,1.0,MAR_sick_tsh
1066,1,2,NaiveBayes,1.0,0.0,3.3071472607706173e-81,1.0,MAR_sick_tsh
1067,1,2,NaiveBayes,1.0,0.0,6.590293095504476e-86,1.0,MAR_sick_tsh
1068,1,2,NaiveBayes,1.0,0.0,3.53934795379441e-52,1.0,MAR_sick_tsh
1069,1,2,NaiveBayes,1.0,5.43299440992467e-156,2.982816695252702e-16,1.0,MAR_sick_tsh
1070,1,2,NaiveBayes,1.0,0.0,8.04094507145781e-40,1.0,MAR_sick_tsh
1071,1,2,NaiveBayes,1.0,0.0,6.3008483121825036e-86,1.0,MAR_sick_tsh
1072,1,2,NaiveBayes,1.0,2.5062991473223e-310,8.488589291256626e-32,1.0,MAR_sick_tsh
1073,1,2,NaiveBayes,0.99999999943552,1.43185579054837e-69,5.644809563471891e-10,0.99999999943552,MAR_sick_tsh
1074,1,2,NaiveBayes,0.9999999999999751,5.1966446516973144e-79,2.4651476299543704e-14,0.9999999999999751,MAR_sick_tsh
1075,1,2,NaiveBayes,1.0,1.3440058115908717e-286,2.236158978997568e-33,1.0,MAR_sick_tsh
1076,1,2,NaiveBayes,1.0,0.0,3.275418106513609e-33,1.0,MAR_sick_tsh
1077,1,2,NaiveBayes,0.9999999968003443,1.746130689670565e-23,3.199655244242406e-09,0.9999999968003443,MAR_sick_tsh
1078,1,2,NaiveBayes,0.9999999999998366,8.710047685492688e-63,1.599934517369457e-13,0.9999999999998366,MAR_sick_tsh
1079,1,2,NaiveBayes,1.0,0.0,9.095887716618116e-39,1.0,MAR_sick_tsh
1080,1,2,NaiveBayes,1.0,0.0,2.2666589909643075e-64,1.0,MAR_sick_tsh
1081,1,2,NaiveBayes,1.0,0.0,2.566065758006101e-81,1.0,MAR_sick_tsh
1082,1,2,NaiveBayes,0.999999500516918,3.539762113042175e-115,4.994830850534386e-07,0.999999500516918,MAR_sick_tsh
1083,1,2,NaiveBayes,1.0,6.812990499622731e-122,6.314787023847702e-17,1.0,MAR_sick_tsh
1084,1,2,NaiveBayes,0.9999999999828475,6.810320741745684e-53,1.7154603101076658e-11,0.9999999999828475,MAR_sick_tsh
1085,1,2,NaiveBayes,1.0,1.330469245560027e-309,3.76885717396497e-34,1.0,MAR_sick_tsh
1086,1,2,NaiveBayes,1.0,6.590072391996815e-131,3.474099487092412e-18,1.0,MAR_sick_tsh
1087,1,2,NaiveBayes,1.0,0.0,6.562753301983818e-61,1.0,MAR_sick_tsh
1088,1,2,NaiveBayes,1.0,0.0,1.4082850710777139e-62,1.0,MAR_sick_tsh
1089,1,2,NaiveBayes,1.0,0.0,2.5149558237269383e-104,1.0,MAR_sick_tsh
1240,2,2,NaiveBayes,0.9999069912235249,7.225975636966618e-36,9.30087764737666e-05,0.9999069912235249,MNAR_nhanes_cadmium
1241,2,1,NaiveBayes,0.999999998898474,3.0720637427548865e-12,0.999999998898474,1.098454998493152e-09,MNAR_nhanes_cadmium
1242,2,1,NaiveBayes,0.9993699622910917,1.5517555666423599e-15,0.9993699622910917,0.0006300377089052486,MNAR_nhanes_cadmium
1243,2,0,NaiveBayes,0.999998907171879,0.999998907171879,1.0925273664320858e-06,3.0075789619269703e-10,MNAR_nhanes_cadmium
1244,2,1,NaiveBayes,0.9999999945735567,2.2504160825530356e-101,0.9999999945735567,5.4264373227642715e-09,MNAR_nhanes_cadmium
1245,2,1,NaiveBayes,0.8613197538773519,8.022093554365823e-211,0.8613197538773519,0.13868024612264956,MNAR_nhanes_cadmium
1246,2,1,NaiveBayes,0.9998627522402447,8.006891028722357e-12,0.9998627522402447,0.00013724775174694224,MNAR_nhanes_cadmium
1247,2,1,NaiveBayes,0.8617156827499322,1.645318061689276e-07,0.8617156827499322,0.1382841527182632,MNAR_nhanes_cadmium
1248,2,2,NaiveBayes,1.0,0.0,1.7582904809264205e-44,1.0,MNAR_nhanes_cadmium
1249,2,2,NaiveBayes,0.999999999918245,4.2672503004823714e-117,8.175750849183804e-11,0.999999999918245,MNAR_nhanes_cadmium
1250,2,2,NaiveBayes,0.9999986289978989,9.884761966084518e-23,1.3710021019338765e-06,0.9999986289978989,MNAR_nhanes_cadmium
1251,2,1,NaiveBayes,1.0,3.654204151970567e-78,1.0,9.076960492658058e-24,MNAR_nhanes_cadmium
1252,2,2,NaiveBayes,0.9999999999997513,5.067279071994441e-121,2.4551204961593006e-13,0.9999999999997513,MNAR_nhanes_cadmium
1253,2,1,NaiveBayes,0.9344760089717806,1.516574319962318e-08,0.9344760089717806,0.06552397586247644,MNAR_nhanes_cadmium
1254,2,1,NaiveBayes,0.9795306694165139,3.902343045204283e-39,0.9795306694165139,0.0204693305834843,MNAR_nhanes_cadmium
1255,2,2,NaiveBayes,0.99860811718809,0.001369641359621122,2.224145228928619e-05,0.99860811718809,MNAR_nhanes_cadmium
1256,2,2,NaiveBayes,0.8256852025990272,8.549155935263815e-06,0.17430624824503974,0.8256852025990272,MNAR_nhanes_cadmium
1257,2,1,NaiveBayes,0.9999999999996305,1.4884442290526194e-20,0.9999999999996305,3.6628759983650786e-13,MNAR_nhanes_cadmium
1258,2,1,NaiveBayes,0.9726762451644374,1.1376789787476004e-44,0.9726762451644374,0.027323754835561872,MNAR_nhanes_cadmium
1259,2,2,NaiveBayes,0.9999718925925208,3.6063898811983366e-28,2.810740748121902e-05,0.9999718925925208,MNAR_nhanes_cadmium
1260,2,1,NaiveBayes,0.9999999995089297,4.843054672554237e-10,0.9999999995089297,6.762420052435792e-12,MNAR_nhanes_cadmium
1261,2,2,NaiveBayes,0.9423858877700723,4.797969547950455e-18,0.05761411222992851,0.9423858877700723,MNAR_nhanes_cadmium
1262,2,0,NaiveBayes,0.4201363423816803,0.4201363423816803,0.33451482548454947,0.24534883213377137,MNAR_nhanes_cadmium
1263,2,1,NaiveBayes,0.8444696827317677,3.874316049094173e-09,0.8444696827317677,0.15553031339391976,MNAR_nhanes_cadmium
1264,2,2,NaiveBayes,0.8646625991901117,0.04765819397950762,0.08767920683038105,0.8646625991901117,MNAR_nhanes_cadmium
1265,2,1,NaiveBayes,0.9999996685964357,9.385819541014707e-30,0.9999996685964357,3.314035609285649e-07,MNAR_nhanes_cadmium
1266,2,1,NaiveBayes,0.9999996420142737,3.557970374609847e-07,0.9999996420142737,2.1886915845432744e-09,MNAR_nhanes_cadmium
1267,2,2,NaiveBayes,0.9997318615877063,3.967993836812189e-10,0.00026813801549653603,0.9997318615877063,MNAR_nhanes_cadmium
1268,2,1,NaiveBayes,0.9886938767037435,1.714354696592921e-18,0.9886938767037435,0.011306123296254255,MNAR_nhanes_cadmium
1269,2,1,NaiveBayes,0.9999999999999929,6.276118415053654e-21,0.9999999999999929,6.574649957976182e-15,MNAR_nhanes_cadmium
1270,2,1,NaiveBayes,0.9999989873425659,1.278410871029237e-15,0.9999989873425659,1.0126574329316086e-06,MNAR_nhanes_cadmium
1271,2,1,NaiveBayes,0.9999999992389803,3.3777989616664536e-118,0.9999999992389803,7.610227377367417e-10,MNAR_nhanes_cadmium
1272,2,1,NaiveBayes,0.9995122892162838,3.61487797176867e-08,0.9995122892162838,0.0004876746349359879,MNAR_nhanes_cadmium
1273,2,1,NaiveBayes,0.9202280436438933,0.006245676527355261,0.9202280436438933,0.0735262798287532,MNAR_nhanes_cadmium
1274,2,1,NaiveBayes,0.9999999121069262,8.010337626571244e-20,0.9999999121069262,8.78930749442473e-08,MNAR_nhanes_cadmium
1275,2,2,NaiveBayes,1.0,0.0,5.252123098806797e-56,1.0,MNAR_nhanes_cadmium
1276,2,1,NaiveBayes,0.9999999200541755,9.405326447716825e-31,0.9999999200541755,7.994582629616774e-08,MNAR_nhanes_cadmium
1277,2,1,NaiveBayes,0.9994678651189044,5.7863721584995356e-09,0.9994678651189044,0.0005321290947217845,MNAR_nhanes_cadmium
1278,2,1,NaiveBayes,0.9999999999999147,2.7819808877585964e-49,0.9999999999999147,8.232026304937935e-14,MNAR_nhanes_cadmium
1279,2,1,NaiveBayes,0.9991854688439413,5.531283044767998e-20,0.9991854688439413,0.0008145311560594053,MNAR_nhanes_cadmium
1280,2,2,NaiveBayes,0.74758941158189,4.1206871535895907e-07,0.25241017634939594,0.74758941158189,MNAR_nhanes_cadmium
1281,2,1,NaiveBayes,0.9999999829049743,1.4502172552783589e-15,0.9999999829049743,1.7095022432230913e-08,MNAR_nhanes_cadmium
1282,2,1,NaiveBayes,0.9999999731890487,1.0498952897767055e-89,0.9999999731890487,2.6810957074538572e-08,MNAR_nhanes_cadmium
1283,2,1,NaiveBayes,0.9999999837306747,2.2615258230472662e-13,0.9999999837306747,1.6269100923445004e-08,MNAR_nhanes_cadmium
1284,2,1,NaiveBayes,1.0,2.368693065944329e-45,1.0,4.6803941154743927e-32,MNAR_nhanes_cadmium
1285,2,2,NaiveBayes,0.9998342907550879,8.990118245766771e-08,0.00016561934372868995,0.9998342907550879,MNAR_nhanes_cadmium
1286,2,1,NaiveBayes,0.9999970255579639,3.7280882125899083e-22,0.9999970255579639,2.97444203803518e-06,MNAR_nhanes_cadmium
1287,2,2,NaiveBayes,0.9842206727338809,3.6375232380496744e-09,0.01577932362859752,0.9842206727338809,MNAR_nhanes_cadmium
1288,2,2,NaiveBayes,0.9999889660870399,3.5578910148557654e-52,1.1033912960034744e-05,0.9999889660870399,MNAR_nhanes_cadmium
1289,2,1,NaiveBayes,0.9999999999523013,1.1522879163130672e-18,0.9999999999523013,4.7698091066740516e-11,MNAR_nhanes_cadmium
1440,2,0,NaiveBayes,0.9959252689048671,0.9959252689048671,2.446339895220736e-08,0.0040747066317348745,MNAR_pima_skinthickness
1441,2,0,NaiveBayes,0.9999999683800317,0.9999999683800317,2.3749098823497923e-08,7.870868557544033e-09,MNAR_pima_skinthickness
1442,2,2,NaiveBayes,0.9999882915585641,9.21078696737663e-16,1.1708441435881047e-05,0.9999882915585641,MNAR_pima_skinthickness
1443,2,0,NaiveBayes,0.9975412810796055,0.9975412810796055,1.323257226985717e-07,0.002458586594671878,MNAR_pima_skinthickness
1444,2,2,NaiveBayes,0.9493347802450653,0.05066444216369191,7.775912432854948e-07,0.9493347802450653,MNAR_pima_skinthickness
1445,2,0,NaiveBayes,0.9794307714571795,0.9794307714571795,1.5937552155344817e-07,0.020569069167299493,MNAR_pima_skinthickness
1446,2,2,NaiveBayes,0.9999971046122406,7.90493016586816e-19,2.8953877583551733e-06,0.9999971046122406,MNAR_pima_skinthickness
1447,2,2,NaiveBayes,0.6304115457006574,0.36958704859146835,1.4057078745682862e-06,0.6304115457006574,MNAR_pima_skinthickness
1448,2,0,NaiveBayes,0.9761352926304645,0.9761352926304645,1.1342059346312919e-07,0.02386459394894281,MNAR_pima_skinthickness
1449,2,2,NaiveBayes,0.7731867817975066,0.22681311863329837,9.956919668345785e-08,0.7731867817975066,MNAR_pima_skinthickness
1450,2,2,NaiveBayes,0.7047208066791744,0.2952782457386892,9.47582135546628e-07,0.7047208066791744,MNAR_pima_skinthickness
1451,2,0,NaiveBayes,0.9823559905205893,0.9823559905205893,3.038999145910389e-08,0.017643979089418383,MNAR_pima_skinthickness
1452,2,0,NaiveBayes,0.994371143574517,0.994371143574517,8.904251283618599e-08,0.0056287673829714365,MNAR_pima_skinthickness
1453,2,0,NaiveBayes,0.9998360177467592,0.9998360177467592,4.393266950190421e-07,0.00016354292654560858,MNAR_pima_skinthickness
1454,2,2,NaiveBayes,0.5371368903175614,0.4628623610314891,7.486509491952335e-07,0.5371368903175614,MNAR_pima_skinthickness
1455,2,0,NaiveBayes,0.9999849146445593,0.9999849146445593,1.1767102874013456e-08,1.50735883377414e-05,MNAR_pima_skinthickness
1456,2,2,NaiveBayes,0.9999999098068001,2.0253953857122289e-16,9.019319742030067e-08,0.9999999098068001,MNAR_pima_skinthickness
1457,2,0,NaiveBayes,0.9905959730645684,0.9905959730645684,1.0408965885662242e-08,0.009404016526466765,MNAR_pima_skinthickness
1458,2,0,NaiveBayes,0.6316702177613963,0.6316702177613963,1.4802956750022846e-06,0.3683283019429278,MNAR_pima_skinthickness
1459,2,0,NaiveBayes,0.9461849472505098,0.9461849472505098,3.929635433299427e-08,0.05381501345313324,MNAR_pima_skinthickness
1460,2,0,NaiveBayes,0.999771777287776,0.999771777287776,1.6386224037956864e-08,0.00022820632600094282,MNAR_pima_skinthickness
1461,2,2,NaiveBayes,0.9985300368044465,0.0014698198745872507,1.4332096778090398e-07,0.9985300368044465,MNAR_pima_skinthickness
1462,2,2,NaiveBayes,0.9999997141922723,4.2280935211509335e-17,2.8580772744379085e-07,0.9999997141922723,MNAR_pima_skinthickness
1463,2,2,NaiveBayes,0.7435670172414697,0.25643274473647165,2.3802205878140138e-07,0.7435670172414697,MNAR_pima_skinthickness
1464,2,0,NaiveBayes,0.8684134813714388,0.8684134813714388,8.464179319295787e-08,0.13158643398676825,MNAR_pima_skinthickness
1465,2,0,NaiveBayes,0.906323988903997,0.906323988903997,8.377771938616264e-05,0.09359223337661787,MNAR_pima_skinthickness
1466,2,2,NaiveBayes,0.6054922825624681,0.3945074937048338,2.2373269711235637e-07,0.6054922825624681,MNAR_pima_skinthickness
1467,2,0,NaiveBayes,0.999980729229738,0.999980729229738,2.977002569091445e-10,1.9270472560579972e-05,MNAR_pima_skinthickness
1468,2,0,NaiveBayes,0.9589737879374257,0.9589737879374257,1.1761731034868287e-07,0.04102609444526613,MNAR_pima_skinthickness
1469,2,2,NaiveBayes,0.9999984017941318,5.36582314590006e-18,1.5982058668235285e-06,0.9999984017941318,MNAR_pima_skinthickness
1470,2,2,NaiveBayes,0.9999998082437365,6.672751003341327e-29,1.9175626344433455e-07,0.9999998082437365,MNAR_pima_skinthickness
1471,2,2,NaiveBayes,0.9999999732403996,2.1691655651140162e-13,2.675938330571007e-08,0.9999999732403996,MNAR_pima_skinthickness
1472,2,0,NaiveBayes,0.9999997656327996,0.9999997656327996,1.998223863934372e-08,2.1438496054659045e-07,MNAR_pima_skinthickness
1473,2,0,NaiveBayes,0.7643187370700472,0.7643187370700472,7.175770273701162e-05,0.2356095052272145,MNAR_pima_skinthickness
1474,2,0,NaiveBayes,0.9978028411996003,0.9978028411996003,2.1976492038220227e-05,0.0021751823083611347,MNAR_pima_skinthickness
1475,2,0,NaiveBayes,0.9577352396520583,0.9577352396520583,6.742609666705598e-08,0.04226469292184678,MNAR_pima_skinthickness
1476,2,2,NaiveBayes,0.9973373325573841,0.0026602544314076816,2.413011208555699e-06,0.9973373325573841,MNAR_pima_skinthickness
1477,2,0,NaiveBayes,0.9826407813157589,0.9826407813157589,3.063738116049426e-07,0.017358912310428933,MNAR_pima_skinthickness
1478,2,2,NaiveBayes,0.9979240882369717,0.002074260389854391,1.6513731737357326e-06,0.9979240882369717,MNAR_pima_skinthickness
1479,2,0,NaiveBayes,0.9650778340254779,0.9650778340254779,5.377810708907642e-08,0.034922112196414556,MNAR_pima_skinthickness
1480,2,2,NaiveBayes,0.9999999091982309,1.7691983359873887e-15,9.080176839938112e-08,0.9999999091982309,MNAR_pima_skinthickness
1481,2,0,NaiveBayes,0.7216371285608343,0.7216371285608343,2.8695614202132998e-08,0.27836284274355044,MNAR_pima_skinthickness
1482,2,0,NaiveBayes,0.8913710018230755,0.8913710018230755,5.447236719975709e-06,0.10862355094020418,MNAR_pima_skinthickness
1483,2,0,NaiveBayes,0.7463166531493786,0.7463166531493786,2.5666603732105074e-07,0.25368309018458296,MNAR_pima_skinthickness
1484,2,0,NaiveBayes,0.739894079195583,0.739894079195583,1.850400817702694e-06,0.2601040704035981,MNAR_pima_skinthickness
1485,2,0,NaiveBayes,0.9314332781387614,0.9314332781387614,6.338199070641203e-06,0.06856038366216856,MNAR_pima_skinthickness
1486,2,2,NaiveBayes,0.9999999886710215,7.112703306158208e-20,1.1328980137283436e-08,0.9999999886710215,MNAR_pima_skinthickness
1487,2,2,NaiveBayes,0.539357114086046,0.46064135859711036,1.5273168419778692e-06,0.539357114086046,MNAR_pima_skinthickness
1488,2,0,NaiveBayes,0.9999281604250546,0.9999281604250546,2.8368826391746394e-08,7.181120611951506e-05,MNAR_pima_skinthickness
1489,2,0,NaiveBayes,0.9999999458231003,0.9999999458231003,2.9199972660120444e-08,2.4976926759417043e-08,MNAR_pima_skinthickness
1490,2,2,NaiveBayes,0.9985511504876546,0.001448762996870116,8.651547648328359e-08,0.9985511504876546,MNAR_support2_albumin
1491,2,2,NaiveBayes,0.9988189818051946,0.0011807657425829102,2.524522255028303e-07,0.9988189818051946,MNAR_support2_albumin
1492,2,2,NaiveBayes,0.9975756284211806,0.002424217413523189,1.5416529730222326e-07,0.9975756284211806,MNAR_support2_albumin
1493,2,0,NaiveBayes,0.9999997336796084,0.9999997336796084,3.1353315161928233e-10,2.6600686003129287e-07,MNAR_support2_albumin
1494,2,2,NaiveBayes,0.9983686526966249,0.0016308499240702706,4.973793065143059e-07,0.9983686526966249,MNAR_support2_albumin
1495,2,0,NaiveBayes,0.9987239038836956,0.9987239038836956,7.014027909178068e-08,0.0012760259760222952,MNAR_support2_albumin
1496,2,2,NaiveBayes,0.9899164481786951,0.010082328768100604,1.2230532025316257e-06,0.9899164481786951,MNAR_support2_albumin
1497,2,2,NaiveBayes,0.9868459649157598,0.01315355560732797,4.794769134821455e-07,0.9868459649157598,MNAR_support2_albumin
1498,2,2,NaiveBayes,0.9879203797813941,0.012079504487486483,1.1573112105088885e-07,0.9879203797813941,MNAR_support2_albumin
1499,2,2,NaiveBayes,0.9994342981690473,0.0005543865013790132,1.1315329573338695e-05,0.9994342981690473,MNAR_support2_albumin
1500,2,2,NaiveBayes,0.9999993596901706,6.285579790517096e-07,1.1751852644078259e-08,0.9999993596901706,MNAR_support2_albumin
1501,2,2,NaiveBayes,0.6205955428115165,0.37940165080140603,2.8063870796373344e-06,0.6205955428115165,MNAR_support2_albumin
1502,2,0,NaiveBayes,0.8227623811259042,0.8227623811259042,3.060096196800827e-06,0.17723455877790065,MNAR_support2_albumin
1503,2,2,NaiveBayes,0.9999973109983729,6.250501673941452e-07,2.063951456440422e-06,0.9999973109983729,MNAR_support2_albumin
1504,2,0,NaiveBayes,0.9994752239449437,0.9994752239449437,4.411890340406172e-06,0.0005203641647130369,MNAR_support2_albumin
1505,2,2,NaiveBayes,1.0,0.0,6.375996075600871e-76,1.0,MNAR_support2_albumin
1506,2,0,NaiveBayes,0.8926557316349043,0.8926557316349043,0.021279073493177234,0.08606519487191898,MNAR_support2_albumin
1507,2,0,NaiveBayes,0.9406728118190438,0.9406728118190438,3.45402534551441e-07,0.05932684277841885,MNAR_support2_albumin
1508,2,0,NaiveBayes,0.9989656281779642,0.9989656281779642,1.0132862713561542e-06,0.0010333585357649856,MNAR_support2_albumin
1509,2,2,NaiveBayes,0.9629438887229116,0.037055784033546764,3.2724354064804705e-07,0.9629438887229116,MNAR_support2_albumin
1510,2,2,NaiveBayes,0.998953803691575,0.0010461652767895686,3.103163443901952e-08,0.998953803691575,MNAR_support2_albumin
1511,2,0,NaiveBayes,0.8970837714374224,0.8970837714374224,4.1435849421322165e-05,0.10287479271315401,MNAR_support2_albumin
1512,2,2,NaiveBayes,0.999497159294191,0.0005021697529638229,6.70952847822941e-07,0.999497159294191,MNAR_support2_albumin
1513,2,2,NaiveBayes,0.7481654560877081,0.2518328821171987,1.6617950921983524e-06,0.7481654560877081,MNAR_support2_albumin
1514,2,0,NaiveBayes,0.7660493593568964,0.7660493593568964,4.395389996291084e-06,0.23394624525310792,MNAR_support2_albumin
1515,2,0,NaiveBayes,0.998683691133282,0.998683691133282,4.2182513437851784e-07,0.0013158870415830113,MNAR_support2_albumin
1516,2,2,NaiveBayes,0.9282177103307653,0.07176425893130166,1.8030737931962872e-05,0.9282177103307653,MNAR_support2_albumin
1517,2,2,NaiveBayes,0.9367094384323973,0.06329043719922771,1.2436837199194593e-07,0.9367094384323973,MNAR_support2_albumin
1518,2,2,NaiveBayes,0.9870896772070424,0.012909688100152436,6.346928017080381e-07,0.9870896772070424,MNAR_support2_albumin
1519,2,0,NaiveBayes,0.999737945863223,0.999737945863223,2.198101812646408e-08,0.00026203215575952224,MNAR_support2_albumin
1520,2,2,NaiveBayes,0.9994441617451173,0.0005557991826781846,3.9072202454944995e-08,0.9994441617451173,MNAR_support2_albumin
1521,2,0,NaiveBayes,0.996121843697748,0.996121843697748,3.3820523216679625e-06,0.0038747742499288438,MNAR_support2_albumin
1522,2,2,NaiveBayes,0.999971231421167,2.5258948349430477e-05,3.5096304851718555e-06,0.999971231421167,MNAR_support2_albumin
1523,2,2,NaiveBayes,0.9995374468327856,0.00046245047186078557,1.0269535294912089e-07,0.9995374468327856,MNAR_support2_albumin
1524,2,2,NaiveBayes,0.9999938357661965,3.805164762271896e-06,2.359069040946258e-06,0.9999938357661965,MNAR_support2_albumin
1525,2,2,NaiveBayes,0.999831608171232,0.00016719822099765645,1.1936077687997832e-06,0.999831608171232,MNAR_support2_albumin
1526,2,0,NaiveBayes,0.9988143826718542,0.9988143826718542,5.227132007388489e-08,0.0011855650568250965,MNAR_support2_albumin
1527,2,2,NaiveBayes,0.9979477524343363,0.0020516917747997326,5.557908643675955e-07,0.9979477524343363,MNAR_support2_albumin
1528,2,2,NaiveBayes,0.941699821494493,0.058300131433791674,4.70717138675127e-08,0.941699821494493,MNAR_support2_albumin
1529,2,2,NaiveBayes,0.9276149716066662,0.07238407141995766,9.569733773748947e-07,0.9276149716066662,MNAR_support2_albumin
1530,2,2,NaiveBayes,0.8713330438247576,0.12866580803380484,1.1481414384069075e-06,0.8713330438247576,MNAR_support2_albumin
1531,2,2,NaiveBayes,0.8825866166797456,0.1174128412056377,5.42114617768391e-07,0.8825866166797456,MNAR_support2_albumin
1532,2,0,NaiveBayes,0.9994649647206214,0.9994649647206214,1.4396532302626803e-08,0.0005350208828464037,MNAR_support2_albumin
1533,2,2,NaiveBayes,0.9999992613313423,5.776881083605143e-07,1.6098054753028045e-07,0.9999992613313423,MNAR_support2_albumin
1534,2,2,NaiveBayes,0.9758834825247669,0.024110138935049256,6.378540182131316e-06,0.9758834825247669,MNAR_support2_albumin
1535,2,0,NaiveBayes,0.9388878712288695,0.9388878712288695,4.090245258733844e-07,0.06111171974660245,MNAR_support2_albumin
1536,2,2,NaiveBayes,0.8875371997574925,0.11246155791011316,1.2423323934494707e-06,0.8875371997574925,MNAR_support2_albumin
1537,2,0,NaiveBayes,0.7130814773618437,0.7130814773618437,2.268829903526433e-07,0.28691829575516525,MNAR_support2_albumin
1538,2,2,NaiveBayes,0.9446780120872696,0.055316230572969624,5.757339760652054e-06,0.9446780120872696,MNAR_support2_albumin
1539,2,0,NaiveBayes,0.736875038163334,0.736875038163334,1.2831511708522114e-05,0.2631121303249582,MNAR_support2_albumin
