X0_missing_rate,X0_obs_vs_full_ratio,X0_iqr_ratio,X0_obs_skew_diff,coef_X1_abs,auc_mask_from_Xobs,log_pval_X1_mask,X1_mean_diff,X1_mannwhitney_pval,little_proxy_score,X0_ks_obs_vs_imputed,X0_tail_missing_ratio,mask_entropy,X0_censoring_score,X0_mean_shift_X1_to_X4,mechdetect_auc_complete,mechdetect_auc_shuffled,mechdetect_auc_excluded,mechdetect_delta_complete_shuffled,mechdetect_delta_complete_excluded,mechdetect_mwu_pvalue,caafe_auc_self_delta,caafe_kl_density,caafe_kurtosis_excess,caafe_cond_entropy_X0_mask,llm_ctx_domain_prior,llm_ctx_domain_confidence,llm_ctx_stats_consistency,llm_ctx_surprise,llm_ctx_confidence_delta,llm_ctx_counter_strength,llm_ctx_cause_type,llm_ctx_n_causes,llm_ctx_stats_agreement
0.04,0.9952551787987506,1.0072463768115942,0.0538603319559048,0.1005119781920235,0.6197916666666666,0.812633233677017,0.2377421128559265,0.1075031187577579,0.5364583333333334,0.02,1.0,1.9684392788407163,0.0,0.1919386673065325,0.5,0.5,0.5,0.0,0.0,1.0,0.0,0.0,0.1327436282885812,0.2257355131993065,0.5,0.9,0.95,0.05,0.05,0.6,0.5,0.8,0.95
0.09,0.992823164768866,1.2028985507246386,0.0955375820158781,0.4566132076348349,0.7968936678614099,1.8888151651782876,0.2821998789740725,0.0194563074250674,0.5,0.0445054945054945,1.0,2.7725613589060143,0.0,0.1899669662281229,0.8482676224611708,0.6193834900731452,0.7931899641577062,0.2288841323880256,0.0550776583034646,0.1,0.0688596491228069,19.702364799994747,-0.2146132035358907,0.3036255322569677,0.5,0.95,0.95,0.0,0.0,0.3,0.5,0.8,1.0
0.09,0.990668437935392,1.1620553359683798,0.1147094635090949,1.0285656709861706,0.6401433691756272,1.827109380510764,0.2776509535094343,0.0149734295597382,0.4462759462759462,0.0445054945054945,1.0,3.361700305085886,0.0054514106684023,0.172555123659481,0.6908004778972522,0.6665430725497465,0.643847072879331,0.0242574053475056,0.0469534050179212,1.0,0.2979532163742691,20.23991011888752,-0.1669985269203504,0.3405237479640617,0.5,0.95,0.95,0.0,0.0,0.2,0.5,1.0,1.0
0.05,0.9972393213555024,1.0555555555555558,0.0408898996925375,0.4479895102131146,0.6901881720430106,1.2454119416256977,0.2804066736702696,0.0462851226231033,0.5552631578947369,0.0247368421052631,1.0,2.357135055838902,0.003975143702974,0.2273775227714533,0.7014448924731184,0.7506720430107526,0.6901881720430106,-0.0492271505376342,0.0112567204301077,1.0,0.131578947368421,19.161156431801626,0.0170207041119683,0.2546499336950821,0.5,0.95,1.0,0.0,0.0,0.1,0.5,1.0,1.0
0.03,0.9968741793661956,1.0212765957446812,0.0377477796671158,0.606388326100398,0.65625,1.0867903431455093,0.3359911916183841,0.0915546152726762,0.4914089347079037,0.0148453608247422,1.0,1.712946901524414,0.0030467210373664,0.2209956883162641,0.5,0.5,0.5,0.0,0.0,1.0,0.0,0.0,0.1004115986849405,0.2610974657394437,0.5,0.95,0.95,0.0,0.0,0.2,0.5,0.8,1.0
0.03,0.9972438806020776,1.008403361344538,0.0332749632582534,0.8413422512007103,0.8131313131313131,1.4624366208287598,0.4431391919993784,0.0355963680658338,0.7087628865979382,0.0148453608247422,1.0,1.667568558276424,0.0,0.2936860319513016,0.5,0.5,0.5,0.0,0.0,1.0,0.0,0.0,-0.254697238068049,0.2924268678475954,0.5,0.95,0.95,0.05,0.05,0.4,0.5,1.0,0.95
0.08,0.9930954910076554,1.053333333333332,0.1216776102956997,0.4887990918623631,0.6412186379928316,1.0215240963589771,0.1865617275318447,0.0910442461732544,0.4755434782608695,0.0382608695652173,1.0,3.300599929116883,0.0,0.1282992251456787,0.5860215053763441,0.5107440142162365,0.6448028673835126,0.0752774911601076,-0.0587813620071684,1.0,0.163888888888889,19.636915546192498,2.0942841829927934,0.1761464439782173,0.5,0.95,0.95,0.05,0.1,0.9,0.5,0.8,0.95
0.06,0.9955290922628554,1.0505050505050506,0.0677228818394802,0.2224566492246698,0.4361559139784947,0.1682558151071963,0.0577860545812811,0.8960685365820231,0.2535460992907801,0.03,1.0,2.3695483538732547,0.0,0.0406716105874213,0.338877688172043,0.6184027777777777,0.4415322580645162,-0.2795250896057347,-0.1026545698924731,0.4,0.3847953216374268,20.363131475069245,0.3530546621880011,0.3385805801309896,0.0,0.8,0.9,0.1,0.05,0.9,0.0,0.8,0.9
0.05,0.9976783054881736,1.0739549839228302,0.0299237393217896,0.1636760808557381,0.5623319892473119,0.4093380807382626,0.1230048444353718,0.4766386822094201,0.381578947368421,0.0247368421052631,1.0,2.0233719162032906,0.0,0.0806106332867007,0.5940860215053764,0.0,0.5569556451612904,0.0,0.037130376344086,0.0,0.2421052631578948,21.243247620344277,-0.1015353429023,0.2476418159025596,0.5,0.9,0.9,0.1,0.05,0.9,0.5,1.0,0.9
0.03,0.9968598999182716,1.0491803278688523,0.0375032294831718,0.2060677795148163,0.6723484848484849,0.561009321711975,-0.2131970660833422,0.3171943099619322,0.4304123711340206,0.0148453608247422,1.0,2.041087596613486,0.0,0.1644946872430163,0.5,0.5,0.5,0.0,0.0,1.0,0.0,0.0,0.0872963124131263,0.2401935834314981,0.5,0.7,0.9,0.6,0.15,0.9,0.0,0.8,0.4
0.1,0.994246157186556,1.1538461538461542,0.0844582307169931,0.9096876802541924,0.8018518518518518,3.165794497267509,0.3766720272443477,0.0013207221803356,0.5472222222222222,0.0488888888888888,1.0,3.3371113486106396,0.0,0.2528679399343047,0.9314814814814816,0.7203703703703704,0.8018518518518518,0.211111111111111,0.1296296296296296,0.1,0.1055555555555554,20.307113391506544,-0.1963774425406019,0.3456956344401236,0.5,0.95,0.95,0.05,0.0,0.2,0.5,0.8,0.95
0.01,0.9992834086083008,1.0161812297734627,0.0094683544177973,0.4827751768895565,0.5,0.511191911952157,0.3385663464653153,0.3864453594385301,0.6515151515151515,0.0049494949494949,1.0,0.7994837793045324,0.0017411039178681,0.1835894552519115,0.5,0.5,0.5,0.0,0.0,1.0,0.0,0.0,-0.1894868474520459,0.2171031685531994,0.0,0.9,1.0,0.0,0.0,0.1,0.0,1.0,1.0
0.01,0.9987916882436624,1.012987012987013,0.0107861230398799,0.72215040822634,0.5,0.4167103041366862,-0.3030092811570439,0.5559009481664383,0.7196969696969697,0.0049494949494949,1.0,0.6628442045368051,0.0034821869348185,0.2448915627875153,0.5,0.5,0.5,0.0,0.0,1.0,0.0,0.0,-0.6360397794697157,0.2171031685531994,0.0,0.9,0.8,0.1,0.0,0.1,0.0,1.0,0.8
0.06,0.991873356682229,1.0816326530612244,0.0916536408289425,0.0092263808992668,0.3400537634408602,0.0594969441397948,-0.0226574979990084,0.9248363693002984,0.1906028368794326,0.03,1.0,2.6377496492551997,0.0,0.0229559076372368,0.594758064516129,0.2527777777777777,0.3400537634408602,0.3419802867383512,0.2547043010752687,0.1,0.6138888888888888,19.582662314647784,0.6162295670215183,0.1649213263564441,0.0,0.9,1.0,0.0,0.0,0.15,0.0,0.8,1.0
0.02,0.9975037699236248,1.0057306590257875,0.0257852332075365,0.1476111027584527,0.8877551020408164,0.8484910017797842,0.3552272389421192,0.1796358530527096,0.8112244897959184,0.0097959183673469,1.0,1.097373389359961,0.0049501523454484,0.3003422803470126,0.5,0.5,0.5,0.0,0.0,1.0,0.0,0.0,-0.4031521972998457,0.2304243096623153,0.5,0.95,1.0,0.0,0.0,0.1,0.5,0.8,1.0
0.09,0.9906500237130303,1.1149825783972125,0.1173610714825267,0.3503342876831847,0.3849462365591398,0.567302018632377,0.1293728817141929,0.214749479261443,0.394078144078144,0.0445054945054945,1.0,3.447461932504525,0.0272854357743849,0.1182751003096121,0.3091995221027479,0.6466547192353643,0.3813620071684587,-0.3374551971326164,-0.0721624850657108,0.1,0.1211988304093565,19.17264433378211,0.1233086573108623,0.2950781025941639,0.5,0.95,0.95,0.05,0.0,0.2,0.5,0.8,0.95
0.07,0.9929919997164904,1.026819923371648,0.0955482050981688,0.2415415432721669,0.578853046594982,0.4996142226203948,0.1259554841005614,0.2797979305826537,0.3544546850998464,0.0346236559139784,1.0,2.6123129598406587,0.0,0.1119534578045805,0.5609318996415771,0.6881720430107526,0.578853046594982,-0.1272401433691755,-0.0179211469534049,0.7,0.1866959064327484,19.630284376961328,0.5632590723744615,0.2842857965034611,0.5,0.9,0.9,0.1,0.05,0.4,0.5,1.0,0.9
0.06,0.9956810524773866,1.1821862348178147,0.0709788224627792,0.1302046778748688,0.3422379032258065,0.4458749494882267,-0.1229813131201311,0.4547637307754859,0.349290780141844,0.03,1.0,1.9160002493690005,0.0,0.0850973901563731,0.4490927419354838,0.2820900537634409,0.3422379032258065,0.1670026881720429,0.1068548387096773,0.4,0.2359649122807017,18.531541932191917,0.4582706684119109,0.2697559464879411,0.5,0.85,0.9,0.1,0.25,0.75,0.5,1.0,0.9
0.05,0.9987327355267168,1.0155763239875395,0.0237692519417892,0.1604648499029379,0.3612231182795699,0.1188317128033875,0.0453265886312603,0.9621562166600016,0.3526315789473684,0.0247368421052631,1.0,2.3949599338217555,0.0039748811652261,0.043908760808865,0.2258064516129032,0.0,0.3612231182795699,0.0,-0.1354166666666667,0.0,0.0789473684210525,19.51088331143884,-0.5230428566624314,0.2848161699887707,1.0,0.85,0.1,0.9,0.1,0.1,0.0,1.0,0.1
0.07,0.9914603592295168,1.0266666666666673,0.0887956036379159,0.6531001114960949,0.3010752688172043,0.7475954389971049,0.174286926191864,0.2214672488609794,0.3279569892473118,0.0346236559139784,1.0,3.2066800907760427,0.0047544301492078,0.1046870641467836,0.2741935483870967,0.4632616487455196,0.3010752688172043,-0.1890681003584229,-0.0268817204301075,0.4,0.2780701754385966,18.78397127097902,-0.2904809054002757,0.3008277361717584,0.5,0.95,1.0,0.0,0.05,0.35,0.5,0.8,1.0
0.08,0.9926067737128622,1.0694444444444446,0.0904058503470576,0.3479625154077363,0.8188769414575866,2.653521980414956,0.3741671225214185,0.003692760154256,0.6589673913043479,0.04,1.0,3.0157042408465453,0.0,0.2840613296873938,0.9344086021505376,0.7561244630210147,0.8188769414575866,0.178284139129523,0.115531660692951,0.1,0.079093567251462,20.960260834972157,-0.2370879258683604,0.2589253848731839,0.5,0.95,0.95,0.0,0.0,0.1,0.5,0.8,1.0
0.11,0.9898553174327814,1.3137254901960795,0.1559112270183633,0.5095038966627627,0.4147828863346105,0.8321359900994584,0.1491925458756485,0.1520984854323732,0.3312053115423902,0.0543820224719101,1.0,3.4693968914532483,0.0060969417426184,0.0976668774976315,0.3819604086845466,0.4630056323604711,0.4147828863346105,-0.0810452236759244,-0.0328224776500638,1.0,0.3995098039215685,19.949736802980887,0.7702728971218029,0.3030128812523897,0.5,0.95,0.95,0.05,0.1,0.6,0.5,0.8,0.95
0.09,0.9884869688516252,1.224913494809688,0.1195262008587597,0.8876952157010054,0.6835125448028673,1.7437513496996684,0.2744100621311861,0.0154767166572711,0.4493284493284493,0.0435164835164835,1.0,3.0896432544874384,0.0054539678152875,0.1891711650659753,0.7236559139784946,0.2444828469022017,0.6835125448028673,0.4791730670762928,0.0401433691756273,0.1,0.1997076023391811,20.198246248543967,-0.2053461533319382,0.1898269280081871,0.5,0.95,0.95,0.05,0.0,0.2,0.5,0.8,0.95
0.05,0.995651185516942,1.0827067669172936,0.0596052330296559,0.9239220708351282,0.655241935483871,1.631975673569235,0.318448187444299,0.0176754593685257,0.6421052631578947,0.0247368421052631,1.0,2.251371645422187,0.0159052552864904,0.2117211100749171,0.6399529569892474,0.9739583333333334,0.655241935483871,-0.334005376344086,-0.0152889784946236,0.4,0.063157894736842,18.56586078327614,0.1350714425992545,0.2277181651394121,0.5,0.9,1.0,0.0,0.05,0.15,0.5,0.8,1.0
0.03,0.997051927423329,1.0647482014388496,0.0370965425434285,0.5382572130710127,0.7329545454545454,0.6086023745348889,0.2291289370094739,0.3739523804881386,0.513745704467354,0.0148453608247422,1.0,1.5962331307703863,0.0,0.1467764174763059,0.5,0.5,0.5,0.0,0.0,1.0,0.0,0.0,-0.0845667142908452,0.2210860791948539,0.5,0.9,0.9,0.1,0.0,0.2,0.5,0.8,0.9
0.08,0.989230821331295,1.1784615384615384,0.1111470725374964,0.3567475239477384,0.6739545997610513,0.8471122675384813,0.1817361793750745,0.1388135346546507,0.389945652173913,0.04,1.0,3.082325625473063,0.0,0.1499238775681614,0.6021505376344086,0.5724910394265232,0.6739545997610513,0.0296594982078853,-0.0718040621266427,1.0,0.3055555555555554,20.00505815946226,-0.2451395080466922,0.2901024814517316,0.5,0.95,0.95,0.0,0.0,0.2,0.5,0.8,1.0
0.07,0.9938492357648318,1.0657439446366774,0.0810657261762903,1.2243708722638558,0.6792114695340502,1.8184577209091597,0.3173790393420482,0.0129254748527648,0.4316436251920122,0.0338709677419354,1.0,2.898419662304367,0.0,0.1721082069824595,0.6774193548387096,0.3023477264300401,0.6792114695340502,0.3750716284086695,-0.0017921146953405,0.1,0.1757309941520469,20.72667226567059,0.0365259499711179,0.3372357664894009,0.5,0.95,0.95,0.05,0.0,0.2,0.5,0.8,0.95
0.05,0.9937232119279288,1.0242424242424246,0.0699476835436889,0.3904049073181493,0.337029569892473,0.0032546131988351,0.0014483517468347,1.0,0.3710526315789474,0.0247368421052631,1.0,2.448099920316876,0.0119271500796675,0.0384261275710445,0.4338037634408602,0.0,0.337029569892473,0.0,0.0967741935483871,0.0,0.1052631578947368,18.902744659442185,-0.0607768847001031,0.3191033575976437,0.5,0.8,0.1,0.9,0.15,0.9,0.5,0.8,0.1
0.07,0.9927467441009128,1.160493827160494,0.0772241535657596,0.0175566597095383,0.6272401433691756,1.002655042501391,0.2130711198550479,0.102115212300903,0.4573732718894009,0.0346236559139784,1.0,2.9795552325309633,0.0047543159259196,0.1715268714650505,0.6021505376344086,0.3457912457912457,0.6164874551971326,0.2563592918431628,-0.0143369175627239,0.2,0.2782163742690058,20.25940366385102,-0.6530686144272235,0.3008277361717584,0.5,0.95,0.95,0.05,0.0,0.2,0.5,1.0,0.95
0.04,0.997113745544708,1.0304054054054053,0.0386291026258984,0.1873426321380887,0.359375,0.2554594900393405,0.0947329368082489,0.6664927823355893,0.421875,0.02,1.0,2.296807228914179,0.0,0.0991556751084741,0.5,0.5,0.5,0.0,0.0,1.0,0.0,0.0,-0.3951489468641185,0.3072395697980135,0.5,0.9,0.8,0.1,0.25,0.75,0.5,1.0,0.8
0.07,0.9947215856787512,1.0871080139372815,0.075128810125275,0.2822799323423834,0.8673835125448028,0.6763614408006029,0.157831376773339,0.1521232170265185,0.5456989247311828,0.0346236559139784,1.0,2.609783064770038,0.0047543444809698,0.1918128821085295,0.9336917562724016,0.0,0.8727598566308243,0.0,0.0609318996415771,0.0,0.1007309941520465,20.617808466533308,-0.0511339594819113,0.2842857965034611,0.5,0.95,0.95,0.0,0.0,0.2,0.5,0.8,1.0
0.02,0.9986562389929192,1.0336700336700335,0.0200177862008866,0.3415733602066838,0.0714285714285714,0.0833298118865294,0.0523887068780782,0.94111849896166,0.4668367346938775,0.0095918367346938,1.0,1.5222641689397538,0.0024752247768594,0.0426254882706164,0.5,0.5,0.5,0.0,0.0,1.0,0.0,0.0,0.0653218381404356,0.22414490178678,0.0,0.9,1.0,0.0,0.05,0.9,0.0,0.8,1.0
0.09,0.994872895699342,1.2319391634980998,0.0868150908178301,0.6568646418082992,0.6816009557945041,0.4635854395341438,0.1096940404952892,0.4407800401516784,0.3253968253968254,0.0445054945054945,1.0,3.2057710866672715,0.0,0.0738601047477518,0.6522102747909199,0.4285543608124253,0.6887694145758662,0.2236559139784945,-0.0365591397849462,0.1,0.2383040935672515,20.0575187158183,0.1517932154599299,0.2556927650014323,0.5,0.95,0.1,0.9,0.0,0.95,0.5,0.8,0.1
0.08,0.9884747018731048,1.0740740740740753,0.1175690436565142,0.0088843359828165,0.6778972520908004,0.5891531222806198,0.1337164226986875,0.1719805126388406,0.373641304347826,0.04,1.0,3.111043489726235,0.0,0.1098737100107669,0.5948626045400239,0.6188172043010752,0.6778972520908004,-0.0239545997610513,-0.0830346475507765,0.7,0.2526315789473684,19.44666556622559,-0.4255762164136172,0.2589253848731839,0.5,0.95,0.95,0.05,0.15,0.6,0.5,0.8,0.95
0.08,0.9957714704180102,1.1255411255411252,0.089416952898947,0.3098000021876483,0.847431302270012,2.331875994164112,0.3227315399390458,0.0054998863964123,0.6453804347826088,0.0391304347826087,1.0,3.422502215422031,0.0,0.2481302411697818,0.9421744324970132,0.3157407407407407,0.847431302270012,0.6264336917562725,0.0947431302270013,0.1,0.0614035087719297,20.269786769612605,0.9118247004647384,0.2819836406510497,0.5,0.95,0.95,0.0,0.1,0.6,0.5,0.8,1.0
0.04,0.99802671523983,1.0341880341880352,0.0421955746065967,0.2949996803019388,0.6770833333333334,0.5767638356258922,-0.188000583356983,0.271600450774203,0.4479166666666666,0.02,1.0,1.8603228709762016,0.0,0.184538929612601,0.5,0.5,0.5,0.0,0.0,1.0,0.0,0.0,1.0728692617998856,0.2076220868171629,0.5,0.85,0.9,0.1,0.05,0.4,0.5,1.0,0.9
0.06,0.9931553546992103,1.0584958217270188,0.0711574523734821,0.6951052344885797,0.7765456989247311,0.1896599525648677,-0.0665679421352811,0.4814644866171764,0.3359929078014184,0.03,1.0,2.7993190698428165,0.0,0.044850941507082,0.7073252688172044,0.6820601851851852,0.7713373655913979,0.0252650836320191,-0.0640120967741935,1.0,0.2195906432748536,20.646330386695613,-0.6808032940062607,0.3019276695575132,0.0,0.85,1.0,0.0,0.0,0.2,0.0,1.0,1.0
0.09,0.9936701160033592,1.1250000000000009,0.1066447504746228,0.0255868841698757,0.4512544802867382,0.2867465512357436,-0.0769946321455167,0.3727613991321098,0.3031135531135531,0.0445054945054945,1.0,3.191914639445768,0.0,0.0591788151566867,0.5393070489844684,0.7137992831541219,0.4512544802867382,-0.1744922341696535,0.0880525686977301,0.4,0.4334795321637428,19.03554941130876,0.720210530942861,0.3405237479640617,1.0,0.6,0.2,0.8,0.25,0.2,0.0,1.0,0.2
0.09,0.995762974342456,1.1784232365145229,0.0884241950714919,0.1368275431190315,0.5906810035842294,0.6283599007866881,0.1313277426700944,0.201689469646586,0.4023199023199023,0.0445054945054945,1.0,3.5240519943177033,0.0054516727743557,0.1208701728170206,0.6456391875746714,0.6368566618566619,0.5942652329749104,0.0087825257180095,0.051373954599761,1.0,0.1383040935672514,19.78828493583915,0.6375797521864164,0.2708241992361264,0.5,0.9,0.9,0.1,0.05,0.9,0.5,1.0,0.9
0.05,0.9953211149383396,1.0379008746355682,0.0560048300959152,0.3158452026666083,0.6478494623655914,1.3422959282696505,0.3245164277641413,0.0847201752681386,0.5710526315789474,0.0247368421052631,1.0,2.74198946196695,0.0,0.2505359376966429,0.8062836021505376,0.0,0.6586021505376344,0.0,0.1476814516129032,0.0,0.0736842105263156,20.00325787325368,-0.7485079303119715,0.3381782912522156,0.5,0.95,0.95,0.05,0.0,0.1,0.5,0.8,0.95
0.07,0.9931133027799476,1.0619469026548671,0.0758563411363014,0.5344308621450092,0.3512544802867383,0.6342746496011725,0.1505735265931298,0.2982046303032892,0.3383256528417818,0.0346236559139784,1.0,2.6888666150508667,0.0047545872196725,0.0893932971811197,0.3136200716845878,0.3645310633213859,0.3476702508960573,-0.050910991636798,-0.0340501792114695,1.0,0.0425438596491228,20.57590631469825,-0.6474922206072624,0.3681067420104899,0.5,0.95,0.95,0.05,0.1,0.3,0.5,0.8,0.95
0.08,0.9918655324725876,1.136718749999999,0.1012955208764351,0.0804974990148206,0.7025089605734767,1.2154867967628542,0.2189961358597969,0.1079936614181442,0.4347826086956521,0.0391304347826087,1.0,3.0162803405970147,0.0,0.167823300177437,0.7396654719235364,0.2868812569521691,0.7062126642771803,0.4527842149713673,0.033452807646356,0.1,0.3052631578947369,18.59781145854616,-0.0355996479425271,0.3070669405954246,0.5,0.95,0.95,0.05,0.0,0.2,0.5,1.0,0.95
0.07,0.9944764394822692,1.113043478260869,0.0843641135577315,0.3887347882765978,0.7813620071684587,1.9538951139546183,0.3150449575040894,0.0134238904480897,0.5614439324116743,0.0346236559139784,1.0,2.8512359175720876,0.0,0.2221781886215271,0.8942652329749103,0.3210648148148148,0.7813620071684587,0.5732004181600956,0.1129032258064516,0.1,0.0538011695906434,18.796655684025108,0.2867797420270301,0.2612007705454884,0.5,0.95,1.0,0.0,0.0,0.2,0.5,0.8,1.0
0.06,0.994222229842097,1.07749077490775,0.0749948776193082,0.7924518462251391,0.7046370967741936,0.5670713064734964,0.1538801122568031,0.3417611250759806,0.3297872340425532,0.0293617021276595,1.0,2.7808772855659685,0.0,0.0772600745014525,0.6302083333333334,0.5651881720430109,0.6992607526881721,0.0650201612903225,-0.0690524193548387,0.7,0.3249999999999999,18.629303257361,-0.2653412525158196,0.2853513427612196,0.5,0.85,0.8,0.2,0.05,0.4,0.5,0.8,0.8
0.12,0.988330087328014,1.1412639405204463,0.1548488602967042,0.6388453888834486,0.6699233716475096,1.5397870070851891,0.2125972500523157,0.0444219059369764,0.4630681818181818,0.06,1.0,3.711789007485432,0.0,0.1444575492175466,0.6986590038314177,0.2788609240222143,0.6727969348659003,0.4197980798092033,0.0258620689655173,0.1,0.1803921568627452,20.253738438723037,0.2263784297259947,0.3340717404545705,0.5,0.95,0.95,0.05,0.0,0.95,0.5,0.8,0.95
0.05,0.995265079818058,1.0279720279720277,0.0590347164797734,0.8491634766379319,0.7552083333333334,1.8944320421304353,0.3807078949857853,0.0119127458639594,0.6499999999999999,0.0247368421052631,1.0,2.1566269724433917,0.0,0.280292699301588,0.8551747311827956,0.7576599326599327,0.7552083333333334,0.0975147985228629,0.0999663978494622,0.7,0.0894736842105263,19.39871606377173,0.0930889913292722,0.2476418159025596,0.5,0.95,1.0,0.0,0.0,0.15,0.5,1.0,1.0
0.05,0.9944942193620432,1.0840336134453787,0.0713347938293098,0.4853160997544866,0.6733870967741935,1.2378764300500795,0.2603931311582333,0.0620045120452819,0.518421052631579,0.0247368421052631,1.0,2.390048036980301,0.0079505022395493,0.1963125324950749,0.778393817204301,0.0,0.6629704301075269,0.0,0.1154233870967741,0.0,0.2842105263157896,18.9487157754208,1.0705277134343767,0.2692808552773781,0.5,0.95,1.0,0.0,0.05,0.4,0.5,0.6,1.0
0.06,0.9964535097821674,1.0541516245487368,0.0594046949475196,0.1184343795519512,0.5952620967741935,0.5446521365802328,0.1399605571512052,0.2040847048103502,0.4867021276595745,0.03,1.0,1.388631208186806,0.0,0.118282668351429,0.5268817204301075,0.5274305555555555,0.5952620967741935,-0.000548835125448,-0.068380376344086,1.0,0.1438596491228069,20.60669601709231,0.0873833338873186,0.3289281772934881,0.5,0.95,0.95,0.05,0.05,0.6,0.5,0.8,0.95
0.05,0.9955356118162828,1.043478260869565,0.0651606990690971,0.1180845511476822,0.2103494623655914,0.1924030919293978,0.0712604991809767,0.4198827026376905,0.413157894736842,0.0247368421052631,1.0,2.198635454156258,0.0,0.0885737529225935,0.2153897849462366,0.0,0.2103494623655914,0.0,0.0050403225806451,0.0,0.1368421052631578,18.06597530358139,0.7717499147540066,0.2277181651394121,0.0,0.85,0.85,0.1,0.0,0.2,0.0,1.0,0.85
0.06,0.9969365958967106,1.0781758957654717,0.0469587311955936,0.4838472175557026,0.7049731182795699,1.5300191688231044,0.306661104815731,0.042893185637996,0.5345744680851063,0.03,1.0,2.476708266203251,0.0,0.2240879699903297,0.8010752688172044,0.6434027777777778,0.7049731182795699,0.1576724910394266,0.0961021505376344,0.7,0.0,20.7563152268531,-0.2506634030615764,0.2697559464879411,0.5,0.95,0.95,0.05,0.0,0.2,0.5,0.8,0.95
0.04,0.9925525756669762,1.0377922784121807,0.0408988927275863,0.2790405162915248,0.7604166666666666,0.6879057996402735,-0.2115018880269921,0.3743722893166712,0.4583333333333333,0.02,1.0,1.9591010307917145,0.0,0.1091704145193902,0.5,0.5,0.5,0.0,0.0,1.0,0.0,0.0,-1.4909642748320773,0.3256060944026408,0.5,0.9,1.0,0.0,0.0,0.2,0.5,1.0,1.0
0.02,0.9966336737725694,1.007579859231185,0.0190732363135895,0.0681987535142619,0.2448979591836734,0.1758989091847939,-0.1013916587351997,0.7582608845724571,0.4438775510204081,0.0097959183673469,1.0,1.6969583942397477,0.0,0.0786319907852135,0.5,0.5,0.5,0.0,0.0,1.0,0.0,0.0,-1.4571030824955722,0.3263570012036245,0.5,0.85,0.6,0.4,0.05,0.3,0.5,0.8,0.6
0.03,0.9940994526448382,1.0917404972849385,0.0353100728707823,0.879836589671342,0.7657828282828283,1.2676430300589288,-0.3706725688284845,0.1694297619393066,0.6305841924398625,0.0148453608247422,1.0,1.2308573570650088,0.0030465015988424,0.1725091516979082,0.5,0.5,0.5,0.0,0.0,1.0,0.0,0.0,-1.3899300564528396,0.3390425024625939,0.5,0.9,0.95,0.05,0.05,0.3,0.5,0.8,0.95
0.03,0.9932805119439548,1.0049423393739705,0.0373462793218388,0.7678854585564314,0.670770202020202,1.3068478895454214,-0.3695186955429187,0.0753763754055903,0.5841924398625429,0.0148453608247422,1.0,2.0128339089921248,0.0060932043378934,0.1958771077785271,0.5,0.5,0.5,0.0,0.0,1.0,0.0,0.0,-1.4628074778314364,0.3849672827540301,0.5,0.95,1.0,0.0,0.0,0.15,0.5,0.8,1.0
0.03,0.9947283058901824,1.0076422303990944,0.0331639990045578,0.8714020867499038,0.6281565656565656,1.2400906871160706,-0.3662314813821514,0.1959335105562962,0.679553264604811,0.0148453608247422,1.0,2.1751163277873653,0.0030465015988424,0.1914533375662163,0.5,0.5,0.5,0.0,0.0,1.0,0.0,0.0,-1.379702985332239,0.3390425024625939,0.5,0.9,1.0,0.0,0.0,0.2,0.5,0.8,1.0
0.02,0.996788965601906,1.009559748427673,0.0163269842208011,0.1458123424512037,0.7040816326530612,0.1777739234796063,-0.1121208581815093,0.7582573709790497,0.5739795918367347,0.01,1.0,1.5759443640204556,0.0,0.1319802443369155,0.5,0.5,0.5,0.0,0.0,1.0,0.0,0.0,-1.6499746744149533,0.4307170782773865,0.0,0.85,0.75,0.25,0.05,0.3,0.0,0.8,0.8
0.04,0.9920691868535586,1.0648081100651698,0.0587096614516883,1.0396967949688147,0.90625,2.4519929984136293,-0.4449885496484092,0.0163436758617591,0.6848958333333334,0.02,1.0,2.278375842044423,0.0,0.2179786833201882,0.5,0.5,0.5,0.0,0.0,1.0,0.0,0.0,-0.6034481883749607,0.3162454859545631,0.5,0.95,1.0,0.0,0.0,0.95,0.5,0.8,1.0
0.04,0.9966277113501172,1.015324602953469,0.0245336839561679,0.8281050852010021,0.7291666666666666,1.6047735872172624,-0.3747891243338694,0.0800785651363954,0.6458333333333334,0.02,1.0,1.686386617471492,0.0,0.2044124184066521,0.5,0.5,0.5,0.0,0.0,1.0,0.0,0.0,-1.4083814266171375,0.4177582086023494,0.5,0.9,1.0,0.0,0.0,0.2,0.5,0.8,1.0
0.01,1.001051836804454,1.0024125452352228,-0.0052091245198226,0.3460104260242655,0.5,0.3693411056601688,-0.2487298488622867,0.7031426516685375,0.6262626262626263,0.0049494949494949,1.0,1.024756731619342,0.0,0.1281229617767035,0.5,0.5,0.5,0.0,0.0,1.0,0.0,0.0,-1.4977408838447737,0.4195105953140551,0.0,0.9,0.9,0.1,0.0,0.1,0.0,1.0,0.9
0.01,0.9979497022988462,1.0054945054945057,0.0121488034518129,0.5742606800880634,0.5,0.6228189314454434,-0.3944558631437829,0.4057161336061914,0.7601010101010102,0.0049494949494949,1.0,0.9176905627193148,0.0017409680765794,0.2076144517063006,0.5,0.5,0.5,0.0,0.0,1.0,0.0,0.0,-1.2539866286772363,0.2735979775277437,0.5,0.9,1.0,0.0,0.05,0.15,0.5,0.6,1.0
0.03,0.9939918170760178,1.0032967032967033,0.0323052877860279,0.6766598443553895,0.8257575757575758,1.2268075790120827,-0.3753116303080366,0.058849748621976,0.6176975945017181,0.0148453608247422,1.0,2.151262547917614,0.0,0.2071341382483658,0.5,0.5,0.5,0.0,0.0,1.0,0.0,0.0,-1.5901566058537884,0.3496648731356774,0.5,0.95,0.95,0.0,0.0,0.2,0.5,0.8,1.0
0.01,1.0012088527434708,1.0047632390025216,-0.0058460349776468,0.4633344550331444,0.5,0.3898227205395791,-0.2754156836552069,0.6276722649613194,0.7297979797979798,0.0049494949494949,1.0,1.0384149666205282,0.0,0.1698945975880956,0.5,0.5,0.5,0.0,0.0,1.0,0.0,0.0,-1.5857328533723556,0.4016240609394006,0.5,0.9,0.9,0.1,0.05,0.4,0.5,1.0,0.9
0.03,0.9937036260419412,1.0,0.0303268580351362,0.6963459381439989,0.5984848484848485,1.0324236498496349,-0.3387742059014467,0.1104165448255005,0.5352233676975946,0.0148453608247422,1.0,1.234532113421713,0.0,0.1736989181698048,0.5,0.5,0.5,0.0,0.0,1.0,0.0,0.0,-1.591284132155078,0.3390425024625939,0.5,0.9,0.95,0.05,0.05,0.9,0.5,0.8,0.95
0.01,0.9984841467555396,1.0021715526601518,0.0096884667033847,0.5519454950396053,0.5,0.566909224551449,-0.3682148320782319,0.4459679872973756,0.7525252525252525,0.0049494949494949,1.0,0.9314763563174628,0.0,0.2027672446286488,0.5,0.5,0.5,0.0,0.0,1.0,0.0,0.0,-1.364261159063023,0.2735979775277437,0.5,0.9,0.9,0.1,0.15,0.65,0.5,0.8,0.9
0.01,0.9979585957454432,1.0069118053635608,0.0109725838291785,0.5255478246827239,0.5,0.5038716684413796,-0.3439221464479245,0.4459611638344669,0.7601010101010102,0.0049494949494949,1.0,1.0648830448252895,0.0,0.1898625309827469,0.5,0.5,0.5,0.0,0.0,1.0,0.0,0.0,-1.4419812480726986,0.2735979775277437,0.5,0.9,0.95,0.05,0.05,0.4,0.5,0.6,0.95
0.02,0.9974213826490916,1.0081383519837237,0.0147652364491226,0.7933143818117517,1.0,0.7999478472253772,-0.3379866751354785,0.3558500494559083,0.6989795918367346,0.01,1.0,1.6849565849002393,0.0,0.1832185125341593,0.5,0.5,0.5,0.0,0.0,1.0,0.0,0.0,-1.5188180045893698,0.4307170782773865,0.5,0.95,0.95,0.0,0.0,0.1,0.5,0.8,1.0
0.05,0.9916987976444857,1.1071428571428572,0.0591270717757905,0.9133785213432596,0.5845094086021505,1.6855441971598084,-0.3337382809971669,0.0413248790070666,0.5473684210526316,0.0247368421052631,1.0,2.2909662441177097,0.0,0.1951219714112235,0.9479166666666666,0.0,0.5841733870967741,0.0,0.3637432795698925,0.0,0.0368421052631576,19.867570918750257,-1.1719284773372258,0.3482882408419132,0.5,0.95,0.95,0.05,0.05,0.3,0.5,0.8,0.95
0.02,1.0052363932376558,1.0034071550255534,-0.02257564602807,0.6144024034164924,0.9897959183673468,0.5991212976793495,-0.2646448987314158,0.5301029536060985,0.7142857142857144,0.01,1.0,1.1820268189941705,0.0,0.1658713247903486,0.5,0.5,0.5,0.0,0.0,1.0,0.0,0.0,-1.5457883120584048,0.3368300415694317,0.5,0.9,0.95,0.05,0.05,0.2,0.5,0.8,0.95
0.07,0.9881675370593832,1.0311436796650093,0.0618577590815318,1.1395741438594968,0.7473118279569894,1.617969064624914,-0.2899646759873003,0.17670219481694,0.5076804915514592,0.0346236559139784,1.0,3.1155188987837676,0.0,0.1372021793452477,0.9301075268817204,0.6836133512544803,0.7473118279569894,0.24649417562724,0.182795698924731,0.2,0.0558479532163742,21.217891743265707,-1.6429154348087216,0.4288221816154821,0.5,0.9,0.9,0.1,0.05,0.4,0.5,0.8,0.9
0.02,0.9966599932066782,1.015435501653804,0.0187827508902915,0.4520062001319707,0.7448979591836735,0.9733998070377624,-0.389408161334726,0.0870458994914543,0.6581632653061225,0.0097959183673469,1.0,0.6639385909492508,0.0,0.2459388760500543,0.5,0.5,0.5,0.0,0.0,1.0,0.0,0.0,-1.5414949308749797,0.3068989318915591,0.5,0.9,0.95,0.05,0.05,0.2,0.5,0.8,0.95
0.01,0.997765253434904,1.0030138637733577,0.0140393164457114,0.3687280235054999,0.5,0.0590575606687271,0.052072135602549,0.8624805631649801,0.6464646464646465,0.0049494949494949,1.0,0.6082998478669839,0.0,0.1140442816641084,0.5,0.5,0.5,0.0,0.0,1.0,0.0,0.0,-1.0875243796502114,0.2654785194949848,0.0,0.95,1.0,0.0,0.0,0.1,0.0,0.8,1.0
0.02,0.9944218004513984,1.003529115200403,0.0288048017528438,0.7628734502172353,0.6122448979591837,0.9330765698965148,-0.3751416563219744,0.2841502209473476,0.6122448979591837,0.01,1.0,1.5964529602516058,0.0,0.1700953433124937,0.5,0.5,0.5,0.0,0.0,1.0,0.0,0.0,-1.4040846842185162,0.3068989318915591,0.5,0.9,0.9,0.1,0.0,0.4,0.5,0.8,0.9
0.04,0.9924428934515698,1.0447761194029852,0.0466193926814797,0.9728312218808888,0.9479166666666666,1.5841083137240035,-0.3477083530413395,0.1237717123656588,0.671875,0.02,1.0,2.003744965258816,0.0,0.1781488305958035,0.5,0.5,0.5,0.0,0.0,1.0,0.0,0.0,-1.3074341516213623,0.2742829578320253,0.5,0.9,1.0,0.0,0.05,0.1,0.5,0.8,1.0
0.03,0.9948649983819404,1.0281612368856985,0.0301792610167269,0.2247700225806493,0.6063762626262627,0.5109795122876114,-0.2014727122540075,0.4074019598365936,0.4656357388316151,0.0148453608247422,1.0,1.617387836613736,0.0030464741723606,0.1240035534275622,0.5,0.5,0.5,0.0,0.0,1.0,0.0,0.0,-1.4051462706717774,0.3192090563972978,0.5,0.9,0.95,0.05,0.05,0.35,0.5,1.0,0.95
0.01,0.9977530941473683,1.0010101010101011,0.0120357982456906,0.3715301022707902,0.5,0.5531478040323101,-0.3658159496774576,0.5103916240050157,0.744949494949495,0.0049494949494949,1.0,1.024756731619342,0.0,0.2257625761862222,0.5,0.5,0.5,0.0,0.0,1.0,0.0,0.0,-1.4704593449592582,0.2910364130811009,0.5,0.75,0.85,0.15,0.2,0.95,0.0,1.0,0.85
0.05,0.9897059441735332,1.0543259557344065,0.0546064693658162,0.2142653758188193,0.2363911290322581,0.0095920171001444,0.0042539420161414,0.6295317621710045,0.3263157894736842,0.0247368421052631,1.0,2.4545768099997933,0.003974630609531,0.0133246007176307,0.3802083333333333,0.4845430107526882,0.2363911290322581,-0.1043346774193548,0.1438172043010752,0.7,0.4105263157894736,20.350634873344585,-1.6120316664742882,0.4193714356684172,0.5,0.85,0.9,0.1,0.0,0.3,0.5,0.8,0.9
0.02,0.9961917828711444,1.0077499354172044,0.021300343690342,0.5136558379538603,0.8571428571428572,0.9026161859516288,-0.3673030180760224,0.252245955615207,0.75,0.01,1.0,1.6260932012106064,0.0,0.2161955998177441,0.5,0.5,0.5,0.0,0.0,1.0,0.0,0.0,-1.542030768294986,0.3368300415694317,0.5,0.9,0.9,0.1,0.2,0.85,0.5,0.8,0.9
0.01,0.9983393396349634,1.003781194857575,0.0089752810860844,0.374355297331078,0.5,0.4782230646532189,-0.3228023303702048,0.5559021336014293,0.7146464646464648,0.0049494949494949,1.0,0.1614405421090121,0.0,0.1819612605424146,0.5,0.5,0.5,0.0,0.0,1.0,0.0,0.0,-1.5321693131535947,0.2910364130811009,0.0,0.95,0.9,0.0,0.0,0.05,0.0,1.0,1.0
0.01,0.9982457363260376,1.006392694063927,0.0094214764271048,0.5750242804256848,0.5,0.4763274997713996,-0.3051764451821211,0.5558985772681461,0.7121212121212122,0.0049494949494949,1.0,0.9899060111770472,0.0,0.1725969844316819,0.5,0.5,0.5,0.0,0.0,1.0,0.0,0.0,-1.450270041659567,0.2296405888715788,0.0,0.95,1.0,0.0,0.0,0.1,0.0,1.0,1.0
0.05,0.990483449353691,1.04247572815534,0.0581311789355797,1.0931619535723285,0.7775537634408601,1.938009859401362,-0.3683518464119811,0.0382724617381056,0.5789473684210527,0.0247368421052631,1.0,2.232434573018383,0.0,0.178911726210993,0.9946236559139784,0.7723454301075269,0.7721774193548386,0.2222782258064516,0.2224462365591398,0.0765225004750592,0.1473684210526317,20.31917693401177,-1.4008347630899318,0.3284597517854178,0.5,0.95,0.95,0.05,0.0,0.2,0.5,0.6,0.95
0.02,0.998161103609258,1.0043196544276456,0.0130539867465694,0.5931078113709446,0.8775510204081632,0.8891931182960253,-0.3583904945953406,0.2625976062907101,0.7193877551020409,0.0097959183673469,1.0,1.6709358551290192,0.0,0.2122482244450338,0.5,0.5,0.5,0.0,0.0,1.0,0.0,0.0,-1.3978273663350942,0.2978247800236863,0.0,0.9,0.1,0.8,0.05,0.95,0.0,1.0,0.1
0.04,0.9928177882723336,1.0295485636114912,0.0436508007375576,0.0478980180767279,0.5,0.099805868726949,-0.0441385433418471,0.9649230867335368,0.359375,0.0195833333333333,1.0,2.0341632729088523,0.0,0.0479162769235145,0.5,0.5,0.5,0.0,0.0,1.0,0.0,0.0,-1.4029186771108468,0.4177582086023494,0.0,0.85,0.95,0.05,0.0,0.15,0.0,1.0,0.95
0.02,0.996535686670209,1.0494354592615196,0.0221943586748081,0.4934538263108673,0.826530612244898,1.1409171186759135,-0.4092772100799454,0.082598882672179,0.7653061224489796,0.01,1.0,1.415736361117527,0.0,0.2611222669794716,0.5,0.5,0.5,0.0,0.0,1.0,0.0,0.0,-1.2924053472588477,0.3068989318915591,0.5,0.9,0.9,0.1,0.05,0.6,0.5,0.8,0.9
0.04,0.994676174425629,1.0296495956873315,0.039822518144334,1.009791270888055,0.9270833333333334,1.796240160940158,-0.3825220532589159,0.0311769972861214,0.7109374999999999,0.02,1.0,1.9852342823367508,0.0,0.19694966179088,0.5,0.5,0.5,0.0,0.0,1.0,0.0,0.0,-1.1884859413141595,0.3672391053155955,0.5,0.95,0.95,0.0,0.0,0.95,0.5,0.8,1.0
0.04,0.9931941740863174,1.023645615085304,0.0444521726108858,0.93277783624229,0.6875,1.3330664876274396,-0.3335318914956012,0.1237705852142922,0.6223958333333334,0.0195833333333333,1.0,2.402275110014279,0.0,0.182255347467015,0.5,0.5,0.5,0.0,0.0,1.0,0.0,0.0,-1.3035169128281878,0.3256060944026408,0.5,0.95,1.0,0.0,0.0,0.15,0.5,0.8,1.0
0.04,0.9933751186972266,1.0215648327343103,0.040436115162289,0.9759314438148324,0.9947916666666666,1.4857353531473134,-0.3665147179390156,0.1467228493806386,0.6744791666666666,0.02,1.0,2.088697832989211,0.0,0.2060832829276347,0.5,0.5,0.5,0.0,0.0,1.0,0.0,0.0,-1.493335384541547,0.3788967922965065,0.5,0.95,1.0,0.0,0.0,0.1,0.5,0.6,1.0
0.04,0.9932948606360764,1.0082776185928048,0.0413445767009622,0.9507403478361224,0.921875,1.4799447544473865,-0.3415860609213887,0.0634828969715895,0.6588541666666666,0.02,1.0,1.145135943338646,0.0,0.1799153271051913,0.5,0.5,0.5,0.0,0.0,1.0,0.0,0.0,-1.3653516890152355,0.3162454859545631,0.5,0.9,1.0,0.0,0.0,0.3,0.5,0.8,1.0
0.01,0.9969115578642374,1.0121326503100565,0.0149009808992474,0.5136042881186618,0.5,0.569560711635818,-0.3952551720974765,0.3864410845904252,0.75,0.0049494949494949,1.0,0.9899060111770472,0.0,0.2089572698047132,0.5,0.5,0.5,0.0,0.0,1.0,0.0,0.0,-1.5644483529991238,0.3853683052925148,0.5,0.9,1.0,0.0,0.05,0.1,0.5,0.8,1.0
0.01,0.9979129637474964,1.000496770988574,0.0099357874741326,0.411831753762092,0.5,0.4510674707877863,-0.2999773537092617,0.652435451794332,0.6919191919191919,0.0049494949494949,1.0,0.7125734613239687,0.0,0.1688268743013068,0.5,0.5,0.5,0.0,0.0,1.0,0.0,0.0,-1.626454055020128,0.2910364130811009,0.0,0.95,0.95,0.05,0.0,0.05,0.0,1.0,0.95
0.04,0.9915126275541268,1.034814605151429,0.0475471067654741,0.8932418363862772,0.875,1.4784790369887968,-0.3435356754327878,0.1174569511455434,0.6640625,0.02,1.0,2.148250387938462,0.0,0.1879532718876638,0.5,0.5,0.5,0.0,0.0,1.0,0.0,0.0,-1.5002823554112608,0.4040847147228497,0.5,0.9,0.9,0.1,0.05,0.2,0.5,0.8,0.9
0.02,0.9968128254731516,1.0181488203266784,0.0209792911895455,0.7691445762501379,1.0,0.9551710160484068,-0.3641416930029981,0.1877530006042559,0.7755102040816327,0.0097959183673469,1.0,1.230620962226795,0.0,0.2006375306434151,0.5,0.5,0.5,0.0,0.0,1.0,0.0,0.0,-1.320392175375125,0.3595436030455559,0.5,0.9,0.9,0.1,0.05,0.6,0.5,0.8,0.9
0.01,0.997614906638964,1.010355443604814,0.0134308554437554,0.3662135682908329,0.5,0.0968114380651766,0.0846990384404063,0.9723641164014474,0.6262626262626263,0.0049494949494949,1.0,0.9445435888934436,0.0,0.1212862541457569,0.5,0.5,0.5,0.0,0.0,1.0,0.0,0.0,-1.3925116251938443,0.2735979775277437,0.0,0.9,1.0,0.0,0.0,0.1,0.0,1.0,1.0
0.02,0.9957026157957448,1.0097560975609752,0.0230072661837214,0.6280059026518828,0.4285714285714286,0.8514761667318543,-0.3347973566495938,0.2841588903697289,0.6198979591836735,0.01,1.0,1.6359398544308876,0.0,0.1653981485523205,0.5,0.5,0.5,0.0,0.0,1.0,0.0,0.0,-1.432925161288919,0.289137359460853,0.5,0.9,1.0,0.0,0.0,0.3,0.5,0.8,1.0
0.01,0.9985192476102204,1.0,0.0098907905497619,0.4392088855496998,0.5,0.5858128408556017,-0.3822884984553701,0.3864425095494128,0.7727272727272727,0.0049494949494949,1.0,1.0701372645902985,0.0,0.223668978835648,0.5,0.5,0.5,0.0,0.0,1.0,0.0,0.0,-1.2972564495655523,0.2577123091591796,0.5,0.85,0.9,0.1,0.15,0.65,0.5,0.8,0.9
0.05,0.9904933113925792,1.0675627874071456,0.0661392376149982,0.5890052497581262,0.6821236559139785,1.513947860342595,-0.2959452125726292,0.0713881663266582,0.5421052631578948,0.0247368421052631,1.0,2.5820466026888607,0.0,0.1539131957946072,0.953125,0.0,0.6873319892473119,0.0,0.2657930107526881,0.0,0.1052631578947368,20.599049530351728,-0.9777958823283028,0.3284597517854178,0.5,0.95,0.95,0.05,0.0,0.3,0.5,0.8,0.95
0.02,0.9975778190063906,1.0154329808516718,0.0142179894795344,0.5952176123729548,0.6938775510204083,0.8451989523669363,-0.3247877809718155,0.2324300856915728,0.6198979591836735,0.01,1.0,1.6556464833848867,0.0,0.166560125575668,0.5,0.5,0.5,0.0,0.0,1.0,0.0,0.0,-1.5816664292108689,0.5411340426841155,0.5,0.95,1.0,0.0,0.0,0.2,0.5,0.8,1.0
0.02,0.996024234334275,1.0182592818015823,0.025702368614126,0.665704574554942,0.6938775510204082,1.2190226540694002,-0.444450450693947,0.0783298277875717,0.635204081632653,0.01,1.0,1.5592438595478857,0.0,0.236232807745407,0.5,0.5,0.5,0.0,0.0,1.0,0.0,0.0,-1.1611665204507202,0.3163958834918626,0.5,0.95,1.0,0.0,0.0,0.2,0.5,0.8,1.0
0.02,0.9995851744677744,1.004847831941826,0.0021542471195592,0.7163969309657366,0.979591836734694,0.684877337929526,-0.3042792275362515,0.4236021562903541,0.6709183673469388,0.01,1.0,0.3824933611389767,0.0,0.1712844920153631,0.5,0.5,0.5,0.0,0.0,1.0,0.0,0.0,-1.5746678788109834,0.5137292013324988,0.5,0.95,0.95,0.05,0.0,0.1,0.5,0.8,0.95
0.08,0.9999208766863156,1.3124999999999996,0.0215478340128134,0.5889999453308977,0.3965352449223416,0.3897251694059752,-0.0442278860569714,0.3723644080937401,0.2554347826086956,0.0382608695652173,1.0,3.151160078489131,0.0308419868758631,0.0393449473282735,0.3839904420549582,0.6917204451926674,0.3965352449223416,-0.3077300031377092,-0.0125448028673834,0.1,0.4660818713450294,19.845678627882723,-0.0131175798261691,0.3443568977002769,0.5,0.8,0.9,0.1,0.15,0.75,0.5,1.0,0.9
0.07,0.9988184950208004,1.0,0.0209835970478327,0.1201617146846533,0.4354838709677419,0.0995207518171555,0.0162084856189418,0.749884089397065,0.2403993855606759,0.0338709677419354,1.0,2.852997456909741,0.0335089156955582,0.0525492795105736,0.4318996415770609,0.315162037037037,0.4318996415770609,0.1167376045400238,0.0,0.7,0.5505847953216374,19.817234796923664,-0.5203034249049221,0.2763735818638145,0.5,0.8,0.8,0.1,0.05,0.4,0.5,1.0,0.8
0.08,0.9964625066842168,1.0,0.0428718853622762,0.5552498855570932,0.6081242532855436,1.025728760980596,0.0953898050974512,0.0396329683897795,0.3111413043478261,0.037391304347826,1.0,3.0395124951025534,0.0308378641166317,0.0653765951351693,0.6205495818399044,0.3491435088209282,0.6099163679808841,0.2714060730189762,0.0106332138590202,0.4,0.2888888888888887,19.187248167443855,-0.2971030249977011,0.2445254367516372,0.5,0.8,0.9,0.1,0.05,0.4,0.5,1.0,0.9
0.1,1.006091157319891,1.0,-0.0769554628418993,0.4683447229695596,0.2481481481481481,0.5878432715026386,0.0567049808429119,0.4028386056804658,0.2055555555555555,0.0477777777777777,1.0,3.5885880265555956,0.0760035104538586,0.0173282594596279,0.2898148148148148,0.4481481481481481,0.2481481481481481,-0.1583333333333333,0.0416666666666666,0.4,0.5750000000000001,18.13980525960671,-0.1900801814254062,0.2826137809313401,0.5,0.7,0.8,0.2,0.05,0.8,0.5,1.0,0.8
0.09,1.005598175409496,1.0,-0.0526681993032674,0.1858734065699386,0.4922341696535244,0.3609047967355959,0.0307355479769272,0.470460971396701,0.2408424908424908,0.0435164835164835,1.0,3.0335652856279616,0.0549279554959572,0.0503941508266708,0.5292712066905615,0.7084229390681003,0.481242532855436,-0.1791517323775387,0.0480286738351254,0.2,0.3593567251461987,19.113752400871867,-0.5020687172542018,0.4062920061167553,0.5,0.75,0.85,0.15,0.05,0.85,0.5,1.0,0.85
0.07,1.0040589617603075,1.0,-0.0449735479145425,0.5437333703029863,0.3333333333333333,0.7173846430253753,0.080036018856931,0.0848251250461203,0.3590629800307219,0.0338709677419354,1.0,2.3523829949158723,0.028669083707314,0.0592429142913178,0.3315412186379928,0.0,0.3279569892473118,0.0,0.003584229390681,0.0,0.1903508771929823,20.050857533290593,-0.8493215430759808,0.4427678974905083,1.0,0.75,0.85,0.2,0.05,0.85,0.5,1.0,0.7
0.12,0.9944525673002492,1.0,0.071717907039098,0.7012293402847377,0.4154214559386973,0.5191306095258555,0.0453239289446184,0.27505586256139,0.1941287878787879,0.0572727272727272,1.0,3.619076038540098,0.01931548405781,0.0309087048488095,0.4264367816091954,0.0,0.4182950191570881,0.0,0.0081417624521072,0.0,0.5741830065359478,20.997738714272476,-0.7603864658337729,0.3151918425227835,0.5,0.8,0.4,0.7,0.1,0.9,0.5,1.0,0.4
0.07,1.0053163848582964,1.0,-0.0609340603458993,0.2574642476017105,0.4551971326164874,0.4951511619711057,0.0557232904285184,0.5063956742096548,0.3072196620583717,0.0338709677419354,1.0,3.016169224820066,0.0382583004872663,0.0470588755433011,0.5734767025089605,0.4262626262626263,0.4587813620071684,0.1472140762463342,0.1146953405017921,0.4,0.3461988304093566,19.501018408257817,-0.4939527617633414,0.3184291442125138,0.5,0.85,0.85,0.15,0.1,0.6,0.5,1.0,0.85
0.08,0.9994430963841044,1.3125,0.0052466933981225,0.437584592062233,0.5778972520908005,0.5354983853505726,-0.0494752623688156,0.3256446842869231,0.2622282608695652,0.0347826086956521,1.0,2.971096481832922,0.0102912374661804,0.0462273753911386,0.5562724014336918,0.1915901928068224,0.5762246117084827,0.3646822086268694,-0.0199522102747908,0.1,0.4406432748538013,18.7243615353064,-0.5906345353265041,0.2740890886017931,0.5,0.85,0.4,0.7,0.05,0.95,0.5,1.0,0.3
0.04,0.999074074074074,1.0,0.0101252680759894,0.3588871351104364,0.46875,0.1204582864600326,-0.0251436781609194,0.5779593219728735,0.3229166666666667,0.02,1.0,2.2093110180936195,0.0,0.0423159328717524,0.5,0.5,0.5,0.0,0.0,1.0,0.0,0.0,-0.530117126152926,0.4040847147228497,0.0,0.85,0.95,0.05,0.0,0.15,0.0,1.0,0.95
0.07,0.9971596672753094,1.0,0.0220941162980947,0.0593242799239584,0.3584229390681003,0.098772786657209,0.0120239419460776,0.770144718689248,0.2369431643625192,0.0346236559139784,1.0,3.089899730104546,0.0381959125091358,0.0301610446688518,0.2849462365591398,0.336566091954023,0.3584229390681003,-0.0516198553948831,-0.0734767025089605,0.7,0.316374269005848,19.96378945569699,-0.8313815547004109,0.3681067420104899,0.5,0.7,0.9,0.1,0.05,0.6,0.5,0.8,0.9
0.06,1.000181851245681,1.0,-0.0087803732918142,0.6973071229939958,0.8783602150537635,1.3319023641559429,0.1134751773049645,0.0571042238575905,0.4902482269503546,0.03,1.0,2.947863163352943,0.0,0.1412699690735932,0.8835685483870966,0.6769675925925925,0.8891129032258065,0.2066009557945041,-0.0055443548387098,0.7,0.0801169590643273,20.62237192474754,-0.631475490731841,0.2853513427612196,0.5,0.85,0.9,0.1,0.0,0.3,0.5,1.0,0.9
0.09,1.0001794938274065,1.0,0.0009286284936691,0.3980271349288308,0.6072879330943848,0.7570660160733681,-0.0690076207317585,0.2928244306953593,0.2503052503052503,0.0415384615384615,1.0,2.7410320459543955,0.0054764310025552,0.0409968302826462,0.6146953405017921,0.63805256869773,0.5965352449223417,-0.0233572281959378,0.0181600955794504,1.0,0.2377192982456141,20.438010289154796,-0.8739167364772946,0.4319426785053086,0.5,0.85,0.5,0.6,0.0,0.9,0.5,1.0,0.5
0.08,1.0039827414537006,1.05,-0.0394666620348908,0.8583049842337238,0.6689366786140981,1.2979672760521843,0.1017616191904048,0.038139243519369,0.3519021739130434,0.037391304347826,1.0,3.1910989440544975,0.0102636479716389,0.0794656761705513,0.7356033452807645,0.1407845738490899,0.6615292712066906,0.5948187714316746,0.0740740740740739,0.1,0.1415204678362572,20.32136332852232,-0.8597895600722048,0.4243167421451549,0.5,0.75,0.9,0.1,0.1,0.6,0.5,1.0,0.85
0.07,0.9968637992831542,1.0,0.042160902891298,0.3994891474355546,0.4695340501792115,0.4955860190421895,-0.0552995391705069,0.5825875369820831,0.2519201228878648,0.0331182795698924,1.0,2.8090787607630814,0.0190977827380017,0.0518170320722182,0.46415770609319,0.3931393678160919,0.460573476702509,0.071018338277098,0.003584229390681,1.0,0.5326023391812864,19.94446332346275,-0.5526049212394359,0.3094875595251594,1.0,0.6,0.1,0.8,0.0,0.4,0.0,1.0,0.1
0.12,1.00587211831231,1.0625,-0.0477795757482127,0.9278828025952138,0.5459770114942528,1.7152589176456547,0.1031870428422153,0.0259953137203221,0.2537878787878788,0.0586363636363636,1.0,3.981740085769841,0.0645517666084327,0.0541753349107542,0.6194444444444445,0.3365079365079365,0.5376436781609195,0.282936507936508,0.0818007662835249,0.1,0.4026143790849672,19.459371509523177,-0.2433136383287268,0.2804424001615672,0.5,0.8,0.9,0.1,0.05,0.85,0.5,1.0,0.9
0.06,1.000460864889776,1.0,0.004657344605415,0.0937298410280757,0.5300739247311829,0.3691382998181798,0.049523110785033,0.511751946369777,0.3519503546099291,0.0261702127659574,1.0,2.541383119510326,0.0265028233274425,0.0913352322552189,0.5139448924731184,0.0,0.5248655913978495,0.0,-0.0109206989247311,0.0,0.2207602339181286,17.533666445136625,0.0681077139400549,0.19737270704972,0.5,0.8,0.9,0.1,0.05,0.4,0.5,1.0,0.9
0.07,0.9959689219934484,1.0,0.0565936695629029,0.2392781037549771,0.6666666666666666,0.1072895467985665,-0.0142486360506381,0.8599498332822458,0.3183563748079877,0.0338709677419354,1.0,2.821309404517107,0.0047747638256654,0.0686267615810615,0.6594982078853046,0.5432571684587814,0.6666666666666666,0.1162410394265232,-0.007168458781362,0.4,0.2932748538011696,21.383574256146613,-0.6265885305373189,0.3008277361717584,0.5,0.8,0.9,0.1,0.1,0.6,0.5,1.0,0.9
0.09,0.9950926935659764,1.4285714285714286,0.0397718952158221,0.2916006294868168,0.493189964157706,0.653230304990399,0.0589448865310935,0.4903669283478922,0.2536630036630036,0.0445054945054945,1.0,3.348768331418087,0.0714144033095331,0.0618461497849817,0.456152927120669,0.5133852428624398,0.493189964157706,-0.0572323157417707,-0.037037037037037,0.6579050194284821,0.334795321637427,18.780343144127556,-0.2946073152875481,0.3827003850982275,0.5,0.8,0.8,0.2,0.05,0.9,0.5,1.0,0.8
0.08,0.9982253771073648,1.3124999999999996,0.0340357256945795,0.0520937515567798,0.3732377538829152,0.0410007767120104,0.0052473763118441,0.9439563595932624,0.2309782608695652,0.0365217391304347,1.0,3.114892911589662,0.0051336745106535,0.0213755669242612,0.3712066905615292,0.258795326537262,0.3732377538829152,0.1124113640242672,-0.0020310633213859,0.4,0.5415204678362573,20.039109059093764,-0.2000069009152238,0.2445254367516372,0.0,0.8,0.1,0.85,0.05,0.9,0.0,1.0,0.1
0.15,1.0064603876232574,1.2500000000000002,-0.0510014494259907,0.2325004543692016,0.4142857142857143,0.0834552688152494,-0.0083840432724813,0.7528978509643154,0.1901960784313725,0.0705882352941176,1.0,3.5219621707772637,0.0589967613787118,0.0249366233722029,0.4034482758620689,0.6296428571428572,0.4119047619047619,-0.2261945812807882,-0.008456486042693,0.0765225004750592,0.4470588235294117,19.27516050195837,-0.244140600423218,0.3037141565369671,1.0,0.7,0.9,0.8,0.15,0.3,0.5,1.0,0.2
0.12,0.9946871310507672,1.1764705882352942,0.0810869128326967,0.6612615117172338,0.6732758620689655,0.6436283495814292,0.0504179728317658,0.2585160078576247,0.2537878787878788,0.0545454545454545,1.0,3.5777979430104176,0.0064506052286908,0.0532713967633349,0.6872605363984675,0.4784725532778925,0.6732758620689655,0.2087879831205749,0.013984674329502,0.1,0.3366013071895423,20.500738376458727,-0.8194947027345707,0.3754987912070968,0.5,0.8,0.8,0.1,0.05,0.4,0.5,1.0,0.8
0.07,1.0057042911374794,1.0,-0.0497528890593099,0.1193407841180401,0.1827956989247311,0.0525303281862749,-0.0084750251602311,0.9405623062535476,0.216973886328725,0.0346236559139784,1.0,2.7996308069853466,0.0429810769639381,0.0072861909212788,0.2634408602150537,0.3731783912540309,0.1810035842293907,-0.1097375310389771,0.082437275985663,1.0,0.5347953216374268,19.694667262102517,-0.822018354212942,0.2924323928798953,0.0,0.85,0.1,0.85,0.05,0.95,0.0,1.0,0.1
0.02,0.9993490829727762,1.0,0.0072430038088425,0.357737307143152,0.9081632653061223,0.1994201512985062,0.0499648135116115,0.5526331796449788,0.5714285714285714,0.0095918367346938,1.0,1.159311112138122,0.0149103277563324,0.115710718675997,0.5,0.5,0.5,0.0,0.0,1.0,0.0,0.0,-0.5906446094323545,0.2369032288918771,0.5,0.7,0.8,0.7,0.15,0.9,0.0,1.0,0.3
0.07,1.00054345716393,1.0,-6.501205893882922e-05,0.1045264022148827,0.4372759856630824,0.1763473894460397,-0.0228825679326235,0.8017426051853564,0.2576804915514593,0.0316129032258064,1.0,3.209928526491135,0.0095651564100748,0.0438686734641891,0.4193548387096774,0.5200231481481481,0.4408602150537634,-0.1006683094384706,-0.021505376344086,0.7,0.4242690058479533,19.5441541913476,-0.8965205299489099,0.4427678974905083,0.5,0.85,0.85,0.15,0.05,0.3,0.5,1.0,0.85
0.1,0.9974160206718344,1.0,0.0337796997420483,1.0388673560455832,0.762962962962963,1.910943794385899,0.1157088122605364,0.0420537657729122,0.3222222222222222,0.0477777777777777,1.0,3.174481672139294,0.0058057033355671,0.0878428971893024,0.737037037037037,0.5738907428006427,0.762037037037037,0.1631462942363943,-0.0249999999999999,0.1,0.2166666666666665,21.3324926136268,-0.6466615725380289,0.3886248861814219,0.5,0.8,0.9,0.1,0.15,0.6,0.5,1.0,0.9
0.04,0.9982261801332176,1.0,0.0224244526208108,0.3591795378647295,0.1041666666666666,0.2274392578041932,-0.0423850574712644,0.7908080061607867,0.3307291666666667,0.0195833333333333,1.0,2.3168211557281393,0.0177597852578631,0.0522251058027316,0.5,0.5,0.5,0.0,0.0,1.0,0.0,0.0,-0.3309326137716741,0.2257355131993065,0.0,0.85,0.75,0.15,0.0,0.1,0.0,1.0,0.8
0.06,1.0011398176291793,1.1875,-0.0139229744391592,1.1440872052778286,0.7242943548387096,1.3770416744186962,0.1211787723159696,0.0364088091560589,0.3111702127659574,0.0287234042553191,1.0,2.2699531780192106,0.0308090335306734,0.0687057526001836,0.7348790322580646,0.8405017921146953,0.7190860215053764,-0.1056227598566307,0.0157930107526882,0.4,0.2926900584795322,19.43261093074953,-0.6615550589732857,0.2550315866361627,0.5,0.8,0.8,0.2,0.05,0.85,0.5,1.0,0.8
0.1,1.0019841269841272,1.0,-0.0153997073180519,0.2398910205221825,0.7018518518518517,0.2338964436421768,-0.0226053639846742,0.5520996986590854,0.2361111111111111,0.0477777777777777,1.0,3.1698332250657764,0.0348836737646698,0.0738227991411515,0.6611111111111111,0.4277880772875211,0.6990740740740741,0.23332303382359,-0.0379629629629629,0.1,0.3805555555555555,19.924354899010098,0.1310113630559568,0.3263044008033975,0.5,0.8,0.9,0.1,0.05,0.4,0.5,1.0,0.9
0.09,1.0049779280548512,1.0,-0.047319722574893,0.2461146697288737,0.2794504181600956,0.3202901141241859,-0.0321670666498251,0.5410131301379646,0.213980463980464,0.0425274725274725,1.0,2.7931619294562298,0.0273868061635571,0.020300000401945,0.2608124253285543,0.4397988505747126,0.2794504181600956,-0.1789864252461582,-0.0186379928315412,0.7,0.4204678362573101,19.7458541181009,-0.5847213151286286,0.2556927650014323,1.0,0.6,0.2,0.8,0.25,0.9,0.5,1.0,0.2
0.09,0.998354695212366,1.0,0.0348097655640731,0.3139996998676884,0.5234169653524492,0.016473494423336,0.0021893814997263,0.9468448612751202,0.289072039072039,0.0425274725274725,1.0,2.9558552201280843,0.0219364117229422,0.0602010466433504,0.5305854241338112,0.6765830346475509,0.5234169653524492,-0.1459976105137397,0.0071684587813619,0.2,0.3105263157894736,20.234662252422144,0.3354171178526464,0.2080974553828208,0.5,0.8,0.9,0.1,0.05,0.85,0.5,1.0,0.9
0.08,1.004689235325573,1.05,-0.0454024520458962,0.1437669662954265,0.351373954599761,0.1043290107841275,-0.0157421289355322,0.754821365606407,0.2432065217391304,0.0347826086956521,1.0,2.9596210425749776,0.0257872869464185,0.0219351928787247,0.3443249701314217,0.4491564701520207,0.351373954599761,-0.104831500020599,-0.0070489844683392,0.7,0.4251461988304093,17.88770383344415,-0.4780747567228953,0.251634796097221,0.5,0.85,0.3,0.7,0.0,0.9,0.5,1.0,0.3
0.08,0.9970578620464204,1.0,0.0324494602805516,0.4588098125661566,0.5389486260454002,0.9297753329613876,0.0788980509745128,0.1474746223522441,0.3029891304347826,0.0391304347826087,1.0,3.098956869647735,0.0307966339448776,0.048046047883904,0.529868578255675,0.4559116611049314,0.5425328554360812,0.0739569171507436,-0.0126642771804061,0.4,0.2923976608187133,20.271059339911307,-0.4389877495158063,0.3251032451229303,0.5,0.8,0.9,0.1,0.05,0.6,0.5,1.0,0.9
0.1,1.0026041666666663,1.1999999999999995,-0.0172324783561064,0.0454150472222392,0.362037037037037,0.0926303327401567,0.0130268199233717,0.7643994881121248,0.1916666666666666,0.0488888888888888,1.0,3.4214486814677585,0.0174098760114829,0.0296903161618904,0.3555555555555554,0.5038533482977927,0.3583333333333333,-0.1482977927422372,-0.0027777777777778,0.2,0.4777777777777776,21.336336029220693,-0.9089806513527012,0.5529672898626304,0.5,0.7,0.1,0.8,0.2,0.9,0.5,1.0,0.1
0.09,0.999000999000999,1.0,0.0072396894765637,0.2258634992097592,0.351373954599761,0.3560130309828184,-0.0356616563513114,0.4245909189054515,0.2048229548229548,0.0425274725274725,1.0,2.945254774228179,0.0164216756857165,0.0268134222824266,0.343847072879331,0.2944925444925445,0.351373954599761,0.0493545283867864,-0.00752688172043,1.0,0.4736842105263157,20.352078063427395,-0.7875026178643645,0.2786900817869301,0.5,0.8,0.7,0.2,0.05,0.85,0.5,1.0,0.8
0.06,0.998523510259711,1.1499999999999997,0.0108927050629147,0.4262262769010426,0.6607862903225806,0.517167595760791,0.0597945707997064,0.6201479506443023,0.3723404255319148,0.03,1.0,2.347479245345428,0.0,0.0791456507897427,0.6449932795698925,0.0,0.6607862903225806,0.0,-0.0157930107526881,0.0,0.3725146198830408,21.796485111318695,-0.8096554047015374,0.3486004021641645,0.0,0.9,0.2,0.8,0.0,0.95,0.0,1.0,0.2
0.05,0.9989258861439312,1.0,0.0193443884857128,0.2896111687295981,0.4529569892473118,0.1169322854549489,0.0174228675136116,0.7027739207138267,0.3657894736842105,0.0242105263157894,1.0,2.417681279118604,0.0160269993872084,0.04478729629257,0.4632056451612903,0.2750336021505377,0.4529569892473118,0.1881720430107526,0.0102486559139785,0.2,0.1421052631578948,20.456444339722896,-0.207770168033071,0.2692808552773781,0.0,0.85,0.1,0.8,0.0,0.9,0.0,1.0,0.1
0.06,0.998087497011714,1.1764705882352942,0.0234352709335194,0.0509041977668638,0.2852822580645162,0.0804034712036059,0.0132061628760088,0.6779415078681359,0.301418439716312,0.0274468085106383,1.0,2.181901187466642,0.0264172050347301,0.0555841649298741,0.2422715053763441,0.3596064814814815,0.2852822580645162,-0.1173349761051374,-0.043010752688172,0.7,0.2948830409356726,18.528786817133184,-0.2086212734766857,0.2152282818998848,0.0,0.85,0.9,0.8,0.05,0.1,0.5,1.0,0.2
0.06,0.9956841069130008,1.0,0.046625112376146,0.7572222319420026,0.5883736559139785,0.6897714538061557,0.0816825629738321,0.2974392268004378,0.3049645390070922,0.0293617021276595,1.0,2.1007412490436375,0.0307687205004334,0.082822347273305,0.5989583333333334,0.0,0.59375,0.0,0.0052083333333333,0.0,0.2602339181286549,19.83380118666149,-0.8117759510245213,0.2774383562571264,0.0,0.8,0.2,0.8,0.05,0.85,0.0,1.0,0.2
0.06,0.9997085397843194,1.1428571428571428,0.0129039720459231,0.0094295291773361,0.7291666666666666,0.0419773399581511,0.0075813157251161,0.9419072617722544,0.37677304964539,0.0280851063829787,1.0,2.743339156892807,0.0043938028865756,0.0885848455690442,0.7132056451612904,0.6627314814814814,0.7291666666666666,0.0504741636798089,-0.0159610215053762,0.4,0.2605263157894738,20.31822935432043,-0.4817470340304948,0.3289281772934881,0.5,0.85,0.9,0.1,0.1,0.6,0.5,1.0,0.9
0.01,0.9999816010744972,1.0,0.0019986367005467,0.481659776570696,0.5,0.5461947580762022,-0.1267850923023337,0.1976525665870863,0.7323232323232323,0.0044444444444444,1.0,0.5482606262930859,0.0069997336783244,0.1153697581054112,0.5,0.5,0.5,0.0,0.0,1.0,0.0,0.0,-0.148099672253319,0.1891428748350105,0.0,0.9,0.8,0.1,0.05,0.05,0.0,1.0,0.8
0.1,1.0014619883040938,1.0,-0.0256195018484451,0.2216095427460121,0.6925925925925926,0.2819218026760376,-0.0348659003831418,0.8132103366018177,0.2888888888888888,0.05,1.0,3.622876367784011,0.0,0.0826286974149645,0.6685185185185185,0.7113865657772468,0.6898148148148148,-0.0428680472587282,-0.0212962962962962,1.0,0.2527777777777777,19.75507140142226,-0.3160153049140453,0.3773118468524671,0.5,0.75,0.2,0.8,0.15,0.95,0.5,1.0,0.2
0.04,0.9997331503507166,1.0625000000000002,0.0134173959361056,0.1088294775605098,0.84375,0.3243417176178851,-0.054956896551724,0.3632680158045273,0.3619791666666667,0.0179166666666666,1.0,1.9656735110884245,0.0071125554331614,0.0818718413693897,0.5,0.5,0.5,0.0,0.0,1.0,0.0,0.0,0.3913255488742648,0.1801960727748421,0.5,0.8,0.9,0.1,0.05,0.4,0.5,1.0,0.9
0.07,1.005251312828207,1.0,-0.0513785160139726,0.4272142304424978,0.5806451612903225,0.158504085251984,0.021876158694846,0.892083619040294,0.3026113671274961,0.0338709677419354,1.0,2.6936463285720915,0.0143367598703799,0.0699395370562954,0.7329749103942652,0.2666666666666666,0.586021505376344,0.4663082437275985,0.1469534050179212,0.1,0.306140350877193,20.849987471441946,-0.8289061139139706,0.5676914981117361,0.5,0.7,0.8,0.7,0.15,0.9,0.0,1.0,0.2
0.04,0.998653500897666,1.1428571428571428,0.0161297881340846,0.9741104151929773,0.6822916666666666,0.5924747707873701,-0.0890804597701149,0.2815032762453742,0.4036458333333333,0.02,1.0,1.9031830340314968,0.0,0.0642179662725699,0.5,0.5,0.5,0.0,0.0,1.0,0.0,0.0,-0.5988888431622703,0.2453422184723139,0.5,0.7,0.8,0.7,0.15,0.85,0.0,0.8,0.2
0.07,1.000812253423068,1.0,-0.0132112041812475,0.6834516217775249,0.7007168458781362,0.4800855854937231,-0.0506912442396312,0.5546817741752519,0.3087557603686636,0.0346236559139784,1.0,2.7412574497931312,0.0430391495629974,0.0662832758073244,0.6989247311827956,0.6422416367980884,0.6953405017921147,0.0566830943847072,0.0035842293906809,0.7,0.31359649122807,19.760371245192157,-0.6940173518340345,0.3681067420104899,0.0,0.9,0.1,0.85,0.0,0.95,0.0,1.0,0.1
0.03,0.9991921834128326,1.0,0.0056585565230621,0.3613133804566211,0.401199494949495,0.1641909951509266,-0.0350752458822135,0.5560140095830496,0.4072164948453608,0.0148453608247422,1.0,1.8661785963502928,0.030588821758368,0.0778495890239023,0.5,0.5,0.5,0.0,0.0,1.0,0.0,0.0,-0.6021604436590322,0.2685259320615931,0.0,0.75,0.25,0.65,0.05,0.85,0.0,1.0,0.3
0.08,1.0021799685115658,1.2499999999999998,-0.0237071193445924,0.5484818472382285,0.6823178016726404,0.1202726553667754,0.0185532233883057,0.9289488878563336,0.2269021739130434,0.04,1.0,2.8870102761440832,0.0,0.0445977486893426,0.6716845878136201,0.6243353070939278,0.6913978494623656,0.0473492807196922,-0.0197132616487455,1.0,0.3961988304093568,22.549473824774857,-0.7222283851860265,0.4114230576902744,0.5,0.75,0.4,0.6,0.1,0.85,0.5,1.0,0.4
0.08,1.0039827414537008,1.0,-0.0324854787673291,0.5501259671024358,0.6660692951015532,0.5989561384116651,0.0614692653673164,0.1488805962982893,0.3546195652173913,0.0391304347826087,1.0,2.225602186462757,0.0256600525132341,0.0964741774718798,0.6608124253285544,0.4414337690025955,0.6697729988052569,0.2193786563259589,-0.0089605734767024,0.4,0.1774853801169589,20.61014592723059,-0.3345175973952359,0.3345676608134979,0.5,0.85,0.9,0.1,0.1,0.85,0.5,1.0,0.9
0.04,0.9998406628425752,1.0,-0.0007292364210122,0.2334128627849779,0.3697916666666667,0.0746779082926672,0.0150862068965517,0.7307086309015676,0.2708333333333333,0.02,1.0,2.378261096626336,0.0,0.0581004583533721,0.5,0.5,0.5,0.0,0.0,1.0,0.0,0.0,-0.4521230637760864,0.2901907763221537,0.0,0.85,0.75,0.15,0.0,0.15,0.0,1.0,0.8
0.08,1.025356718858499,1.088,-0.1279187255656038,0.189516232525555,0.4654719235364397,0.0825972901497713,0.0161613272311211,0.8634800132916589,0.2826086956521739,0.04,1.0,3.094875134822486,0.0,0.0372046363890989,0.5629629629629629,0.0,0.4691756272401434,0.0,0.0937873357228194,0.0,0.1777777777777778,19.48584700036735,2.2381109479078116,0.1447532103821769,0.5,0.6,0.2,0.8,0.25,0.9,0.5,1.0,0.2
0.13,1.0465453690847044,1.091836734693877,-0.2021440038769962,0.7317736829442503,0.6971264367816091,0.7402209961640462,-0.0793708408953416,0.089971578119282,0.3348806366047746,0.0642528735632183,1.0,3.837381184583299,0.006710186569364,0.0727542985985953,0.7448275862068966,0.6058798429766171,0.7068965517241379,0.1389477432302794,0.0379310344827586,0.0765225004750592,0.2117647058823529,21.54291653079746,-0.5489974100444015,0.5520375340159691,0.5,0.7,0.5,0.5,0.15,0.9,0.5,1.0,0.5
0.1,1.0292369859757544,1.1860465116279069,-0.1470179049984796,0.264180614065288,0.7194444444444444,0.5751375933511763,0.0701754385964912,0.3164939317212707,0.4111111111111111,0.0488888888888888,1.0,3.063628671911676,0.005782020098914,0.1378011568321863,0.7287037037037037,0.6958333333333334,0.7194444444444444,0.0328703703703703,0.0092592592592593,0.7,0.1305555555555555,20.063651273593873,1.1108259967638938,0.1798341549537923,0.5,0.85,0.8,0.2,0.1,0.6,0.5,1.0,0.85
0.11,1.0345453276571983,1.1910112359550558,-0.1591896708336944,0.1639328584881212,0.3784802043422733,0.1779736295144332,-0.0249556475458308,0.5733389785212928,0.3072012257405516,0.0543820224719101,1.0,3.595008793863041,0.0,0.0372690456654594,0.5294061302681993,0.6342037890424987,0.3784802043422733,-0.1047976587742994,0.1509259259259259,0.4,0.1830065359477124,19.16244143729416,-0.2102746538603956,0.4057483896751569,0.5,0.8,0.0,0.8,0.1,0.95,0.5,1.0,0.0
0.09,1.028534762587756,1.3859649122807014,-0.138404077916324,0.0424774594628761,0.6712066905615292,0.18094308917594,-0.0288863183600026,0.6163997541006961,0.3021978021978022,0.0445054945054945,1.0,3.1797269166728346,0.0,0.072134814689519,0.7114695340501793,0.8617297254150703,0.6712066905615292,-0.150260191364891,0.0402628434886501,0.2,0.1277777777777777,19.51962150036749,1.192222730773766,0.1511197180052813,0.5,0.7,0.3,0.7,0.25,0.95,0.5,1.0,0.3
0.1,1.041349568746829,1.1982758620689653,-0.1677807688688843,0.1005775610833292,0.6953703703703704,0.430559153863062,-0.0604678362573099,0.2950665093052861,0.3805555555555555,0.0466666666666666,1.0,3.257170493035298,0.0057905811385016,0.0844538208197952,0.7962962962962963,0.6097222222222222,0.6953703703703704,0.1865740740740741,0.1009259259259258,0.2,0.061111111111111,18.924600513159735,2.322826181681643,0.1075577578317106,0.5,0.8,0.9,0.1,0.2,0.7,0.5,0.8,0.9
0.12,1.0282548679484989,1.1935483870967745,-0.1840113113312667,0.6005179937520306,0.6049808429118774,0.8577162201120323,0.0738437001594896,0.1255137703564803,0.3446969696969696,0.06,1.0,3.443569735000424,0.0,0.07816047070349,0.6102490421455938,0.5179232804232804,0.6077586206896551,0.0923257617223134,0.0024904214559386,0.7,0.2382352941176471,20.1656788933214,1.762675628525539,0.3867429059478012,0.5,0.8,0.9,0.1,0.1,0.8,0.5,1.0,0.9
0.08,1.0215192181851338,1.1585365853658536,-0.1113387044404601,0.5951731871972279,0.7734767025089605,0.4735815118213384,0.0649313501144165,0.2490553156195467,0.4035326086956522,0.04,1.0,3.1899240561002395,0.0,0.1387130382916709,0.7807646356033454,0.8566469290607222,0.7770609318996415,-0.0758822934573767,0.0037037037037038,0.7,0.1010233918128654,19.806814659530417,0.3683225898666249,0.3159426717112412,0.0,0.7,0.5,0.3,0.05,0.4,0.0,1.0,0.5
0.12,1.0310135784519086,1.443298969072165,-0.1751028184007903,0.0916626778859334,0.6748084291187739,0.1203716026660484,-0.0180821371610844,0.95761727277511,0.3181818181818182,0.06,1.0,3.730050014149941,0.0,0.0856785107600483,0.7226053639846742,0.3696428571428571,0.6720306513409962,0.3529625068418171,0.050574712643678,0.1,0.1666666666666666,20.46203371792297,0.697041070927011,0.1878751019588835,0.5,0.6,0.1,0.9,0.35,0.9,0.5,1.0,0.1
0.08,1.0287948131197555,1.1505376344086025,-0.1232962853693511,0.2230429810556656,0.6473118279569893,0.1505277204598678,-0.0286899313501143,0.5624669506842246,0.3953804347826086,0.04,1.0,3.24367629165791,0.0,0.10099932560461,0.6690561529271207,0.5805737084414782,0.6473118279569893,0.0884824444856425,0.0217443249701314,1.0,0.2267543859649122,19.30838685178196,0.940767034982239,0.1761464439782173,0.0,0.85,0.9,0.1,0.1,0.85,0.0,1.0,0.9
0.1,1.024402328750155,1.523809523809523,-0.1328431628241502,0.0419151657402051,0.712037037037037,0.0523264154342402,-0.0081286549707602,0.6450721707877367,0.3249999999999999,0.05,1.0,3.287823322501458,0.0,0.0898314994959864,0.7166666666666668,0.0,0.712037037037037,0.0,0.0046296296296297,0.0,0.2444444444444443,21.11986626071844,0.03909135848876,0.3664043747423107,0.5,0.8,0.3,0.7,0.15,0.95,0.5,0.8,0.3
0.11,1.0317230265840631,1.0857142857142856,-0.1500124079657431,0.1541705724042565,0.4435823754789272,0.2363987086562633,0.0325896457179721,0.60776287156259,0.3725740551583248,0.0543820224719101,1.0,3.665080314079405,0.0,0.10197216837312,0.475095785440613,0.6144955300127714,0.446455938697318,-0.1393997445721583,0.028639846743295,0.4,0.192156862745098,21.657186337183457,-0.7167312329371658,0.5051230586560055,0.5,0.7,0.2,0.8,0.15,0.9,0.5,1.0,0.2
0.08,1.019149607772075,1.2099999999999995,-0.1135389951574237,0.0090683503245946,0.4120669056152927,0.0152915568012133,-0.003175057208238,0.8037581768821532,0.2622282608695652,0.04,1.0,2.8938121770782876,0.0,0.0466201252880466,0.5413381123058542,0.4109916367980884,0.4084826762246117,0.1303464755077657,0.1328554360812424,0.4,0.5573099415204679,20.480722689787147,1.0463135386666655,0.181730208406458,0.0,0.85,0.9,0.1,0.05,0.25,0.0,1.0,0.9
0.11,1.035717967219874,1.0635838150289016,-0.1642542091616909,0.0718370189474239,0.6288952745849298,0.0618208627449103,-0.0102628890919843,0.9867809656333348,0.3406537282941777,0.0543820224719101,1.0,3.0023877793619143,0.024414951439061,0.0633998511979177,0.7551404853128991,0.5845536005213424,0.6231481481481481,0.1705868847915567,0.131992337164751,0.2,0.2098039215686273,18.61003186498056,0.1365058458991841,0.3401783918132811,0.5,0.85,0.8,0.2,0.0,0.9,0.5,0.8,0.85
0.1,1.0282485875706215,1.1472081218274113,-0.1314461889864682,0.0099937112617394,0.436111111111111,0.0121496338024926,0.0021637426900583,1.0,0.2861111111111111,0.0488888888888888,1.0,3.5159924221904,0.0,0.0619118095112223,0.5685185185185185,0.526241679467486,0.436111111111111,0.0422768390510325,0.1324074074074074,0.7,0.1888888888888888,20.459318490661644,-0.5530181873962556,0.4125984252687805,1.0,0.85,0.9,0.8,0.0,0.85,0.5,0.8,0.1
0.09,1.0326515589673484,1.164556962025316,-0.1394741127631338,0.2130124861673357,0.7240143369175627,0.3777000884779806,0.0519439624702781,0.3747676300083217,0.3424908424908425,0.0445054945054945,1.0,3.1535366277832586,0.0109103313309908,0.157799819351179,0.7205495818399044,0.4679227470558116,0.7204301075268816,0.2526268347840927,0.0001194743130227,0.1,0.1543859649122807,19.0689423566649,0.1393432345321779,0.1839785203712004,0.0,0.8,0.2,0.8,0.05,0.85,0.0,1.0,0.2
0.11,1.037908925103482,1.3517241379310343,-0.174897106946519,0.0436337881516688,0.380779054916986,0.000859189454487,0.0001397774313209,0.9340073100310644,0.1866700715015322,0.0543820224719101,1.0,3.41707133812342,0.0060999145448439,0.0206748415103323,0.589463601532567,0.7187375547590601,0.3779054916985951,-0.129273953226493,0.2115581098339718,0.1,0.3673202614379085,18.243847243422568,1.3358880102168902,0.131474123129855,0.0,0.8,0.1,0.9,0.1,0.9,0.0,1.0,0.1
0.14,1.0531800584230102,1.1386138613861387,-0.2173665287751854,0.5137155252450235,0.7088669950738916,0.2869700179648667,-0.0387917468088827,0.7052313053985104,0.2807308970099668,0.0683720930232558,1.0,3.952675925356388,0.0,0.0908633655442472,0.7391625615763546,0.7384934858053137,0.7041871921182267,0.0006690757710409,0.0349753694581279,1.0,0.2075163398692812,20.92264579245582,-0.7676631294910012,0.4881588082900388,0.5,0.8,0.8,0.2,0.05,0.4,0.5,1.0,0.8
0.11,1.0321787115218404,1.2359550561797747,-0.1612924233740471,0.431501090219753,0.5833333333333334,0.4637947244750851,-0.0549540347293156,0.3979903247610006,0.2875383043922369,0.0543820224719101,1.0,3.777412400663061,0.0060985744106265,0.0742860522604438,0.6963282247765007,0.577681894718185,0.5833333333333334,0.1186463300583157,0.1129948914431673,0.7,0.2117647058823528,20.525830932633948,1.0194870635442186,0.1525281917646468,1.0,0.6,0.8,0.7,0.15,0.85,0.5,1.0,0.2
0.08,1.0344630834189203,1.1953125,-0.13116635456766,0.6737921161123345,0.7124253285543608,0.6439725644549521,-0.0819794050343248,0.1427608945468816,0.3817934782608695,0.0391304347826087,1.0,3.3051781542889067,0.0255949390286834,0.1168473204424274,0.815173237753883,0.4904017857142857,0.6998805256869773,0.3247714520395972,0.1152927120669056,0.1,0.3812865497076023,16.741272774949014,1.7686519669711505,0.1209879399642208,0.5,0.7,0.8,0.2,0.05,0.8,0.5,1.0,0.8
0.05,1.0172914300138836,1.0760869565217388,-0.076050768353487,0.0791260820681348,0.6154233870967741,0.1208047297220285,-0.0258725761772853,0.8927504247012472,0.4105263157894736,0.0247368421052631,1.0,2.703928282525725,0.0,0.0915174407589206,0.72059811827957,0.8230429292929293,0.6154233870967741,-0.1024448110133593,0.1051747311827958,0.4,0.0421052631578948,18.872599917674396,1.3210935775411183,0.1330560468152856,1.0,0.7,0.2,0.8,0.15,0.9,0.5,1.0,0.2
0.13,1.0512114834601478,1.2413793103448276,-0.2071361988979323,0.159456221824935,0.7017241379310345,0.0170609490601275,-0.0027874726604307,0.8251196946704008,0.2946507515473032,0.0642528735632183,1.0,3.881727843162615,0.0,0.0922318411858523,0.7436781609195403,0.6641360431683012,0.7017241379310345,0.0795421177512391,0.0419540229885058,0.7,0.1980392156862742,20.263066200311087,0.3584404407195571,0.1524708439626892,0.5,0.7,0.8,0.2,0.15,0.9,0.5,1.0,0.8
0.13,1.0461953824469457,1.2655367231638417,-0.2045395520647175,0.1619507988172163,0.4362068965517241,0.0196216014808781,-0.0028805435339011,0.8613396610221633,0.2250221043324491,0.0642528735632183,1.0,3.737580667301043,0.0067110157402324,0.0654395175332818,0.5281609195402298,0.4676011264720942,0.4385057471264368,0.0605597930681355,0.089655172413793,1.0,0.338562091503268,21.164926690396957,1.12882853147061,0.1759862567685323,0.0,0.85,0.1,0.9,0.05,0.95,0.0,1.0,0.1
0.11,1.0284244283967423,1.663366336633663,-0.1573515825679594,0.1932470558094398,0.6227650063856961,0.2639923132204754,-0.0334766948013548,0.5584570420208494,0.3255873340143003,0.0543820224719101,1.0,3.7902359966308614,0.0,0.0967321143927475,0.690676883780332,0.6128335385878488,0.6227650063856961,0.0778433451924831,0.0679118773946358,0.7,0.2893790849673202,20.088559847850295,0.2494854847945928,0.393822861045279,0.0,0.8,0.1,0.9,0.05,0.9,0.0,1.0,0.1
0.11,1.0304858902071077,1.1891891891891897,-0.1553009805712166,0.4124348594652788,0.6748722860791826,0.8986651346319521,0.0698510832750926,0.1688691997904907,0.3536772216547497,0.0543820224719101,1.0,3.4956581098142867,0.0183077372327964,0.090882555834955,0.6598659003831419,0.675514403292181,0.6756066411238825,-0.0156485029090391,-0.0157407407407406,0.7,0.2022875816993463,20.176085008243515,0.8115743040507186,0.1750832335645615,0.5,0.85,0.9,0.1,0.1,0.6,0.5,1.0,0.9
0.1,1.0326863288799264,1.1158536585365852,-0.1490835902234697,0.0392380155269472,0.6814814814814815,0.2595164966724694,0.0378362573099414,0.4134669592848078,0.3694444444444444,0.0488888888888888,1.0,3.506250930835487,0.0057828901591547,0.1161097671112716,0.7018518518518518,0.2696759259259259,0.6814814814814815,0.4321759259259259,0.0203703703703703,0.1,0.2055555555555556,17.18513206710946,0.2800999535414261,0.3456956344401236,0.5,0.7,0.8,0.2,0.05,0.3,0.5,1.0,0.8
0.07,1.0228775291270615,1.157894736842105,-0.1044471908371913,0.0435230161791861,0.5376344086021505,0.0574798439623065,-0.0114156358638531,0.9029597721710948,0.3102918586789555,0.0346236559139784,1.0,2.404280382242735,0.0142768886518548,0.0944983797166784,0.6308243727598566,0.1726515830346475,0.532258064516129,0.458172789725209,0.0985663082437275,0.2,0.1099415204678362,18.50744812894679,0.32120108936242,0.1244204741555941,0.5,0.75,0.85,0.15,0.05,0.85,0.5,1.0,0.85
0.11,1.0366176691521245,1.057471264367816,-0.1757254990283556,0.3919708663231004,0.6030012771392081,0.2251887025269007,0.0277888285576044,0.5920894990767138,0.2834525025536261,0.0543820224719101,1.0,3.519635703754747,0.0183077923974362,0.0623491949793637,0.656992337164751,0.6707501280081924,0.6030012771392081,-0.0137577908434414,0.0539910600255428,1.0,0.2859477124183005,18.317008516279728,1.6827833559391898,0.1636047956550991,0.5,0.75,0.85,0.15,0.0,0.4,0.5,1.0,0.85
0.08,1.0255801061218022,1.0232558139534884,-0.1224832151261583,0.204132981742708,0.6311827956989247,0.014678216976296,-0.0028604118993135,0.8284591979558996,0.297554347826087,0.0382608695652173,1.0,2.970344316471642,0.0051156898559101,0.0560255284988084,0.6799283154121865,0.331305617352614,0.6403823178016727,0.3486226980595724,0.0395459976105138,0.1,0.4394736842105264,19.688512644859102,0.9682831250389116,0.1447532103821769,0.5,0.7,0.8,0.1,0.05,0.4,0.5,1.0,0.8
0.06,1.01190841740315,1.0930232558139534,-0.0819444880286066,0.6296861362601629,0.6182795698924731,0.7999429330555968,-0.1110862262038074,0.1478016132602726,0.3847517730496453,0.0293617021276595,1.0,2.7053628694044973,0.0175278285764616,0.0945134955031346,0.6342405913978495,0.1715277777777778,0.6182795698924731,0.4627128136200716,0.0159610215053763,0.1,0.1973684210526315,19.147780776528435,2.697387105662963,0.1453102742153341,0.5,0.8,0.9,0.1,0.05,0.85,0.5,0.6,0.9
0.16,1.0431731747817234,1.1428571428571437,-0.2381986419614525,0.184215576148845,0.594047619047619,0.091913215504095,-0.0118577694235589,0.7164405427543042,0.3303571428571428,0.08,1.0,4.384198470463495,0.0,0.0803565357497102,0.6428571428571429,0.4106407995296884,0.594047619047619,0.2322163433274545,0.0488095238095238,0.1,0.1818014705882353,20.54895151113984,0.414715914046373,0.3995240767278127,0.5,0.8,0.8,0.2,0.1,0.9,0.5,1.0,0.8
0.05,1.0179463792505423,1.0217391304347825,-0.0779076259162918,0.6312049231495778,0.821404569892473,0.4283151038938322,-0.0752908587257616,0.3337130112710039,0.4552631578947368,0.0247368421052631,1.0,2.428369425900361,0.0159093660485888,0.1696246818392095,0.8266129032258065,0.0,0.8266129032258064,0.0,1.1102230246251563e-16,0.0,0.1999999999999999,18.57269199017085,1.7988581170495062,0.1287106632361924,0.5,0.85,0.2,0.8,0.0,0.3,0.0,1.0,0.3
0.14,1.047230550481678,1.3636363636363635,-0.2228737207965403,0.3699965603946102,0.5982758620689655,0.3111899194235413,0.0356356006294807,0.3892032077889827,0.242109634551495,0.0683720930232558,1.0,3.825469188302503,0.0070089922074686,0.0480191888398083,0.6794745484400657,0.566056020177884,0.6097701149425286,0.1134185282621816,0.069704433497537,0.4,0.2658496732026145,19.71111617135776,0.7966965146564231,0.1822008167137735,0.5,0.75,0.7,0.3,0.05,0.3,0.5,1.0,0.7
0.11,1.0282531253521163,1.19626168224299,-0.1778542740211863,0.3984858664153003,0.4303320561941251,0.7676321777583576,0.0763184775012095,0.1925316886040735,0.276046986721144,0.0543820224719101,1.0,2.764137753430155,0.0183096682919436,0.0645872439502408,0.4200510855683269,0.2847030209933436,0.4273627075351213,0.1353480645749832,-0.0073116219667944,0.2,0.2522875816993464,18.237245383944575,3.1069449982254316,0.1580180359376581,0.5,0.7,0.2,0.8,0.05,0.8,0.0,1.0,0.2
0.11,1.0359851445865946,1.6785714285714275,-0.1717808350604361,0.4483658202409751,0.4575031928480204,0.4098724277495538,-0.0507284554593838,0.3763628769808768,0.3388661899897854,0.0531460674157303,1.0,3.617336766647961,0.0122089478743454,0.1082282542532958,0.5336526181353768,0.3347803776683087,0.4575031928480204,0.198872240467068,0.0761494252873563,0.2,0.1970588235294117,19.34935501371009,1.4709798019187312,0.147131948306801,0.5,0.6,0.4,0.8,0.25,0.9,0.5,1.0,0.4
0.11,1.03498562519965,1.365853658536585,-0.1774876782131735,0.0565781772031229,0.6187420178799489,0.2244941410691687,0.0340465566367401,0.7033489731538382,0.2786006128702758,0.0543820224719101,1.0,3.552596481162325,0.0122015189337419,0.1047488509338948,0.6645913154533843,0.4842692154520112,0.6224457215836526,0.1803221000013731,0.0421455938697317,0.1,0.1830065359477123,19.958471597919896,1.8082914932030167,0.1214498606917018,0.5,0.85,0.85,0.15,0.15,0.6,0.5,1.0,0.85
0.1,1.0306367358463926,1.272727272727273,-0.1550287788885074,0.4685454958297322,0.8796296296296297,0.9263368197351036,0.0895906432748538,0.0320886068689382,0.4444444444444444,0.05,1.0,3.4319782227908666,0.0,0.1395405505197817,0.8722222222222222,0.3221084770114942,0.8787037037037037,0.5501137452107281,-0.0064814814814814,0.1,0.0527777777777774,20.66826223684656,1.5976214151189891,0.174067365849232,0.5,0.8,0.9,0.1,0.05,0.85,0.5,1.0,0.9
0.12,1.0372034375535588,1.18348623853211,-0.1993487221334005,0.6738083173363679,0.7229885057471265,1.2841078182437011,-0.1016746411483254,0.0351424109578649,0.3314393939393939,0.0586363636363636,1.0,3.436874923045767,0.0192429660010949,0.067556498588421,0.7513409961685823,0.5077380952380952,0.7201149425287356,0.2436029009304871,0.0312260536398466,0.1,0.1879084967320259,18.31685259708778,3.048639550845512,0.131142671895822,0.5,0.85,0.9,0.1,0.2,0.8,0.5,1.0,0.9
0.07,1.034649793372792,1.07103825136612,-0.1131923919469104,0.4420662681646782,0.8028673835125448,0.5262088522478355,-0.0877597218853587,0.2283508705391935,0.4197388632872504,0.0346236559139784,1.0,3.1085561905640975,0.0,0.1147994049165048,0.9014336917562724,0.3839605734767025,0.8154121863799283,0.5174731182795698,0.086021505376344,0.1,0.000438596491228,16.668390259109962,1.5237176143863005,0.1578100856111984,0.5,0.75,0.85,0.15,0.05,0.85,0.5,1.0,0.85
0.08,1.0271088009398308,1.1193181818181817,-0.1231649124757972,0.4879838717131957,0.7703703703703703,0.6846257811007834,0.088129290617849,0.1751184562305014,0.3532608695652174,0.0391304347826087,1.0,3.229373525060924,0.0051144893835291,0.1129721271774077,0.7381123058542413,0.4744922341696535,0.7667861409796893,0.2636200716845877,-0.028673835125448,0.1,0.1688596491228068,21.04875602902313,1.4031650217615566,0.1600200036503171,0.0,0.9,0.0,0.9,0.05,0.95,0.0,1.0,0.0
0.08,1.0206498058160465,1.0669856459330145,-0.0970162045864593,0.478930416264353,0.6094384707287933,0.8790646312381251,0.1198798627002289,0.0778777738290907,0.3328804347826086,0.0391304347826087,1.0,3.3580168549671514,0.0,0.101011065838502,0.6512544802867383,0.4588410991636798,0.6094384707287933,0.1924133811230584,0.0418160095579449,0.4,0.2461988304093566,20.012686356117,-0.8618140648245909,0.4520079468501749,0.5,0.85,0.85,0.8,0.1,0.6,0.0,1.0,0.2
0.09,1.024712483584703,1.0588235294117647,-0.1287981242575491,0.7759330543052927,0.7326164874551971,0.9481269124938352,0.1053724053724053,0.0622081399737274,0.3867521367521367,0.0445054945054945,1.0,3.2131785054731683,0.0,0.1132722044950731,0.7549581839904421,0.0,0.7326164874551971,0.0,0.0223416965352449,0.0,0.2277777777777778,19.973059183992937,0.5471246024319107,0.3124273325234697,0.5,0.8,0.9,0.1,0.05,0.9,0.5,1.0,0.9
0.09,1.0295778987367772,1.116564417177914,-0.1470461609333853,0.070739122009744,0.8491039426523296,0.2916230458197105,-0.0419253261358524,0.641996375904275,0.3867521367521367,0.0445054945054945,1.0,3.203097862529798,0.01090993740881,0.1095138244465187,0.8897252090800478,0.6488445881226054,0.8416965352449224,0.2408806209574424,0.0480286738351254,0.2,0.1777777777777777,18.818097753070376,2.921465885984037,0.1215381503903065,0.5,0.9,0.9,0.1,0.1,0.6,0.5,1.0,0.9
0.05,1.022185746055279,1.0952380952380951,-0.0787620405927238,0.2701633093305565,0.3251008064516129,0.2561248126602334,-0.0493628808864266,0.4952225863355801,0.4184210526315789,0.0242105263157894,1.0,1.9436201298975109,0.0,0.1206273870453004,0.4554771505376344,0.6530577956989247,0.3251008064516129,-0.1975806451612903,0.1303763440860215,0.2,0.2421052631578948,18.91334334336125,0.9433663651607458,0.1161072426141292,0.0,0.8,0.2,0.8,0.05,0.9,0.0,1.0,0.2
0.08,1.0321012847096511,1.1885245901639343,-0.1281936515853092,0.0760166564592168,0.8075268817204301,0.1526768218615856,-0.0276029748283754,0.7746341146880134,0.4157608695652174,0.04,1.0,3.087645180640828,0.0,0.1077985145017144,0.9017921146953406,0.2001736111111111,0.8075268817204301,0.7016185035842295,0.0942652329749105,0.1,0.0938596491228069,16.446580091781094,1.2457005646725126,0.1548401503300298,0.5,0.8,0.9,0.1,0.05,0.9,0.5,0.8,0.9
0.04,1.0127537907992803,1.2093023255813953,-0.0599977082098619,0.671924400203441,0.6979166666666666,0.8663792230578405,-0.1153508771929824,0.1140131988320312,0.4114583333333333,0.0191666666666666,1.0,2.27713265654679,0.007078390655673,0.1108473116132055,0.5,0.5,0.5,0.0,0.0,1.0,0.0,0.0,1.017547305398038,0.2901907763221537,0.5,0.7,0.8,0.2,0.05,0.85,0.5,1.0,0.8
0.09,1.0231685501112613,1.1599999999999997,-0.138800955872931,0.0308347562569015,0.5028673835125448,0.1384279770879448,0.0208469892680419,0.7951466364356387,0.253052503052503,0.0445054945054945,1.0,3.150800799597061,0.0163730856842229,0.0692484891899572,0.5102747909199522,0.4527809779825908,0.5102747909199522,0.0574938129373613,0.0,0.7,0.3766081871345029,19.862946336767827,1.8355273752182537,0.1359607073791276,0.5,0.85,0.85,0.15,0.1,0.45,0.5,1.0,0.85
0.08,1.0326364099949008,1.5359999999999998,-0.1292280095630271,0.0526270604924054,0.5660692951015531,0.0584638847457112,-0.010812356979405,0.7357084531435844,0.3315217391304347,0.04,1.0,2.711222483071858,0.0,0.0737366394100796,0.6379928315412187,0.3895833333333333,0.5660692951015531,0.2484094982078853,0.0719235364396655,0.1,0.2730994152046783,20.98870971304385,1.5912239358514348,0.1255859324155551,0.0,0.7,0.8,0.1,0.05,0.4,0.0,1.0,0.8
0.09,1.018121546300147,1.074074074074074,-0.1124379492707139,0.2325145183670668,0.6664277180406213,0.1046054094316305,-0.0169847696163484,0.8894090700719669,0.3852258852258852,0.0445054945054945,1.0,3.44701746475397,0.0054534921759362,0.1016140386251443,0.6636798088410991,0.3724879495736004,0.6701314217443249,0.2911918592674987,-0.0064516129032258,0.1,0.1198830409356725,20.731357042708616,-0.0528842706444181,0.3308583700705382,0.0,0.85,0.1,0.9,0.1,0.95,0.0,1.0,0.1
0.08,1.0228741487362738,1.3719008264462809,-0.121815449001724,0.223266459839364,0.4626045400238949,0.2168136430937639,-0.0346395881006865,0.628499446758052,0.25,0.04,1.0,2.319162358699379,0.0,0.0789543834388231,0.6027479091995221,0.1502189933259176,0.4589008363201912,0.4525289158736044,0.1438470728793309,0.0765225004750592,0.2543859649122806,19.701969941301247,1.7489447042378714,0.13025890221056,1.0,0.85,0.9,0.1,0.05,0.1,1.0,1.0,0.9
0.02,1.020408163265306,1.0,-0.0322185906891572,0.3769463686287473,0.846938775510204,0.0298455107718056,0.0192743764172335,0.8031420097913425,0.673469387755102,0.0089795918367346,1.0,1.5305595935602438,0.1215475827744013,0.2695578231292517,0.5,0.5,0.5,0.0,0.0,1.0,0.0,0.0,-1.4734011287706543,0.1055932201779092,0.5,0.8,0.9,0.1,0.15,0.6,0.5,1.0,0.9
0.03,1.0309278350515465,1.0,-0.0495728784366006,0.4127145717737451,0.1764520202020202,0.5334454467524447,0.1974035891561665,0.1961866233844116,0.3573883161512027,0.0145360824742268,1.0,1.630982462924668,0.1577243076563441,0.1420389461626575,0.5,0.5,0.5,0.0,0.0,1.0,0.0,0.0,-1.610576457302706,0.1237685486736148,0.5,0.9,0.8,0.1,0.25,0.7,0.5,0.8,0.8
0.06,1.0638297872340423,1.125,-0.0952605598948709,0.3810263880531976,0.4162466397849462,0.4623474537376107,-0.1268715524034672,0.4911373554266409,0.2304964539007092,0.0274468085106383,1.0,2.0355647256920273,0.2090445096026808,0.0716115051221434,0.6118111559139785,0.0,0.4269993279569892,0.0,0.1848118279569892,0.0,0.3973684210526316,9.811124087516566,-1.126379871799409,0.1360251239749277,0.0,0.8,0.1,0.9,0.15,0.95,0.0,1.0,0.1
0.03,1.0309278350515465,1.0,-0.0459003796010073,0.9558184983871824,0.6070075757575758,0.8735381758726175,-0.2760595647193585,0.1086346780459666,0.2809278350515464,0.0114432989690721,1.0,1.998057025252772,0.1303573670909395,0.1111111111111111,0.5,0.5,0.5,0.0,0.0,1.0,0.0,0.0,-0.0800514431081618,0.09775803902776,1.0,0.9,0.95,0.05,0.0,0.4,1.0,0.8,0.95
0.03,1.0309278350515465,1.103448275862069,-0.0469644975047098,0.1048867110673831,0.4671717171717171,0.1926836305574976,-0.0843833524245895,0.4595569218911074,0.3316151202749141,0.0132989690721649,1.0,1.4407810890216577,0.1462436884819893,0.1108247422680412,0.5,0.5,0.5,0.0,0.0,1.0,0.0,0.0,-1.1233579851701605,0.1012928678506258,1.0,0.85,1.0,0.8,0.1,0.1,0.0,1.0,0.1
0.03,1.0309278350515465,1.0,-0.0462804171130919,0.3297085412298339,0.4217171717171717,0.1158089174272932,0.0511645666284841,0.8938026277666806,0.2809278350515464,0.0114432989690721,1.0,1.6410162688571808,0.1305939652865355,0.1109201985490645,0.5,0.5,0.5,0.0,0.0,1.0,0.0,0.0,-0.3574563684639416,0.0874783515172172,0.0,0.85,0.75,0.25,0.0,0.2,0.0,1.0,0.8
0.03,1.0309278350515465,1.0,-0.0477090781611503,0.3609881906199494,0.6025883838383838,0.0677065231595484,-0.0351279114165711,1.0,0.4338487972508591,0.0136082474226804,1.0,2.084743015169946,0.1484153238778528,0.1246659030164184,0.5,0.5,0.5,0.0,0.0,1.0,0.0,0.0,-1.289584669201155,0.1160217501575775,0.0,0.9,0.9,0.1,0.05,0.3,0.0,1.0,0.9
0.03,1.0309278350515465,1.0,-0.0463529964361477,0.1310367777218088,0.4763257575757575,0.3924836189441231,-0.1569301260022909,0.4546580264389231,0.3608247422680412,0.0108247422680412,1.0,1.953229791915835,0.1254410886549327,0.1819396716303932,0.5,0.5,0.5,0.0,0.0,1.0,0.0,0.0,-0.0623396513923761,0.0874783515172172,1.0,0.9,0.9,0.1,0.05,0.4,1.0,1.0,0.9
0.02,1.020408163265306,1.0,-0.0303614555068156,0.8705555931085338,0.8418367346938775,0.9693907888233182,-0.3956916099773243,0.0537101282773217,0.5051020408163265,0.0087755102040816,1.0,1.6201671049330095,0.1182850730275433,0.2471655328798186,0.5,0.5,0.5,0.0,0.0,1.0,0.0,0.0,-0.4530452482883493,0.0922101594585371,1.0,0.9,0.95,0.05,0.05,0.6,1.0,1.0,0.95
0.03,1.0309278350515465,1.0,-0.0474772817537164,0.9682836138190368,0.8628472222222223,1.211089731478292,-0.3222604047346316,0.0412572806492605,0.461340206185567,0.0117525773195876,1.0,2.029389343723704,0.1335886553174072,0.2030355097365406,0.5,0.5,0.5,0.0,0.0,1.0,0.0,0.0,-1.2360166037267684,0.1012928678506258,1.0,0.9,0.95,0.05,0.1,0.6,1.0,0.6,0.95
0.02,1.020408163265306,1.0,-0.030878341119682,0.8473791467100134,0.8520408163265306,0.9305828010952736,-0.3560090702947845,0.069175560991498,0.4872448979591837,0.0073469387755102,1.0,0.819543771947365,0.1041982608674874,0.2295918367346938,0.5,0.5,0.5,0.0,0.0,1.0,0.0,0.0,-0.6277043959947912,0.0796513437074667,1.0,0.9,0.95,0.05,0.0,0.4,1.0,0.8,0.95
0.02,1.020408163265306,1.08,-0.0310743886316475,0.0146634248226012,0.2244897959183673,0.0700551139950313,-0.0476190476190476,0.7747710587278929,0.298469387755102,0.0079591836734693,1.0,0.5856666617281954,0.1100256661004587,0.076814058956916,0.5,0.5,0.5,0.0,0.0,1.0,0.0,0.0,-0.9589143954130614,0.0889972256331716,1.0,0.9,1.0,0.0,0.0,0.2,1.0,0.8,1.0
0.04,1.0416666666666663,1.0,-0.0622289977551204,0.3247527004715092,0.2604166666666667,0.1315415572464133,-0.0567129629629629,0.7089387017354016,0.2291666666666666,0.015,1.0,2.323951792961466,0.1487044791289828,0.0387731481481481,0.5,0.5,0.5,0.0,0.0,1.0,0.0,0.0,-0.4867998708662786,0.0905905900520283,1.0,0.85,0.9,0.8,0.0,0.2,0.5,1.0,0.1
0.01,1.0101010101010102,1.04,-0.0153505195939736,0.2264123352336055,0.5,0.248384633056227,-0.1829405162738496,0.5392358447511312,0.5732323232323232,0.0046464646464646,1.0,0.3224933614275158,0.087693586632568,0.1846240179573512,0.5,0.5,0.5,0.0,0.0,1.0,0.0,0.0,-1.0019625698727068,0.0918169293966194,0.0,0.9,0.9,0.1,0.05,0.1,0.0,1.0,0.9
0.01,1.0101010101010102,1.0303030303030305,-0.0157137531836452,0.0441728794196161,0.5,0.1959781068907294,0.1638608305274972,0.4841850899351508,0.7626262626262627,0.004040404040404,1.0,0.4073407449681775,0.0794409425083572,0.3389450056116723,0.5,0.5,0.5,0.0,0.0,1.0,0.0,0.0,-1.2548804028792262,0.0859132312719215,0.0,0.9,0.9,0.1,0.0,0.1,0.0,1.0,0.9
0.02,1.020408163265306,1.0,-0.0319991301756709,0.0351707682202243,0.4387755102040816,0.2087190235707894,0.1077097505668934,0.6546773739903589,0.4336734693877551,0.0095918367346938,1.0,1.541697063322072,0.1268966842202719,0.1771541950113379,0.5,0.5,0.5,0.0,0.0,1.0,0.0,0.0,-1.3865881143938132,0.1162401996699034,0.0,0.85,0.9,0.1,0.0,0.2,0.0,1.0,0.9
0.01,1.0101010101010102,1.0769230769230769,-0.0152065211977405,0.0612028072512992,0.5,0.1739452805431317,-0.1358024691358025,0.6989694906109459,0.4646464646464646,0.0039393939393939,1.0,1.0689707756200586,0.0774567337069317,0.1823793490460157,0.5,0.5,0.5,0.0,0.0,1.0,0.0,0.0,-0.0299393885674614,0.0719553338451007,0.0,0.9,0.9,0.0,0.05,0.1,0.0,1.0,1.0
0.02,1.020408163265306,1.0,-0.0314750670267844,0.2842186412125768,0.3928571428571429,0.357315956913616,-0.18140589569161,0.5081311457127746,0.3545918367346938,0.0087755102040816,1.0,1.1140670259732324,0.1186769092586973,0.1678004535147392,0.5,0.5,0.5,0.0,0.0,1.0,0.0,0.0,-1.2368745626255118,0.0987919532544048,0.0,0.85,0.8,0.1,0.1,0.85,0.0,0.8,0.85
0.03,1.0309278350515465,1.0,-0.0464266811383777,0.2677596731967893,0.4359217171717171,0.1392411183270652,0.0626193203512791,0.4537978407428948,0.2147766323024054,0.0123711340206185,1.0,1.8994660074001195,0.1380848359786446,0.0621420389461626,0.5,0.5,0.5,0.0,0.0,1.0,0.0,0.0,-0.7449367157802058,0.0908524433250958,1.0,0.7,0.2,0.8,0.15,0.2,0.5,1.0,0.2
0.03,1.0309278350515465,1.0,-0.046731361501747,0.2180324129585408,0.4835858585858585,0.4024693197547662,-0.1580756013745705,0.4424563128996791,0.352233676975945,0.012061855670103,1.0,1.2864114427130169,0.1355858622425849,0.1837533409698358,0.5,0.5,0.5,0.0,0.0,1.0,0.0,0.0,-0.9091084606649598,0.0942784645715858,0.0,0.85,0.1,0.8,0.1,0.95,0.0,1.0,0.1
0.01,1.0101010101010102,1.0,-0.0151608144899362,0.284984809884563,0.5,0.0552872711862954,-0.0460157126823793,0.91597740455427,0.7070707070707071,0.0042424242424242,1.0,0.9314763563174628,0.0818764692940616,0.2239057239057239,0.5,0.5,0.5,0.0,0.0,1.0,0.0,0.0,-0.5661043807735666,0.083033000965197,0.0,0.9,0.9,0.1,0.0,0.1,0.0,1.0,0.9
0.01,1.0101010101010102,1.0,-0.0149573177109243,0.5781118883466382,0.5,0.6770920500824282,0.404040404040404,0.2409080286157876,0.6969696969696969,0.0043434343434343,1.0,1.04963089027451,0.083117196100385,0.2379349046015712,0.5,0.5,0.5,0.0,0.0,1.0,0.0,0.0,-0.1757881417198992,0.0888406826652821,0.5,0.85,0.9,0.1,0.0,0.9,0.5,1.0,0.9
0.01,1.0101010101010102,1.1578947368421053,-0.0152705972929799,0.2109473001969206,0.5,0.3061527569374079,-0.1762065095398428,0.4074032315988167,0.5782828282828283,0.0043434343434343,1.0,1.0584435884677557,0.0833689045907178,0.2435465768799102,0.5,0.5,0.5,0.0,0.0,1.0,0.0,0.0,-0.8579345422853524,0.0948436257789135,0.0,0.95,0.95,0.0,0.0,0.05,0.0,0.8,0.95
0.03,1.0309278350515465,1.0,-0.0462450521753712,0.1312924771362821,0.7774621212121212,0.2184249172214962,0.1084383352424589,0.7512002681764356,0.4261168384879725,0.0114432989690721,1.0,2.0247761018959007,0.1305986998777099,0.1638029782359679,0.5,0.5,0.5,0.0,0.0,1.0,0.0,0.0,-0.4248123339289504,0.0942784645715858,1.0,0.85,0.95,0.15,0.1,0.1,0.5,0.8,0.85
0.02,1.0204081632653064,1.0,-0.0303977578098897,0.5721364517998316,0.8061224489795917,0.6827334558911459,-0.2947845804988662,0.1640689640396615,0.4668367346938775,0.0079591836734693,1.0,1.2569982561549502,0.1101520360838374,0.2193877551020407,0.5,0.5,0.5,0.0,0.0,1.0,0.0,0.0,-0.2790005622511131,0.0922101594585371,1.0,0.9,0.95,0.05,0.05,0.1,1.0,0.8,0.95
0.01,1.0101010101010102,1.0,-0.0151502696561389,0.1391364968246441,0.5,0.0921749774210886,0.0763187429854095,0.550785793696833,0.5732323232323232,0.0042424242424242,1.0,0.4073407449681775,0.0816827824542721,0.0892255892255892,0.5,0.5,0.5,0.0,0.0,1.0,0.0,0.0,-0.4664249353903988,0.077408276805509,0.0,0.9,1.0,0.0,0.05,0.1,0.0,1.0,1.0
0.02,1.020408163265306,1.0,-0.0301278589553313,0.0439757812536289,0.2959183673469387,0.1935760871703399,0.1145124716553288,0.2836865861304856,0.5841836734693877,0.0087755102040816,1.0,1.1836381999111536,0.1182456205589288,0.1904761904761904,0.5,0.5,0.5,0.0,0.0,1.0,0.0,0.0,-0.368326474843542,0.1055932201779092,0.5,0.85,0.8,0.15,0.1,0.85,0.5,1.0,0.85
0.01,1.0101010101010102,1.1578947368421053,-0.0153492508001981,0.648160625515917,0.5,0.8628917008259699,0.44668911335578,0.1704100570567873,0.7095959595959596,0.0042424242424242,1.0,0.8188557998458228,0.0818659977788276,0.2488776655443322,0.5,0.5,0.5,0.0,0.0,1.0,0.0,0.0,-0.90654796356193,0.0888406826652821,0.5,0.8,0.9,0.8,0.05,0.85,0.0,1.0,0.2
0.03,1.0309278350515465,1.3333333333333333,-0.0463299804160751,0.0319777682068327,0.6295770202020202,0.309948827625376,-0.1237113402061855,0.557402526256209,0.3711340206185567,0.0123711340206185,1.0,1.6720411676437197,0.138150859934408,0.195303550973654,0.5,0.5,0.5,0.0,0.0,1.0,0.0,0.0,-0.7629753216760453,0.1048847345810114,0.5,0.75,0.85,0.65,0.1,0.85,0.0,1.0,0.3
0.06,1.0638297872340423,1.692307692307692,-0.0949082063641431,0.0852856091396608,0.3350974462365592,0.0020718079289665,-0.0007880220646177,0.727407618787941,0.2189716312056737,0.0197872340425531,1.0,2.353187482801947,0.1662791527531486,0.0385145784081954,0.6885920698924731,0.397148908439231,0.3350974462365592,0.2914431614532421,0.3534946236559139,0.4,0.0,7.091427630119281,-0.6941253725136587,0.1018404741532254,1.0,0.9,1.0,0.0,0.05,0.1,1.0,0.8,1.0
0.01,1.01010101010101,1.0,-0.015043592133052,0.2290566905684839,0.5,0.2914975015627449,-0.2098765432098766,0.4737429581804153,0.4924242424242424,0.0042424242424242,1.0,1.0384149666205282,0.0818109345100166,0.1902356902356902,0.5,0.5,0.5,0.0,0.0,1.0,0.0,0.0,0.0809063041414961,0.083033000965197,0.0,0.9,0.9,0.1,0.0,0.1,0.0,1.0,0.9
0.03,1.0309278350515465,1.1428571428571428,-0.0467512176332947,0.1845588995638429,0.163510101010101,0.0246492921157036,-0.0126002290950744,0.8452899524367024,0.2714776632302405,0.0102061855670103,1.0,1.671316134594098,0.120815732578171,0.0495418098510882,0.5,0.5,0.5,0.0,0.0,1.0,0.0,0.0,-0.690113368822753,0.0776524810426783,1.0,0.85,0.95,0.05,0.1,0.6,1.0,1.0,0.95
0.04,1.0416666666666667,1.2352941176470589,-0.0616090453312111,0.1136184726246648,0.6770833333333334,0.2469368388613182,-0.0983796296296297,0.508053495790991,0.3671875,0.0191666666666666,1.0,1.4645615836178574,0.1779823276427033,0.1316550925925926,0.5,0.5,0.5,0.0,0.0,1.0,0.0,0.0,-0.9143550572494924,0.1333202824202823,1.0,0.9,0.9,0.1,0.05,0.1,1.0,1.0,0.9
0.06,1.0638297872340423,1.4736842105263157,-0.0943664081633093,0.2821507333151433,0.3499663978494623,0.2524579621463448,-0.078408195429472,0.565561168967595,0.3093971631205673,0.0274468085106383,1.0,2.699491617823508,0.2092825417681268,0.0480693459416863,0.585013440860215,0.6140046296296297,0.3445900537634408,-0.0289911887694146,0.2404233870967742,0.7,0.2252923976608187,9.892669535214765,-1.035943846843539,0.1453102742153341,1.0,0.7,0.9,0.8,0.05,0.6,0.0,1.0,0.2
0.04,1.0416666666666667,1.1875,-0.0623904892428699,0.7556219843303439,0.7552083333333334,1.0711461160141469,-0.2662037037037038,0.0608332822078937,0.3984375,0.0158333333333333,1.0,2.276809836679387,0.154916999382571,0.1979166666666666,0.5,0.5,0.5,0.0,0.0,1.0,0.0,0.0,-0.823254239357416,0.1015046454400258,0.5,0.85,0.9,0.8,0.2,0.85,0.0,1.0,0.2
0.02,1.0204081632653064,1.222222222222222,-0.0308769637004614,0.500184494495893,0.7397959183673469,0.592589739374508,-0.2698412698412698,0.2304942839553372,0.4183673469387755,0.0081632653061224,1.0,1.501604943398137,0.1122240189336228,0.1870748299319727,0.5,0.5,0.5,0.0,0.0,1.0,0.0,0.0,-0.8807895615066208,0.0987919532544048,0.5,0.75,0.85,0.7,0.05,0.85,0.0,1.0,0.3
0.01,1.01010101010101,1.0769230769230769,-0.0153674323439767,0.6581444845129688,0.5,0.7077415146672777,-0.398428731762065,0.1413760153130901,0.547979797979798,0.0034343434343434,1.0,0.2747433136279715,0.0702034774067341,0.2612233445566778,0.5,0.5,0.5,0.0,0.0,1.0,0.0,0.0,-0.2707864847429837,0.0640759781628102,1.0,0.9,0.95,0.05,0.05,0.6,1.0,0.8,0.95
0.03,1.0201515859046664,1.12,-0.0455175757328182,0.2376165843730256,0.6714015151515151,0.1591048626417109,0.0698739977090492,0.5922229290292982,0.3144329896907216,0.0148453608247422,1.0,1.8147661930697812,0.0162580504495818,0.0923062237495227,0.5,0.5,0.5,0.0,0.0,1.0,0.0,0.0,-1.0846693258374578,0.1277454530482268,1.0,0.65,0.85,0.7,0.2,0.15,0.0,0.8,0.4
0.04,1.0416666666666667,1.12,-0.0631229969594081,0.9752401122799657,0.8541666666666666,1.3390346155383854,-0.3379629629629629,0.023106827963066,0.4635416666666667,0.01625,1.0,2.0806358632791397,0.1575462475438406,0.2407407407407407,0.5,0.5,0.5,0.0,0.0,1.0,0.0,0.0,-1.107010202303736,0.1129431225355994,1.0,0.9,0.95,0.05,0.05,0.4,1.0,1.0,0.95
0.02,1.020408163265306,1.1538461538461535,-0.0304732325213679,0.1794313917195656,0.2908163265306122,0.3098879112808079,-0.155328798185941,0.5417362548662912,0.3698979591836734,0.0077551020408163,1.0,1.0110456598587796,0.1078921204613452,0.177437641723356,0.5,0.5,0.5,0.0,0.0,1.0,0.0,0.0,-0.0872966175082226,0.0858341147952806,1.0,0.6,0.8,0.8,0.25,0.85,0.0,1.0,0.2
0.03,1.0309278350515465,1.1764705882352942,-0.0466339783085589,0.1224003945432948,0.3011363636363636,0.0035585673158364,0.0019091256204658,0.9918520505853918,0.2689003436426116,0.0108247422680412,1.0,2.0060965257485335,0.1256945374530726,0.0636693394425353,0.5,0.5,0.5,0.0,0.0,1.0,0.0,0.0,-0.7534893973204295,0.0942784645715858,1.0,0.85,0.95,0.05,0.05,0.1,1.0,0.8,0.95
0.01,1.0101010101010102,1.0769230769230769,-0.0152651352370265,0.3674426791318362,0.5,0.751739097348239,0.4343434343434343,0.2320900184510412,0.7424242424242424,0.0038383838383838,1.0,1.024756731619342,0.0760625643712213,0.4464085297418631,0.5,0.5,0.5,0.0,0.0,1.0,0.0,0.0,-0.1902634050590381,0.0692900627053303,0.5,0.7,0.8,0.7,0.25,0.95,0.0,1.0,0.3
0.01,1.01010101010101,1.0,-0.0156771338117183,0.0760395955935837,0.5,0.2097152987019895,0.1560044893378226,0.3811224457449707,0.8434343434343434,0.0045454545454545,1.0,0.5790188868909918,0.0867354631368978,0.3782267115600449,0.5,0.5,0.5,0.0,0.0,1.0,0.0,0.0,-1.2680586515847814,0.0888406826652821,0.0,0.9,0.5,0.1,0.05,0.1,0.0,1.0,0.5
0.03,1.0309278350515465,1.0,-0.0462101486643642,0.5336488269653266,0.6467803030303031,0.2519280488359313,-0.1092019854906453,0.6757225320767608,0.4132302405498281,0.012061855670103,1.0,1.840654274764437,0.1355138581246685,0.1550210003818251,0.5,0.5,0.5,0.0,0.0,1.0,0.0,0.0,-0.547895720018015,0.0908524433250958,1.0,0.9,0.9,0.1,0.0,0.4,1.0,0.8,0.9
0.02,1.0204081632653064,1.222222222222222,-0.0306080017989089,0.5922101688205545,0.6326530612244898,0.7393914368964424,-0.3106575963718821,0.1498334081101194,0.4795918367346939,0.0093877551020408,1.0,1.2293173785261762,0.1244932641854356,0.2335600907029479,0.5,0.5,0.5,0.0,0.0,1.0,0.0,0.0,-0.927456297247664,0.1126291050204151,0.0,0.8,0.2,0.8,0.05,0.95,0.0,1.0,0.2
0.08,1.0065475848601462,1.1379310344827582,-0.0833257533850764,0.2408319102171374,0.3851851851851851,0.2937649962649035,-0.0346153846153847,0.4721545897879942,0.2866847826086957,0.0330434782608695,1.0,2.820939719193698,0.0468920100886489,0.01952281117565,0.4047789725209079,0.4043981481481482,0.3851851851851851,0.0003808243727597,0.0195937873357228,0.7,0.2555555555555555,16.02393323059763,1.0674176147130847,0.1761464439782173,0.0,0.9,1.0,0.0,0.15,0.85,0.0,1.0,1.0
0.11,1.0204150000335006,1.1666666666666663,-0.139342836195087,0.0415299808396075,0.723978288633461,0.0454173957393142,0.0047359943427358,0.7116979550751301,0.3546986721144024,0.0469662921348314,1.0,3.6855825766457273,0.0184839620623554,0.0612848176688426,0.7302681992337164,0.628352490421456,0.723978288633461,0.1019157088122604,0.0062899106002554,0.4,0.1183006535947711,17.916099767859766,-0.2651139062603804,0.2619833880203319,0.0,0.8,0.1,0.9,0.15,0.95,0.0,1.0,0.2
0.1,0.9988776655443322,1.5000000000000002,-0.0896629352412421,0.9768661091149656,0.6592592592592593,2.344516308050019,-0.1166752136752136,0.00272829184885,0.2916666666666667,0.0488888888888888,1.7857142857142858,3.0692980337552656,0.1176589881769116,0.0495589606310879,0.6638888888888889,0.5572452636968767,0.6564814814814814,0.1066436251920122,0.0074074074074074,0.7,0.1555555555555555,14.97935115586023,4.560075422673636,0.2993480947871813,0.5,0.85,0.95,0.05,0.05,0.35,0.5,1.0,0.95
0.12,1.001730991152712,1.9230769230769251,-0.1260751762914951,0.7159253405043859,0.73227969348659,1.2360996022970854,-0.0666011072261072,0.0211995795643083,0.3049242424242424,0.0572727272727272,2.068965517241379,3.919022709440468,0.1244146649844686,0.0595611147056534,0.7379310344827585,0.4334610472541507,0.7265325670498085,0.3044699872286078,0.01139846743295,0.1,0.0441176470588233,16.574758445976382,3.686626558832141,0.1697948483075147,0.5,0.85,0.95,0.05,0.05,0.4,0.5,1.0,0.95
0.11,1.012534075666008,1.1,-0.1101656788207824,0.8639163242064295,0.8192528735632184,2.1923696746504846,-0.1019427202011471,0.002412229234452,0.4693564862104188,0.0482022471910112,1.0,2.586927006730561,0.0557629302527129,0.1109992222073312,0.823978288633461,0.4615581098339719,0.8192528735632184,0.3624201787994891,0.0047254150702426,0.1,0.0490196078431374,16.488259733059103,0.0368892831213645,0.2943686619507687,0.5,0.85,0.9,0.1,0.2,0.7,0.5,1.0,0.9
0.09,1.005973891879932,1.142857142857143,-0.0901465172110675,0.4491947605324059,0.7542413381123058,0.5767909974126233,-0.0527707335399642,0.1478941792811614,0.3476800976800977,0.0395604395604395,1.0,3.1586506761649646,0.0723018650845917,0.0795224774969368,0.7763440860215054,0.4001237228607918,0.7578255675029868,0.3762203631607135,0.0185185185185186,0.1,0.1254385964912282,16.433333205354696,1.1653933745710017,0.1670946308460906,0.5,0.85,0.85,0.7,0.2,0.8,0.0,1.0,0.4
0.06,1.0069115056240685,1.3750000000000002,-0.0757491215431414,0.6858697636296938,0.5977822580645161,0.8947065462456282,-0.0873417894162573,0.0862331370914646,0.3723404255319149,0.0217021276595744,1.0,2.6939252288379016,0.0044651107182837,0.0650134386820647,0.6187836021505376,0.1574074074074074,0.5977822580645161,0.4613761947431302,0.0210013440860215,0.1,0.2105263157894737,15.154729664393734,1.547194167744145,0.1453102742153341,0.5,0.9,1.0,0.0,0.15,0.6,0.5,1.0,1.0
0.09,1.0049651840696614,1.3000000000000007,-0.091900947047296,0.866050019997756,0.8280764635603345,2.479468966492412,-0.1193509908894524,0.0016813092475238,0.4484126984126984,0.0365934065934066,1.4285714285714284,3.385898537756652,0.0731617933438776,0.0867997485630397,0.8244922341696536,0.0,0.8354838709677419,0.0,-0.0109916367980883,0.0,0.0903508771929824,14.507579633410115,1.801880467774275,0.1670946308460906,1.0,0.8,0.9,0.6,0.1,0.2,0.5,1.0,0.5
0.08,1.008768255563933,1.0,-0.0806647670995733,0.550060945605137,0.4829151732377539,0.6646239921074535,-0.0568290133779265,0.1695075874883304,0.2907608695652174,0.0339130434782608,1.0,3.3291907989100618,0.0154893912680154,0.0680054757640603,0.50442054958184,0.5011574074074074,0.4775388291517323,0.0032631421744325,0.0268817204301076,0.7,0.4309941520467836,17.789830495875012,0.2622975734087296,0.2308157595706837,0.5,0.8,0.9,0.7,0.05,0.85,0.0,1.0,0.5
0.14,1.0129504762778467,1.0,-0.1873877602378979,0.451246577712264,0.4726600985221675,0.9646298782288488,-0.0564592384359827,0.1069945131915706,0.2508305647840532,0.0504651162790697,1.0,4.074188984592842,0.0290874201833946,0.0400368354365559,0.4924466338259441,0.6222931744004541,0.4749589490968802,-0.1298465405745099,0.0174876847290639,0.4,0.2101307189542485,14.503262491082143,1.823452641492776,0.1885795378712353,0.5,0.85,0.9,0.7,0.1,0.8,0.0,1.0,0.3
0.14,0.999767109159264,1.5000000000000009,-0.092161825572069,0.8714774933980204,0.7507389162561576,2.1757604581005205,-0.0918119090212113,0.0040741439140641,0.329734219269103,0.0634883720930232,2.295081967213114,3.7649313751729254,0.1152479524920816,0.0525497495141989,0.75311986863711,0.4354406130268199,0.7507389162561576,0.31767925561029,0.0023809523809523,0.1,0.1042483660130717,16.024653988390757,1.7267392430870503,0.2223800599285815,0.5,0.85,1.0,0.0,0.05,0.35,0.5,1.0,1.0
0.14,1.0070101257371755,1.3,-0.1181041886057061,0.6712240844548908,0.5901477832512315,1.8331348641968623,-0.0846249680552007,0.008882774965338,0.2649501661129568,0.061860465116279,1.0,3.692736321448657,0.0714599071139965,0.0574738912981242,0.5715927750410509,0.5127187627187627,0.5958949096880132,0.0588740123222881,-0.0243021346469622,0.7,0.2053921568627451,17.100446647673195,0.7293935506114324,0.2761023914032865,0.5,0.85,0.95,0.05,0.05,0.35,0.5,1.0,0.95
0.07,1.0070198896874478,1.111111111111111,-0.0692412458476015,0.0572941998972885,0.3566308243727598,0.0532610950672203,0.0065798180314309,0.9245330575050076,0.2369431643625192,0.0286021505376344,1.0,2.889521654018223,0.0144254473175942,0.0383710618042113,0.3315412186379928,0.5379480286738351,0.3566308243727598,-0.2064068100358422,-0.0250896057347669,0.4,0.4,16.87849202815898,0.5870695257070793,0.2016930168280366,0.0,0.9,0.3,0.7,0.05,0.9,0.0,1.0,0.3
0.06,1.004610634067933,1.3599999999999997,-0.0771960817088661,0.4351317197453729,0.2227822580645161,0.4667757510806413,0.0496944899072561,0.3947920575484429,0.3351063829787234,0.0236170212765957,1.0,2.279964712649626,0.0403019757904175,0.0593130348446713,0.2227822580645161,0.491063653779171,0.2227822580645161,-0.2682813957146548,0.0,0.7,0.1347953216374269,14.236308261648706,4.014377600132143,0.1360251239749277,0.5,0.7,0.8,0.6,0.05,0.8,0.0,1.0,0.8
0.1,1.0177964407118576,1.4634146341463417,-0.1259271464349707,0.0654219967548358,0.587037037037037,0.1137697435346334,-0.0138632478632477,0.8001278528093321,0.2249999999999999,0.0488888888888888,1.0,3.4892680140923247,0.0757781916085444,0.0381090671960057,0.611111111111111,0.6651856829948227,0.5842592592592593,-0.0540745718837116,0.0268518518518517,0.2,0.5750000000000002,15.827509886038442,0.1864301613622898,0.3886248861814219,0.0,0.8,0.1,0.85,0.15,0.95,0.0,1.0,0.1
0.12,1.0138813282525858,1.0,-0.1529228366398796,1.0420206074507234,0.7870689655172415,2.106408488188625,-0.0910504079254077,0.0071548404031886,0.3626893939393939,0.0545454545454545,1.0,3.693107753343083,0.0064630219236196,0.0636466713805081,0.806992337164751,0.1999933788865936,0.7899425287356322,0.6069989582781574,0.0170498084291188,0.1,0.1421568627450979,20.33714459530451,1.5942160238417875,0.1363916269797097,0.5,0.9,0.9,0.1,0.05,0.4,0.5,1.0,0.9
0.06,1.0031633227889238,1.2727272727272727,-0.0672758779554196,0.5596223607216088,0.5330981182795699,1.007500664253582,-0.0854091653027824,0.0597812998262893,0.3147163120567375,0.0236170212765957,1.0,2.557049091593302,0.0540945416931239,0.0574095505119452,0.4850470430107527,0.0,0.5330981182795699,0.0,-0.0480510752688171,0.0,0.0154970760233917,12.424195500944608,3.563380160792618,0.1916795248277593,0.0,0.8,0.1,0.8,0.1,0.9,0.0,1.0,0.1
0.12,1.0135135135135136,1.0,-0.1499183984497976,0.0508624864361158,0.6138888888888889,0.133334289544746,-0.0121416083916084,0.7020153832007363,0.284090909090909,0.0586363636363636,1.0,3.756515936545574,0.0710810490940655,0.0404799554998473,0.6084291187739463,0.5997278640647817,0.6196360153256705,0.0087012547091646,-0.0112068965517241,1.0,0.2797385620915033,16.109634191022938,1.876169966859244,0.3439414160374818,0.5,0.85,0.95,0.05,0.05,0.4,0.5,1.0,0.95
0.07,1.0051114642841803,1.7777777777777786,-0.0575780606522682,0.4947020936923406,0.5161290322580645,0.7877832997503327,-0.0721889400921658,0.0972355391627812,0.2991551459293394,0.0248387096774193,1.0,2.933739107349539,0.0097439252160444,0.053617276600057,0.510752688172043,0.3868686868686868,0.5161290322580645,0.1238840013033561,-0.0053763440860215,0.4,0.2394736842105264,14.607076301318058,0.3706688474828632,0.2016930168280366,0.5,0.8,0.9,0.1,0.0,0.2,0.5,1.0,0.9
0.1,1.0069694784907477,1.4761904761904765,-0.1465690048474699,0.9334801415779678,0.7537037037037037,2.041590816191494,-0.1097777777777776,0.0049954008871394,0.3666666666666667,0.05,1.0,3.0914997246132243,0.0,0.075269933004295,0.7509259259259259,0.6248053392658509,0.7509259259259259,0.1261205866600749,0.0,0.7,0.1305555555555553,15.751170224614343,5.7811898863708215,0.197815193268222,0.5,0.85,0.95,0.05,0.05,0.4,0.5,1.0,0.95
0.14,1.014510296409496,1.2857142857142856,-0.1744578496810296,0.2599134538997235,0.3492610837438423,0.4056725442715961,-0.0283733708152311,0.2424244838729611,0.2321428571428571,0.0569767441860465,1.0,3.711721557515895,0.0285789429884396,0.0277170865257249,0.3466338259441707,0.4824003121895842,0.3475369458128079,-0.1357664862454134,-0.0009031198686371,0.4,0.1683006535947712,17.127660559639573,1.3574778972152473,0.2223800599285815,1.0,0.8,0.9,0.1,0.05,0.2,1.0,1.0,0.9
0.13,1.019490254872564,1.5833333333333337,-0.1645814557770415,0.7774054673761465,0.7132183908045978,1.6966383781930514,-0.0877956879548392,0.0149629835297681,0.2623784261715296,0.0463218390804597,1.0,3.369671610753618,0.0,0.0306901201660592,0.7620689655172415,0.6415362415362414,0.710919540229885,0.120532723981,0.0511494252873564,0.2,0.2137254901960784,16.0197638682854,0.3024620922697343,0.2012783974514757,1.0,0.8,0.9,0.1,0.05,0.45,1.0,1.0,0.9
0.11,0.998661420516773,1.4399999999999993,-0.0707625086212928,0.4157341032480016,0.7309067688378033,0.7981412282101784,-0.0603956156203346,0.0379103312691558,0.3478038815117467,0.0482022471910112,1.0,3.5474977139287316,0.081091829371284,0.0653585098531046,0.7279374201787995,0.5959564860426929,0.7318326947637294,0.1319809341361065,-0.0038952745849298,0.2,0.0803921568627449,15.85499210852859,2.7051486732937606,0.1809824950767478,0.5,0.85,0.2,0.8,0.1,0.85,0.0,1.0,0.4
0.1,1.002178649237473,1.0,-0.1212469867252914,0.8919594985077093,0.7592592592592592,1.530412925760317,-0.091059829059829,0.0227198049703345,0.3138888888888889,0.0466666666666666,1.7241379310344829,3.040197728613415,0.1184822480238804,0.0719825188213174,0.7435185185185186,0.6180555555555556,0.7518518518518519,0.125462962962963,-0.0083333333333333,0.6579050194284821,0.1222222222222222,13.096649493795374,4.994395966372677,0.2443921849312755,0.5,0.85,0.95,0.05,0.1,0.4,0.5,1.0,0.95
0.09,1.009628669203137,1.0909090909090908,-0.1120870914381619,0.3095738337220124,0.8893667861409797,0.1099920652292036,-0.0106339814032122,0.5144962371199351,0.4456654456654457,0.0336263736263736,1.0,3.025130219571453,0.0055575639600847,0.0866865653116368,0.889247311827957,0.3645609318996416,0.8930704898446834,0.5246863799283155,-0.0038231780167263,0.1,0.0,14.469896356764318,2.356237692640275,0.1957929415344674,0.0,0.8,0.8,0.1,0.2,0.65,0.0,1.0,0.8
0.04,1.0024113952445042,1.2941176470588245,-0.0453949719471751,0.6122522336047516,0.5885416666666666,1.234196562388176,-0.1417187500000001,0.0133100844292447,0.4401041666666667,0.0170833333333333,1.0,2.1629740895767413,0.0578452185547186,0.0701993062569,0.5,0.5,0.5,0.0,0.0,1.0,0.0,0.0,2.6901333793629405,0.1249589934542361,0.5,0.85,0.9,0.7,0.15,0.8,0.0,1.0,0.8
0.13,0.9973937449879714,1.0,-0.0846671148424655,0.3926484247831679,0.4051724137931034,0.956265047027154,-0.0611123580221724,0.0309883958923262,0.2506631299734748,0.0582758620689655,2.1311475409836063,3.658569945916953,0.1543881844160197,0.0395679462437802,0.3948275862068964,0.5510878489326766,0.4051724137931034,-0.1562602627257801,-0.0103448275862069,0.1,0.130718954248366,14.371895084901606,1.7393229305511264,0.2079117570803295,0.5,0.8,0.9,0.7,0.05,0.8,0.0,1.0,0.8
0.13,1.0056483785598611,1.3333333333333326,-0.124365739827712,0.0419969128630021,0.5827586206896552,0.0810757763583821,-0.007530095898796,0.7347926160769259,0.2679045092838196,0.0508045977011494,1.0,4.001291980476767,0.0413768519523857,0.0405566601137489,0.5862068965517241,0.619298485677796,0.5741379310344827,-0.0330915891260719,0.0120689655172413,0.7,0.1267973856209151,15.750095572546217,1.9310066304314528,0.1947739712944478,0.5,0.85,0.9,0.1,0.05,0.3,0.5,1.0,0.9
0.14,1.009935582487171,1.3333333333333337,-0.1368559499624897,0.7352620489032904,0.574384236453202,1.6936364949117146,-0.0854491438793765,0.0124926346224532,0.2852990033222591,0.0586046511627907,1.0,3.5657932133757484,0.0646522696292084,0.0397704021252964,0.5887520525451561,0.6539905368758415,0.574384236453202,-0.0652384843306854,0.014367816091954,1.0,0.1447712418300654,15.89073213383648,0.8366121109383085,0.1950788630963232,0.5,0.85,0.9,0.1,0.05,0.45,0.5,1.0,0.9
0.12,1.003325942350333,1.1904761904761902,-0.1200692424719436,0.5043401082992531,0.3113026819923372,1.0950354303281422,-0.0652331002331002,0.0491785338341296,0.2803030303030303,0.0559090909090909,1.0,3.5710058275627587,0.0193879967992854,0.0352953498096787,0.3113026819923372,0.2166666666666667,0.3084291187739463,0.0946360153256704,0.0028735632183908,0.4,0.3235294117647058,20.39497369284094,3.855061120917085,0.1941320084746928,0.5,0.85,0.9,0.1,0.05,0.3,0.5,1.0,0.9
0.14,1.014259039212358,1.0,-0.1876644060373553,0.3958593029947241,0.6426929392446633,1.130929697088447,-0.0678961155123948,0.0171767961346719,0.2541528239202658,0.07,1.0,3.7656588780448343,0.0,0.0407137296992809,0.6384236453201971,0.680897988505747,0.6449917898193761,-0.0424743431855498,-0.0065681444991789,1.0,0.2500000000000001,20.496617602980617,2.6488494856884284,0.1350289361979722,0.5,0.85,0.9,0.7,0.05,0.4,0.0,1.0,0.9
0.11,1.0076211705877036,1.2727272727272734,-0.1446225978518012,0.0352988664934187,0.4587164750957854,0.077092543841492,0.0093462717058223,0.9823956228283716,0.2694075587334014,0.0457303370786516,1.0,3.5636286716231367,0.0185288048848854,0.0273375744764541,0.4671455938697318,0.6374551971326164,0.4530651340996168,-0.1703096032628846,0.0140804597701149,0.1,0.3552287581699346,15.38317739316182,4.650001194278283,0.2397047038136498,0.0,0.8,1.0,0.0,0.15,0.75,0.0,1.0,1.0
0.09,1.009915534337128,1.2,-0.1040383689012598,0.5399888697192953,0.6814814814814816,0.6874095189845685,-0.0581356250587019,0.1396969605784321,0.3623321123321122,0.0395604395604395,1.0,2.8631998174936295,0.0330820506502071,0.0376837825637861,0.7025089605734767,0.5818446679438058,0.6777777777777777,0.1206642926296708,0.0247311827956989,0.7,0.0,17.88354619042275,0.7505724125349253,0.2275678125935937,0.0,0.8,0.1,0.85,0.15,0.9,0.0,1.0,0.1
0.12,1.013116966958155,1.4230769230769225,-0.1306067640574717,0.4883756336865227,0.7648467432950192,0.9913414086510138,-0.0615064102564101,0.0794220884155335,0.3759469696969697,0.0572727272727272,1.0,3.882834706072248,0.0777759943203495,0.0716016750749976,0.7598659003831418,0.5569376026272579,0.7620689655172415,0.2029282977558839,-0.0022030651340996,0.2,0.0751633986928105,18.19976923081666,0.2619559999799614,0.2070185546537631,1.0,0.85,0.9,0.1,0.1,0.85,1.0,1.0,0.9
0.12,1.0076319499785449,1.5294117647058827,-0.1368904058934623,0.1373169988768657,0.5858237547892721,0.2200476571882774,-0.0191185897435897,0.6903466396475675,0.2433712121212121,0.045,1.0,3.3141422068433206,0.0197085416321248,0.0389510692070367,0.5970306513409961,0.5056650246305419,0.5858237547892721,0.0913656267104542,0.011206896551724,0.7,0.1859477124183007,15.120430229167312,2.7782361168870473,0.17571078479045,0.0,0.8,1.0,0.0,0.2,0.75,0.0,1.0,1.0
0.14,1.009832995161542,2.0000000000000013,-0.1654007379271438,1.1103461144496505,0.7261904761904762,3.1377535702546187,-0.1061851520572452,0.0009722279131241,0.2757475083056478,0.0520930232558139,1.0,3.751189966737643,0.0289278340615225,0.0595694635386243,0.7545977011494253,0.5849013764722577,0.7285714285714285,0.1696963246771675,0.0260262725779967,0.2,0.0807189542483661,15.426508202111494,2.407330183945148,0.1759382815622671,1.0,0.85,0.9,0.1,0.1,0.65,1.0,1.0,0.9
0.1,1.0078891100788911,1.1875,-0.1090430994909745,0.2785287857275975,0.5601851851851852,0.6176993625292622,-0.0437307692307692,0.1436972480760449,0.3444444444444444,0.0388888888888888,1.0,3.258524544922655,0.0295762215692056,0.0385020643605308,0.5611111111111111,0.4478274757732643,0.5601851851851852,0.1132836353378468,0.0009259259259258,0.4,0.0638888888888888,15.849720582244093,1.5806585246365588,0.1216768937802477,0.5,0.8,0.9,0.1,0.05,0.4,0.5,1.0,0.9
0.08,1.0092010626579409,1.333333333333334,-0.0891244876785233,1.0305561865831998,0.7233572281959378,2.2846054337866892,-0.135790133779264,0.0032942542257813,0.2894021739130434,0.0382608695652173,1.0,2.5424428244280586,0.0102991117777597,0.0592408258416494,0.7541218637992833,0.0,0.7233572281959378,0.0,0.0307646356033454,0.0,0.2551169590643274,21.182643250874595,0.7518661665119932,0.2901024814517316,0.5,0.85,0.95,0.05,0.05,0.4,0.5,1.0,0.95
0.13,1.0164339317944335,1.0,-0.1484220507979718,0.5326085090230819,0.6,0.9764696187349976,-0.0534173297966401,0.0724409063448673,0.274314765694076,0.0537931034482758,1.0,3.8669607755143103,0.0689781064372168,0.0247880291443042,0.6270114942528736,0.7803652435032981,0.6086206896551725,-0.1533537492504244,0.0183908045977011,0.7,0.2578431372549019,15.933996472829666,0.3720349189381426,0.1759862567685323,1.0,0.8,0.9,0.1,0.0,0.3,1.0,1.0,0.9
0.06,1.0036940522894533,1.0833333333333333,-0.0513893855982994,0.176873216491406,0.6868279569892474,0.0636451973291643,0.0089511729405346,0.9305101594325046,0.3156028368794326,0.0268085106382978,1.0,2.070054505014563,0.0397975662584107,0.0568853444243585,0.6705309139784946,0.3293010752688172,0.6812836021505376,0.3412298387096774,-0.010752688172043,0.1,0.236549707602339,17.326187006660025,0.8563463244961236,0.1861065314373909,0.0,0.6,0.2,0.8,0.25,0.9,0.0,1.0,0.2
0.03,1.003207624377945,1.1199999999999997,-0.0342157940664338,0.6752449232398577,0.6436237373737373,0.7790320009658861,-0.0967208564631244,0.070170372171773,0.5764604810996563,0.0117525773195876,1.0,2.0870960355621757,0.0248258440310286,0.0840175068372997,0.5,0.5,0.5,0.0,0.0,1.0,0.0,0.0,1.4173266514264693,0.1160217501575775,0.5,0.7,0.8,0.6,0.05,0.3,0.0,1.0,0.4
0.09,1.0076879642097036,1.478260869565218,-0.0985832455369819,0.3302232163212941,0.6813620071684587,0.4213618355141424,-0.0357720484643561,0.2804701260553207,0.3547008547008546,0.0375824175824175,1.0,3.3823426658985456,0.0443861368911771,0.0863071746601515,0.6777777777777777,0.3875417130144605,0.674074074074074,0.2902360647633171,0.0037037037037036,0.1,0.0616959064327483,16.510330523264503,1.3431194755631592,0.1726165491651992,0.0,0.85,0.9,0.1,0.1,0.6,0.0,1.0,0.9
0.12,1.011177347242921,1.1874999999999998,-0.1265593724460854,0.9190330718953812,0.8309386973180078,2.676520079015773,-0.1150903263403264,0.0005270245114285,0.3721590909090909,0.0463636363636363,1.0,3.472693070960875,0.0395229246659845,0.0737663355069149,0.8312260536398468,0.6657538358317001,0.8338122605363983,0.1654722178081467,-0.0025862068965515,0.4,0.0369281045751633,15.66839732448299,0.4771184793356844,0.1817361551702966,0.5,0.85,0.95,0.05,0.0,0.2,0.5,0.6,0.95
0.05,1.002979145978153,1.1199999999999997,-0.052192977178215,0.5547091476293808,0.5873655913978495,0.7412985178493833,0.0762469635627532,0.2443778152845116,0.413157894736842,0.0205263157894736,1.0,2.486521232129057,0.0363684487016429,0.0329058909723113,0.592741935483871,0.0,0.5873655913978495,0.0,0.0053763440860215,0.0,0.063157894736842,15.144136027885798,2.041207768826399,0.1120425338316288,0.0,0.8,0.1,0.8,0.05,0.9,0.0,1.0,0.2
0.1,1.0093077370564283,1.09375,-0.1092477322480904,0.991432143931252,0.837037037037037,1.3674549452115503,-0.0799230769230767,0.0287264248922024,0.2888888888888888,0.0433333333333333,1.0,3.388674167930804,0.052893356138404,0.0716615932662363,0.8666666666666667,0.5671394141638858,0.8435185185185184,0.2995272525027809,0.0231481481481482,0.1,0.0611111111111111,17.030448446639824,0.9868480125578478,0.2303466122545444,0.5,0.85,0.9,0.1,0.05,0.4,0.5,1.0,0.9
0.09,1.0055352604239995,1.3076923076923073,-0.0850536874453584,1.2551443025225055,0.8164874551971325,2.572197312713559,-0.1237099652484268,0.0020859727166254,0.38003663003663,0.0425274725274725,1.0,2.84670378059984,0.0716921018922902,0.0851284341925362,0.8459976105137396,0.482258064516129,0.8201911589008363,0.3637395459976105,0.0258064516129032,0.1,0.1915204678362574,17.62166368303569,1.0720607989373896,0.2275678125935937,0.5,0.85,0.9,0.1,0.1,0.6,0.5,1.0,0.9
0.09,1.0122000729389586,1.2121212121212117,-0.1064915685873297,0.793695705083217,0.8393070489844683,1.0724270434575964,-0.0696228984690522,0.0719956496965356,0.3681318681318681,0.0395604395604395,1.0,2.901478776407299,0.0497099424999873,0.0629155306277973,0.8321385902031063,0.4431302270011947,0.8393070489844683,0.3890083632019115,-0.0071684587813619,0.1,0.1581871345029238,17.330310321140473,0.2738342950352139,0.2343528193818043,1.0,0.8,0.9,0.2,0.05,0.4,0.5,1.0,0.7
0.12,1.006630789928887,1.2857142857142856,-0.1058828877654736,0.8073948983163274,0.7384099616858237,2.2176633739112033,-0.0965515734265735,0.0019270623535944,0.3181818181818182,0.06,1.0,3.504715164179817,0.0,0.0548476096303924,0.7324712643678161,0.4334656084656085,0.7441570881226053,0.2990056559022075,-0.0116858237547892,0.1,0.1957516339869279,17.84336181851417,0.684117951782067,0.2887869909515355,0.5,0.85,0.9,0.1,0.1,0.85,0.5,1.0,0.9
0.07,1.002293509665505,1.0,-0.056936736751376,0.4171285451320415,0.528673835125448,0.5060202440017035,-0.0477407538697859,0.3538937577646502,0.2288786482334869,0.0316129032258064,1.0,2.6626991731448464,0.0775000934207534,0.0329108907605064,0.5304659498207885,0.0,0.5340501792114695,0.0,-0.0035842293906809,0.0,0.2903508771929824,15.958215411620811,0.975737865050216,0.1900498510772781,0.0,0.85,0.1,0.8,0.0,0.85,0.0,1.0,0.1
0.11,1.015651832589176,1.1249999999999998,-0.1240020688577427,0.3329772170231639,0.4556513409961686,0.4742923500437549,-0.04132827846311,0.28956528168493,0.2778345250255362,0.0444943820224719,1.0,3.230463778530144,0.0500050966598541,0.0373854584556956,0.4837164750957854,0.6845466155810983,0.4556513409961686,-0.2008301404853129,0.0280651340996168,0.2,0.434640522875817,15.47511950075909,0.3160945200353118,0.2543811196147781,1.0,0.85,0.9,0.1,0.05,0.15,1.0,1.0,0.9
0.08,1.0869565217391304,2.0,-0.1339510506034105,0.1967570192677009,0.5333333333333333,0.3918518988119949,-0.0433946488294315,0.4375884573557855,0.2391304347826086,0.0260869565217391,1.0,3.2756852452167893,0.1891395805192047,0.0498506895385302,0.6456391875746714,0.5474537037037037,0.5279569892473118,0.0981854838709677,0.1176821983273596,0.7,0.0277777777777777,6.914217453127008,4.404956280784804,0.0826224052484324,0.0,0.85,0.9,0.1,0.15,0.85,0.0,1.0,0.9
0.09,1.0989010989010988,1.0,-0.1513707666374117,0.0258478062217757,0.1861409796893668,0.0371033722003086,0.0042946369869446,0.8944482947471486,0.2014652014652014,0.0306593406593406,1.0,3.048532750145789,0.2062719190652016,0.0208066525606057,0.3511350059737156,0.4696236559139785,0.1898446833930704,-0.1184886499402628,0.1612903225806451,0.2,0.2950292397660817,7.323465253960619,4.9094028389959545,0.0989556150801488,1.0,0.8,0.85,0.15,0.05,0.4,1.0,1.0,0.85
0.1,1.1111111111111112,2.0,-0.1800639108880708,0.2413287974576138,0.2740740740740741,0.2809941099240013,-0.0263290598290597,0.3757555381561455,0.2027777777777777,0.0355555555555555,1.0,2.776783178382696,0.2233691581624017,0.0238880763585571,0.4324074074074074,0.4384418901660281,0.2777777777777777,-0.0060344827586206,0.1546296296296296,0.7,0.2138888888888889,7.708980958779964,7.770876346938381,0.0529218729816416,1.0,0.85,0.9,0.8,0.0,0.9,0.5,1.0,0.1
0.11,1.1235955056179776,1.0,-0.1938074701829735,0.2348622152529334,0.4068646232439336,0.4006154126350242,-0.0319222911919542,0.6236084561241195,0.2377425944841675,0.0333707865168539,1.0,3.7351567760597737,0.2104293788761181,0.0302679276156624,0.5137292464878672,0.5546934865900384,0.4039910600255427,-0.0409642401021711,0.1097381864623244,1.0,0.1142156862745098,6.486919702071207,4.929086105214546,0.0755983778162156,0.0,0.85,0.9,0.1,0.1,0.85,0.0,1.0,0.9
0.08,1.0869565217391304,1.0,-0.1536796326007476,0.4664435794008432,0.5335722819593788,0.4723489241397666,-0.0421091137123744,0.3696616591091741,0.3192934782608695,0.02,1.0,2.7003623976873623,0.159377454087921,0.054774533533607,0.5500597371565114,0.0,0.5335722819593788,0.0,0.0164874551971325,0.0,0.0,4.700021075592802,7.341725651115407,0.0383456978556863,0.0,0.85,0.95,0.05,0.05,0.3,0.0,1.0,0.95
0.06,1.0638297872340423,5.0,-0.1173707014759579,0.2608966741459643,0.4516129032258065,0.3079381655028276,-0.0392007637752318,0.26631415834126,0.3156028368794326,0.0159574468085106,1.0,2.8789841171000305,0.1439671524424791,0.0361105885157042,0.5519153225806451,0.5872685185185186,0.4516129032258065,-0.0353531959378734,0.1003024193548386,1.0,0.0,5.316521476642187,12.986169129897457,0.047671421552205,1.0,0.85,0.9,0.1,0.05,0.15,1.0,1.0,0.9
0.23,1.2987012987012987,2.0,-0.4260970673418049,0.3811105361934049,0.5375641025641026,0.8473324741713019,-0.0473871780393519,0.1594217106605302,0.2264257481648786,0.0836363636363636,1.0,4.265973945808867,0.3349275420839162,0.0352542801379104,0.6726739926739927,0.3796889838556505,0.5375641025641026,0.2929850088183422,0.1351098901098901,0.1,0.0883333333333333,8.076984147435294,3.2721448842333007,0.0976814969523931,1.0,0.95,0.95,0.05,0.0,0.1,1.0,1.0,0.95
0.04,1.0416666666666663,1.0,-0.0642695278781793,0.9407343104086452,0.4114583333333333,1.2944817718416282,-0.1173637820512819,0.0626624932923433,0.4114583333333333,0.0125,1.0,2.0361123987437475,0.1309397131726474,0.0549821249037415,0.5,0.5,0.5,0.0,0.0,1.0,0.0,0.0,2.4900263153944477,0.0801549573996986,0.5,0.9,0.9,0.1,0.05,0.4,0.5,0.8,0.9
0.09,1.0989010989010988,1.0,-0.1480619993033078,0.0944139888133453,0.2194743130227001,0.1027067777692227,-0.0116793462947308,0.7492949709614735,0.2014652014652014,0.0286813186813186,1.0,3.234165659710801,0.1972195764433084,0.0083190858289726,0.4571087216248506,0.2865375108144852,0.2231780167264038,0.1705712108103654,0.2339307048984468,0.2,0.2140350877192982,6.7580444770531205,2.8490054934143423,0.0946380562459761,0.0,0.85,0.95,0.05,0.25,0.85,0.0,1.0,0.95
0.11,1.1235955056179776,1.0,-0.1802335925790106,0.3263447923876728,0.6524904214559387,0.5871305897295965,-0.0444370236505068,0.2698579067234231,0.2980081716036772,0.0432584269662921,1.0,3.1968469087769003,0.2504787721112332,0.0632298511189607,0.7692528735632184,0.4597437939731847,0.6524904214559387,0.3095090795900336,0.1167624521072796,0.1,0.1581699346405228,8.530944275630178,4.24058781106877,0.1165542683321206,0.5,0.8,0.9,0.1,0.1,0.6,0.5,1.0,0.9
0.07,1.0752688172043012,1.0,-0.1128888913641144,0.2557340073072791,0.6129032258064516,0.3709800059837103,0.0368563157272834,0.3163713918683142,0.3202764976958525,0.0248387096774193,1.0,2.5816011772582463,0.1877113323024423,0.0399630344074087,0.7903225806451614,0.5585722819593787,0.6218637992831542,0.2317502986857826,0.1684587813620072,0.1,0.0340643274853802,7.530343587646713,4.625060412098523,0.0751822706812669,1.0,0.8,0.9,0.1,0.05,0.15,1.0,1.0,0.9
0.09,1.098901098901099,1.25,-0.1556497068145268,0.0832874118892935,0.2863799283154122,0.1292802726916347,0.0139987789987789,0.4729341743571739,0.2197802197802197,0.0316483516483516,1.0,2.6902484476442385,0.2106577747750985,0.044888391673171,0.4215053763440861,0.5317289272030652,0.2863799283154122,-0.1102235508589791,0.1351254480286738,0.2,0.2733918128654972,7.242236597400944,5.258639217332179,0.0779692210728418,1.0,0.95,1.0,0.0,0.0,0.2,1.0,1.0,1.0
0.09,1.0989010989010988,1.3333333333333333,-0.1485987625716665,0.0728934487675358,0.3481481481481481,0.0209186760230559,0.0024180520334367,0.8659015964320844,0.2512210012210012,0.0316483516483516,1.0,3.436375274859193,0.2106282429662021,0.0311301671148895,0.5599761051373954,0.2439747868001482,0.3445639187574671,0.3160013183372471,0.2154121863799282,0.1,0.2228070175438597,7.512002153269789,4.45791962884345,0.0861867490323361,1.0,0.8,0.9,0.7,0.05,0.85,0.0,1.0,0.3
0.06,1.0638297872340423,1.375,-0.0928635159206212,0.0376899918909408,0.6273521505376344,0.033630226423349,-0.0049290780141844,0.9188974589912888,0.2907801418439716,0.0248936170212765,1.0,2.826502961191393,0.1942653018715519,0.044282085839333,0.7286626344086021,0.3105324074074074,0.6273521505376344,0.4181302270011947,0.1013104838709677,0.1,0.0,8.506345957346875,4.898248547113335,0.0751756078721878,0.5,0.7,0.8,0.6,0.15,0.8,0.0,1.0,0.4
0.05,1.0526315789473684,1.0,-0.0773433405754768,0.8245637510368697,0.748991935483871,1.246359243493715,-0.1247935222672066,0.0402402671100391,0.4289473684210526,0.0173684210526315,1.0,2.2052822148646523,0.1570499367098617,0.1266703633844358,0.7600806451612904,0.0,0.738239247311828,0.0,0.0218413978494623,0.0,0.0,7.35135246088712,2.319374337701712,0.0889430741342194,0.5,0.85,0.95,0.0,0.05,0.4,0.5,1.0,0.95
0.11,1.1235955056179776,1.2307692307692308,-0.1941766176241404,0.2418411578799243,0.6676564495530014,0.5173373658053729,-0.0370920091144809,0.294252098178117,0.3347803881511747,0.0321348314606741,1.0,3.701707366235987,0.2053637000475696,0.0541836317290523,0.7225734355044701,0.7113346104725417,0.6676564495530014,0.0112388250319284,0.0549169859514686,0.7,0.0464052287581698,6.282746854821236,3.858662262853515,0.0798961836537432,1.0,0.9,0.2,0.8,0.0,0.7,1.0,1.0,0.2
0.12,1.1363636363636365,1.5,-0.1896185603320412,0.0805822043513245,0.5633141762452107,0.2705642713197478,-0.0234877622377622,0.4865467248360776,0.1789772727272727,0.0504545454545454,1.0,3.585617216910149,0.2735971022986714,0.0401443120683097,0.6943486590038314,0.7325156325156326,0.5604406130268199,-0.0381669735118012,0.1339080459770114,1.0,0.0464052287581699,9.21616795998142,3.224694243431184,0.1259768809132068,0.0,0.8,0.9,0.1,0.15,0.75,0.0,1.0,0.9
0.07,1.0752688172043012,1.0,-0.1015278169837667,0.0533196514221574,0.4480286738351255,0.0530698254728204,0.0064728819567527,0.6896028302864416,0.2473118279569892,0.0323655913978494,1.0,3.225365348369851,0.2266758054778468,0.0383353079917747,0.5949820788530465,0.4014336917562724,0.456989247311828,0.1935483870967741,0.1379928315412185,0.3758250874886983,0.2713450292397659,9.935011447943548,4.798229686239259,0.0906382688214541,0.5,0.8,0.1,0.9,0.15,0.95,0.5,1.0,0.1
0.05,1.052631578947368,1.25,-0.0848650222301166,0.0485211899176193,0.6607862903225806,0.0076492102325039,-0.0013400809716598,0.7572875213337472,0.3210526315789473,0.0163157894736842,1.0,2.205024623400231,0.1504010734872517,0.0521967284259238,0.6975806451612904,0.5622053872053873,0.6607862903225806,0.1353752579559031,0.0367943548387097,1.0,0.0,6.700268784706808,4.958304591426494,0.0677860783131679,0.5,0.85,0.9,0.1,0.05,0.3,0.5,1.0,0.9
0.12,1.1363636363636362,1.3333333333333333,-0.1937797217089709,0.389345867069885,0.4233716475095785,0.5568108117693145,-0.0427432983682983,0.4013992445299292,0.2035984848484848,0.0518181818181818,1.0,3.57154458611611,0.2787275399759426,0.0365147630863478,0.5622605363984673,0.5638736263736264,0.4233716475095785,-0.001613089975159,0.1388888888888887,1.0,0.2111111111111111,9.442133303604711,3.3855835254309063,0.1013083943744638,1.0,0.9,0.95,0.05,0.0,0.3,1.0,1.0,0.95
0.1,1.1111111111111112,1.0,-0.1598517081488746,0.1870440076894807,0.6064814814814815,0.3880591092640934,0.0313675213675215,0.3787128770312375,0.2472222222222222,0.0377777777777777,1.0,3.6563535869457926,0.2327129014972916,0.0524219756322264,0.7277777777777777,0.3483582581469122,0.6064814814814815,0.3794195196308655,0.1212962962962962,0.1,0.0416666666666667,8.164436410209488,2.2103207187505545,0.0984932761501543,0.5,0.85,0.9,0.1,0.1,0.8,0.5,1.0,0.9
0.11,1.1235955056179776,1.0,-0.199684676220325,0.0648683886760107,0.4943486590038314,0.0172111390992632,0.0020295434902175,0.7699524924378328,0.2594484167517875,0.0284269662921348,1.0,3.520618933771315,0.190016596106147,0.0342847930284265,0.6144955300127714,0.5721070148489503,0.4943486590038314,0.042388515163821,0.1201468710089398,0.2,0.0,4.960905596224859,5.141246467922949,0.0671737853686886,0.0,0.85,0.95,0.05,0.2,0.85,0.0,1.0,0.95
0.12,1.1363636363636365,1.625,-0.1982455345530973,0.1372397806503164,0.5255747126436782,0.2215629125577287,0.0215763403263404,0.5987676544786593,0.2206439393939394,0.0381818181818181,1.0,3.5280336614948427,0.2263515923856468,0.0236278879564736,0.6901340996168582,0.5423280423280423,0.5198275862068965,0.1478060572888159,0.1703065134099617,0.7,0.0,6.878486767445655,0.7974165026524962,0.1109530703086017,1.0,0.8,0.1,0.85,0.05,0.2,1.0,1.0,0.1
0.09,1.098901098901099,1.6,-0.1513437309700447,0.922119968184686,0.7223416965352448,2.2938035591075625,-0.1216906170752324,0.0085599693149291,0.3324175824175824,0.0306593406593406,1.0,2.95758753282108,0.2061897844222175,0.094025147286134,0.7593787335722819,0.5344348659003831,0.7186379928315412,0.2249438676718987,0.0407407407407407,0.1,0.0,7.290715219573552,4.605198076832654,0.0903823507520701,0.5,0.85,1.0,0.0,0.0,0.3,0.5,0.8,1.0
0.07,1.075268817204301,1.25,-0.1136786338573965,0.8311801712592519,0.7419354838709679,1.1347060026547366,-0.0742715349166962,0.0784195922431259,0.4485407066052227,0.0301075268817204,1.0,3.1395050178500323,0.2148994939080838,0.0837967462729968,0.7724014336917562,0.6156586021505376,0.7401433691756273,0.1567428315412186,0.0322580645161288,0.7,0.0,9.223739526327272,3.424238277496155,0.060546738694334,1.0,0.9,0.95,0.0,0.05,0.1,1.0,1.0,0.95
0.07,1.0752688172043012,1.3333333333333333,-0.1320506187254295,0.1613289848177536,0.2670250896057348,0.1936112118497947,-0.0270950017724209,0.3902114864701,0.2692012288786482,0.0210752688172043,1.0,2.5541249321494193,0.1681319517751351,0.0319891314918397,0.4086021505376344,0.6219086021505377,0.2670250896057348,-0.2133064516129032,0.1415770609318996,0.4,0.0,6.328340540250967,14.439286721845498,0.0432811528344778,1.0,0.8,0.9,0.1,0.05,0.2,1.0,1.0,0.9
0.08,1.0869565217391306,1.2307692307692308,-0.1451415572031176,0.047934535901438,0.5722819593787336,0.0878409963327441,0.0110346989966556,0.6930970245499479,0.2744565217391304,0.0226086956521739,1.0,3.007756994016261,0.1722504115174903,0.0501205338368398,0.6664277180406213,0.4216248506571087,0.5722819593787336,0.2448028673835126,0.0941457586618876,0.4,0.0008771929824561,5.949198440844657,4.816249958808204,0.0523584158460523,0.5,0.85,0.9,0.1,0.15,0.65,0.5,1.0,0.9
0.06,1.0638297872340423,1.0,-0.1055652704829737,0.191482930567495,0.6056787634408601,0.3082135837733537,0.0343248772504092,0.4239906118076237,0.3599290780141844,0.0172340425531914,1.0,2.4773335212473735,0.1512538346490777,0.0676097899481304,0.6740591397849461,0.716733870967742,0.6056787634408601,-0.0426747311827958,0.068380376344086,0.7,0.0,6.012504093443934,4.694680593809817,0.0715768861875021,0.0,0.85,0.9,0.1,0.2,0.85,0.0,1.0,0.9
0.06,1.0638297872340423,1.6,-0.1042266438149557,0.0528391387997573,0.7563844086021506,0.0516329360289554,0.0076445717403162,0.8557720386645373,0.2952127659574468,0.021063829787234,1.0,2.245390875133516,0.1728414803138872,0.0681397313050462,0.8039314516129034,0.0,0.746135752688172,0.0,0.0577956989247313,0.0,0.0,7.355826740058707,8.760738972201011,0.0509568985158096,0.5,0.8,0.1,0.8,0.15,0.95,0.5,1.0,0.1
0.11,1.1235955056179774,1.0,-0.1770757807384348,0.2311254408770474,0.6393997445721583,0.5837342701407979,0.0429755637620806,0.5147147551910513,0.3031154239019407,0.0395505617977528,1.0,3.825212998618583,0.2355230772238297,0.0614854056308429,0.7960408684546616,0.4878427128427128,0.6393997445721583,0.3081981556119488,0.1566411238825032,0.1,0.0241830065359476,7.821469997427373,1.6882823776077478,0.1023057908411938,1.0,0.8,0.9,0.1,0.05,0.2,1.0,1.0,0.9
0.11,1.1235955056179776,1.0,-0.1834455956549017,0.3454959914119997,0.4568007662835249,0.6760294312999713,-0.0532266048558186,0.094669660221308,0.2814096016343207,0.0420224719101123,1.0,3.089334899886511,0.2454563013591787,0.0371713362256576,0.5732120051085569,0.3347136699507389,0.4623563218390805,0.2384983351578179,0.1108556832694763,0.1,0.1171568627450981,8.280694951599394,3.863912919981771,0.1069844236788274,0.5,0.8,0.85,0.15,0.05,0.9,0.5,1.0,0.85
0.05,1.0526315789473684,1.0,-0.0756202841571898,0.2961635197502098,0.257896505376344,0.3184955063159081,-0.046761133603239,0.4376985979844383,0.2684210526315789,0.0194736842105263,1.0,2.634128604068527,0.1699989991322867,0.0276981352640516,0.3946572580645162,0.0,0.257896505376344,0.0,0.1367607526881721,0.0,0.0210526315789473,8.200779137372677,3.2022600577981883,0.0781424031079251,0.5,0.85,0.75,0.15,0.1,0.8,0.5,1.0,0.8
0.17,1.2048192771084338,1.5,-0.2902778597524127,0.2342507145109573,0.530408583186361,0.2387064249560479,0.0195655018263096,0.5878596113389944,0.2519489723600283,0.0634939759036144,1.0,4.070830963974224,0.296694343441988,0.0451816250601895,0.7007789535567314,0.2989753063028925,0.5345238095238095,0.4018036472538388,0.1662551440329218,0.1,0.1221813725490196,8.268363353972207,3.0958168684310685,0.1138929700437376,1.0,0.8,0.2,0.7,0.05,0.2,1.0,1.0,0.2
0.13,1.1494252873563218,1.5,-0.2344811602362888,0.3219401555755055,0.4735632183908047,0.5089501389505214,-0.0371618037135281,0.3742630767863142,0.1967285587975243,0.0463218390804597,1.0,3.5965458558588614,0.2534363602675039,0.026042575984495,0.5942528735632183,0.6281609195402299,0.4735632183908047,-0.0339080459770115,0.1206896551724136,1.0,0.1859477124183007,7.499571284733922,5.6119543073041935,0.076585313397345,1.0,0.95,1.0,0.0,0.0,0.15,1.0,1.0,1.0
0.12,1.1363636363636365,1.125,-0.2010247546294308,0.4639900810090284,0.8060344827586206,1.0793410599938136,-0.0642817599067598,0.1052196584934997,0.3125,0.0463636363636363,1.0,3.833810397672611,0.2577863256760616,0.0777109256305057,0.8373563218390805,0.5440247252747253,0.8089080459770114,0.2933315965643551,0.0284482758620691,0.1,0.1385620915032678,8.146571771264329,3.50841260890022,0.087355821841544,0.5,0.85,0.9,0.1,0.05,0.4,0.5,1.0,0.9
0.08,1.0869565217391304,1.0,-0.1418455192625258,0.2604403999211235,0.7021505376344086,0.5235991411138576,0.0438210702341137,0.2443127053874452,0.28125,0.02,1.0,3.217038619022376,0.1594109077096781,0.048377815151263,0.7292712066905617,0.5031493325917686,0.7075268817204301,0.226121874098793,0.0217443249701315,0.1,0.0,5.236223211225739,4.979591836734692,0.0670912766950399,1.0,0.85,0.9,0.1,0.05,0.1,1.0,1.0,0.9
0.06,1.0638297872340423,1.1875,-0.0925858696620425,0.4187460927679464,0.8234206989247311,0.5070719052268615,0.0476663938897979,0.1267646819209556,0.4556737588652482,0.025531914893617,1.0,2.5402709764048876,0.198021727012062,0.0854714119767098,0.8766801075268816,0.4800586510263929,0.8234206989247311,0.3966214565004887,0.0532594086021505,0.1,0.0,9.057077119075768,4.427835320116652,0.0751756078721878,0.5,0.85,0.9,0.1,0.1,0.85,0.5,0.8,0.9
0.1,1.1111111111111112,1.75,-0.1733588947187274,0.1431284463946931,0.2768518518518518,0.192917775616662,-0.0209230769230768,0.7560858976923321,0.1583333333333333,0.0311111111111111,1.0,3.078637227116373,0.2043366720654512,0.0136493106907821,0.4203703703703703,0.51635101010101,0.2777777777777777,-0.0959806397306397,0.1425925925925926,0.7,0.1722222222222222,6.481584898961771,5.279704987319125,0.0853793189040443,0.5,0.85,0.1,0.9,0.1,0.95,0.5,1.0,0.1
0.11,1.1235955056179776,1.0,-0.1722859780376975,0.6654476133517176,0.7308109833971903,1.5641597037591284,-0.0789121552604698,0.0452398455455966,0.2722165474974464,0.0444943820224719,1.0,3.597806825597876,0.2556597199818228,0.0544528875652494,0.8353767560664113,0.3973385331143952,0.7307151979565772,0.438038222952016,0.104661558109834,0.1,0.1013071895424836,8.912347784299008,6.0410523398461695,0.1264223259520071,0.5,0.85,0.9,0.1,0.05,0.3,0.5,1.0,0.9
0.12,1.1363636363636365,1.0,-0.1907701820407878,0.3518341887111668,0.3727011494252873,0.6932959399411474,-0.0475509906759906,0.3499232137241552,0.1477272727272727,0.0559090909090909,1.0,3.382342665610006,0.2943736692812867,0.0307567026575792,0.557088122605364,0.4736388462194914,0.3755747126436781,0.0834492763858725,0.1815134099616858,0.7,0.3712418300653594,10.173052058100224,4.058011413162718,0.0828344798342726,0.5,0.85,0.4,0.7,0.1,0.95,0.5,1.0,0.4
0.09,1.098901098901099,1.0,-0.1513775484528503,0.5345169799410235,0.7252090800477897,0.8738487636590353,-0.0610796468488776,0.3438050077340783,0.2945665445665446,0.0316483516483516,1.0,3.3186171065574426,0.2106679292036747,0.056068947780515,0.8310633213859019,0.6723056482511431,0.7215053763440861,0.1587576731347587,0.1095579450418158,0.2,0.0464912280701752,7.513720263222476,5.288685232040464,0.0660539738801584,1.0,0.8,0.9,0.1,0.05,0.95,1.0,1.0,0.9
0.13,1.1494252873563218,1.0,-0.2437429111612519,0.3235803007638172,0.4931034482758621,0.5669699595716641,0.0384237910630482,0.281285531636975,0.2095490716180371,0.0448275862068965,1.0,3.773277929544387,0.247992588718695,0.0279193479139509,0.6816091954022988,0.3458433140487274,0.4954022988505747,0.3357658813535714,0.1862068965517241,0.1,0.0222222222222222,7.548503567338672,10.633417848469657,0.0504629900119737,0.5,0.8,0.3,0.7,0.15,0.95,0.5,1.0,0.3
0.1,1.1111111111111112,1.0,-0.2023595613755975,0.2220257953843599,0.5407407407407407,0.2221852553012228,-0.0220769230769229,0.588284783123671,0.261111111111111,0.0244444444444444,1.0,3.443780032683603,0.1752901797401833,0.0456091556545538,0.611111111111111,0.5505611672278339,0.537037037037037,0.0605499438832771,0.074074074074074,0.7,0.0499999999999998,5.155949090174561,9.956228934409197,0.0567963939819208,0.5,0.9,1.0,0.0,0.05,0.3,0.5,1.0,1.0
0.15,1.1764705882352942,1.6,-0.2968224156288728,0.0922692378296494,0.5986042692939245,0.3353928124302245,0.0253348416289594,0.4195918545782747,0.3156862745098039,0.0494117647058823,1.0,3.731151935295567,0.2575070753901275,0.057761737353721,0.7649425287356322,0.4801860974274767,0.5986042692939245,0.2847564313081554,0.1663382594417076,0.1,0.1058823529411765,7.213910741752708,12.74064610173988,0.0494326094981343,0.5,0.8,0.2,0.8,0.15,0.95,0.5,1.0,0.2
0.04,1.0416666666666667,1.0,-0.0612068235092917,0.6005513551657897,0.34375,0.7200382219376422,-0.0792948717948717,0.2447442499840733,0.3359375,0.0154166666666666,1.0,2.241114787568834,0.1513238896731739,0.0544839699122903,0.5,0.5,0.5,0.0,0.0,1.0,0.0,0.0,4.780312019079501,0.0543749406018553,0.5,0.75,0.85,0.65,0.1,0.85,0.0,1.0,0.3
0.07,1.0752688172043012,1.6,-0.1267475230701418,0.3043428591264687,0.6684587813620072,0.4875134404707126,-0.0460557721848043,0.2415864474465888,0.3129800307219662,0.0195698924731182,1.0,2.731823812458748,0.1602455754858121,0.0355907125970573,0.7329749103942653,0.0,0.6684587813620072,0.0,0.0645161290322581,0.0,0.0,5.554126172427386,6.134458924040761,0.050058247396984,1.0,0.9,1.0,0.0,0.05,0.1,1.0,0.8,1.0
0.06,1.0638297872340423,1.0,-0.0947024668741609,0.2716329792817546,0.2718413978494623,0.248494696845418,-0.0279937261320241,0.9130707448259407,0.2544326241134751,0.0223404255319148,1.0,2.657723915238944,0.1799566651889342,0.0351560648900378,0.3570228494623657,0.6786140979689367,0.2772177419354839,-0.321591248506571,0.0798051075268818,0.1,0.1114035087719297,7.804657532981847,2.7168064279391126,0.0900816754525499,1.0,0.9,0.95,0.05,0.0,0.2,1.0,1.0,0.95
0.12,1.1363636363636365,1.0,-0.2108726028268295,0.2448168127187905,0.5163793103448276,0.3458599748628967,-0.0268065268065268,0.3751921203228188,0.2850378787878788,0.0368181818181818,1.0,3.764934206202326,0.2211587793828721,0.0432297794706516,0.6161877394636015,0.7149284036936985,0.5163793103448276,-0.0987406642300969,0.0998084291187738,0.4,0.1197712418300654,6.715409506238766,7.001777881538363,0.0783749314217285,0.5,0.85,0.9,0.1,0.05,0.45,0.5,1.0,0.9
0.07,1.075268817204301,1.0,-0.1179393984051517,0.1237207848172361,0.7132616487455197,0.008648849892878,0.0011780692425853,0.8444323134920617,0.390937019969278,0.0225806451612903,1.0,2.649038498252313,0.1759789514677935,0.0841042115615127,0.7956989247311826,0.0,0.7132616487455197,0.0,0.0824372759856629,0.0,0.2108187134502923,6.767477966527448,4.079809351616153,0.0714499309233095,0.5,0.9,0.2,0.8,0.05,0.9,0.5,1.0,0.2
0.11,1.1235955056179776,1.2307692307692308,-0.1958767230155969,0.4864611326461736,0.5323435504469987,0.710978915052281,-0.0556973363714936,0.2997435032023194,0.2982635342185903,0.0358426966292134,1.0,3.449045032516298,0.2205325454722539,0.0602699782231395,0.6041187739463602,0.5165045229561359,0.5323435504469987,0.0876142509902242,0.0717752234993615,0.7,0.0614379084967321,6.766713260573088,5.5412284232688,0.0630440151397919,0.5,0.85,0.9,0.1,0.1,0.6,0.5,1.0,0.9
0.11,1.0017791597877832,1.3103448275862075,-0.1695432621781378,0.1078637989031372,0.5881226053639846,0.1391225435553079,-0.0045650285961131,0.5892261556078812,0.2303370786516854,0.0543820224719101,1.0,3.844892174923424,0.0366541507322579,0.0222955950259213,0.6136973180076629,0.6078853046594982,0.5853448275862069,0.0058120133481647,0.028352490421456,0.7,0.4732026143790849,16.78200161407505,12.980599705416406,0.1692919655923029,0.5,0.85,0.9,0.1,0.05,0.85,0.5,1.0,0.9
0.1,1.0027871463368934,1.1527777777777763,-0.0839497596524825,0.2448783630327925,0.6935185185185185,0.0595980621621089,0.0021781693587861,0.8857696046330119,0.3111111111111111,0.0488888888888888,1.0,3.3835981778118382,0.0057823158753319,0.0216024106740307,0.75,0.5648148148148148,0.6972222222222223,0.1851851851851852,0.0527777777777777,0.7,0.2666666666666666,18.54510429750481,2.553918641320365,0.1684069992978157,0.5,0.8,0.9,0.1,0.0,0.4,0.5,0.8,0.9
0.08,1.0040072668220503,1.1147540983606554,-0.1007377726519966,0.009175677547215,0.4462365591397849,0.0070722411956236,0.0002992721700823,0.7700454249402939,0.3206521739130435,0.0391304347826087,1.0,2.948989056362638,0.0204652232430688,0.0107216080412037,0.3667861409796893,0.5774193548387097,0.3795698924731183,-0.2106332138590202,-0.0127837514934289,0.2,0.2485380116959064,19.6789615848357,2.8554085356891754,0.170669461317231,0.5,0.9,0.1,0.8,0.05,0.95,0.5,0.8,0.1
0.06,1.0006702643247518,1.0821917808219168,-0.0570130360183616,0.1365092454119404,0.6908602150537635,0.439763187177628,-0.0157856093979441,0.3527977641433915,0.326241134751773,0.03,1.0,2.471209828104896,0.0,0.026285329365866,0.6906922043010754,0.3028935185185185,0.6908602150537635,0.3877986857825569,-0.0001680107526881,0.1,0.4353801169590643,17.832675200080146,3.912024904843629,0.1453102742153341,0.5,0.85,0.8,0.1,0.0,0.2,0.5,0.8,0.85
0.07,0.998972543514308,1.0,-0.0102991401339572,0.5028021965635864,0.5483870967741936,0.8326835422654401,-0.0225068853745846,0.1519842458024883,0.3402457757296467,0.0338709677419354,1.0,3.1010246569596664,0.0047574886810893,0.0124038388314985,0.5555555555555555,0.5569023569023569,0.5394265232974911,-0.0013468013468014,0.0161290322580643,1.0,0.1865497076023392,17.939775283297713,1.6919722135956858,0.2016930168280366,0.5,0.85,0.9,0.1,0.0,0.2,0.5,1.0,0.85
0.09,1.0018250300935814,1.1794871794871795,-0.0538831561374223,0.0342436636676515,0.3231780167264038,0.0268661376993087,0.001167212620957,0.9855813032975604,0.2274114774114774,0.0445054945054945,1.0,3.2493741001360124,0.0,0.0109385623728796,0.3342891278375149,0.541457586618877,0.3268817204301075,-0.207168458781362,0.0074074074074073,0.1,0.6026315789473684,16.646523972472888,3.0000520198359,0.1359607073791276,0.5,0.8,0.1,0.85,0.15,0.95,0.5,0.8,0.1
0.1,1.0048891217042082,1.0697674418604644,-0.0810385806074356,0.5447606886169142,0.6416666666666666,1.1291611876969492,-0.0234459128732256,0.0702836102307065,0.3166666666666666,0.0477777777777777,1.0,3.312180849222412,0.0057852064327018,0.0132652821688424,0.6407407407407407,0.3657407407407407,0.6555555555555556,0.275,-0.0148148148148148,0.1840386271964254,0.2055555555555553,17.15384064276926,2.7836268507580835,0.1628491879542152,0.5,0.8,0.9,0.1,0.05,0.85,0.5,1.0,0.9
0.07,0.9996373835372128,1.1428571428571428,0.0107056662742232,0.5740909132610968,0.543010752688172,0.9642363650436676,-0.0282351110118624,0.1170126903424302,0.3317972350230415,0.0346236559139784,1.0,2.9619398943334607,0.0047554442417818,0.0160090252287477,0.5734767025089605,0.3636853448275862,0.553763440860215,0.2097913576813743,0.0197132616487455,0.1,0.0561403508771929,18.75856671954697,-0.0720801195374321,0.2331553508349968,0.5,0.85,0.9,0.1,0.05,0.15,0.5,1.0,0.9
0.08,1.0035005158044812,1.0624999999999996,-0.1224738678018928,0.3462304827026577,0.5659498207885304,0.2249267575984585,-0.0193090404137138,0.5890881453208183,0.3043478260869565,0.0391304347826087,1.0,3.0465818074318016,0.0,0.0310128683299897,0.3663082437275985,0.5524492234169652,0.5512544802867384,-0.1861409796893666,-0.1849462365591398,0.1,0.3333333333333332,15.892761674137628,8.195867202522743,0.1076206622199675,0.5,0.8,0.2,0.8,0.15,0.95,0.5,1.0,0.2
0.13,1.0044909239369386,1.2000000000000008,-0.13785039653603,0.3183990216265497,0.4408045977011494,0.5089249122197435,-0.0108282016226722,0.238306586083413,0.2524314765694076,0.0642528735632183,1.0,3.70045039604526,0.0134238927909843,0.0126713622018484,0.4040229885057471,0.4663108921729611,0.4436781609195403,-0.062287903667214,-0.0396551724137932,1.0,0.4562091503267975,20.22595138183346,4.216974558372582,0.1821324328795806,0.5,0.85,0.8,0.2,0.0,0.3,0.5,1.0,0.8
0.05,1.0012510052720935,1.0617283950617291,-0.0350868207595538,0.6319926084019907,0.7679771505376344,0.876091000916803,-0.0298863899837699,0.156812239622553,0.4105263157894736,0.0242105263157894,1.0,2.4912932349134045,0.0079551851618002,0.0236687728214861,0.7730174731182796,0.0,0.7679771505376344,0.0,0.0050403225806452,0.0,0.1368421052631578,18.843491104381936,2.405563205377578,0.1465612890670302,0.5,0.8,0.85,0.15,0.0,0.3,0.5,0.8,0.85
0.09,1.0024057738572576,1.0909090909090913,-0.0829472234640198,0.0021943382196497,0.5156511350059737,0.035518364329052,0.0013231995610849,0.8471000475524892,0.2445054945054945,0.0445054945054945,1.0,3.260046883903202,0.0109068531605478,0.0133876818318614,0.4628434886499402,0.4390063032999629,0.5156511350059737,0.0238371853499773,-0.0528076463560334,1.0,0.6517543859649122,20.27017696329229,2.2161881625334283,0.1957929415344674,0.5,0.8,0.8,0.2,0.05,0.3,0.5,0.8,0.8
0.11,1.0029000437368654,1.1034482758620685,-0.1295680530487235,0.3654424368819309,0.5796296296296296,0.5157278008083759,-0.0124126479865726,0.256319785640818,0.3355464759959142,0.0543820224719101,1.0,2.8992263115275465,0.0060980422736279,0.007272619980339,0.5549808429118773,0.3514891619730329,0.5739782886334611,0.2034916809388444,-0.0189974457215837,0.2,0.1702614379084965,19.968596878424563,4.287708312450227,0.1692919655923029,0.5,0.85,0.6,0.4,0.05,0.9,0.5,1.0,0.5
0.08,1.0026112375648475,1.0579710144927532,-0.0726790850321202,0.2827054180237817,0.4967741935483871,0.4343515623457758,-0.0141615590882972,0.3153345748882636,0.3233695652173913,0.0391304347826087,1.0,3.005518129976143,0.0051130898999924,0.0091090457218996,0.4762246117084825,0.0,0.4658303464755077,0.0,0.0103942652329748,0.0,0.5394736842105263,19.376711756994496,1.9112260789542352,0.2114092796278876,0.5,0.8,0.2,0.8,0.05,0.9,0.5,0.8,0.2
0.17,1.005488424836528,1.3877551020408154,-0.2212862207348307,0.0132248274692582,0.3926807760141093,0.00623280950537,-0.000206058751721,0.9013595629595158,0.200921332388377,0.0798795180722891,1.0,4.202564721752058,0.0,0.0071719203164487,0.439917695473251,0.4605747126436781,0.3950617283950617,-0.0206570171704271,0.0448559670781893,1.0,0.4651348039215687,18.617328603412332,4.965248510899098,0.1427574515362318,0.5,0.9,0.9,0.1,0.05,0.9,0.5,0.8,0.9
0.1,1.0038462127829115,1.1097560975609762,-0.0844986854617497,0.3027132029827859,0.5222222222222223,0.4898807597864734,-0.0138521781693587,0.7519708853965148,0.2694444444444445,0.0488888888888888,1.0,2.4990628349796764,0.0115659891855599,0.0178769575188267,0.5388888888888889,0.5346102150537634,0.4842592592592592,0.0042786738351254,0.0546296296296296,1.0,0.3388888888888888,19.0338886429668,0.6881196295690137,0.2443921849312755,1.0,0.85,0.95,0.05,0.1,0.85,1.0,1.0,0.95
0.1,1.0014960968167208,1.0740740740740744,-0.0522403330306158,0.637869901717853,0.6749999999999999,1.562300046903201,-0.0316201664219285,0.0281569605033669,0.3083333333333333,0.05,1.0,3.6627919695094553,0.0,0.0335154811018524,0.6231481481481481,0.0,0.6712962962962962,0.0,-0.048148148148148,0.0,0.2916666666666666,21.09768635524398,0.671616053135935,0.2993480947871813,0.5,0.85,0.85,0.15,0.0,0.3,0.5,1.0,0.85
0.14,1.0053571149671234,1.0983606557377046,-0.1406797308879614,0.321373249265049,0.348440065681445,0.5608974410733603,-0.0143208394924407,0.2990766737049638,0.2126245847176079,0.0683720930232558,1.0,4.069911811761781,0.0070078080346129,0.0069524710223313,0.346551724137931,0.517816091954023,0.3645320197044335,-0.1712643678160919,-0.0179802955665024,0.7,0.4297385620915034,19.597674784539283,1.8452430933412476,0.2443821299157055,1.0,0.7,0.8,0.8,0.15,0.15,0.5,1.0,0.2
0.09,0.9986726502749512,1.1475409836065562,-0.0408691771189535,0.194379591267787,0.4721624850657108,0.346190203184912,-0.0119222431997762,0.4846901990621343,0.3321123321123321,0.0445054945054945,1.0,3.264732626265556,0.0218283486195079,0.0159210910045639,0.5129032258064515,0.5000298685782557,0.4685782556750298,0.0128733572281958,0.0443249701314217,1.0,0.3002923976608187,17.10423312299537,3.8768085576467057,0.1359607073791276,0.5,0.8,0.85,0.15,0.05,0.9,0.5,0.8,0.85
0.1,1.0030149275682037,1.092105263157894,-0.0967511817403072,0.2617275917748363,0.5555555555555555,0.4044536389669012,-0.0109397944199706,0.4244118337827947,0.2944444444444444,0.05,1.0,3.3261634596525154,0.0,0.020719351961559,0.5407407407407407,0.3949692780337941,0.5592592592592592,0.1457714627069465,-0.0185185185185184,0.1,0.2833333333333333,18.76543302345689,2.8463064278886794,0.1857114575982124,0.5,0.9,0.9,0.1,0.1,0.7,0.5,0.8,0.9
0.12,1.0070919863546592,1.357142857142857,-0.1390694156638083,0.4291648216528348,0.6896551724137931,1.0104169978565414,-0.0197904151648644,0.0763773517106631,0.2395833333333333,0.0586363636363636,1.0,2.801768502494655,0.0128226100493845,0.0160246256138231,0.6894636015325671,0.3099302007946644,0.6924329501915709,0.3795334007379027,-0.0029693486590037,0.1,0.5068627450980392,19.2704316956072,1.214474384403328,0.2273587910271512,0.5,0.85,0.85,0.1,0.1,0.65,0.5,1.0,0.85
0.06,1.0003154403803474,1.09090909090909,-0.0390953860193548,0.5016982256091227,0.5784610215053764,0.7475417482013027,-0.023073077764239,0.1988192644646087,0.3093971631205673,0.03,1.0,2.740149815701064,0.0,0.0113074826286115,0.5675403225806451,0.5357638888888888,0.5782930107526881,0.0317764336917563,-0.010752688172043,0.4,0.1657894736842107,18.763177225578744,3.519250842849157,0.1226821490327841,0.5,0.85,0.85,0.15,0.0,0.25,0.5,1.0,0.85
0.11,1.0009681110100626,1.0370370370370363,-0.0838685831207839,0.2479697630091602,0.3242975734355044,0.3691230094680189,0.0102595024141329,0.4503320368542621,0.2706843718079673,0.0543820224719101,1.0,3.192614968170018,0.0121981766605633,0.0057519000380675,0.2976372924648786,0.654254613035975,0.3187420178799489,-0.3566173205710963,-0.0211047254150702,0.1,0.440359477124183,18.476952790842713,3.0391576891032654,0.1750832335645615,0.5,0.85,0.9,0.1,0.2,0.8,0.5,0.8,0.9
0.1,1.0011381813707396,1.2063492063492065,-0.019376184237651,0.0364357682121668,0.124074074074074,0.0416845543868804,-0.0015907978463044,0.8495909522106393,0.2027777777777777,0.05,1.0,2.7770405973461707,0.0,0.0040526088090964,0.1287037037037036,0.0,0.1425925925925925,0.0,-0.0138888888888888,0.0,0.5944444444444444,19.860859718478505,-0.1278303607454267,0.3263044008033975,0.5,0.85,0.1,0.9,0.1,0.95,0.5,0.8,0.1
0.12,1.002620639797578,1.1230769230769222,-0.0699197352648871,0.6949334926502273,0.5950191570881226,1.7795372569879686,-0.0319383259911894,0.0258457947717681,0.2395833333333333,0.0586363636363636,1.0,3.707811707130273,0.0192410503163637,0.0262778167826911,0.5661877394636016,0.3072149210142041,0.5978927203065134,0.2589728184493974,-0.0317049808429118,0.1,0.4271241830065357,19.26509879132733,1.095338929117447,0.2204364535133586,0.5,0.9,0.3,0.7,0.05,0.9,0.5,1.0,0.3
0.12,1.0045941261663385,1.2727272727272718,-0.1384670847607718,0.0507577715567874,0.4902298850574713,0.1003331730562211,-0.0034374582832732,0.7542595294151198,0.2073863636363636,0.0572727272727272,1.0,3.7533335763869498,0.0064142445888033,0.0152745407391089,0.4597701149425287,0.3281609195402299,0.493103448275862,0.1316091954022987,-0.0333333333333333,0.7,0.5088235294117647,19.874041275177255,2.60199176388513,0.2273587910271512,0.5,0.85,0.8,0.1,0.0,0.3,0.5,1.0,0.8
0.07,1.002688537134963,1.0864197530864197,-0.081998162946381,0.412843989427084,0.3440860215053763,0.5524261814397327,-0.018412878864776,0.4614021994890553,0.3191244239631337,0.0346236559139784,1.0,2.7669451631916893,0.0095112314036461,0.0132479449544812,0.2795698924731182,0.0,0.3530465949820789,0.0,-0.0734767025089606,0.0,0.2206140350877193,18.738145141264436,5.054411049884527,0.1244204741555941,1.0,0.6,0.9,0.8,0.25,0.9,0.5,1.0,0.2
0.08,1.0025216364393583,1.19718309859155,-0.0963773409198007,0.0897194852182114,0.2948626045400239,0.1036530284593963,-0.0041419268339398,0.7603172326704648,0.266304347826087,0.0382608695652173,1.0,3.3362118146222928,0.0,0.0033583932708397,0.2113500597371564,0.4468339307048984,0.3037037037037037,-0.2354838709677419,-0.0923536439665472,0.1,0.5000000000000001,18.088593081758056,4.265703897119722,0.1652952453412832,0.5,0.8,0.1,0.8,0.05,0.9,0.5,1.0,0.1
0.06,1.001632674216705,1.12857142857143,-0.02665355607791,0.355665396469749,0.2179099462365591,0.4455662939728285,0.0145983691067578,0.4586148751860539,0.2437943262411347,0.0293617021276595,1.0,2.901629793322781,0.0131406544714559,0.0137526776595374,0.2174059139784946,0.3592069892473118,0.1856518817204301,-0.1418010752688172,0.0317540322580645,0.4,0.766374269005848,18.31735871480892,2.887321972749053,0.1183801842240514,0.5,0.85,0.1,0.9,0.05,0.95,0.5,0.8,0.1
0.08,1.0004552697473252,1.0952380952380956,-0.029477348028031,0.6304449177478161,0.7032258064516128,1.3329000727922615,-0.031351752537828,0.0297556292001125,0.2880434782608695,0.0382608695652173,1.0,3.353233384726342,0.0051151202956863,0.0219231763639338,0.7555555555555555,0.1205969595847237,0.6921146953405017,0.6349585959708317,0.0634408602150538,0.1,0.399122807017544,18.02773743517252,0.1160291844186733,0.2308157595706837,0.5,0.8,0.8,0.2,0.05,0.6,0.5,1.0,0.8
0.06,1.0013206162876012,1.1232876712328752,-0.049017216002577,0.404293093097598,0.447244623655914,0.5233781555210547,0.0173868216327678,0.3094857125516199,0.299645390070922,0.03,1.0,2.4731537170749074,0.0,0.0154754687574645,0.4751344086021505,0.7819444444444444,0.4375,-0.3068100358422939,0.0376344086021505,0.1840386271964254,0.5540935672514622,20.578115463055028,2.8671492814413773,0.2152282818998848,0.5,0.85,0.85,0.1,0.0,0.2,0.5,1.0,0.85
0.11,0.999260712038174,1.1076923076923082,-0.053356220561836,0.1317878507330526,0.5166985951468711,0.1007638226418567,-0.0036740718075173,0.5119788939591016,0.280388151174668,0.0519101123595505,1.0,3.486683391493896,0.0061070338782656,0.0121725396019281,0.4945402298850574,0.5750128008192524,0.4693805874840357,-0.0804725709341949,0.0251596424010216,1.0,0.1258169934640521,17.662023029596604,3.1603596123648723,0.218894618337429,1.0,0.9,0.95,0.0,0.15,0.85,1.0,1.0,0.95
0.14,0.9995204650510364,1.1428571428571437,-0.0173008072565489,0.2935687140626941,0.6413793103448275,0.9043242908886516,-0.0184334157799991,0.123494442160246,0.2965116279069767,0.07,1.0,3.8362118133238674,0.0,0.0264364957134913,0.5908045977011495,0.4860357285088468,0.6269293924466338,0.1047688691923026,-0.0361247947454843,0.4,0.3369281045751634,19.404154580991477,1.9526044865942476,0.2084583107631492,0.5,0.85,0.3,0.7,0.1,0.95,0.5,0.8,0.3
0.06,1.0010988725740442,1.0869565217391308,-0.0327411046312131,0.5337461260820308,0.5678763440860215,0.892348775365332,-0.0275564720217453,0.1152022991292858,0.3581560283687943,0.03,1.0,2.3636145862398035,0.0,0.0144255478100586,0.5730846774193549,0.4065860215053763,0.5729166666666666,0.1664986559139785,0.0001680107526882,0.7,0.3301169590643275,17.71062840694723,2.302623762403682,0.19737270704972,0.5,0.8,0.8,0.1,0.05,0.9,0.5,1.0,0.8
0.08,1.004171908784428,1.0322580645161288,-0.0859924523635629,0.1076175858770471,0.6356033452807646,0.1422449214493919,0.0055664623635318,0.6656778900309691,0.2567934782608695,0.0391304347826087,1.0,3.272114650531863,0.0,0.0141723078043769,0.6119474313022699,0.4061341305153875,0.6174432497013141,0.2058133007868823,-0.0054958183990442,0.4,0.3956140350877193,18.59195601123828,1.8264638621362188,0.1497522912041194,0.5,0.85,0.1,0.85,0.1,0.95,0.5,1.0,0.1
0.13,1.0001210574836803,1.1428571428571428,-0.0294345641220646,0.1875912829291555,0.5045977011494253,0.3754472448178702,0.0110638513342447,0.4180159285870459,0.2939876215738285,0.0642528735632183,1.0,3.651644550832897,0.0201409405573258,0.0208915747368369,0.5281609195402299,0.4040194572452636,0.5114942528735633,0.1241414622949663,0.0166666666666666,0.2,0.3477124183006537,20.4586395169684,0.7882501633704706,0.2826787944479349,0.5,0.95,1.0,0.0,0.0,0.15,0.5,0.8,1.0
0.07,1.0027854329107109,1.0526315789473693,-0.0679719375232971,0.2409036419130008,0.4462365591397849,0.2845563672458545,0.0104989274379639,0.6170928832675089,0.2630568356374808,0.0346236559139784,1.0,2.912727574093359,0.0047559729698174,0.0108640976914001,0.46415770609319,0.4874551971326165,0.4534050179211469,-0.0232974910394264,0.0107526881720431,1.0,0.2010233918128656,18.03751367258845,2.5146033626011155,0.1578100856111984,0.5,0.85,0.2,0.8,0.1,0.95,0.5,0.8,0.2
0.08,1.0012908525494335,1.0519480519480515,-0.0439393830933024,0.3607630568367346,0.4103942652329749,0.5849006211906274,-0.0180042137521547,0.2715216672493649,0.2432065217391304,0.0391304347826087,1.0,3.16623189346259,0.0051129361806418,0.0184784109612295,0.4246117084826762,0.6489434575641472,0.4103942652329749,-0.2243317490814709,0.0142174432497013,0.4,0.5187134502923976,18.73628997964664,2.9474677349972245,0.1652952453412832,1.0,0.9,0.9,0.1,0.05,0.1,1.0,0.6,0.9
0.09,1.0037910078543968,1.083333333333333,-0.1069460367660317,0.0773612255327925,0.6933094384707288,0.2073818575846515,0.0071350577958507,0.699838983140081,0.286019536019536,0.0445054945054945,1.0,3.294790331541384,0.0054525084894645,0.0166201317584215,0.6783751493428912,0.7048100048100049,0.6719235364396653,-0.0264348554671136,0.0064516129032259,0.7,0.361111111111111,18.60803421202486,2.628009327637674,0.1670946308460906,0.5,0.85,0.85,0.1,0.15,0.65,0.5,1.0,0.85
0.04,1.000699849788338,1.0166666666666668,-0.0202140585910871,0.3054304931476264,0.7395833333333334,0.3436913002529876,-0.0161527165932452,0.2991687441769812,0.4244791666666667,0.0195833333333333,1.0,2.221257018451664,0.0035376004682186,0.026223395222548,0.5,0.5,0.5,0.0,0.0,1.0,0.0,0.0,1.0016732739837335,0.1509790015932426,0.5,0.85,0.2,0.8,0.1,0.9,0.5,0.8,0.2
0.1,1.0019376482156284,1.0752688172043017,-0.0617033171680191,0.3112805476330926,0.6435185185185185,0.3812590477911164,-0.011453744493392,0.4112429213324404,0.2611111111111111,0.05,1.0,3.321732310922534,0.0,0.0164502525773036,0.6037037037037037,0.5257786429365963,0.6444444444444444,0.0779250607671074,-0.0407407407407406,0.7,0.3722222222222221,20.312835733214243,1.2057848367031534,0.2303466122545444,0.5,0.8,0.2,0.8,0.05,0.85,0.5,1.0,0.2
0.14,1.0046766137498806,1.3220338983050843,-0.1525283458531385,0.2865600496801072,0.5146141215106733,0.7373695314700132,-0.0164027397661246,0.2678412675514955,0.2051495016611295,0.0683720930232558,1.0,3.389181266968418,0.0210475658914573,0.0159490592393338,0.6009852216748769,0.5361111111111111,0.5226600985221675,0.0648741105637658,0.0783251231527093,1.0,0.3359477124183007,19.2281587692796,4.078822400905498,0.2598754457637473,0.5,0.85,0.1,0.8,0.05,0.95,0.5,0.8,0.1
0.14,1.002127699169391,1.123456790123457,-0.070988135653457,0.2269253295532793,0.3328407224958949,0.3996653114525544,-0.0107900244412896,0.4591360577322132,0.2670265780730897,0.0683720930232558,1.0,3.7828677960388566,0.0,0.0124644621674003,0.3341543513957306,0.3936119170886196,0.323727422003284,-0.059457565692889,0.0104269293924466,0.7,0.2385620915032681,18.59733751899963,1.8285929024308605,0.2084583107631492,0.5,0.85,0.9,0.1,0.05,0.2,0.5,1.0,0.9
0.07,1.0016913267291052,1.0416666666666663,-0.0564274844179155,0.4633848599861394,0.7275985663082438,0.686695630737445,-0.0206899585185786,0.1639245709747668,0.369431643625192,0.0346236559139784,1.0,2.619480228042601,0.0,0.0260193152738938,0.7329749103942653,0.6179659498207885,0.7365591397849464,0.1150089605734768,-0.003584229390681,1.0,0.3875730994152047,19.447647087346912,2.310689032679422,0.1734587343444355,0.5,0.85,0.85,0.1,0.1,0.65,0.5,0.8,0.85
0.11,1.005116902010858,1.2121212121212108,-0.1514828792863765,0.1405295278964703,0.3357918263090676,0.2663432169641759,-0.00800511175208,0.5929550227265594,0.2180796731358529,0.0519101123595505,1.0,3.3694093044175553,0.0061059837287573,0.0107698145451671,0.3722860791826308,0.6238991295442908,0.344316730523627,-0.25161305036166,0.0279693486590038,0.1,0.515686274509804,18.301027147112137,5.481388175423435,0.1525281917646468,0.5,0.8,0.9,0.1,0.0,0.4,0.5,1.0,0.9
0.12,0.9993147555961625,1.3157894736842093,-0.012607861976089,0.0538210051339073,0.3078544061302682,0.0478861433601794,-0.0015518622346815,0.7583133652527422,0.1950757575757575,0.0572727272727272,1.0,2.8640416499009724,0.0192598836641826,0.0044528448049751,0.310823754789272,0.410978835978836,0.3219348659003831,-0.1001550811895639,-0.0111111111111111,0.7,0.6228758169934641,16.956171939582138,3.76505668595483,0.1526654747702829,0.5,0.8,0.2,0.8,0.15,0.95,0.5,1.0,0.2
0.16,0.997768649525838,1.2435897435897427,-0.0326517935753051,0.1921940413063838,0.5599206349206348,0.5973141324496244,-0.0132355254877281,0.2323114793059332,0.2038690476190476,0.0761904761904762,1.0,4.179673427197725,0.0152026694095941,0.0171718102860179,0.4976190476190476,0.5282682834406972,0.5742063492063492,-0.0306492358216495,-0.0765873015873015,0.7,0.4962009803921568,17.723249230097657,2.833438071867218,0.188046927957279,0.5,0.85,0.9,0.1,0.05,0.2,0.5,0.8,0.9
0.1,1.0015279899986114,1.1147540983606543,-0.0491934554219013,0.1027582214255209,0.5611111111111111,0.022377731384008,-0.0008321096426823,0.9679121631356484,0.2194444444444444,0.0488888888888888,1.0,3.175533925013239,0.0057826465026967,0.0119210100397787,0.5499999999999999,0.2460488505747126,0.5055555555555554,0.3039511494252873,0.0444444444444445,0.1,0.5166666666666666,17.924227373313258,2.104200989292197,0.1798341549537923,0.5,0.8,0.1,0.9,0.15,0.95,0.5,1.0,0.1
0.1,0.996048075793212,1.2188556136791535,0.2432997825191551,0.3441291949379047,0.6342592592592592,0.4034585533594372,0.0069228340867704,0.2626019021004868,0.3333333333333332,0.05,1.0,3.532365324198119,0.0,0.1244542727282087,0.6759259259259259,0.0,0.6342592592592592,0.0,0.0416666666666667,0.0,0.2638888888888889,13.140605350704991,14.556252049283824,0.0200887124825478,0.5,0.85,0.9,0.1,0.05,0.4,0.5,0.8,0.9
0.09,0.997737118132169,1.0589709552508593,0.2627510296479594,0.1844116124367182,0.7161290322580646,0.2077333422508184,-0.0047935502337467,0.6471691332479589,0.4594017094017094,0.0445054945054945,1.0,3.214875534733052,0.0,0.2548935750211736,0.7048984468339307,0.5977873977873979,0.7050179211469533,0.1071110490465327,-0.0001194743130226,0.7,0.1459064327485379,8.870708907894121,25.212265588022493,0.0127383559472523,0.5,0.8,0.9,0.1,0.0,0.4,0.5,0.8,0.9
0.07,0.9952011491851934,1.0415495199544968,0.1440968667842357,0.2336135389408981,0.6164874551971326,0.4580422380309105,-0.0075449119068286,0.4574597880914633,0.2964669738863287,0.0346236559139784,1.0,3.0304920283944488,0.0,0.1073826815213094,0.621863799283154,0.5931899641577061,0.6129032258064515,0.0286738351254479,0.0089605734767025,0.4,0.3532163742690057,10.217942804533632,8.26318943238022,0.0302069481934359,0.0,0.8,0.85,0.1,0.0,0.3,0.0,1.0,0.85
0.06,0.9972060920150552,1.1391057275630725,0.1090591304645722,0.6473030324389286,0.4774865591397849,1.3982093539310956,-0.0208867070915742,0.1794121639625208,0.3076241134751772,0.03,1.0,2.612047972252688,0.0,0.0714912114073032,0.5094086021505376,0.3312153796024764,0.4721102150537634,0.1781932225480612,0.0372983870967741,0.2,0.4941520467836258,11.277363352402704,8.596847622681926,0.0287728319606398,0.5,0.9,0.9,0.1,0.05,0.45,0.5,1.0,0.9
0.07,0.9957101307462316,1.180678729038926,0.1405418307768293,0.5857341431824491,0.8064516129032259,1.2261214813894934,-0.0187224842041349,0.0517285078099188,0.5023041474654377,0.0346236559139784,1.0,2.6460052646908627,0.0047538876618978,0.2134195454960361,0.8118279569892474,0.6057347670250897,0.8064516129032259,0.2060931899641577,0.0053763440860215,0.2,0.0953216374269004,9.579219056583993,7.730918438270015,0.0302069481934359,0.5,0.8,0.4,0.7,0.15,0.95,0.5,0.8,0.5
0.08,0.9955718975834468,1.0880402150607236,0.1555996477153511,0.1158720645176566,0.3603345280764635,0.3023926949876488,-0.0068579967613386,0.8043191051141104,0.297554347826087,0.04,1.0,3.3013884911494307,0.0,0.1082782449593519,0.3854241338112306,0.0,0.3602150537634408,0.0,0.0252090800477897,0.0,0.3042397660818714,6.559097511071638,9.314466110164163,0.0349469572795548,1.0,0.85,0.95,0.05,0.05,0.1,1.0,0.8,0.95
0.04,0.9996435061294195,1.0486647812610377,0.0521254741954755,0.2148289205716399,0.78125,0.2930450356331468,-0.0081176639361772,0.3743751559217581,0.5911458333333333,0.02,1.0,1.9516381038168404,0.0,0.2526028797218168,0.5,0.5,0.5,0.0,0.0,1.0,0.0,0.0,13.825617701991174,0.0202854822906104,0.5,0.7,0.8,0.6,0.05,0.6,0.0,1.0,0.4
0.01,0.9996831634744674,1.024365660550156,0.0276032703106121,0.6539460461454267,0.5,0.7380984747396383,0.0297694880643054,0.1363146946513363,0.8181818181818181,0.0049494949494949,1.0,1.0584435884677557,0.0,0.231112869401041,0.5,0.5,0.5,0.0,0.0,1.0,0.0,0.0,24.622929266277836,0.0073268986459987,0.5,0.7,0.9,0.8,0.2,0.95,0.0,0.8,0.2
0.09,0.9948958546889388,1.1265215551179204,0.1606345978225332,0.1907444441333287,0.5633213859020311,0.4354966245399906,-0.0079685608803353,0.5154251435171082,0.2973137973137973,0.0445054945054945,1.0,3.4214777715975417,0.0,0.1031792910450283,0.5744324970131421,0.5533189033189033,0.5596176821983273,0.0211135936942388,0.0148148148148148,1.0,0.435672514619883,8.342259070473206,6.7083463311603495,0.0364350269410982,0.5,0.75,0.85,0.15,0.05,0.4,0.5,1.0,0.85
0.07,0.9968400523541456,1.076456066301963,0.1392254259076861,0.225145365943348,0.7311827956989246,0.1131462322242663,-0.0025965104740408,0.6753570234747749,0.3717357910906297,0.0346236559139784,1.0,2.8300444067620845,0.0,0.1403743432093157,0.7383512544802867,0.5649641577060932,0.7311827956989246,0.1733870967741935,0.007168458781362,0.4,0.3241228070175438,14.236674354470477,6.36898891663534,0.0270329834468609,0.5,0.75,0.85,0.6,0.0,0.8,0.0,0.8,0.5
0.05,0.9971089168571914,1.0292603008891386,0.1011734872151555,0.0702186945028191,0.479502688172043,0.0931053362511546,-0.0023881173099467,0.8124735768808676,0.3394736842105263,0.0247368421052631,1.0,2.533475392131003,0.0039745113139473,0.1129111892824095,0.5529233870967741,0.1453293010752688,0.479502688172043,0.4075940860215052,0.0734206989247311,0.1,0.2421052631578946,8.174738427959626,8.828117017539107,0.0272624086487844,0.0,0.8,1.0,0.0,0.1,0.6,0.0,1.0,1.0
0.05,0.9967450637400692,1.0461199162424928,0.0939401532246804,0.2978755326106529,0.5295698924731184,0.3666690134016974,0.0091336319893004,0.2233008478910797,0.3842105263157894,0.0247368421052631,1.0,2.2665855267711126,0.0,0.0935691486576691,0.5349462365591399,0.5333781362007168,0.5295698924731184,0.001568100358423,0.0053763440860215,1.0,0.1684210526315789,9.160488173545229,7.719910576392147,0.0301582933050924,1.0,0.8,0.9,0.1,0.0,0.3,1.0,0.8,0.9
0.04,0.996476835500212,1.042830173046378,0.0679867957498254,0.0561773811001475,0.6666666666666666,0.014062664035688,-0.0004401838996711,1.0,0.4088541666666667,0.02,1.0,1.8195907972194747,0.0,0.0987003644050671,0.5,0.5,0.5,0.0,0.0,1.0,0.0,0.0,4.654218388841464,0.0424612526598889,0.5,0.65,0.85,0.7,0.1,0.85,0.0,1.0,0.4
0.08,0.996566070199684,1.1455180556464584,0.1777340105580487,0.2326602254153462,0.6031063321385902,0.3538589873258793,-0.0065507887031996,0.5979944019035401,0.360054347826087,0.0391304347826087,1.0,3.129379851993468,0.0,0.1396434962053175,0.6064516129032258,0.586119257086999,0.6031063321385902,0.0203323558162268,0.0033452807646355,1.0,0.3096491228070176,6.667539516220238,13.54354380453924,0.0217410343495205,0.5,0.8,0.9,0.1,0.05,0.4,0.5,0.8,0.9
0.04,0.9987182412099294,1.060604419384066,0.0735339615897556,0.1818052321040483,0.640625,0.191771999651889,0.0053337778849856,0.5675353903472609,0.3671875,0.02,1.0,2.1331458219558006,0.0,0.0635987359717392,0.5,0.5,0.5,0.0,0.0,1.0,0.0,0.0,13.257487777218484,0.0202854822906104,0.0,0.8,0.9,0.1,0.0,0.3,0.0,1.0,0.9
0.1,0.9965252030160788,1.2157301269419352,0.1639023655935756,0.2415702546747018,0.6296296296296297,0.1636891893750061,-0.0031486986535192,0.8948783618730185,0.3583333333333333,0.05,1.0,2.791613073324088,0.0,0.1266216364017615,0.6490740740740741,0.5146582622667161,0.6296296296296297,0.134415811807358,0.0194444444444444,0.4,0.1805555555555555,12.39349487986164,6.688543123550549,0.0270877753779486,0.0,0.8,0.9,0.1,0.05,0.2,0.0,1.0,0.9
0.06,0.9978499941351514,1.115354542200671,0.0908133462315632,0.0145291213050356,0.668010752688172,0.0572883886865914,-0.006054804709072,0.959485140469051,0.452127659574468,0.03,1.0,2.771275117768361,0.0,0.2217017568335259,0.6735551075268816,0.0,0.6681787634408601,0.0,0.0053763440860215,0.0,0.142982456140351,10.032545907341577,5.978060897194606,0.0287728319606398,0.5,0.85,0.95,0.05,0.05,0.6,0.5,0.8,0.95
0.08,0.996686185815169,1.0945006280291936,0.1637946539074808,0.4403713392028929,0.4775388291517323,0.6768754176864601,0.0096802371664,0.138817089244379,0.2826086956521739,0.04,1.0,3.3739358517144926,0.0,0.0430561411810813,0.5013142174432497,0.2444444444444444,0.4739545997610513,0.2568697729988052,0.0273596176821983,0.2,0.3467836257309942,14.949631939323378,7.141291050644849,0.0315880274312669,0.5,0.85,0.85,0.8,0.0,0.3,0.0,1.0,0.1
0.09,0.9935722364003062,1.0656457796659982,0.1906994577888632,0.0742242394955395,0.7241338112305854,0.4944643176681163,-0.0082488744502585,0.3002750379819979,0.4755799755799755,0.0445054945054945,1.0,3.183565028831856,0.0,0.1868391880762324,0.7389486260454001,0.391636798088411,0.7241338112305854,0.3473118279569891,0.0148148148148147,0.1,0.0745614035087719,11.646233611411008,8.937170972406696,0.0329319056479882,0.0,0.8,0.8,0.1,0.15,0.6,0.0,1.0,0.8
0.09,0.995897433759062,1.0941217116069029,0.141339066934927,0.0834932505030674,0.4869772998805257,0.053379716752569,-0.0012349020366007,0.8283622193882167,0.2847985347985348,0.0445054945054945,1.0,2.993269815989013,0.0,0.0832046580654778,0.4943847072879331,0.5351333014048532,0.4869772998805257,-0.04074859411692,0.0074074074074074,1.0,0.2687134502923975,10.660127071968022,4.680772813814544,0.0329319056479882,0.5,0.7,0.8,0.2,0.05,0.8,0.5,1.0,0.8
0.05,0.9977095089548456,1.069143213094101,0.0723538214017853,0.0320489378720017,0.4623655913978495,0.0141363877332584,0.0005186383279834,0.7397883580094491,0.3,0.0247368421052631,1.0,2.3742219124974877,0.0039745351722047,0.0493924404220006,0.4732862903225807,0.9163306451612904,0.4623655913978495,-0.4430443548387097,0.0109206989247311,0.1,0.5736842105263159,13.151993925484591,3.533086291023533,0.0360519342200233,0.0,0.9,1.0,0.0,0.05,0.3,0.0,0.8,1.0
0.08,0.9948799201161854,1.05186147982671,0.179241816195903,0.5099585082196205,0.6050179211469534,0.8779150522135148,-0.0131672531359885,0.0558486626833182,0.3519021739130434,0.04,1.0,3.4194102860059647,0.0,0.0240911950233659,0.6684587813620072,0.0,0.6050179211469534,0.0,0.0634408602150538,0.0,0.3415204678362574,10.414056612851487,10.99526880899806,0.0249859416120602,0.0,0.9,0.1,0.85,0.05,0.95,0.0,0.8,0.1
0.09,0.9968983780565642,1.1751146807879451,0.1700018789236872,0.1848957557672087,0.6743130227001194,0.1712484723755064,-0.0137297642363405,0.6214202988289299,0.3525641025641025,0.0445054945054945,1.0,2.7294094340496144,0.0,0.1503900221518262,0.6814814814814815,0.3839904420549582,0.6670250896057347,0.2974910394265233,0.0144563918757467,0.1,0.3713450292397662,11.391272973280014,10.988594887268238,0.0260471519333878,0.5,0.8,0.9,0.1,0.05,0.4,0.5,1.0,0.9
0.04,0.9980952095621785,1.054234128804601,0.0871704325193665,0.8083878992180504,0.7864583333333334,1.3355766675515894,-0.024171032630968,0.038750157664424,0.5,0.02,1.0,2.01003204213075,0.0,0.1257112401012247,0.5,0.5,0.5,0.0,0.0,1.0,0.0,0.0,11.893588144415547,0.0202854822906104,0.5,0.8,0.9,0.7,0.05,0.3,0.0,0.8,0.6
0.05,0.9987998697080644,1.0571880422937714,0.045646476249226,0.1583610050225665,0.7893145161290324,0.0125975381483784,0.000368984805399,0.8993162037949478,0.5394736842105263,0.0247368421052631,1.0,2.0256572598777094,0.0,0.2427960923504131,0.794858870967742,0.7848695286195286,0.7893145161290324,0.0099893423482133,0.0055443548387096,0.7,0.094736842105263,10.826553902521074,6.801250845228388,0.0243994503073078,0.0,0.8,0.9,0.1,0.05,0.2,0.0,1.0,0.9
0.08,0.9978310222047144,1.0547488866399193,0.1837058677823915,0.3358110449616623,0.5105137395459977,0.2451151707413359,-0.0195019339868823,0.606843584134307,0.2581521739130434,0.04,1.0,3.120072097951504,0.0,0.0897504796516379,0.4731182795698925,0.4495678068223953,0.507168458781362,0.0235504727474971,-0.0340501792114694,1.0,0.2852339181286549,16.881844043917297,11.735193316075312,0.0282679858042599,0.0,0.8,1.0,0.0,0.05,0.4,0.0,1.0,1.0
0.08,0.9970573461978796,1.193961773037546,0.1655717039920268,0.1262778770014421,0.7430107526881721,0.4992720641069559,-0.0084995108262204,0.5718013280354417,0.46875,0.04,1.0,3.1478856790071537,0.0,0.2228270744696198,0.7679808841099164,0.7106002554278418,0.7430107526881721,0.0573806286820746,0.0249701314217443,0.7,0.1210526315789474,16.74925917284304,7.457337372328123,0.0217410343495205,0.0,0.8,0.8,0.1,0.05,0.3,0.0,1.0,0.8
0.05,0.9982310974306696,1.042004136944309,0.1209408475857176,0.0564828224373975,0.6789314516129034,0.0471578549006734,-0.0012406784575113,0.7160340147950022,0.4473684210526315,0.0247368421052631,1.0,2.3420841936667465,0.0,0.1761506932794397,0.7212701612903226,0.0,0.67372311827957,0.0,0.0475470430107526,0.0,0.0947368421052632,8.925349601771405,16.625328525758544,0.0160008503218272,0.0,0.85,1.0,0.0,0.05,0.35,0.0,1.0,1.0
0.09,0.996680547861082,1.0902391910981022,0.1739604227483182,0.1751766426665186,0.7182795698924731,0.4029102846969793,-0.0073251269861887,0.1933203335823334,0.3971306471306471,0.0445054945054945,1.0,3.36448325223249,0.0,0.1646779226410099,0.7329749103942652,0.4368743047830923,0.7182795698924731,0.2961006056111728,0.0146953405017921,0.1,0.1821637426900584,9.175146671206637,11.425335578325328,0.0260471519333878,0.5,0.85,1.0,0.0,0.1,0.4,0.5,0.8,1.0
0.07,0.9951679235618204,1.145197047113924,0.1399007787283719,0.3981131699847288,0.7007168458781362,0.4914134240218331,0.0083286654028677,0.2139044721639418,0.3728878648233487,0.0346236559139784,1.0,2.9916710463943343,0.0,0.1371373412629171,0.7025089605734767,0.6244588744588745,0.7007168458781362,0.0780500861146021,0.0017921146953404,0.4,0.2116959064327486,10.02911449584792,7.544564024564448,0.0334178609141735,1.0,0.9,1.0,0.0,0.05,0.1,1.0,1.0,1.0
0.03,0.9992403542142162,1.0454777040235177,0.0688215491818229,0.183822802173781,0.7335858585858586,0.0671915712392048,0.0023351188464104,0.9195239085616423,0.5859106529209622,0.0148453608247422,1.0,1.2563690471149012,0.0,0.2503641597309728,0.5,0.5,0.5,0.0,0.0,1.0,0.0,0.0,12.910421632490753,0.0139940781851177,0.0,0.9,1.0,0.0,0.15,0.6,0.0,1.0,1.0
0.03,0.9983484216059868,1.02879344438002,0.0623228794320858,0.2418676516290227,0.618371212121212,0.1253019995502001,-0.0038949195101812,0.5048891899731719,0.4836769759450171,0.0148453608247422,1.0,1.859002255708147,0.0,0.0680460797008322,0.5,0.5,0.5,0.0,0.0,1.0,0.0,0.0,10.175180764476757,0.02133543410451,0.0,0.8,0.1,0.8,0.05,0.6,0.0,1.0,0.2
0.08,0.9976722128514456,1.1369381103302396,0.1560734664345777,0.5146492914852053,0.6909199522102748,1.1919241483016607,-0.0147835475977725,0.2449960273274581,0.3451086956521739,0.04,1.0,3.1952795231825943,0.0,0.1502510315822305,0.6910394265232974,0.7298611111111111,0.6909199522102748,-0.0388216845878136,0.0001194743130226,0.7,0.2849415204678361,6.491815747370009,15.113505948390976,0.0217410343495205,0.5,0.85,0.95,0.05,0.05,0.4,0.5,1.0,0.95
0.07,0.9957280513600042,1.16208422576139,0.152532024842956,0.4563143426558478,0.8512544802867383,0.2806769694607356,0.005958981004112,0.3374634117744112,0.5192012288786483,0.0346236559139784,1.0,2.8175622933995226,0.0,0.2511039406415341,0.8781362007168458,0.3117845117845118,0.8512544802867383,0.5663516889323341,0.0268817204301075,0.0765225004750592,0.0587719298245614,10.775110581148349,10.475516850246793,0.0270329834468609,0.0,0.85,0.9,0.1,0.2,0.8,0.0,1.0,0.9
0.06,0.9975279614600442,1.1230376032089529,0.1182288315807325,0.1426606031350872,0.3550067204301075,0.1932354658034101,0.0043419192582967,0.8333099391192259,0.2562056737588652,0.03,1.0,2.5548927072358687,0.0,0.0634824659101522,0.4353158602150537,0.738687275985663,0.3602150537634409,-0.3033714157706092,0.0751008064516128,0.1,0.5485380116959064,11.364476788899156,6.351877242338091,0.0318302195145139,0.0,0.85,0.95,0.0,0.05,0.3,0.0,1.0,0.95
0.04,0.9991762649598532,1.0673916794660514,0.0618320035044455,0.8409539949512858,0.8958333333333334,0.4840800468785051,-0.0461643017991723,0.0440013253589697,0.578125,0.02,1.0,1.2261535882563743,0.0,0.2205315379854992,0.5,0.5,0.5,0.0,0.0,1.0,0.0,0.0,13.968638899569154,0.0229471198021313,1.0,0.8,0.9,0.1,0.0,0.4,1.0,0.8,0.9
0.06,0.9989323970529684,1.1304941353041065,0.1004369969983365,0.0386246919180536,0.6174395161290321,0.125901754131124,-0.0029603180541559,0.6475253807833268,0.4104609929078014,0.03,1.0,2.517008306439407,0.0,0.1323304703962738,0.6070228494623656,0.6911962365591396,0.6174395161290321,-0.084173387096774,-0.0104166666666665,1.0,0.2649122807017542,6.847404190167515,15.916173809410417,0.0198073504161179,0.5,0.7,0.8,0.6,0.1,0.8,0.0,0.8,0.4
0.06,0.9973256379171608,1.1473743994548458,0.13854535182094,0.9265623692183066,0.871135752688172,0.9547278579696404,0.0151867273768675,0.0854400663848966,0.4742907801418439,0.03,1.0,1.983591880177475,0.0,0.163129905613488,0.8657594086021505,0.7659118062343868,0.8657594086021505,0.0998476023677636,0.0,0.7,0.036111111111111,9.329200117339816,13.877336403663744,0.0198073504161179,0.5,0.8,0.9,0.1,0.05,0.4,0.5,0.8,0.9
0.03,0.9993301145714908,1.05898717410549,0.0327703705803685,0.1848465080366525,0.617739898989899,0.1105840306531421,-0.0155836304008012,0.731212794546579,0.4828178694158075,0.0148453608247422,1.0,1.880758258792346,0.0,0.1857646937288464,0.5,0.5,0.5,0.0,0.0,1.0,0.0,0.0,7.803163942914404,0.0238373540774122,0.0,0.85,0.4,0.6,0.1,0.8,0.0,0.8,0.4
0.08,0.9958962921870976,1.106276580878552,0.1290329548754289,0.3047978539506807,0.4768219832735962,0.1272780981038025,0.0029230120962912,0.7267830283627723,0.3668478260869565,0.04,1.0,3.0876216948087944,0.0,0.1341353344499011,0.5060931899641576,0.4919354838709677,0.4768219832735962,0.0141577060931898,0.0292712066905614,1.0,0.3646198830409356,9.746269906238528,6.532826989233094,0.0383456978556863,0.5,0.8,0.6,0.4,0.1,0.9,0.5,1.0,0.6
0.1,0.996212413186988,1.0797635039526354,0.2546320798213708,0.2159747349510367,0.5944444444444444,0.1670987091990997,-0.0126295827718308,0.6334813610324517,0.3166666666666666,0.05,1.0,2.845737198437664,0.0,0.0982089184782414,0.6101851851851852,0.3939655172413793,0.5861111111111111,0.2162196679438058,0.024074074074074,0.2,0.3722222222222223,10.67457118103799,17.29323900124283,0.0200887124825478,0.0,0.85,1.0,0.0,0.15,0.45,0.0,0.8,1.0
0.1,0.9925649653434496,1.1121323193027213,0.1872296381548981,0.7001140901549053,0.6370370370370371,1.01868134957426,0.0129329623107434,0.0685856887098485,0.3611111111111111,0.05,1.0,3.320101763300645,0.0,0.1175825814705205,0.688888888888889,0.5971838197644649,0.6342592592592593,0.0917050691244241,0.0546296296296296,0.7,0.2388888888888888,12.423910578621951,4.600751426169522,0.0415831399192814,0.5,0.85,0.9,0.1,0.1,0.6,0.5,1.0,0.9
0.05,0.9976151174556112,1.028465022944172,0.0758221991946141,0.9334934682353124,0.7303427419354839,0.3552670278846468,-0.0326926641481125,0.0124581159943583,0.4842105263157895,0.0247368421052631,1.0,2.6243586259462854,0.0,0.1532072922241659,0.7718413978494624,0.6297043010752689,0.7409274193548386,0.1421370967741935,0.0309139784946237,0.4,0.126315789473684,10.569772875742569,4.169804033928376,0.0301582933050924,0.5,0.6,0.85,0.4,0.15,0.8,0.0,0.8,0.4
0.04,0.9988240422459854,1.0864767825899273,0.0901816680595777,0.9031571381298634,0.8541666666666666,1.525341505277347,-0.0230740998629046,0.063488454883278,0.5807291666666666,0.02,1.0,1.778886029508851,0.0,0.1933123758106965,0.5,0.5,0.5,0.0,0.0,1.0,0.0,0.0,18.016082832977244,0.0150498256503954,0.5,0.9,0.9,0.1,0.05,0.35,0.5,0.8,0.9
0.03,0.9979719212344312,1.013152919470043,0.0514766035771732,0.2359081539445985,0.3614267676767677,0.1277997592410276,-0.0176008179030327,0.5178892881594106,0.3548109965635739,0.0148453608247422,1.0,1.844578090150424,0.0,0.0450632866446025,0.5,0.5,0.5,0.0,0.0,1.0,0.0,0.0,5.905714626251342,0.0341360584819535,0.0,0.8,0.9,0.1,0.05,0.2,0.0,0.8,0.9
0.05,0.99647951730347,1.069945769072846,0.0915971075412938,0.2966311384697803,0.9210349462365592,0.3765486826120314,-0.0089237689358351,0.4198952558846995,0.5052631578947369,0.0247368421052631,1.0,2.432860287209371,0.0,0.2202053180042277,0.931451612903226,0.0,0.9210349462365592,0.0,0.0104166666666667,0.0,0.0421052631578946,9.002161818484723,6.920247813491773,0.0330878706704053,0.0,0.85,0.9,0.1,0.0,0.2,0.0,1.0,0.9
0.05,0.998995811852786,1.0820237785864713,0.1046681973615677,0.0900792147058199,0.288138440860215,0.004734067897255,0.0001601233979675,0.8124735768808676,0.2842105263157894,0.0247368421052631,1.0,2.496667962405645,0.0,0.0653562457306794,0.283266129032258,0.0,0.288138440860215,0.0,-0.0048723118279569,0.0,0.7052631578947368,10.456648658820768,19.808846896000997,0.0132624336546054,1.0,0.9,0.95,0.05,0.05,0.1,1.0,0.8,0.95
0.07,0.9987805131804428,1.126106391763157,0.1523388039928419,0.7915235001124807,0.6254480286738351,1.1957544170567205,0.0174344999371976,0.0296258874998158,0.3940092165898617,0.0346236559139784,1.0,2.6863846155562427,0.0,0.1282638811979556,0.6308243727598566,0.3869399641577061,0.6254480286738351,0.2438844086021505,0.0053763440860215,0.2,0.2944444444444444,9.26879439886901,21.828364926890824,0.01469020085871,0.5,0.9,0.95,0.05,0.05,0.4,0.5,0.8,0.95
0.02,0.9989992431524148,1.0278018516358998,0.0373423697640746,0.6292475614067328,0.9489795918367347,0.5299638940429279,0.015970946614398,0.2732371841763288,0.6964285714285714,0.01,1.0,1.105700265179464,0.0,0.2101484777798374,0.5,0.5,0.5,0.0,0.0,1.0,0.0,0.0,9.575726546419416,0.021723476103229,0.5,0.8,0.9,0.7,0.05,0.4,0.0,0.8,0.3
0.06,0.9970220605390124,1.178291517128621,0.1139698730628531,0.4262377932648647,0.4952956989247312,0.3537284664671096,0.0075121965089204,0.626805173004854,0.375886524822695,0.03,1.0,2.71054169829106,0.0,0.147205314512695,0.5544354838709676,0.0,0.4952956989247312,0.0,0.0591397849462364,0.0,0.1982456140350876,14.724923002508357,5.147723827920732,0.0412205390106044,0.0,0.9,0.9,0.1,0.05,0.4,0.0,1.0,0.9
0.07,1.00699399062895,1.0724073426853575,-0.0363319378303691,0.5154043666804706,0.8100358422939068,1.4027872556028824,0.2351413179531891,0.0525334746146691,0.533026113671275,0.0346236559139784,1.0,2.889172978601252,0.0,0.1589022450326186,0.8960573476702508,0.0,0.8154121863799283,0.0,0.0806451612903225,0.0,0.0710526315789474,21.66521971955373,-1.6144056933786566,0.7157258536031761,0.5,0.85,0.9,0.1,0.1,0.6,0.5,1.0,0.9
0.09,1.0116626633962935,1.0563884951485116,-0.0626568795999562,0.778514880992272,0.9161290322580644,1.8935396119039911,0.2544626004435869,0.0239185836088134,0.503968253968254,0.0445054945054945,1.0,3.4625578619760544,0.0,0.1809544260237326,0.9383512544802868,0.0,0.9161290322580644,0.0,0.0222222222222221,0.0,0.1347953216374268,21.11984004477455,-1.5397740107673894,0.5876003495252823,0.5,0.85,0.9,0.1,0.05,0.6,0.5,1.0,0.9
0.09,1.011869224443004,1.0888890697603797,-0.0644165620333696,0.5784337337559494,0.911589008363202,2.145540625352307,0.2660813710570269,0.0144799232889831,0.5247252747252746,0.0445054945054945,1.0,3.126996629422534,0.0,0.1644053724312806,0.9629629629629628,0.8139146090534979,0.9080047789725209,0.149048353909465,0.054958183990442,0.1840386271964254,0.0571637426900586,21.95124803979098,-1.581112174565382,0.6663169285155628,0.5,0.85,0.9,0.1,0.0,0.9,0.5,0.8,0.9
0.08,1.0096259042940057,1.1317105548232125,-0.0534202792025801,1.283466801021307,0.9256869772998804,3.427777912553708,0.3680686161073687,0.0001344712458915,0.5529891304347827,0.04,1.0,3.1931578164429193,0.0,0.20486522583174,0.9854241338112306,0.0,0.9221027479091995,0.0,0.063321385902031,0.0,0.0099415204678361,21.226420255517453,-1.52024339015977,0.5783585103011845,1.0,0.9,0.95,0.05,0.05,0.6,1.0,1.0,0.95
0.07,1.0079732503470542,1.0466047115874086,-0.0494310865995929,0.7738782309923387,0.7956989247311826,2.1982871665042434,0.2996001085184271,0.0276506246423127,0.5407066052227342,0.0346236559139784,1.0,2.485147232595895,0.0047541017794414,0.1816464390815943,0.9408602150537634,0.3627762843488649,0.7956989247311826,0.5780839307048984,0.1451612903225807,0.1,0.0285087719298244,20.314751742290717,-1.474831886481231,0.5459133932146506,0.5,0.85,0.9,0.1,0.05,0.4,0.5,0.8,0.9
0.12,1.010093734833354,1.0633266254306812,-0.0659253086835002,1.3014420962074522,0.9369731800766284,4.818924682997362,0.3641358192910243,2.10168740604453e-05,0.5757575757575758,0.06,1.0,3.305489388668779,0.0,0.2162244422581897,0.9942528735632185,0.4725690296030798,0.9369731800766284,0.5216838439601387,0.0572796934865901,0.0765225004750592,0.0313725490196078,21.00795818496241,-1.5429804902849868,0.6091552622521916,0.5,0.85,0.9,0.1,0.05,0.95,0.5,1.0,0.9
0.06,1.0145939887860893,1.010900995413509,-0.0787549182936588,0.9227060072365582,0.6701948924731181,2.401789478454408,0.32894312992237,0.0084265099919352,0.4069148936170212,0.03,1.0,2.3028043446337945,0.0,0.1536342042691748,0.921875,0.5139448924731183,0.6701948924731181,0.4079301075268817,0.2516801075268818,0.0765225004750592,0.2258771929824563,20.561835472873245,-1.2261837207472124,0.2697559464879411,0.5,0.8,0.9,0.1,0.05,0.5,0.5,1.0,0.9
0.11,1.0041747450850196,1.0225351964372114,-0.0307448647351143,0.7733527297739202,0.8444444444444444,2.6276157026375846,0.2649919136770816,0.00045931249527,0.4828907048008172,0.0543820224719101,1.0,3.471215960503367,0.0,0.1675672845751319,0.85,0.6756978653530378,0.8444444444444444,0.1743021346469622,0.0055555555555555,0.4,0.1333333333333333,22.12670168667948,-1.549015104784116,0.5806167660371018,1.0,0.85,0.95,0.05,0.0,0.4,1.0,1.0,0.95
0.15,0.9688373148809082,1.1224491460105988,0.1921309682305196,1.0643516272173068,0.8605090311986864,3.24846157656999,0.2740613413438085,0.0006436858505836,0.4519607843137254,0.0741176470588235,1.0,4.06607731697888,0.0,0.1607281812675969,0.8699507389162561,0.6971296296296297,0.8652709359605911,0.1728211092866264,0.0046798029556649,0.2,0.088235294117647,22.107495465531873,-1.5689773254195127,0.4345571374257603,0.5,0.85,0.9,0.1,0.05,0.4,0.5,1.0,0.9
0.06,1.005275880197052,1.0478953570296947,-0.0312301273083658,1.2617861674057569,0.978494623655914,3.129483272687408,0.4015905726493385,0.0004317205241554,0.6640070921985816,0.03,1.0,2.9469892156110133,0.0,0.2595573116436681,1.0,0.4399641577060931,0.9838709677419356,0.5600358422939069,0.0161290322580645,0.0636025696207536,0.02953216374269,20.27238445086125,-1.4713123801232006,0.4183668589848009,1.0,0.9,1.0,0.0,0.0,0.2,1.0,1.0,1.0
0.12,1.0085033722404624,1.1177420206386617,-0.0487785101554828,1.0072530662445591,0.7771072796934867,3.0754526798400073,0.2704996415851506,0.0007287617114435,0.375,0.06,1.0,3.7949882503616656,0.0,0.1497799916257388,0.8937739463601533,0.4190635097197945,0.7771072796934866,0.4747104366403588,0.1166666666666667,0.1,0.1823529411764705,21.070365057494843,-1.389378121797437,0.546623077492297,0.5,0.85,0.9,0.1,0.2,0.8,0.5,1.0,0.9
0.08,0.9905805882139556,1.0277554702441447,0.0754597268845861,1.0039319629388317,0.8106332138590203,2.2915289663747305,0.2659175422788344,0.0048868589465127,0.4796195652173913,0.04,1.0,2.995459629598201,0.0,0.160499737580499,0.8485065710872162,0.5123818833496253,0.8142174432497015,0.3361246877375908,0.0342891278375147,0.1,0.0190058479532165,21.23169668803505,-1.3599161249117344,0.3990893485137587,1.0,0.9,0.9,0.1,0.05,0.2,1.0,1.0,0.9
0.12,0.9780799969199988,1.0904720073429357,0.1527484105954339,1.0587716543319106,0.7685823754789273,2.3375810393113907,0.2223621987514081,0.0334350983388691,0.5331439393939394,0.06,1.0,3.608102067161821,0.0,0.1490607976173184,0.8055555555555555,0.5412515964240102,0.7685823754789273,0.2643039591315452,0.0369731800766282,0.1,0.06078431372549,22.479495647804427,-1.360443701556301,0.4361140988065473,0.5,0.85,0.9,0.1,0.2,0.8,0.5,1.0,0.9
0.11,1.020436221832998,1.049891159016491,-0.1268194598110494,1.153992232702338,0.9409961685823754,4.6967743877097,0.3616697821977294,3.874943436609607e-05,0.5850357507660878,0.0543820224719101,1.0,3.340469335933715,0.0,0.2134893580829708,0.9888888888888888,0.5750988752935361,0.9484035759897828,0.4137900135953528,0.040485312899106,0.0765225004750592,0.0049019607843138,21.26982372158755,-1.486440260739977,0.3210473365082304,0.5,0.85,0.95,0.05,0.2,0.75,0.5,1.0,0.95
0.08,1.0121364520934295,1.0241990045739124,-0.0686309947242488,0.5563979723981506,0.7151732377538829,1.4887967059662426,0.224969593385877,0.0874481589275433,0.4361413043478261,0.04,1.0,2.973152988721014,0.0,0.1347120508754586,0.8586618876941458,0.5864994026284349,0.7097968936678614,0.2721624850657108,0.1488649940262844,0.1,0.17046783625731,20.88698307379254,-1.6640277912816035,0.6570385977070979,0.5,0.8,0.9,0.1,0.1,0.9,0.5,1.0,0.9
0.11,1.0058544195458938,1.0439971790838285,-0.0322261813835033,0.8524040141437988,0.8202745849297574,2.453524797332847,0.250835798074676,0.0047972261996609,0.4070480081716037,0.0543820224719101,1.0,3.564751247181037,0.0,0.1474889442085588,0.9318007662835248,0.6605706075533662,0.8202745849297574,0.2712301587301587,0.1115261813537675,0.1,0.2542483660130719,22.38754968293469,-1.481553474545398,0.5405502304831822,0.5,0.85,0.9,0.1,0.0,0.4,0.5,1.0,0.9
0.07,1.0074905690290683,1.053487118244121,-0.0405290085401154,0.6821910570214353,0.9193548387096774,1.3583991315006836,0.2255268325859668,0.0745352787593897,0.4934715821812596,0.0346236559139784,1.0,3.1568342195911434,0.0,0.1719437311870554,0.942652329749104,0.621415770609319,0.9193548387096774,0.321236559139785,0.0232974910394265,0.1,0.0871345029239764,21.186836633748403,-1.564473092103794,0.525763974975209,0.5,0.85,0.9,0.1,0.0,0.2,0.5,1.0,0.9
0.11,1.0148414732213769,1.127782284688618,-0.0977017670542779,0.7696709651541909,0.7680715197956577,2.691896245696558,0.2729775511581611,0.0160750434222292,0.4637385086823289,0.0543820224719101,1.0,3.0844761124571445,0.0,0.1375938540571963,0.8653575989782887,0.7181034482758619,0.7680715197956577,0.1472541507024267,0.0972860791826309,0.4,0.1272875816993464,21.734350071939563,-1.3476489550839843,0.393822861045279,1.0,0.9,0.9,0.1,0.05,0.45,1.0,1.0,0.9
0.13,0.9766500164349003,1.085383547100316,0.1584942224136832,0.2125253017407752,0.864367816091954,1.6760966263616317,0.1948874612759246,0.0194396810714358,0.502210433244916,0.0642528735632183,1.0,3.3606053222006342,0.0,0.1716245744019213,0.8637931034482759,0.3773946360153257,0.864367816091954,0.4863984674329502,-0.0005747126436781,0.1,0.0601307189542482,22.061294471995957,-1.4615727708287976,0.4273674003217994,0.5,0.85,0.9,0.1,0.05,0.35,0.5,1.0,0.9
0.15,1.0345167220787193,1.135344495573554,-0.1834617009348739,1.2191247279697837,0.927832512315271,4.350619788189765,0.3162193423162328,0.0005994477977088,0.4911764705882353,0.0741176470588235,1.0,3.688871496214535,0.0,0.1761432021854217,0.9977011494252874,0.4705614344503233,0.9302134646962232,0.5271397149749641,0.067487684729064,0.0765225004750592,0.1078431372549019,21.5714151873227,-1.562522267408542,0.6484560648192433,0.5,0.8,0.9,0.1,0.1,0.3,0.5,0.8,0.9
0.12,1.0098237192924655,1.0657994430296729,-0.0581235488774089,1.0419700309295654,0.9169540229885058,3.306223896305563,0.2895981523576668,0.0031338019463082,0.4839015151515152,0.0586363636363636,1.0,3.704338323643391,0.0,0.1781641353092052,0.985632183908046,0.3993658671078026,0.9169540229885058,0.5862663168002433,0.0686781609195401,0.0765225004750592,0.0535947712418301,21.562698433241003,-1.4922380820106391,0.6091552622521916,0.5,0.85,0.95,0.05,0.2,0.75,0.5,1.0,0.95
0.1,1.0231352617165168,1.0590906592149267,-0.1310255868077679,0.7702159670657304,0.8055555555555555,3.0508755734600626,0.301854013030025,0.0018828606025827,0.513888888888889,0.0488888888888888,1.0,3.325424770799972,0.0,0.1822975621492855,0.9064814814814816,0.7012586000906356,0.8055555555555555,0.205222881390846,0.100925925925926,0.2,0.0638888888888888,20.15467974054491,-1.3329124790065203,0.2993480947871813,0.5,0.85,0.9,0.1,0.0,0.4,0.5,0.8,0.9
0.12,1.020390062923627,1.049964851669778,-0.1213928977272391,1.0268978147447243,0.8826628352490422,3.4276959592640006,0.3052711805573872,0.0015715616906865,0.4829545454545454,0.06,1.0,3.5632549667321904,0.0,0.1755729268890112,0.9277777777777776,0.3931216931216931,0.8826628352490422,0.5346560846560846,0.0451149425287354,0.0765225004750592,0.1143790849673204,21.06244020762735,-1.5283962274794871,0.3439414160374818,0.5,0.85,0.9,0.1,0.1,0.6,0.5,1.0,0.9
0.08,1.0100957605460326,1.1466471227239945,-0.056151484603742,0.7487428976584848,0.8222222222222223,2.402333089008171,0.2920006353485583,0.0060607963536212,0.532608695652174,0.04,1.0,2.9862061046277386,0.0,0.1818366980847446,0.9216248506571088,0.0,0.829510155316607,0.0,0.0921146953405017,0.0,0.0726608187134503,21.22365315215676,-1.4897135627309566,0.6021673823562843,1.0,0.9,0.9,0.1,0.0,0.3,1.0,1.0,0.9
0.09,1.0125791113932532,1.071621836278288,-0.0689691336601345,0.8911711009902517,0.8064516129032259,2.3345652682282747,0.2818233217749952,0.0310816144782458,0.4172771672771673,0.0445054945054945,1.0,3.1227156802825657,0.0,0.1415605187046162,0.9890083632019115,0.5852449223416966,0.8064516129032259,0.4037634408602151,0.1825567502986858,0.1,0.1682748538011695,20.22920256843685,-1.5022567347938425,0.5259743045718865,0.5,0.85,0.9,0.1,0.1,0.85,0.5,1.0,0.9
0.08,1.0174918877982493,1.0554021431446667,-0.0959823820137372,1.1883655900543522,0.9377538829151733,3.3460549400277873,0.3580107261251281,0.0002591716275694,0.5298913043478262,0.04,1.0,3.071876133422525,0.0,0.2031974280666267,0.9888888888888888,0.1858140989988876,0.9377538829151733,0.8030747898900013,0.0511350059737156,0.0765225004750592,0.0426900584795323,21.576150768718495,-1.467135098306564,0.2819836406510497,0.5,0.75,0.9,0.1,0.1,0.6,0.5,1.0,0.9
0.12,1.017309295928382,1.155129304627636,-0.1068285732213905,1.5196673783549564,0.914080459770115,5.221901972880048,0.3721933154006712,2.2058348115237355e-05,0.5587121212121212,0.06,1.0,3.8144354747982794,0.0,0.1972065848538969,0.9942528735632185,0.4870051085568327,0.914080459770115,0.5072477650063858,0.0801724137931034,0.0765225004750592,0.1251633986928105,21.533661723139765,-1.42558063317915,0.3983935520705879,0.5,0.85,0.9,0.1,0.1,0.85,0.5,1.0,0.9
0.1,1.0109279448875517,1.0474428014932062,-0.0716629049234309,1.1566620248450237,0.8712962962962963,3.5627358612979436,0.3221833256955139,0.0009745200118285,0.5194444444444445,0.05,1.0,3.322530229835167,0.0,0.1937521174044944,0.9277777777777776,0.3663793103448275,0.8722222222222222,0.5613984674329502,0.0555555555555554,0.1,0.0249999999999999,20.847669501896963,-1.4551154126001675,0.5735567610147991,0.5,0.85,0.9,0.1,0.1,0.6,0.5,0.8,0.9
0.03,1.0023166104956094,1.0,-0.0125356913908365,0.8448856350867996,0.7758838383838383,1.0916190064153646,0.2922927053924836,0.1790217775152071,0.4974226804123711,0.0148453608247422,1.0,1.82158527596488,0.0,0.1769836677734403,0.5,0.5,0.5,0.0,0.0,1.0,0.0,0.0,-1.5139629540608683,0.521643529385708,0.0,0.9,0.1,0.85,0.0,0.15,0.0,1.0,0.1
0.1,1.0056720192570594,1.0601760141699967,-0.0331172455515532,1.1667099349240928,0.8842592592592594,3.4432432236007453,0.3375600007962141,0.0007768368756389,0.5194444444444445,0.05,1.0,3.2331573874585193,0.0,0.2117627518069643,0.9657407407407408,0.195188492063492,0.8842592592592594,0.7705522486772486,0.0814814814814812,0.1,0.0833333333333332,21.513437127637676,-1.6008989639090578,0.6457087630437244,0.5,0.85,0.9,0.1,0.05,0.5,0.5,1.0,0.9
0.13,1.026745144940739,1.1687945787697425,-0.1413292955829749,1.0757413083332965,0.8350574712643679,3.870356430399237,0.327765185890031,0.0002382130270687,0.4564544650751547,0.0642528735632183,1.0,4.006183403022568,0.0,0.1552886783413346,0.9339080459770116,0.3840693804403481,0.8350574712643679,0.5498386655366634,0.0988505747126436,0.0765225004750592,0.0970588235294117,22.06461035323229,-1.5365884466779056,0.4273674003217994,1.0,0.85,0.95,0.05,0.05,0.45,1.0,1.0,0.95
0.11,1.0168992124136491,1.044910213235956,-0.0969434183399787,1.153252932180846,0.9008301404853128,4.279859296798646,0.3524850128920693,3.355381665239645e-05,0.5234933605720122,0.0543820224719101,1.0,3.6714386192235926,0.0,0.2171713679178835,0.9888888888888888,0.411774191467678,0.9008301404853128,0.5771146974212109,0.088058748403576,0.0765225004750592,0.0836601307189542,21.557272508938023,-1.4360958719449546,0.5599260307517618,1.0,0.9,0.9,0.1,0.05,0.6,1.0,0.8,0.9
0.1,1.0192837430937998,1.0453073660560774,-0.1039769787298454,1.297155443941112,0.8972222222222221,3.97962932118653,0.3717360249278785,0.0009165708480334,0.5361111111111111,0.05,1.0,3.0842926635889665,0.0,0.204390764113997,0.9657407407407408,0.4561915450804339,0.8972222222222221,0.5095491956603067,0.0685185185185185,0.1,0.0722222222222221,21.849167628211667,-1.4512261533273638,0.3170520754166312,0.5,0.85,0.9,0.1,0.0,0.3,0.5,1.0,0.9
0.08,1.0129217504706214,1.0094595460299307,-0.0740777144844546,1.140014099122156,0.8825567502986859,1.9807759444344804,0.2611929730149739,0.0874510086849548,0.5230978260869565,0.0391304347826087,1.0,2.8699467746314227,0.0,0.1792639365459827,0.9782556750298688,0.5162101408972933,0.8789725209080048,0.4620455341325753,0.0992831541218638,0.1,0.0694444444444446,21.61529997278495,-1.6001939855124985,0.6021673823562843,0.5,0.8,0.9,0.1,0.05,0.9,0.5,0.8,0.9
0.06,1.0137694125790455,1.0263515662312652,-0.0729896933773952,1.2708280583972795,0.9094422043010754,2.860397137618314,0.382978701610433,0.0025964597427244,0.5292553191489362,0.03,1.0,2.640832905063051,0.0,0.2178388127801147,0.989247311827957,0.4040098566308243,0.919858870967742,0.5852374551971327,0.069388440860215,0.0765225004750592,0.1058479532163741,21.004785913561538,-1.5006971176064543,0.3289281772934881,0.5,0.85,0.9,0.1,0.05,0.95,0.5,1.0,0.9
0.12,1.0194942921989771,1.0872050614990825,-0.1147535916966621,0.9240503212004644,0.8745210727969349,4.130277278855929,0.3288294331898143,0.0001625618107639,0.5321969696969697,0.06,1.0,3.339425007867082,0.0,0.1973111077811978,0.971264367816092,0.5854308571023131,0.8717432950191571,0.3858335107137788,0.0995210727969347,0.1,0.0307189542483659,22.165781706087973,-1.533629618653406,0.3983935520705879,0.5,0.85,0.9,0.1,0.0,0.35,0.5,1.0,0.9
0.19,1.0334180882096229,1.12696166630511,-0.1898985035841553,1.1818937350696117,0.8994708994708995,5.539547785259505,0.3388855798968911,5.009919881506759e-05,0.4653996101364522,0.0938271604938271,1.0,4.466843544942047,0.0,0.1997659806383046,0.9917695473251028,0.5977196671641116,0.8974132863021752,0.3940498801609912,0.0943562610229276,0.0765225004750592,0.0906249999999999,22.715995757095232,-1.5741603683084886,0.4177736920237273,0.5,0.8,0.9,0.1,0.05,0.9,0.5,1.0,0.9
0.13,1.01789266094281,1.12390148302935,-0.1192023618422387,0.9864876533089878,0.943103448275862,6.148863372790693,0.392561580491871,4.838121937682694e-07,0.6573828470380194,0.0642528735632183,1.0,3.8152447449910167,0.0067074787384627,0.2755399727024064,0.9655172413793104,0.3189655172413793,0.9454022988505748,0.646551724137931,0.0201149425287356,0.0765225004750592,0.0114379084967319,21.067461593354142,-1.328720322796793,0.5520375340159691,1.0,0.85,1.0,0.0,0.05,0.65,1.0,0.6,1.0
0.12,1.0160823320646235,1.0436219363279855,-0.0865469112116609,1.0848942595994977,0.828735632183908,3.280095454417677,0.2998523722986757,0.0008658766408346,0.4005681818181817,0.06,1.0,3.18406578736701,0.0,0.1611950348978481,0.9511494252873564,0.4701388888888889,0.8230842911877394,0.4810105363984674,0.1280651340996169,0.0765225004750592,0.2078431372549019,21.37737282767062,-1.6279556010595162,0.6592194573624516,0.5,0.8,0.9,0.1,0.1,0.6,0.5,1.0,0.9
0.07,1.0088356071361015,1.0353696687430742,-0.0533687406021398,1.1276747355686874,0.939068100358423,2.03583965859977,0.2736244780364578,0.0240554128763787,0.6171274961597543,0.0346236559139784,1.0,3.0952122312536527,0.0047541731583855,0.1924322955688059,0.989247311827957,0.4487554112554113,0.935483870967742,0.5404919005725457,0.053763440860215,0.0765225004750592,0.0432748538011696,20.821190712570168,-1.380754242224226,0.5070122347109537,0.5,0.8,0.9,0.1,0.05,0.85,0.5,1.0,0.9
0.11,1.0115995998104417,1.1000677630337257,-0.0651799811140514,1.4842450925296635,0.7632503192848019,3.1016234688619475,0.3085221322823578,0.0047964670575605,0.424923391215526,0.0543820224719101,1.0,3.0191449164947985,0.0060965566975109,0.1246115913400052,0.9771072796934868,0.2281490015360983,0.7518518518518519,0.7489582781573884,0.2252554278416347,0.1,0.1330065359477122,21.49644354302306,-1.5267346437369942,0.6028234595139389,0.5,0.85,0.9,0.1,0.05,0.85,0.5,1.0,0.9
0.13,1.0331358855602313,1.0803510149036195,-0.1640085154605262,0.971767105858932,0.8333333333333334,3.774610950749416,0.3230698822499487,0.0002581417296422,0.4628647214854111,0.0642528735632183,1.0,3.5721764398373472,0.0,0.1905961452496896,0.9655172413793104,0.4241379310344828,0.8304597701149424,0.5413793103448276,0.1350574712643679,0.0765225004750592,0.1741830065359476,21.58553614180188,-1.6634298575324462,0.36819677272583,0.5,0.85,0.9,0.1,0.05,0.4,0.5,1.0,0.9
0.08,1.013824597309796,1.0602242785644098,-0.0775387436021689,1.0588677577670242,0.8160095579450419,2.8752827186607046,0.3282938939436247,0.0038434748393385,0.5081521739130435,0.04,1.0,2.721223484377302,0.0,0.1711887295846263,0.9909199522102748,0.3844907407407407,0.8160095579450419,0.6064292114695341,0.1749103942652329,0.1,0.0549707602339182,21.2494333740998,-1.5544641749531316,0.3443568977002769,0.5,0.85,0.9,0.1,0.0,0.3,0.5,1.0,0.9
0.11,1.026398797480892,1.1058645683374146,-0.147293428236977,0.9703440925934568,0.8247765006385697,3.475685235065097,0.3155912319180198,0.001088853118306,0.4645045965270684,0.0543820224719101,1.0,3.440758279168378,0.0060964100328482,0.1573878394679794,0.9772988505747128,0.4456803856136448,0.8247765006385697,0.5316184649610678,0.152522349936143,0.1,0.1343137254901959,19.818490482404812,-1.341727158114976,0.3712531625083437,1.0,0.85,0.9,0.2,0.05,0.95,0.5,1.0,0.85
0.09,1.0087583229083232,1.0742410449333415,-0.0502423073898957,1.019604431584065,0.9377538829151733,3.8235981831714008,0.3780444828889614,0.0001188603834451,0.5885225885225885,0.0445054945054945,1.0,2.5839418443058397,0.0,0.2523010750750442,0.985304659498208,0.242285906298003,0.9340501792114696,0.7430187532002048,0.0512544802867382,0.1,0.0,21.981705653260832,-1.6562066471270576,0.6663169285155628,1.0,0.9,1.0,0.0,0.0,0.3,1.0,1.0,1.0
0.08,1.0148044487183754,1.0363879404156744,-0.0803185492205157,0.8492978482902096,0.8728793309438471,2.12682012131978,0.2828623497755072,0.0360396809402882,0.5135869565217391,0.04,1.0,2.31475213231111,0.0,0.1705703828029947,0.9458781362007168,0.4339372992598799,0.8765830346475507,0.5119408369408369,0.0692951015531662,0.1,0.075438596491228,21.060759076888857,-1.5765461243144343,0.6570385977070979,0.5,0.85,0.9,0.1,0.0,0.3,0.5,1.0,0.9
0.09,1.0158923546414245,1.0623744002175577,-0.0875099491587404,1.0561609585691032,0.848626045400239,3.2769558087132205,0.3387145820859278,0.0028714997262534,0.4407814407814407,0.0445054945054945,1.0,3.3128393106349625,0.0,0.182196159082157,1.0,0.5891273041474655,0.848626045400239,0.4108726958525345,0.151373954599761,0.0636025696207536,0.1011695906432749,20.536053564079975,-1.4911360153506152,0.3608588768821253,0.5,0.85,0.9,0.1,0.1,0.6,0.5,0.8,0.9
0.11,1.0093733293166298,1.067850570078995,-0.0500509560337905,1.0877006941886362,0.9282247765006386,3.5412791917562947,0.3394624367243166,0.0008435006704771,0.5431562819203268,0.0543820224719101,1.0,3.702517511781159,0.0,0.2087598125929884,0.9849936143039592,0.5348020434227331,0.9282247765006386,0.4501915708812261,0.0567688378033205,0.1,0.0444444444444444,22.154736616266263,-1.6791767719414217,0.7132195624802483,0.5,0.8,0.9,0.1,0.05,0.85,0.5,0.8,0.9
0.12,1.0169573800447498,1.086383917858775,-0.1034518288974392,0.830043265531829,0.89272030651341,2.9479110113820703,0.2638918568960764,0.0019514445590069,0.4214015151515151,0.06,1.0,3.6973971035825857,0.0,0.1457980732392593,0.974808429118774,0.3833926290822842,0.8955938697318008,0.5914158000364899,0.0792145593869733,0.1,0.1330065359477125,21.307808238775163,-1.4945046196925151,0.3867429059478012,1.0,0.9,1.0,0.0,0.0,0.3,1.0,1.0,1.0
0.12,0.9990025924685102,1.0382703889300628,0.0107495293180881,1.238241433246415,0.9063218390804598,3.230814271507542,0.2847406221674698,0.0024578604739434,0.4678030303030303,0.06,1.0,3.7274029143596015,0.0,0.1745590766472552,0.9517241379310344,0.3735632183908046,0.903544061302682,0.57816091954023,0.0481800766283524,0.1,0.1473856209150327,22.79729953533903,-1.5866954647324598,0.6592194573624516,0.5,0.85,0.9,0.1,0.0,0.3,0.5,1.0,0.9
0.06,1.0274166589181892,1.789245863793766,-0.1513166423400314,0.4123659549889301,0.7169018817204301,0.2361605814576601,-0.0388127853881278,0.6949069854850075,0.3040780141843971,0.0293617021276595,1.0,3.0727583461727654,0.052902737558866,0.0768890436810556,0.7437836021505376,0.8018898664059954,0.7330309139784946,-0.0581062642554577,0.010752688172043,0.4,0.131578947368421,14.329389009866656,16.158642915344508,0.013995009772246,0.5,0.85,0.2,0.8,0.0,0.9,1.0,0.8,0.2
0.11,1.0326204779968315,1.8277187843280844,-0.3532564465119598,0.1141813147261274,0.3528416347381864,0.2657262096375167,0.0364643821623966,0.6592817979974264,0.1751787538304392,0.0506741573033707,1.0,3.0960206673111763,0.0492805765309235,0.036478890583972,0.3127394636015325,0.435761957730812,0.3463601532567049,-0.1230224941292794,-0.0336206896551724,0.4,0.4609477124183006,16.502970945347098,30.36391453109426,0.0102530600458129,1.0,0.9,0.4,0.6,0.05,0.3,1.0,1.0,0.4
0.09,1.018585581931819,1.004099268779082,-0.353191899636089,0.0872854009162953,0.3547192353643966,0.1290962160394103,0.021927843845652,0.7449085770598927,0.1788766788766788,0.0435164835164835,1.0,2.8185503254012945,0.0274140129705814,0.0342650473151429,0.3732377538829152,0.3534562211981567,0.3584229390681003,0.0197815326847585,0.0148148148148148,0.4,0.3716374269005847,15.203103127037306,55.548704467768104,0.0063009477713713,0.5,0.75,0.85,0.65,0.1,0.9,1.0,1.0,0.3
0.13,1.036055930199483,1.025843780135004,-0.475458400391771,0.171934400556569,0.6275862068965518,0.1450114767057153,0.0193064689994307,0.9468548170863412,0.1885499557913351,0.055287356321839,1.0,3.708808182854824,0.0272884545431808,0.0399346277396415,0.6471264367816092,0.6472359058565955,0.6275862068965518,-0.0001094690749863,0.0195402298850574,0.7,0.2223856209150326,16.715122694492813,46.76408678248723,0.0109905039940315,1.0,0.9,0.1,0.8,0.05,0.15,1.0,1.0,0.2
0.08,1.0213501030499397,1.0317998728005089,-0.2836979249271447,0.5850815961846939,0.5240143369175627,1.6358571550377503,0.1576831447290053,0.0327164520293931,0.3451086956521739,0.0347826086956521,1.0,2.820891659198715,0.0310327715753806,0.0925752565824515,0.5439665471923537,0.6275388291517324,0.5240143369175627,-0.0835722819593787,0.0199522102747909,0.4,0.1508771929824561,17.05966656653245,47.92812348800394,0.0122209553117665,1.0,0.9,0.95,0.05,0.05,0.45,1.0,1.0,0.95
0.14,1.061278060309053,1.1259022478861624,-0.3920083002822787,0.0015731821472381,0.493431855500821,0.1298682924219578,0.0172029308697036,0.9524362007193788,0.1781561461794019,0.07,1.0,3.6995978487884305,0.0,0.0484797209495702,0.5109195402298851,0.4766547192353643,0.5003284072249591,0.0342648209945207,0.0105911330049259,0.7,0.4264705882352941,16.623266892992255,19.06376644984433,0.0191431567540278,1.0,0.85,0.1,0.8,0.0,0.3,1.0,1.0,0.2
0.07,1.0342515452589445,1.0125161192444811,-0.1730800091902953,0.4453745123593645,0.6774193548387096,1.224027897006869,0.1431938219388506,0.0711726174910866,0.3371735791090629,0.0323655913978494,1.0,2.8347794234738624,0.0481717652106814,0.0863876970894249,0.6810035842293907,0.371968339307049,0.6810035842293907,0.3090352449223417,0.0,0.2,0.2450292397660818,15.91127803200108,15.522011872624002,0.01469020085871,0.5,0.85,0.8,0.7,0.05,0.85,1.0,1.0,0.8
0.08,1.0192055657925403,1.0,-0.1074503851500034,0.1329010713243115,0.5734169653524491,0.3374343684881766,0.0460095294818344,0.6470804223379161,0.1983695652173913,0.0365217391304347,1.0,3.2124531932125175,0.0310165547654331,0.0484086871164372,0.6146953405017922,0.7833333333333333,0.5734169653524491,-0.1686379928315411,0.041278375149343,0.2,0.370175438596491,18.315604780228412,1.1027766958910714,0.3345676608134979,1.0,0.9,0.2,0.8,0.1,0.6,1.0,1.0,0.2
0.16,1.074398348472554,1.2957545948744498,-0.4671772838678496,0.0932937916147724,0.2996031746031746,0.1346490608477638,-0.0184686888454012,0.720765793867128,0.1160714285714285,0.0761904761904762,1.0,4.093784191226189,0.0536719313809923,0.0188724510170117,0.3662698412698413,0.4593621399176955,0.2996031746031746,-0.0930922986478541,0.0666666666666667,0.7,0.4556985294117646,16.472416379398247,24.548545523212987,0.02887785074521,1.0,0.85,0.1,0.85,0.05,0.2,1.0,1.0,0.1
0.12,1.0408636657676904,1.0869071644803223,-0.3769708088853551,0.99077268487723,0.7795977011494252,2.5612732156321516,0.1867476131174761,0.0070019113200509,0.2471590909090908,0.0531818181818181,1.0,3.6551013220200512,0.0064447475276257,0.0638116287523088,0.7681034482758621,0.2647858290516799,0.7824712643678161,0.5033176192241822,-0.014367816091954,0.1,0.1486928104575163,15.864232516356797,28.37450328884386,0.0179013336626349,0.5,0.85,0.9,0.75,0.0,0.9,1.0,0.8,0.3
0.16,1.0663771356625291,1.1240736582079487,-0.4827896165504022,0.3086600032000795,0.725,0.1828936963736041,-0.0231164383561643,0.7633606121781213,0.1785714285714285,0.0666666666666666,1.0,3.78460985658163,0.0231512186570957,0.044481912596691,0.7317460317460318,0.3063186813186813,0.725,0.4254273504273505,0.0067460317460318,0.1,0.278799019607843,14.948106347266764,24.801773087111258,0.02887785074521,1.0,0.85,0.2,0.8,0.0,0.2,1.0,1.0,0.3
0.08,1.0249349058797117,1.0902556562933914,-0.2395279483755628,0.0624800384058779,0.4524492234169653,0.0491330252935258,-0.0099761762954139,0.8586964223813978,0.1698369565217391,0.0391304347826087,1.0,3.02810923536973,0.0567067115264884,0.0270476155024249,0.4866188769414575,0.2608616054875788,0.4560334528076463,0.2257572714538787,0.0305854241338111,0.1,0.3580409356725146,15.066959306235413,28.24453255130932,0.0185324324347793,1.0,0.85,0.9,0.1,0.05,0.1,1.0,1.0,0.9
0.09,1.0408025935002394,1.012724117987276,-0.2332266154820734,0.3583702964908735,0.3211469534050179,0.59029586703341,0.0703162894943717,0.4089568137670316,0.1862026862026862,0.0415384615384615,1.0,2.8436370928890695,0.0054820694788287,0.03450864564932,0.3504181600955794,0.4180203533026114,0.3139784946236559,-0.0676021932070319,0.0364396654719235,1.0,0.3891812865497076,15.818648092466244,18.14501599022066,0.0294695942240536,0.5,0.85,0.9,0.7,0.05,0.85,1.0,1.0,0.4
0.11,1.0390193876590554,1.1003309888291264,-0.3424810282395674,0.1892180740918745,0.4253192848020434,0.2837041852758008,0.0387031776904025,0.4872506689892766,0.1207865168539325,0.049438202247191,1.0,3.6634734296309257,0.0246243413980488,0.0284362260722778,0.4763729246487867,0.6651323891625616,0.4253192848020434,-0.1887594645137748,0.0510536398467432,0.2,0.6081699346405229,16.739165529000367,28.863301980703625,0.0137457729187066,1.0,0.9,0.4,0.6,0.0,0.15,1.0,1.0,0.4
0.1,1.032274988353755,1.0398380605596005,-0.3150251386034757,0.1676597351212773,0.2842592592592592,0.255902075103732,0.0427701674277016,0.3547138482132494,0.1777777777777777,0.0411111111111111,1.0,3.678668649306673,0.0,0.0349244303388139,0.3324074074074074,0.5981481481481481,0.2842592592592592,-0.2657407407407407,0.0481481481481481,0.1,0.3694444444444444,15.855820369443595,37.76330873433609,0.0235683168809805,1.0,0.9,0.1,0.8,0.05,0.2,1.0,1.0,0.2
0.13,1.0316887012198042,3.5572549019607806,-0.534763261835776,0.0621943918892439,0.6824712643678161,0.0323649536677795,0.0056199508254302,0.8495429241405985,0.2051282051282051,0.0508045977011494,1.0,3.8786885671328983,0.0414570188651445,0.0440996411645578,0.6971264367816091,0.4777342909588615,0.6824712643678161,0.2193921458227476,0.0146551724137929,0.2,0.2919934640522875,13.289540984767983,57.112383105901536,0.0036236906720344,0.5,0.85,0.9,0.7,0.05,0.85,1.0,0.8,0.4
0.1,1.0138841706614323,1.019382835101253,-0.0829717340039501,0.0333357201941103,0.4018518518518518,0.006399026044784,0.0010654490106545,0.8766523240919252,0.1472222222222222,0.0422222222222222,1.0,3.2620843504089163,0.0176136610987472,0.0233099403676703,0.4111111111111111,0.4655141515263873,0.4018518518518518,-0.0544030404152762,0.0092592592592593,0.7,0.5888888888888888,18.4860955318212,-1.3561058320451695,0.3664043747423107,1.0,0.9,0.9,0.1,0.05,0.15,1.0,1.0,0.9
0.11,1.0603744088675913,1.2502937720329028,-0.2561350666333073,0.0758811182715452,0.4935823754789272,0.1866215322950042,0.0238851497894134,0.8643290747853173,0.1654749744637385,0.049438202247191,1.0,3.1328161783953807,0.0559103870868856,0.0253996627103996,0.5480523627075351,0.4294030404152762,0.5019157088122607,0.1186493222922588,0.0461366538952744,0.1,0.3936274509803923,14.954446299963324,11.104399802737497,0.0244608828169587,1.0,0.9,0.0,0.9,0.05,0.2,1.0,1.0,0.0
0.1,1.0150030820797078,1.166236003445306,-0.1227453887399869,0.1383943513201976,0.437037037037037,0.5550465807685271,0.0710806697108066,0.3457858317493238,0.2694444444444444,0.0444444444444444,1.0,3.5882505251178825,0.0468915615789163,0.0823607250182592,0.425,0.5352325629300045,0.4333333333333333,-0.1102325629300045,-0.0083333333333333,0.4,0.2555555555555555,16.781926308435416,1.84687829962596,0.3664043747423107,1.0,0.85,0.1,0.8,0.05,0.2,1.0,1.0,0.5
0.13,1.040245523388251,1.026790750141004,-0.466498498626767,0.095726670967372,0.4836206896551724,0.1834767167343743,0.0264404151980912,0.5693162200598043,0.1887709991158267,0.0627586206896551,1.0,3.5857554181441533,0.0339297029191381,0.0388254842045583,0.5339080459770115,0.6968253968253969,0.4905172413793104,-0.1629173508483854,0.043390804597701,0.1,0.3839869281045751,18.207983344101255,45.55666519946486,0.0109905039940315,1.0,0.85,0.1,0.8,0.05,0.15,1.0,1.0,0.1
0.13,1.0342804535347625,1.1274114903540384,-0.4865340228852322,0.2027669903425364,0.385632183908046,0.3689687078376461,0.0429611327107784,0.6778773432606331,0.1571618037135278,0.055287356321839,1.0,3.590079104279724,0.0341222609838183,0.0308643230677443,0.4149425287356322,0.566051736889705,0.3850574712643678,-0.1511092081540727,0.0298850574712644,0.1,0.2679738562091501,15.541767771978714,48.29499383987617,0.0109905039940315,1.0,0.85,0.1,0.8,0.05,0.85,1.0,1.0,0.1
0.07,1.011669480386922,2.373966391037611,-0.2771789226850316,0.0775868996901145,0.1326164874551971,0.0471143821634482,-0.0094059718452117,0.7252154006101017,0.195084485407066,0.0346236559139784,1.0,2.6964001619774782,0.0718834279969916,0.0259401493857065,0.1236559139784946,0.7377873563218391,0.1326164874551971,-0.6141314423433445,-0.0089605734767025,0.1,0.5353801169590642,14.98152376508361,59.0332779614907,0.0028761222055604,0.5,0.7,0.2,0.8,0.15,0.95,1.0,0.8,0.2
0.12,1.0245056257112506,1.2094704921856785,-0.168157334571865,0.2669002898674683,0.464463601532567,0.3067706574388228,0.0369966791199667,0.534555428941266,0.1884469696969696,0.049090909090909,1.0,3.5425883559316227,0.0195407937337725,0.0434226847570781,0.4649425287356322,0.3720306513409961,0.4702107279693486,0.092911877394636,-0.0052681992337164,0.4,0.4728758169934639,16.954414939962028,1.9722908365133949,0.2973518888443784,1.0,0.85,0.1,0.8,0.05,0.95,1.0,1.0,0.2
0.15,1.032405046373169,2.100615621392843,-0.2187191242597017,0.4990323840518614,0.4783251231527093,1.273589416818552,0.0993822186408809,0.1016043666077616,0.1529411764705882,0.0741176470588235,1.0,3.7560027580392688,0.0366672135282833,0.0542882855987495,0.5424466338259442,0.524265138154027,0.4807060755336618,0.0181814956719171,0.0617405582922823,1.0,0.4313725490196077,21.903086617685947,1.909810749282438,0.2156937814511279,1.0,0.9,0.1,0.8,0.05,0.9,1.0,1.0,0.4
0.09,1.0233762857462123,1.1297174675190758,-0.314192162422267,0.1710525303997016,0.4980884109916368,0.2074142789671687,0.0327663204375533,0.6085664349904261,0.1886446886446886,0.0395604395604395,1.0,3.3324798498421417,0.0386442209337779,0.0323746865256187,0.5491039426523298,0.5646671455938698,0.4980884109916368,-0.01556320294154,0.0510155316606929,1.0,0.3040935672514619,15.660540556219845,45.75599772177172,0.0127383559472523,0.5,0.85,0.9,0.8,0.05,0.95,1.0,1.0,0.4
0.14,1.0519930814741996,1.122952015168457,-0.4274678385007444,0.2320941704149733,0.5930623973727422,0.3442745743224412,-0.0398671096345515,0.229090721264444,0.1910299003322259,0.07,1.0,4.008675655923432,0.0,0.0403344946463124,0.6438423645320196,0.5475820674745406,0.5953612479474548,0.0962602970574789,0.0484811165845647,0.4,0.3915032679738562,18.128398203561176,26.132413540341815,0.0191431567540278,1.0,0.85,0.2,0.8,0.0,0.9,1.0,1.0,0.2
0.08,1.0173073016650578,1.006700206883581,-0.1028639199147836,0.2765791576726079,0.6708482676224611,0.2699639681241166,-0.0465306730196545,0.5890478814136206,0.2622282608695652,0.0356521739130434,1.0,3.2313705688399232,0.0102975103548496,0.0616870303007353,0.7031063321385901,0.0,0.6726403823178018,0.0,0.0304659498207883,0.0,0.3067251461988305,19.71906430538809,1.1310216264429291,0.4114230576902744,1.0,0.9,0.1,0.85,0.05,0.2,1.0,1.0,0.1
0.1,1.0306885740675698,1.2125726744186045,-0.149710515542598,0.2721048240564298,0.4092592592592592,0.6302345609344097,-0.0729071537290715,0.1572929711244691,0.2138888888888889,0.0477777777777777,1.0,3.05024793383584,0.0469954305847364,0.0494814253297619,0.4861111111111111,0.3373787132407821,0.4018518518518518,0.1487323978703289,0.0842592592592592,0.2,0.4055555555555555,19.04414181726801,0.8491783564146833,0.4671132935060914,1.0,0.9,0.1,0.85,0.05,0.65,1.0,1.0,0.1
0.13,1.0342274674312733,1.1404316090130118,-0.4968827662311907,0.0754798465025352,0.3054597701149426,0.086880070601728,-0.0135411746181704,0.8777312551478793,0.1622458001768346,0.055287356321839,1.0,3.76165556945582,0.013624551104719,0.0056514793235323,0.3551724137931034,0.6527777777777778,0.3083333333333333,-0.2976053639846743,0.04683908045977,0.1,0.3573529411764705,9.321155840611617,50.53040008256094,0.0072869010045829,1.0,0.85,0.1,0.9,0.0,0.2,1.0,1.0,0.1
0.1,1.0325241109670815,1.0211635003445223,-0.3218924605037863,0.2795970026339753,0.55,0.5967996584174994,0.0747336377473363,0.2671662767908691,0.2277777777777778,0.0388888888888888,1.0,3.1750882155112614,0.0059005091173008,0.0541466776501023,0.5324074074074073,0.5186596218020022,0.55,0.0137477856054051,-0.0175925925925927,1.0,0.2916666666666665,15.588109741560706,39.81370076247918,0.0200887124825478,1.0,0.85,0.1,0.9,0.0,0.9,1.0,1.0,0.1
0.08,1.017107842090462,1.7248941900731043,-0.3214247258244205,0.2298164045205155,0.6487455197132617,0.0457054229235019,-0.0095294818344252,0.5586742547553909,0.2635869565217391,0.0313043478260869,1.0,3.1338367851824653,0.0208571127042709,0.0415291579361391,0.6433691756272402,0.6193287037037036,0.6487455197132617,0.0240404719235365,-0.0053763440860215,0.7,0.1568713450292397,13.606895537424888,59.4717649139792,0.0030067664705991,1.0,0.9,0.1,0.85,0.0,0.2,1.0,1.0,0.1
0.12,1.0406160556085595,1.091634422948632,-0.376954497206718,0.5403429275352312,0.5337164750957855,0.5938898186611908,-0.071035699460357,0.3184339503973682,0.1439393939393939,0.0559090909090909,1.0,3.608290101736583,0.0452950192724599,0.0508515167969668,0.5200191570881226,0.4665117326129562,0.5337164750957855,0.0535074244751664,-0.0136973180076628,0.7,0.3720588235294118,16.42691816178017,28.63455011165732,0.0142417022302153,1.0,0.9,0.1,0.85,0.05,0.9,1.0,1.0,0.4
0.08,1.0235442816073783,1.0166696177876695,-0.2858132286273989,0.6336766252006081,0.4807646356033452,0.9985228646491388,-0.1059410363311494,0.0871603231797,0.2010869565217391,0.0356521739130434,1.0,2.990415021422912,0.0362752736764569,0.0344232126923247,0.4835125448028674,0.5118876941457586,0.4522102747909199,-0.0283751493428912,0.0313022700119474,0.6579050194284821,0.3070175438596492,14.335139506284264,50.08193114408509,0.0091165503590795,0.5,0.8,0.9,0.8,0.05,0.95,1.0,1.0,0.3
0.06,1.0212919426203055,1.079083557951482,-0.1682483555786786,0.4214515471454814,0.3686155913978495,0.768519922070918,0.1100262314194113,0.2858641046113991,0.2659574468085106,0.03,1.0,2.1780554119502527,0.0,0.0717163306892458,0.3874327956989247,0.3345094086021505,0.373991935483871,0.0529233870967741,0.0134408602150536,0.7,0.3628654970760233,16.77727543751026,22.42407066831228,0.0083077632234142,1.0,0.9,0.1,0.8,0.05,0.65,1.0,1.0,0.2
0.1,1.02644506129318,1.3599358974358973,-0.3986983300297888,0.0137904949640832,0.5435185185185184,0.048422197759227,0.0085235920852358,0.8047816553316831,0.2,0.0411111111111111,1.0,3.215330693563386,0.0294447531579414,0.0291615684091221,0.5703703703703704,0.4256838874469575,0.5435185185185184,0.1446864829234129,0.026851851851852,0.3758250874886983,0.4222222222222222,12.953566510331909,57.98546385512614,0.0032582454508862,1.0,0.9,0.1,0.9,0.05,0.3,1.0,1.0,0.1
0.1,1.0418578776225236,1.0626311057836382,-0.2816128462796587,0.2406862477100651,0.4194444444444444,0.2943866641177661,-0.0404870624048706,0.3884030118881432,0.1527777777777778,0.0433333333333333,1.0,3.502115214508701,0.0233939010569737,0.0208810975391209,0.4398148148148149,0.4894306431013884,0.4222222222222222,-0.0496158282865735,0.0175925925925926,1.0,0.15,16.098121964632487,24.853205155423765,0.0270877753779486,1.0,0.85,0.1,0.8,0.1,0.95,1.0,1.0,0.1
0.1,1.0253814878097385,2.779041483137204,-0.3595782298483927,0.0101908728475714,0.337037037037037,0.0892236473303956,-0.0138508371385083,0.6958670481770068,0.1555555555555555,0.0455555555555555,1.0,3.412565223339422,0.0586265989006985,0.027948464270382,0.3453703703703703,0.5894777265745008,0.337037037037037,-0.2441073562041305,0.0083333333333333,0.4,0.5138888888888888,13.687669589497562,47.09572960341665,0.0132455219503661,0.5,0.75,0.9,0.2,0.1,0.9,1.0,1.0,0.85
0.09,1.0380426402332823,1.047134121677888,-0.2405840182255687,0.0370531612848646,0.5364396654719236,0.1538378220434035,0.0257079298175189,0.8002029693099697,0.1846764346764347,0.0385714285714285,1.0,3.088043559081656,0.0220483306882008,0.0425168234814264,0.5692951015531661,0.5978556420714374,0.54026284348865,-0.0285605405182712,0.0290322580645161,1.0,0.4590643274853802,15.859590584975573,19.19572027406366,0.0226636702261305,1.0,0.9,0.95,0.05,0.0,0.2,1.0,1.0,0.95
0.06,1.0190723156069277,1.08030803080308,-0.1846149571306998,0.3557492148962763,0.3734879032258065,0.2909528402843334,-0.0539201399009035,0.5418806662100137,0.276595744680851,0.025531914893617,1.0,2.733842848663772,0.017701423352782,0.0359793901455536,0.4002016129032258,0.244759422178777,0.3682795698924732,0.1554421907244488,0.0319220430107526,0.2,0.1657894736842106,14.86143072206484,30.741144335096408,0.0111360872893028,1.0,0.9,0.1,0.85,0.0,0.2,1.0,1.0,0.1
0.1,1.0392547958453051,1.10558882235529,-0.272521314872268,0.1311290094406463,0.1416666666666666,0.2503660239311596,0.0354642313546422,0.6290796477666991,0.1722222222222222,0.0477777777777777,1.0,3.2544198311735,0.0641751784641864,0.0480770003353173,0.187037037037037,0.5975682753460531,0.149074074074074,-0.410531238309016,0.0379629629629629,0.1,0.7222222222222222,16.157721003937006,19.495326583287383,0.0200887124825478,1.0,0.85,0.1,0.9,0.05,0.3,1.0,1.0,0.1
0.1,1.015073033121112,1.2065443369791196,-0.0890965496183971,0.4691264608721291,0.424074074074074,1.4017458310746709,0.1223744292237443,0.0899672828274888,0.2444444444444444,0.0477777777777777,1.0,3.357323120503489,0.0233810207943964,0.0652906827172972,0.4537037037037037,0.5057656655543196,0.4314814814814814,-0.0520619618506158,0.0222222222222223,0.7,0.2805555555555555,17.744233145519313,-0.2413437484088927,0.4003752022584405,0.5,0.85,0.9,0.6,0.1,0.85,1.0,1.0,0.7
0.08,1.0334636130540005,1.0189655172413792,-0.2148707939233416,0.6787229460771289,0.6635603345280764,0.8620882923290718,-0.1019207861822513,0.0652381868942761,0.2228260869565217,0.0365217391304347,1.0,3.4581633328441765,0.0413706657135177,0.0504048035120952,0.7066905615292711,0.7241338112305854,0.654599761051374,-0.0174432497013142,0.0520908004778971,1.0,0.1606725146198829,15.883125803599928,19.84403616852661,0.0185324324347793,1.0,0.9,0.2,0.8,0.05,0.9,1.0,1.0,0.2
0.13,1.0399044268798965,2.2597802197802204,-0.4130950167405247,0.7579192217004539,0.6459770114942528,1.3856091031451545,-0.1200901130046146,0.0210380969564123,0.2374005305039788,0.0642528735632183,1.0,3.843472353625741,0.1019727983397217,0.0401794285274173,0.6137931034482759,0.4971198156682027,0.6482758620689655,0.1166732877800731,-0.0344827586206896,0.2,0.2186274509803922,16.409143934093837,28.58661913992519,0.0147354019379858,1.0,0.85,0.1,0.8,0.05,0.95,1.0,1.0,0.1
0.11,1.0351330061557291,1.1436445816337777,-0.3845095660640014,0.0260308143403623,0.4864303959131546,0.0248489640277808,-0.0043656512796116,0.9912064264665308,0.2277834525025536,0.049438202247191,1.0,3.757183715515975,0.037021520397101,0.0387421475854049,0.5510855683269477,0.55727969348659,0.4901340996168583,-0.0061941251596423,0.0609514687100893,1.0,0.3222222222222223,15.028790873780428,46.085774235993334,0.0137457729187066,1.0,0.85,0.1,0.8,0.05,0.75,1.0,1.0,0.2
0.09,1.0248948175850514,1.0679087200970123,-0.3315944681055622,0.2602058812558196,0.4924133811230585,0.0848693179589592,-0.0139327947547125,0.6599736067598758,0.1837606837606837,0.0365934065934066,1.0,3.359949473572638,0.0221697573342556,0.0410197296906722,0.5257467144563919,0.8096304278416347,0.4924133811230585,-0.2838837133852429,0.0333333333333333,0.1,0.4470760233918128,8.211915942975384,51.03493126042924,0.0095022256089006,1.0,0.85,0.1,0.8,0.05,0.4,1.0,1.0,0.1
0.11,1.0384582823474438,2.4845750873108225,-0.3452153808710463,0.1664024362249475,0.5151021711366539,0.1447494731521517,0.0182881609693983,0.9824122310874532,0.2173135852911134,0.0407865168539325,1.0,3.706260277442865,0.0,0.0366674929437413,0.5287994891443167,0.5978550903119868,0.5151021711366539,-0.06905560116767,0.0136973180076628,1.0,0.2106209150326796,12.7556116634289,29.066347284783497,0.0172773909160672,1.0,0.9,0.95,0.05,0.05,0.1,1.0,1.0,0.95
0.14,1.06941113476086,1.2438157220765915,-0.3714304555311614,0.275353083166251,0.5054187192118227,0.6774723493621939,0.0727711282027943,0.2592752397495687,0.1495016611295681,0.0634883720930232,1.0,4.004687357880621,0.0425961315657813,0.0412551843691521,0.563136288998358,0.6154569320278133,0.5077996715927751,-0.0523206430294552,0.0553366174055829,0.7,0.3245098039215686,15.942783203699816,17.532672048208852,0.0311605999263039,1.0,0.9,0.15,0.85,0.05,0.65,1.0,1.0,0.15
0.11,1.0243475776475917,1.0147837378883229,-0.4106569051553119,0.5876038827038086,0.6142720306513411,1.4553189470766028,0.1234695733695271,0.0372186655644752,0.2714504596527068,0.0543820224719101,1.0,3.5265232585651187,0.0493901811547136,0.071274172224281,0.615197956577267,0.675670498084291,0.6142720306513411,-0.060472541507024,0.0009259259259258,1.0,0.1970588235294118,16.80676109056899,50.47125296477782,0.0067984034408473,0.5,0.85,0.95,0.2,0.1,0.85,1.0,1.0,0.95
0.07,1.0143939276924927,1.688969571230983,-0.2551391754839516,0.5162990639490531,0.3835125448028673,0.4834504088875994,-0.0812027860194011,0.3440745183987301,0.3490783410138249,0.0346236559139784,1.0,2.531757793596283,0.0767865535789164,0.0812662882242274,0.3870967741935483,0.3615292712066906,0.3996415770609318,0.0255675029868577,-0.0125448028673835,1.0,0.1969298245614035,14.366038169191324,50.81611582352429,0.0087199207036748,1.0,0.9,0.2,0.8,0.05,0.4,1.0,1.0,0.2
0.15,1.042640854784204,1.1259502773782606,-0.5331347121346051,0.1310389337711861,0.4954844006568145,0.1818136829135334,-0.0228310502283105,0.8771714375268773,0.1519607843137254,0.0652941176470588,1.0,4.066178932631673,0.044563324434028,0.0335764638837621,0.486863711001642,0.4315696649029982,0.4931034482758621,0.0552940460986438,-0.00623973727422,1.0,0.315686274509804,16.604800612174255,42.59134634667861,0.0157227976369537,1.0,0.9,0.1,0.85,0.0,0.85,1.0,1.0,0.1
0.08,0.992898629106215,1.0737704918032789,0.0419022263307636,0.3413382857115699,0.6928315412186379,0.4497801671479715,0.0578063241106719,0.2416257590594399,0.248641304347826,0.0382608695652173,1.0,2.845548944050065,0.0514762539686112,0.0701914517699619,0.6925925925925926,0.3563321385902031,0.6891278375149342,0.3362604540023895,0.0034647550776584,0.1,0.4799707602339183,18.746930771365538,-1.109884212041434,0.3345676608134979,1.0,0.85,0.9,0.1,0.05,0.15,1.0,1.0,0.9
0.11,0.994412065132488,1.0,0.062968162531022,0.3268099395964834,0.5444444444444444,0.390041465758515,-0.0504689386201132,0.320091634415895,0.2339121552604698,0.0543820224719101,1.0,3.49293201584481,0.0122459257216094,0.0388358280893893,0.4929757343550447,0.6616807475678442,0.5444444444444444,-0.1687050132127995,-0.0514687100893996,0.1,0.5047385620915033,22.10659170277717,-0.7075668905757984,0.2619833880203319,1.0,0.9,0.9,0.1,0.05,0.1,1.0,0.8,0.9
0.13,0.9877096083992636,1.0687022900763357,0.0870620677956389,0.198050470535915,0.4189655172413793,0.2626752637094166,-0.0319508078128768,0.8091787497828193,0.1936339522546419,0.0612643678160919,1.0,3.673773364680877,0.0202472446844621,0.0408111679327508,0.3988505747126437,0.7412551440329218,0.4189655172413793,-0.3424045693202781,-0.0201149425287356,0.1,0.5699346405228758,20.80648465337707,-1.305224512568553,0.4543660610786803,0.5,0.85,0.9,0.1,0.1,0.6,0.5,0.8,0.9
0.07,0.9930527416124924,1.333333333333333,0.0408277297766785,0.9270361910828694,0.7043010752688171,0.7307863739530335,-0.1014024378079677,0.3395225886000373,0.3625192012288786,0.0331182795698924,1.0,2.926096307764908,0.0095701016431326,0.0768655518139927,0.7078853046594982,0.2254300513477376,0.7025089605734767,0.4824552533117605,0.0053763440860215,0.1,0.2134502923976607,20.544112495755837,-1.2976045298162615,0.3574258355070788,0.5,0.85,0.9,0.7,0.05,0.85,1.0,0.8,0.3
0.1,0.9983079526226734,1.3333333333333337,0.0289133130695874,0.4067617769931733,0.4333333333333333,0.3543660697413507,-0.0467532467532467,0.8627284736788168,0.2305555555555555,0.0444444444444444,1.0,3.493990594687988,0.0645868304912909,0.0425300077632202,0.4333333333333333,0.4866071428571429,0.4333333333333333,-0.0532738095238096,0.0,1.0,0.2249999999999999,16.940432132632598,-0.8982840279445901,0.2908664545586379,1.0,0.9,0.2,0.8,0.05,0.2,1.0,0.8,0.2
0.08,0.9974950796206836,1.0,0.0352864437693186,0.625316534937676,0.7339307048984468,0.7278568119279379,-0.0820863918690004,0.2237157084108441,0.2608695652173913,0.0356521739130434,1.0,2.876944394672604,0.0257436974046682,0.0835140577281927,0.7248506571087217,0.8026020574407671,0.7375149342891278,-0.0777514003320454,-0.0126642771804061,0.2,0.3248538011695907,18.528415750515222,-0.6015084426130568,0.2984587882726994,0.5,0.85,1.0,0.0,0.05,0.3,0.5,0.8,1.0
0.05,0.995747948634082,1.0,0.028166210940777,0.5336911821476187,0.6155913978494624,0.5602229826427888,-0.0818181818181818,0.3217119686212202,0.2894736842105263,0.0231578947368421,1.0,2.266148419021421,0.0,0.0781645694879188,0.6048387096774194,0.0,0.6155913978494624,0.0,-0.010752688172043,0.0,0.3421052631578947,20.232027533733586,-1.034667578376676,0.2277181651394121,0.5,0.9,1.0,0.0,0.05,0.4,0.5,0.8,1.0
0.07,0.9907208619060128,1.3333333333333333,0.0558614985977415,0.0455919305581107,0.4032258064516128,0.1520172732716345,0.0285674387056875,0.5836609957235595,0.2757296466973886,0.0331182795698924,1.0,2.994310933885472,0.0335366986687976,0.0444804198528164,0.3781362007168458,0.2726403823178017,0.4032258064516128,0.1054958183990441,-0.0250896057347669,0.7,0.421637426900585,19.233679081409868,-1.1690979769507963,0.2763735818638145,0.5,0.85,0.1,0.8,0.1,0.95,0.5,0.8,0.1
0.09,0.9991772784815388,1.230769230769231,0.0217640527857788,0.4627897906980338,0.7019115890083633,0.4186140438605539,-0.0515436944008372,0.5540866618503576,0.3131868131868132,0.0445054945054945,1.0,3.1335477671040115,0.0493811089851619,0.0712672608791641,0.6575866188769415,0.3668273390186627,0.7019115890083633,0.2907592798582787,-0.0443249701314217,0.2,0.1216374269005846,19.950352933243217,-1.21328127937184,0.4319426785053086,1.0,0.85,0.95,0.05,0.05,0.15,1.0,0.8,0.95
0.11,0.991088932990824,1.0,0.0640014572079684,0.4706768530400416,0.6667305236270754,0.4785680181122269,-0.0597946486608386,0.4870162082101688,0.2418283963227783,0.049438202247191,1.0,3.597285366608174,0.0184445180657046,0.05272501753286,0.6841315453384419,0.4867136324310963,0.6696040868454661,0.1974179129073456,0.0145274584929757,0.1,0.3549019607843138,19.516586646677975,-1.128577364538547,0.3119010114745237,1.0,0.9,1.0,0.0,0.05,0.1,1.0,0.8,1.0
0.11,0.9927604608565336,1.0,0.079700766643225,0.3702835433288558,0.5433588761174968,0.2761969114911182,-0.0407319952774498,0.8210757629872528,0.236976506639428,0.0519101123595505,1.0,3.5857016148961653,0.012250460052218,0.0607623067824279,0.5480842911877395,0.3585774317142504,0.5433588761174968,0.189506859473489,0.0047254150702427,0.2,0.4586601307189543,20.329628736040597,-0.9089436603125294,0.3501988980135451,1.0,0.85,0.4,0.6,0.0,0.15,1.0,0.8,0.4
0.11,0.9904106935296398,1.1666666666666663,0.074818933171018,0.8157205777801187,0.7024584929757344,1.4261629750576428,-0.1229919212554554,0.0958215950591513,0.3041368743615935,0.0519101123595505,1.0,3.1914389369183196,0.0368555741265202,0.1013954244738878,0.7127394636015326,0.4020434227330778,0.7052362707535121,0.3106960408684547,0.0075031928480204,0.1,0.2369281045751632,19.85370974150369,-1.1846739845903191,0.4445256132714093,0.5,0.9,1.0,0.0,0.0,0.2,0.5,0.8,1.0
0.04,0.9958218721347002,1.05,0.0349330624704791,0.4660958479086656,0.6197916666666666,0.5284596948113041,-0.0979437229437229,0.4078764189416969,0.3880208333333333,0.02,1.0,2.34996022969401,0.0,0.0816609204820191,0.5,0.5,0.5,0.0,0.0,1.0,0.0,0.0,-0.9540709807209802,0.2901907763221537,0.5,0.85,0.9,0.7,0.1,0.8,0.0,0.8,0.3
0.14,0.9944880895850738,1.4285714285714286,0.0663217712510613,0.680347677933921,0.6893267651888341,1.5443146889545378,-0.1149631099797212,0.0459311711674353,0.3803986710963455,0.0667441860465116,1.0,4.037743240521544,0.0708966000988014,0.1096127059440453,0.6938423645320198,0.6583333333333333,0.685303776683087,0.0355090311986864,0.0085385878489328,0.7,0.1447712418300654,19.09033147351998,-1.0327715891876066,0.3712962550508045,0.5,0.9,0.85,0.1,0.05,0.9,0.5,0.8,0.9
0.11,0.9915555865726848,1.5238095238095244,0.0752740705960256,0.9312481290659104,0.7159961685823756,1.6116460365283674,-0.1191714312245466,0.0276213869283234,0.267364657814096,0.0531460674157303,1.0,3.63357504464256,0.0,0.0685507600043993,0.7191570881226053,0.7189238777948456,0.7122924648786718,0.0002332103277596,0.0068646232439334,0.7,0.3300653594771242,20.308739163062555,-1.106860030027409,0.3401783918132811,0.5,0.95,0.95,0.0,0.0,0.1,0.5,0.8,0.95
0.06,0.9966076258070566,1.0989010989010988,0.0386145003723981,0.2885870754186234,0.4422043010752688,0.2249417603646203,-0.0346090080132633,0.8388002276159703,0.3351063829787234,0.0287234042553191,1.0,2.675127258481086,0.0087941247200813,0.0466976044579813,0.4206989247311828,0.4536290322580645,0.4422043010752688,-0.0329301075268816,-0.021505376344086,0.7,0.3216374269005847,20.730808613232742,-0.7155520280819889,0.2935092170682394,0.5,0.85,0.2,0.8,0.05,0.95,0.5,0.8,0.2
0.07,0.994806524760442,1.4117647058823533,0.0603735885816091,0.3321364443631953,0.3100358422939068,0.3204919898565507,-0.0452849761605522,0.6896063767947752,0.3179723502304147,0.0346236559139784,1.0,2.8069045476861625,0.0095505691150155,0.0296318723573516,0.3118279569892473,0.2026284348864994,0.3118279569892473,0.1091995221027479,0.0,0.7,0.2646198830409357,18.544898310068746,-0.4003897660209521,0.2331553508349968,1.0,0.8,0.9,0.8,0.15,0.1,0.5,0.8,0.2
0.13,0.9844502226218346,1.363636363636364,0.1416808273428123,0.8373718900320951,0.7324712643678161,1.0734131932220168,-0.0989470299815127,0.1419875007316823,0.2387267904509284,0.0642528735632183,1.0,3.6945912827309177,0.0134536165001144,0.057895547775998,0.7362068965517242,0.4721340388007055,0.7290229885057471,0.2640728577510187,0.0071839080459771,0.1,0.4779411764705882,21.755764782225057,-0.8315564622144467,0.4273674003217994,0.5,0.85,0.8,0.2,0.05,0.85,0.5,1.0,0.85
0.09,0.9893834978580742,1.0399999999999998,0.1000711603141464,0.2215744437721203,0.6824372759856631,0.195533288714855,-0.031761888904746,0.7580827653481919,0.2326007326007326,0.0445054945054945,1.0,3.3853089646527006,0.0,0.0494138390059228,0.6936678614097969,0.6228216536892844,0.6824372759856631,0.0708462077205124,0.0112305854241337,1.0,0.5083333333333333,20.78084711117682,-0.6761695321633323,0.2484073547621114,1.0,0.9,0.9,0.1,0.05,0.15,1.0,0.8,0.9
0.12,1.0015170243847624,1.4285714285714286,0.0208410086383959,0.1235682146542638,0.3901340996168582,0.0405777416370832,-0.0058293978748524,0.8151430191412437,0.240530303030303,0.0586363636363636,1.0,3.297221431138828,0.0645618289148005,0.0312135271639155,0.393007662835249,0.2601421875615424,0.3872605363984674,0.1328654752737066,0.0057471264367816,0.4,0.3669934640522875,19.57244690159808,-0.9026683412770584,0.3983935520705879,0.5,0.8,0.1,0.9,0.1,0.95,0.5,0.8,0.1
0.09,0.9885511977562188,1.0,0.0678772456273872,0.1451121298986568,0.5381720430107527,0.3832462796859216,-0.0459857602714745,0.4729408340508613,0.2133699633699633,0.0415384615384615,1.0,3.437453487299736,0.0054897149763799,0.0430254727297518,0.5505376344086022,0.7084291187739463,0.5489247311827957,-0.1578914843653441,0.0016129032258064,0.4,0.5024853801169591,20.593302359258185,-1.460878709555751,0.4062920061167553,0.5,0.85,0.1,0.9,0.1,0.9,0.5,0.8,0.1
0.17,1.0054817811391552,1.3414634146341464,0.0130537149802506,0.4483714641502199,0.6411375661375661,0.7825406192808005,-0.0635130284315259,0.2409718722410119,0.2675407512402551,0.0839759036144578,1.0,4.470734897590454,0.0955115182123512,0.0765429329007403,0.6421516754850088,0.6059670781893004,0.6383597883597883,0.0361845972957084,0.0037918871252204,0.7,0.328002450980392,19.184533214170287,-0.6485141419631053,0.3670247681831681,0.5,0.9,0.95,0.05,0.0,0.2,0.5,0.8,0.95
0.12,0.9963962417950148,1.0625000000000002,0.0516010909118406,0.3522223219150417,0.5211685823754789,0.0391198186513192,-0.0053866587957496,0.9027071020440636,0.2386363636363636,0.06,1.0,3.866972231231364,0.0,0.0415945063373741,0.5155172413793103,0.5048967236467237,0.5211685823754789,0.0106205177325866,-0.0056513409961685,1.0,0.3281045751633986,20.123612039191272,-0.4967198707558911,0.2643704412697942,0.5,0.85,0.3,0.7,0.05,0.95,0.5,0.8,0.3
0.11,0.9961774585891348,1.2093023255813955,0.0681449846054751,0.9500957614262124,0.5623882503192849,1.137841258867221,-0.1143759203003329,0.1238841016360349,0.3084780388151175,0.0543820224719101,1.0,3.5719845108339854,0.0305993176182573,0.0653753262142808,0.5146871008939974,0.4899129544290834,0.5586845466155811,0.0247741464649139,-0.0439974457215837,1.0,0.1741830065359476,20.680659679937783,-0.5224380297152358,0.3401783918132811,0.5,0.9,1.0,0.0,0.0,0.2,0.5,0.8,1.0
0.08,0.996518121594429,1.261261261261261,0.0287389905142709,1.067741297454043,0.6387096774193548,1.6470733483575215,-0.1415160926030491,0.0124185817240019,0.3668478260869565,0.0347826086956521,1.0,2.975772901647608,0.0051431449906952,0.0828845698167788,0.6318996415770609,0.0,0.6387096774193548,0.0,-0.0068100358422938,0.0,0.1377192982456141,18.98761494970405,-1.0874074189822946,0.3345676608134979,0.5,0.9,0.9,0.1,0.0,0.2,0.5,0.8,0.9
0.07,0.9942738437362092,1.0,0.0566454889802028,0.388054306900328,0.4498207885304659,0.4172807248494951,-0.0642966864165021,0.5697207751756779,0.3060675883256528,0.0338709677419354,1.0,2.4485874329547492,0.0,0.0418426956506546,0.4462365591397849,0.4600358422939068,0.4551971326164874,-0.0137992831541218,-0.0089605734767024,0.7,0.4081871345029239,19.912163390229576,-0.6288955622968069,0.2612007705454884,0.5,0.7,0.9,0.1,0.05,0.8,0.5,0.8,0.9
0.1,0.9936344015517856,1.12,0.0559509771785577,0.282971525315967,0.4314814814814814,0.4998577742422962,-0.0634199134199134,0.3167547783857819,0.2361111111111111,0.0488888888888888,1.0,3.5181772952406796,0.01159337889939,0.0514807308918175,0.4138888888888888,0.5788433908045977,0.4287037037037036,-0.1649545019157088,-0.0148148148148148,0.1,0.536111111111111,20.432009006235017,-1.0424050644715834,0.355874120934971,1.0,0.9,1.0,0.0,0.0,0.15,1.0,0.8,1.0
0.03,0.9957825679475164,1.0,0.024740582588669,0.0751964704462221,0.8655303030303031,0.1099643619841122,0.0314187530682376,0.4066307425679832,0.5773195876288659,0.0129896907216494,1.0,1.8435288638716956,0.0061289741563877,0.1194200501337305,0.5,0.5,0.5,0.0,0.0,1.0,0.0,0.0,-1.1555677783756224,0.2272747124722338,0.5,0.7,0.9,0.8,0.15,0.9,0.0,1.0,0.2
0.09,0.9965984364743092,1.2941176470588238,0.0357069112971791,0.1741383849444299,0.5757467144563919,0.2323594329649824,0.033656819371105,0.2566946235060586,0.3351648351648351,0.0415384615384615,1.0,2.581240393953669,0.0495283197773009,0.0525912788832326,0.5794504181600956,0.6191756272401433,0.579330943847073,-0.0397252090800477,0.0001194743130226,1.0,0.087719298245614,18.219527613139455,-0.9224269895610736,0.2708241992361264,0.5,0.85,0.7,0.2,0.1,0.85,0.5,1.0,0.7
0.14,0.987571673894694,1.4285714285714286,0.1097069447703278,0.9552102198402934,0.6609195402298851,1.5322713001147834,-0.109310954825905,0.023651837336597,0.2703488372093023,0.0683720930232558,1.0,4.0381769775459535,0.0070265714020424,0.0694364131789551,0.6683908045977013,0.5991392892115918,0.6609195402298851,0.0692515153861095,0.0074712643678161,0.4,0.3633986928104574,21.91650031928968,-1.094158249058786,0.4729852279866521,0.5,0.9,0.9,0.0,0.0,0.2,0.5,1.0,0.9
0.13,0.9964431656708116,1.12,0.0450701821140912,0.7165446775909873,0.6459770114942528,1.120559272275636,-0.0850126884609642,0.1573764886499375,0.2884615384615384,0.0642528735632183,1.0,4.153479714700569,0.0471869310096502,0.0901223415627832,0.6448275862068965,0.4293103448275863,0.6459770114942528,0.2155172413793102,-0.0011494252873562,0.1,0.3356209150326796,20.601597051195,-1.060158668410479,0.3575334720507729,1.0,0.9,0.95,0.05,0.05,0.1,1.0,0.6,0.95
0.08,0.9934325380330868,1.0500000000000005,0.0646003700142305,0.1669345225236823,0.4484468339307049,0.0439801493503168,-0.0080463015245624,0.7455578382419685,0.3845108695652174,0.0391304347826087,1.0,3.372596292370078,0.0205216409123119,0.0544164267153137,0.450179211469534,0.4342261904761904,0.4448626045400239,0.0159530209933436,0.0053166069295101,1.0,0.2350877192982454,19.815182451035348,-0.8322785871834579,0.3070669405954246,1.0,0.9,0.9,0.1,0.05,0.1,1.0,0.8,0.9
0.09,0.9896455540442484,1.2000000000000002,0.083920866489668,0.6414985031905764,0.708363201911589,0.8953624370560013,-0.0899100899100898,0.2248088955987868,0.3788156288156288,0.0445054945054945,1.0,3.3764099703744037,0.0054682455225884,0.076312821199495,0.730704898446834,0.2202447163515016,0.708363201911589,0.5104601820953323,0.0223416965352449,0.0765225004750592,0.2581871345029238,18.78469373950569,-0.8960478981131685,0.2786900817869301,0.5,0.6,0.8,0.7,0.25,0.9,1.0,0.8,0.4
0.15,0.985550846844762,1.1363636363636362,0.1343979749574353,0.5353937840818499,0.5993431855500821,0.9986096275891708,-0.0814616755793226,0.1288764675789189,0.2470588235294117,0.0741176470588235,1.0,3.798371742408949,0.0146154867728052,0.0613612826109584,0.5774220032840723,0.4122996179447792,0.5922003284072249,0.165122385339293,-0.0147783251231525,0.2,0.3019607843137253,21.475033556808206,-0.7580164089462307,0.3739777475883203,1.0,0.9,0.85,0.15,0.0,0.2,1.0,0.8,0.85
0.08,0.9923676571316742,1.3333333333333337,0.0651279134808494,0.2098478293726315,0.5970131421744325,0.5059050849354559,-0.0656055900621118,0.3332304586026385,0.2921195652173913,0.04,1.0,3.2863322750696007,0.0,0.0656474873258855,0.6077658303464755,0.5250818811024595,0.6007168458781361,0.082683949244016,0.0070489844683393,0.4,0.3883040935672515,21.765810629024067,-1.064690363337635,0.3443568977002769,1.0,0.9,0.9,0.1,0.0,0.2,1.0,0.8,0.9
0.07,0.9921090633571724,1.103448275862069,0.0604848645369001,0.4949843603255872,0.46415770609319,0.6196210291062558,-0.0904303070201687,0.3064530554293749,0.3321812596006144,0.0331182795698924,1.0,3.0591780252629235,0.0047781371380471,0.0402935283512457,0.557347670250896,0.7633594004561747,0.46415770609319,-0.2060117302052786,0.093189964157706,0.1,0.2090643274853801,19.975926215940575,-1.169475922317155,0.3792205715872229,0.5,0.8,0.4,0.6,0.05,0.9,0.5,0.8,0.4
0.12,0.9927851827035824,1.25,0.0689720739686831,0.1719695228836496,0.685823754789272,0.2607310534401,-0.0319264069264069,0.9321541389656668,0.3143939393939394,0.0572727272727272,1.0,2.974229512346731,0.0582034009473609,0.0764503065944934,0.6857279693486591,0.424074074074074,0.6886973180076629,0.261653895274585,-0.0029693486590037,0.1,0.2065359477124182,19.402156330038437,-1.180829503332578,0.4361140988065473,1.0,0.9,0.9,0.1,0.05,0.1,1.0,0.8,0.9
0.05,0.9975776260735518,1.0,0.0207143583098767,0.1729263242041822,0.3588709677419355,0.0157279477430008,-0.0036910457963089,0.9747125543018712,0.3289473684210526,0.0226315789473684,1.0,2.080368235400446,0.0280457946628871,0.0491294674583431,0.3644153225806452,0.6717382154882156,0.3588709677419355,-0.3073228929075703,0.0055443548387096,0.4,0.1789473684210525,17.918256283421247,-1.1384964180442292,0.2769285170164364,0.5,0.85,0.1,0.8,0.1,0.95,0.5,1.0,0.1
0.11,0.9960459642165556,1.5000000000000004,0.0509994723645055,0.7513307355207608,0.8046615581098339,1.5196372345956664,-0.1225143600015918,0.027174537385952,0.4024514811031665,0.0506741573033707,1.0,3.603735169882292,0.0493093490909253,0.1105289441916239,0.8028097062579822,0.4450315164998146,0.8074393358876119,0.3577781897581676,-0.0046296296296296,0.1,0.0691176470588235,18.760127892318856,-0.9078441706923348,0.3030128812523897,0.5,0.85,1.0,0.0,0.2,0.8,0.5,0.8,1.0
0.13,0.9783424707110404,1.3333333333333337,0.1300012836922211,0.4472861715695777,0.5132183908045977,0.4736289046525384,-0.0496572393124117,0.4503989229593889,0.2053492484526967,0.0642528735632183,1.0,3.703013903915935,0.0067386339175646,0.0377475329872419,0.5568965517241379,0.515448823207444,0.5074712643678161,0.0414477285166938,0.0494252873563217,1.0,0.3215686274509804,20.731260365429176,-1.446323368244275,0.4543660610786803,1.0,0.9,1.0,0.0,0.05,0.1,1.0,0.8,1.0
0.08,0.9926691574245408,1.0909090909090908,0.0497321350187922,0.5265935730629797,0.5376344086021505,0.5915269382567406,-0.0746047430830039,0.3238632824436879,0.3138586956521739,0.0382608695652173,1.0,2.4754496336522203,0.0360122043551278,0.0503145830706547,0.5305854241338112,0.6425635667014977,0.5376344086021505,-0.1119781425676865,-0.0070489844683393,0.7,0.1388888888888888,19.58299599911472,-1.2785537206752704,0.3251032451229303,0.5,0.8,0.8,0.2,0.15,0.85,0.5,0.8,0.8
0.08,0.9971717806558776,1.3333333333333337,0.0320368951915563,0.5764046828199934,0.5991636798088411,0.6918080385375184,-0.0956733483907396,0.2874484364367639,0.2690217391304348,0.037391304347826,1.0,3.2347246904041778,0.0308697648462443,0.0666454679914736,0.5777777777777778,0.5811827956989247,0.5991636798088411,-0.0034050179211468,-0.0213859020310632,0.7,0.3739766081871345,19.29413193333287,-1.0265133748218314,0.2819836406510497,0.5,0.9,0.9,0.1,0.05,0.3,0.5,0.8,0.9
0.15,0.997448941534514,1.6000000000000008,0.0459731537273473,0.4081783044997369,0.5828407224958949,0.5274310390697091,-0.0491978609625668,0.7058039533543211,0.2254901960784314,0.0688235294117647,1.0,3.967871290927085,0.0666283153928998,0.05192410043914,0.5784072249589491,0.6186114429842028,0.5805418719211822,-0.0402042180252536,-0.002134646962233,0.4,0.2588235294117649,18.379121465209355,-1.088405249313486,0.3524204622301598,0.5,0.85,0.9,0.1,0.1,0.4,0.5,0.8,0.9
0.1,0.9911530964162544,1.3916666666666666,0.0597182467639663,0.4441585851594191,0.5879629629629629,0.693439247147408,-0.0822510822510822,0.3968940530981298,0.2666666666666666,0.0444444444444444,1.0,2.9296893184725143,0.0233721824334405,0.0640240408229745,0.5518518518518518,0.4447971383455254,0.5879629629629629,0.1070547135063264,-0.036111111111111,0.4,0.3333333333333333,19.10175216588095,-1.2156186030870686,0.3170520754166312,1.0,0.85,0.95,0.05,0.1,0.15,1.0,0.8,0.95
0.09,0.9908536585365856,1.2682926829268293,0.0799365150030095,0.1809940270604368,0.6095579450418159,0.136377006031493,-0.0212644498358783,0.7674749665686701,0.2487789987789987,0.0435164835164835,1.0,3.084515397124062,0.0054708595570917,0.0589745603763328,0.6422939068100358,0.2344086021505376,0.6058542413381123,0.4078853046594982,0.0364396654719235,0.1,0.1676900584795322,18.797318923360898,-0.7150842150935866,0.2631618646550512,0.5,0.9,0.9,0.1,0.05,0.2,0.5,0.8,0.9
0.12,0.9909644810634908,1.3333333333333337,0.0805976162390781,0.5461732099958718,0.5269157088122606,0.7131230578207347,-0.0692148760330578,0.3271802936787535,0.284090909090909,0.06,1.0,3.46810206745036,0.0,0.0467682121403548,0.5208812260536398,0.3369047619047619,0.5240421455938697,0.1839764641488779,-0.0031609195402299,0.2,0.261764705882353,21.50409243281179,-1.1474124091987652,0.3754987912070968,0.5,0.9,1.0,0.0,0.05,0.3,0.5,0.8,1.0
0.18,0.9871070477783176,1.9354838709677424,0.1460676473734806,0.3064180924670376,0.6931216931216931,0.8074662201902955,-0.0532150776053214,0.2340994431760272,0.2638888888888889,0.09,1.0,4.191533992713657,0.0,0.0541754927892714,0.6887860082304527,0.548917238572411,0.6951793062904175,0.1398687696580416,-0.0063932980599648,0.7,0.2190870098039216,19.68131369841892,-0.8342617257654097,0.336463751752366,1.0,0.6,0.8,0.7,0.25,0.15,0.5,0.8,0.4
0.1,0.9979056998924548,1.15,0.0317180978995692,0.3677697039506896,0.4546296296296296,0.4839146863176647,-0.0580086580086579,0.4758608651949536,0.2722222222222222,0.0466666666666666,1.0,3.318306173034411,0.0290884945672052,0.0521665316008869,0.4564814814814815,0.6382461994809047,0.4490740740740741,-0.1817647179994231,0.0074074074074073,0.1,0.3055555555555556,19.645847820489823,-0.9774864010993708,0.2993480947871813,0.5,0.85,0.9,0.1,0.1,0.85,0.5,1.0,0.9
0.06,0.9948291055405608,1.0,0.03789212803102,0.2112223840757206,0.4601814516129032,0.1259533612111406,-0.0240858432347793,0.9478242597916876,0.2739361702127659,0.03,1.0,2.682044762239262,0.0,0.0586820694043764,0.470766129032258,0.4199074074074074,0.4657258064516129,0.0508587216248506,0.0050403225806451,1.0,0.1491228070175438,20.432999281605003,-1.2652026536564431,0.3698628236769609,0.5,0.85,0.1,0.9,0.05,0.95,0.5,0.8,0.1
0.09,0.9912910975664014,1.12,0.0734889039426925,0.0377069996037921,0.2618876941457586,0.0764134417585555,0.0114885114885115,0.5222320279313696,0.2622100122100122,0.0445054945054945,1.0,3.3650578167939025,0.0054678487817779,0.0234021252955355,0.2982078853046594,0.4691941663576814,0.2508960573476702,-0.170986281053022,0.0473118279569892,0.2,0.2652046783625732,20.572073184842164,-1.1538902575641543,0.3608588768821253,0.5,0.85,0.1,0.9,0.1,0.95,0.5,0.8,0.1
0.11,0.994603849032856,1.0555555555555556,0.0388330255065861,0.0891311674321719,0.4166666666666667,0.1535607581622998,0.0215511660360529,0.7491984626884762,0.2334014300306435,0.0543820224719101,1.0,3.4700825290414605,0.0061030204405992,0.0317196519420433,0.4016602809706257,0.7181992337164752,0.4109195402298851,-0.3165389527458495,-0.0092592592592593,0.1,0.4241830065359477,21.62131322209192,-0.7967613392377806,0.4310574238869073,1.0,0.9,1.0,0.0,0.05,0.95,1.0,1.0,1.0
0.16,0.9996652439534688,1.165289256198347,0.025219153727622,0.24733388133779,0.4861111111111111,0.4592852343485117,0.0442236753856473,0.5439328425831043,0.1934523809523809,0.078095238095238,1.0,4.219063794634448,0.0151894971531525,0.0207376709506521,0.4952380952380952,0.6062881562881562,0.4813492063492062,-0.1110500610500609,0.013888888888889,0.2,0.4687500000000001,20.667006618957053,-0.5215127231675978,0.3877118278599089,1.0,0.8,0.9,0.1,0.05,0.15,1.0,1.0,0.9
0.14,1.0099631786444534,1.131386861313869,-0.0970880639110889,0.4610314580213506,0.5966338259441707,1.0879960900126453,0.0841327031959198,0.0784724798898825,0.2317275747508305,0.0683720930232558,1.0,3.873948092277938,0.007012950852526,0.0322402715914154,0.5978653530377668,0.5268624946785866,0.5943349753694581,0.0710028583591801,0.0035303776683086,0.7,0.3545751633986929,20.700965715658768,-0.8236418834391266,0.3500140701823969,0.5,0.8,0.8,0.2,0.05,0.85,0.5,1.0,0.8
0.1,0.9994977398292316,1.0240000000000002,-0.0001865444386167,0.4670921949289566,0.3574074074074074,0.7097915890427865,0.071830985915493,0.2141737396984393,0.2944444444444444,0.0477777777777777,1.0,3.2042505791322555,0.0,0.0293906534752018,0.349074074074074,0.3435515873015873,0.3574074074074074,0.0055224867724867,-0.0083333333333333,1.0,0.2944444444444445,20.717736728304185,-0.5856929407306048,0.3263044008033975,0.5,0.8,0.9,0.1,0.05,0.4,0.5,0.8,0.9
0.12,1.0089426373830044,1.113636363636363,-0.0628468654997579,0.2900815788775755,0.5299808429118774,0.5001283310559067,0.0532437046521553,0.2387543974781767,0.3115530303030303,0.06,1.0,3.645472965188487,0.0,0.0515855073467892,0.5441570881226053,0.5316411238825031,0.5328544061302681,0.0125159642401022,0.0113026819923371,1.0,0.2728758169934642,21.5019101179003,-0.8305673638032962,0.3754987912070968,0.5,0.85,0.5,0.6,0.15,0.85,0.5,1.0,0.5
0.09,1.0061916657162724,1.0454545454545454,-0.0595610378028211,0.4428426974961269,0.6356033452807647,0.3185588884371478,0.0417376051178867,0.3624328840983519,0.3287545787545787,0.0445054945054945,1.0,2.9859017930269247,0.0054600472611942,0.0409320099772438,0.6357228195937873,0.513102650063857,0.6244922341696535,0.1226201695299302,0.0112305854241337,0.4,0.1710526315789473,20.441243007914704,-0.8977450457050389,0.2631618646550512,0.0,0.9,0.1,0.85,0.05,0.95,0.0,1.0,0.1
0.06,0.9979901587081572,1.2362204724409445,0.0229861453345089,0.4564497173306968,0.4936155913978495,0.8567336572176873,0.1028368794326239,0.2166077288869434,0.3661347517730496,0.03,1.0,3.024744464731852,0.0,0.0626291131789783,0.466733870967742,0.0,0.4826948924731183,0.0,-0.0159610215053763,0.0,0.3233918128654971,20.240410107137063,-0.4835519058080519,0.3019276695575132,0.0,0.7,0.2,0.8,0.15,0.9,0.0,1.0,0.2
0.07,0.9946837939910032,1.0285714285714285,0.0426224510503563,0.5105206725604126,0.528673835125448,1.084726540838465,0.1157482529586118,0.0557110444478394,0.2619047619047618,0.0346236559139784,1.0,2.782648547115567,0.0,0.0540036122742123,0.5340501792114695,0.4122013142174432,0.5197132616487455,0.1218488649940262,0.0143369175627239,0.4,0.5482456140350878,21.369876480209037,-1.2443690553837206,0.5913936023828783,0.5,0.85,0.8,0.2,0.1,0.85,0.5,1.0,0.8
0.08,1.0057030723002391,1.0,-0.042859057374442,0.5830342205215249,0.8526881720430107,0.6725124495508684,-0.0871861604409064,0.1402137705181842,0.3777173913043478,0.04,1.0,2.579980062730744,0.0,0.0636282358877914,0.858183990442055,0.5045467185761958,0.8526881720430107,0.3536372718658591,0.0054958183990442,0.1,0.2359649122807017,21.0814175863174,-0.7863907718691698,0.3345676608134979,0.5,0.8,0.9,0.1,0.05,0.9,0.5,0.8,0.9
0.08,1.002059789567444,1.1551724137931034,-0.0227353542285463,0.0570063773674427,0.4647550776583034,0.0463031451162318,-0.0091090018371096,0.7506025716493407,0.2934782608695652,0.04,1.0,3.2926528532843364,0.0,0.0342058927801223,0.4977299880525687,0.387971588802373,0.4721624850657108,0.1097583992501957,0.0255675029868578,0.7,0.3529239766081871,21.192737257994168,-1.0116945038212004,0.3759194192615594,1.0,0.7,0.8,0.7,0.05,0.75,0.5,1.0,0.2
0.11,0.999116601324368,1.1071428571428572,-0.0003617069936159,0.7272912760269437,0.7112707535121329,1.926029722160484,0.1399962594771899,0.0141732051089033,0.2765577119509703,0.0543820224719101,1.0,3.465337039927398,0.0,0.054091331534898,0.7048850574712645,0.3259640341119763,0.7103448275862069,0.3789210233592882,-0.0054597701149423,0.1,0.2924836601307188,21.553727072109236,-0.7878220197452674,0.4310574238869073,0.5,0.85,0.95,0.05,0.0,0.2,0.5,1.0,0.95
0.07,0.998286523131938,1.1478260869565218,0.0170779180795994,0.5919718534908969,0.6738351254480287,1.233961566006104,0.1124164340884013,0.1003424963220608,0.3437019969278034,0.0346236559139784,1.0,2.5067490491172553,0.0047586622070987,0.0626203372351432,0.6541218637992832,0.4967741935483871,0.6702508960573477,0.157347670250896,-0.0161290322580645,0.4,0.3748538011695906,20.990035126043047,-0.4622365527810572,0.3094875595251594,0.5,0.8,0.9,0.1,0.05,0.85,0.5,1.0,0.9
0.06,1.0026697678046568,1.0225563909774436,-0.021033540147116,0.6765442214270929,0.6861559139784946,1.3625039851794698,0.155628808310858,0.0333251543277807,0.2836879432624113,0.03,1.0,2.853396159432611,0.0,0.073459939646555,0.6861559139784946,0.1223379629629629,0.680779569892473,0.5638179510155317,0.0053763440860216,0.1,0.170906432748538,20.69424595040188,-0.7837267422225276,0.3106239536598473,0.5,0.8,0.9,0.1,0.15,0.8,0.5,1.0,0.9
0.07,0.9967871570368968,1.130434782608696,0.0260889653791663,0.1507967739480924,0.632616487455197,0.2544452384545195,0.0401332727548083,0.6311158923786878,0.2922427035330261,0.0338709677419354,1.0,2.7548623787230806,0.0047604671236085,0.045676912100764,0.6129032258064516,0.561952861952862,0.6254480286738351,0.0509503638535896,-0.0125448028673834,0.7,0.2976608187134504,20.69519877365026,-0.9524007459357846,0.3276715305984524,0.5,0.8,0.85,0.15,0.05,0.85,0.5,0.8,0.85
0.09,0.999669227093976,1.03125,-7.182464168953989e-05,0.979283594663908,0.738231780167264,2.327759191236162,0.1892035976543019,0.0036082392589039,0.3067765567765568,0.0445054945054945,1.0,3.2010391521110386,0.0054599978866099,0.0770555953978217,0.7345280764635603,0.627673237753883,0.7345280764635603,0.1068548387096773,0.0,0.7,0.1809941520467836,21.847121531382022,-0.7697327829172433,0.3608588768821253,0.5,0.8,1.0,0.0,0.05,0.2,0.5,0.8,1.0
0.08,1.007098491570541,1.1160714285714286,-0.0640423966607234,0.5638506823214944,0.6413381123058542,0.9478265057495348,0.1043325168401715,0.0860353359584663,0.3124999999999999,0.0391304347826087,1.0,3.1493366015056865,0.0,0.0452753760124187,0.6684587813620072,0.6835648148148148,0.6413381123058542,-0.0151060334528075,0.0271206690561529,0.7,0.3239766081871345,20.145613166044157,-0.5291748933093223,0.2740890886017931,0.5,0.8,0.9,0.1,0.05,0.2,0.5,1.0,0.9
0.14,0.9946237537628262,1.1999999999999995,0.0519743461793856,0.2577041075968923,0.4997536945812808,0.6193444394723496,0.0629825464414393,0.2121714415487664,0.2782392026578073,0.0667441860465116,1.0,3.833019613910489,0.0281503747305996,0.0311658319694665,0.5004926108374385,0.5315438180380709,0.4900656814449918,-0.0310512072006324,0.0104269293924466,1.0,0.3571895424836601,20.130368985435005,-0.7264771193278463,0.360488870810257,0.5,0.7,0.3,0.8,0.2,0.95,0.5,0.8,0.4
0.12,1.0043173397838268,1.0661157024793388,-0.0290307225225571,0.509709559506593,0.6214559386973181,1.0201811838424668,0.0925629534784465,0.1331052292605521,0.2433712121212121,0.06,1.0,3.7609869293088662,0.0,0.0382465275630002,0.6297892720306514,0.7184568325193327,0.6157088122605364,-0.0886675604886813,0.0140804597701149,0.2,0.3274509803921569,20.6475511939626,-0.2329339602869917,0.3244942029748205,0.5,0.8,0.4,0.8,0.1,0.95,0.5,1.0,0.5
0.1,0.9980539338337504,1.0,0.022348005335115,0.1808789880132344,0.2703703703703703,0.4042162789184261,-0.0499217527386541,0.2184315661753115,0.375,0.05,1.0,3.3453015618592405,0.0,0.0346816733159845,0.2777777777777777,0.430538561364479,0.2703703703703703,-0.1527607835867013,0.0074074074074073,0.7,0.2222222222222221,21.872613888785164,-0.6603083380854926,0.355874120934971,0.5,0.85,0.8,0.1,0.1,0.8,0.5,0.8,0.85
0.07,1.0042006370754717,1.090909090909091,-0.0298855997012312,0.0823572882946461,0.2921146953405018,0.0056640293450551,0.0010601241859761,1.0,0.2507680491551459,0.0346236559139784,1.0,2.97466677562354,0.0095336298658849,0.0151039281723779,0.3225806451612903,0.0,0.2831541218637992,0.0,0.039426523297491,0.0,0.4710526315789473,20.58245208708386,-1.034974629358671,0.3681067420104899,0.0,0.85,0.1,0.9,0.05,0.95,0.0,1.0,0.1
0.11,1.0030454744710793,1.2592592592592593,-0.0166381266266738,0.3171704659414927,0.4998084291187739,0.5011672626353928,0.0565538275618984,0.4768949661811926,0.2418283963227783,0.0543820224719101,1.0,3.361183886598873,0.0122163535231877,0.0433366704476446,0.4820242656449554,0.5339696223316913,0.4998084291187739,-0.0519453566867359,-0.0177841634738185,1.0,0.3990196078431373,20.914974838021873,-0.2592705136662041,0.3304674442501229,0.5,0.8,0.9,0.1,0.05,0.4,0.5,1.0,0.9
0.17,0.9894404549701654,1.469387755102041,0.1186029460001311,0.1528794928465852,0.318694885361552,0.2526327921796991,0.0270809834200098,0.5505451377669419,0.211020552799433,0.0819277108433735,1.0,4.040870207647203,0.0078961925030476,0.0137704464509295,0.3293650793650793,0.3866666666666666,0.3210758377425044,-0.0573015873015873,0.0082892416225749,0.1,0.4330882352941176,22.07336299203659,-0.9719594010475028,0.4401083051338287,0.5,0.8,0.2,0.8,0.1,0.95,0.5,0.8,0.2
0.12,0.9959338233239248,1.1602564102564104,0.047856300658978,1.088322768433429,0.7738505747126436,2.9452466650895475,0.1781903542466921,0.0021921199250197,0.3276515151515152,0.0586363636363636,1.0,3.4999728191981565,0.0,0.055350940513585,0.7831417624521073,0.6609461472967221,0.7709770114942529,0.1221956151553852,0.0121647509578544,0.4,0.0725490196078432,21.00694260373378,-0.91827899516759,0.3541218274234582,0.5,0.85,0.9,0.1,0.1,0.85,0.5,0.8,0.9
0.13,1.0138685018969928,1.0852713178294575,-0.107687005418786,0.1704465130037402,0.7114942528735632,0.2415916748472038,0.0282188266646742,0.4854154119084738,0.3037135278514589,0.0642528735632183,1.0,3.936664893820761,0.0134387705983059,0.048027608388465,0.725287356321839,0.4300925925925926,0.7097701149425287,0.2951947637292464,0.0155172413793103,0.1,0.2016339869281045,22.089326059665783,-0.7672458566554661,0.3180059911720682,0.5,0.8,0.9,0.1,0.05,0.3,0.5,1.0,0.9
0.09,1.002412221924417,1.072,-0.0201794520366334,0.1511511913184733,0.5806451612903226,0.2165266513196541,0.0331390049699908,0.7539981973850629,0.2854090354090354,0.0445054945054945,1.0,2.895068629136585,0.0054568078380309,0.0384207251686243,0.551373954599761,0.0,0.5732377538829151,0.0,-0.021863799283154,0.0,0.1687134502923976,20.694826858102463,-0.3816299987512814,0.2950781025941639,0.0,0.85,0.9,0.1,0.05,0.25,0.0,0.8,0.9
0.11,1.0021209837157532,1.344,-0.0242474051599956,0.3018132026941023,0.5943486590038315,0.2787056787204718,0.0345854493662692,0.7366513877473415,0.2775791624106231,0.0543820224719101,1.0,3.423583763212361,0.0,0.0385665784768163,0.6065772669220945,0.5963663329625509,0.5907407407407407,0.0102109339595435,0.0158365261813537,1.0,0.1464052287581699,21.44794894628125,-1.1505658363345723,0.4733471831931704,0.5,0.7,0.1,0.9,0.2,0.95,0.5,0.8,0.1
0.14,1.00828583594748,1.205357142857143,-0.0613935894904926,0.8187982511992272,0.627175697865353,1.7316784434810588,0.1186888774507509,0.0259520198777494,0.2740863787375415,0.07,1.0,3.3578661749534056,0.0,0.0401984493412586,0.6066502463054187,0.5035932373745994,0.622495894909688,0.1030570089308193,-0.0158456486042692,0.7,0.3473856209150328,20.407372862907195,-0.3894881930022462,0.2931366359402576,0.5,0.8,0.2,0.8,0.05,0.9,0.5,0.8,0.2
0.13,0.9944344188113394,1.238938053097345,0.0443433440662862,0.0911031162229063,0.4293103448275862,0.0873528795070081,-0.013312412049663,0.8055113626296119,0.2290008841732979,0.0612643678160919,1.0,3.5581510898041433,0.0134814883231998,0.0348772413199824,0.3701149425287356,0.6755346119929454,0.4362068965517241,-0.3054196694642098,-0.0660919540229885,0.1,0.2888888888888887,20.962257233662925,-1.0700110485956904,0.4995523576080415,0.5,0.8,0.6,0.4,0.05,0.85,0.5,1.0,0.6
0.08,1.0090550786341794,1.03125,-0.0760306142693839,0.3361704643934521,0.3948626045400238,0.40884042083788,0.0503674219228414,0.5289961572454798,0.2921195652173913,0.04,1.0,2.93975435658796,0.0,0.0411268421821048,0.4581839904420549,0.267824074074074,0.402389486260454,0.1903599163679808,0.0557945041816008,0.4,0.3578947368421052,21.741030307025245,-0.6867311331063375,0.237588487550914,1.0,0.8,0.9,0.8,0.1,0.2,0.0,1.0,0.1
0.06,0.999205438333186,1.0214285714285714,0.0039041231294058,0.1558261996916628,0.45127688172043,0.215428660947637,0.0407052242533214,0.6419534108242306,0.326241134751773,0.03,1.0,2.6932696876396047,0.0,0.0465781418492359,0.4514448924731182,0.4275873655913978,0.446404569892473,0.0238575268817204,0.0050403225806451,0.7,0.3529239766081873,21.824364220359353,-0.9824258448522292,0.3106239536598473,0.0,0.85,0.9,0.1,0.15,0.6,0.0,0.8,0.9
0.06,0.9967838094886022,1.0491803278688523,0.0367963151345236,0.0714804452903906,0.1846438172043011,0.0995282271030912,0.0199280791129756,0.8844927460853672,0.2881205673758865,0.03,1.0,3.0182523131193273,0.0,0.0222971282599204,0.1792674731182796,0.0,0.1898521505376344,0.0,-0.0105846774193548,0.0,0.6198830409356725,21.026925753754487,-0.3754923771498255,0.2697559464879411,0.0,0.85,0.95,0.0,0.0,0.2,0.0,1.0,0.95
0.09,1.008991008991009,1.0697674418604652,-0.0826420157986566,0.3978649070334204,0.7469534050179213,1.2044199915675733,-0.1140174379610998,0.066951747384276,0.4444444444444444,0.0445054945054945,1.0,2.956319583340297,0.0054578760457948,0.0930108648183843,0.7789725209080048,0.0,0.7543608124253286,0.0,0.0246117084826762,0.0,0.0925438596491227,21.84863481436768,-1.12621850411392,0.5655594945574712,0.5,0.85,0.9,0.1,0.05,0.85,0.5,1.0,0.9
0.12,1.0101875506262072,1.1724137931034484,-0.0845128536697261,0.6067694003228187,0.5893678160919541,1.1188410819132544,0.0966175842936405,0.1691115431937851,0.3428030303030303,0.0586363636363636,1.0,3.765658878333373,0.0064186615261018,0.0527499248529696,0.6407088122605363,0.6706569910129421,0.5922413793103448,-0.0299481787524057,0.0484674329501915,0.7,0.2264705882352942,20.306944475339343,-1.0894556831224942,0.364633429088284,0.5,0.8,0.9,0.1,0.05,0.85,0.5,1.0,0.9
0.14,1.00106965101726,1.271739130434783,-0.015535408171877,0.068329969522539,0.3230706075533662,0.1615158944122786,-0.0211735529455804,0.6016260688675188,0.2753322259136213,0.07,1.0,3.853970648865354,0.0,0.0168500777134999,0.3350574712643678,0.3261529728962679,0.3230706075533662,0.0089044983680999,0.0119868637110016,1.0,0.3352941176470589,22.003907402190237,-0.895833395342239,0.4881588082900388,0.0,0.85,1.0,0.0,0.1,0.5,0.0,1.0,1.0
0.09,1.002305822721702,1.291666666666667,-0.0202641828785907,0.0484464931992015,0.5297491039426524,0.1380994928130859,0.0221327967806842,0.842342484558996,0.271062271062271,0.0445054945054945,1.0,3.354306215165107,0.0,0.0304634586119475,0.5774193548387097,0.6165828544061304,0.5445639187574671,-0.0391634995674207,0.0328554360812425,1.0,0.3230994152046782,21.32576052269764,-0.6225141763287447,0.3715773937770473,0.5,0.7,0.4,0.6,0.15,0.9,0.5,1.0,0.4
0.09,0.997127353973827,1.0977443609022557,0.0257492487506908,0.0914033778787044,0.3804062126642771,0.1561514053302322,0.0230270511960651,0.8376459011330324,0.3116605616605616,0.0435164835164835,1.0,3.580088656647586,0.0054645294640829,0.0343706593216712,0.3804062126642771,0.0,0.3878136200716846,0.0,-0.0074074074074074,0.0,0.2497076023391812,21.52013746105229,-0.7285946121799158,0.3505162158555575,1.0,0.7,0.1,0.9,0.15,0.15,0.0,0.8,0.1
0.15,1.012218081223345,1.142857142857143,-0.1218105597484773,0.4763708590134158,0.6364532019704433,0.9968497046308508,0.07964650648992,0.0504113772497345,0.3215686274509804,0.0741176470588235,1.0,3.851209868156374,0.0146211956623065,0.0420048273523954,0.6413793103448276,0.618030293461328,0.6435139573070607,0.0233490168834996,-0.002134646962233,1.0,0.3372549019607844,21.634932628605437,-1.0560069851620544,0.4920518298266504,0.5,0.8,0.5,0.6,0.05,0.9,0.5,1.0,0.5
0.1,1.0031914697363808,1.104,-0.0316579957366146,0.2407740188284353,0.4925925925925926,0.5256936334590054,0.0674491392801251,0.3457669927161328,0.2416666666666666,0.05,1.0,3.4508901956212785,0.0,0.0416198548081419,0.4388888888888888,0.2837844518600914,0.4805555555555555,0.1551044370287974,-0.0416666666666667,0.2,0.4111111111111112,20.990464204738768,-0.7438116516207409,0.3263044008033975,0.5,0.8,0.9,0.6,0.2,0.75,0.0,1.0,0.4
0.08,0.9962192816635164,1.2338709677419355,0.0390342860948509,0.6586146009590521,0.76726403823178,1.3978324671445723,-0.1195652173913044,0.0300341951794369,0.4456521739130434,0.0382608695652173,1.0,3.260801591671876,0.005130487876741,0.0653148118694802,0.7836320191158901,0.5739440427635644,0.76726403823178,0.2096879763523257,0.01636798088411,0.4,0.0555555555555554,20.137124503851368,-0.6440338936638454,0.3251032451229303,0.5,0.85,0.9,0.1,0.0,0.2,0.5,1.0,0.9
0.12,0.9986909813126296,1.0814814814814817,0.0048208530334687,0.722070413159287,0.692816091954023,2.4178114098779657,0.1563166880068288,0.0065516599413091,0.3513257575757575,0.06,1.0,3.5840542196074487,0.0,0.0838156951351498,0.7012452107279694,0.8034173680725405,0.692816091954023,-0.102172157344571,0.0084291187739463,0.4,0.2034313725490194,22.04905111004468,-1.017523902844314,0.3754987912070968,0.5,0.8,0.9,0.1,0.1,0.85,0.5,0.8,0.9
0.07,1.0014758591608686,1.2631578947368416,-0.0057484884515736,0.2878081838356346,0.4229390681003584,0.4204639286780552,0.0584150061660285,0.4208253305588492,0.3667434715821812,0.0338709677419354,1.0,2.3991920537633997,0.0,0.0418756711671765,0.4014336917562724,0.4586027298850574,0.4229390681003584,-0.057169038128785,-0.021505376344086,0.7,0.1447368421052632,20.959601975760656,-0.1973725838661999,0.2924323928798953,1.0,0.85,0.1,0.85,0.05,0.2,0.0,0.8,0.1
0.1,0.995678191489362,1.1391304347826088,0.0351748802945932,0.1907447267766172,0.5972222222222222,0.2865145628435238,0.0413145539906102,0.6290672760086411,0.3666666666666667,0.05,1.0,3.4193959174487603,0.0,0.0531507993412351,0.5851851851851851,0.3871527777777777,0.6064814814814814,0.1980324074074074,-0.0212962962962962,0.7,0.1555555555555553,21.31360303979031,-0.7596586174983231,0.3456956344401236,0.5,0.8,0.9,0.1,0.05,0.2,0.5,0.8,0.9
0.1,0.9931549693492756,1.0437956204379564,0.0648633865367149,0.1633152341836115,0.374074074074074,0.1998249937653675,-0.0278560250391237,0.4937502913384208,0.3166666666666666,0.0488888888888888,1.0,3.281708647460584,0.0173736309873844,0.0248964882741351,0.3907407407407406,0.5594659391534392,0.3694444444444444,-0.1687251984126985,0.0212962962962962,0.4,0.3111111111111112,20.49521747146086,-0.7226412864305192,0.3170520754166312,0.0,0.8,1.0,0.0,0.1,0.6,0.0,0.8,1.0
0.12,1.0099685204617,1.0378787878787878,-0.0961739358698937,0.3470568493484454,0.4864942528735632,0.9506013212465716,0.0862142552283397,0.2788111881848919,0.3096590909090909,0.06,1.0,3.8464836153865902,0.0,0.0453421269911436,0.5440613026819924,0.4058429118773946,0.4864942528735632,0.1382183908045978,0.0575670498084291,0.7,0.2473856209150327,20.95796283663936,-0.7297793404344683,0.3061491464503254,0.5,0.7,0.3,0.8,0.15,0.9,0.5,1.0,0.3
0.08,0.998153460147864,1.0852713178294575,0.0129351437959145,0.2302129244928304,0.2451612903225806,0.1971967685260123,0.0296233925290874,0.4764578811985199,0.3097826086956521,0.0391304347826087,1.0,3.1673495861255883,0.0,0.0347396144240319,0.2397849462365591,0.5176339285714285,0.256152927120669,-0.2778489823348694,-0.0163679808841099,0.1,0.3692982456140351,21.243188107280044,-1.0596770187267808,0.4520079468501749,0.5,0.8,0.2,0.8,0.05,0.9,0.5,1.0,0.2
0.14,1.0031049996831631,1.1153846153846154,-0.0482260995722017,0.3814962596046085,0.5591954022988507,0.6730774213524052,0.0640353750409433,0.2719087639590306,0.3322259136212624,0.0667441860465116,1.0,3.7284778703155377,0.0,0.050741413836122,0.601559934318555,0.3235632183908046,0.5660919540229885,0.2779967159277504,0.0354679802955665,0.1,0.1218954248366013,21.48919543920684,-0.6718436231360458,0.3500140701823969,0.5,0.8,0.8,0.1,0.1,0.85,0.5,1.0,0.8
0.08,0.9922670243825455,1.0263157894736843,0.0717220599959959,0.6505757178823467,0.6621266427718041,0.8957724946280546,-0.0937691365584814,0.0835676794868189,0.3369565217391304,0.0382608695652173,1.0,2.889695001097475,0.0,0.0462819678002867,0.6586618876941458,0.5522700119474312,0.6728793309438471,0.1063918757467146,-0.0142174432497013,0.7,0.1453216374269005,18.265844394799036,-0.864298814468849,0.3345676608134979,0.5,0.8,0.8,0.1,0.05,0.85,0.5,0.8,0.8
0.13,1.000858899430198,1.3617021276595749,-0.004804542746841,0.1253904513350718,0.3097701149425287,0.0679073844359582,0.0099874223235077,0.95091161352453,0.2427055702917772,0.0642528735632183,1.0,3.992627537876495,0.0067362801599339,0.0151011388729813,0.3310344827586207,0.4523041474654377,0.3097701149425287,-0.121269664706817,0.0212643678160919,0.1,0.2287581699346406,22.21245931418514,-1.0441372098033588,0.4273674003217994,0.5,0.8,0.8,0.2,0.05,0.9,0.5,1.0,0.8
0.09,0.9981871488999796,1.3648648648648647,0.0146141518035215,0.2576061216063787,0.5585424133811231,0.4430689187001053,0.0520559252953619,0.3659316969388566,0.2655677655677655,0.0445054945054945,1.0,2.367853388247202,0.005458467938559,0.0484580949235762,0.5326164874551971,0.2227250957854406,0.5691756272401434,0.3098913916697564,-0.0365591397849462,0.2,0.2549707602339182,20.619867531586944,-0.985617979702694,0.3827003850982275,1.0,0.6,0.8,0.7,0.15,0.85,0.5,1.0,0.3
0.1,1.0020743577469284,1.476190476190476,-0.0145494053860752,0.0859136318674091,0.4638888888888888,0.2260032374183608,0.0353677621283257,0.6373710999043853,0.2388888888888889,0.05,1.0,3.4072377480801763,0.0,0.0299994251744534,0.4814814814814814,0.4965693804403481,0.4694444444444444,-0.0150878989588666,0.012037037037037,0.7,0.3666666666666667,21.69226061269292,-0.7760104142787618,0.4003752022584405,0.0,0.9,0.95,0.05,0.0,0.2,0.0,0.8,0.95
0.12,1.0026737967914443,1.111111111111113,-0.0281737244706051,0.337915607377228,0.8369731800766284,0.0282431472929913,0.0029137529137529,0.5591281143847195,0.3380681818181818,0.06,1.0,3.8513006568310466,0.0,0.0675365542036098,0.8562260536398467,0.5310792713211295,0.8369731800766284,0.3251467823187172,0.0192528735632183,0.1,0.107843137254902,21.192763712449658,-0.3360558068677512,0.3439414160374818,0.0,0.9,0.2,0.8,0.0,0.9,0.0,1.0,0.2
0.11,1.0194573855850917,1.0999999999999974,-0.5370185897095787,0.1660768289780979,0.6573116219667944,0.0363566223028717,-0.0037715093894868,0.9862155291750574,0.3345250255362615,0.0531460674157303,1.0,3.405688602840158,0.024475820119987,0.0449576576101458,0.7325031928480205,0.3312937361324458,0.6573116219667944,0.4012094567155747,0.075191570881226,0.1,0.207516339869281,11.672809996536486,75.98486073687941,0.0033809817611032,0.5,0.7,0.3,0.8,0.25,0.95,0.5,1.0,0.3
0.17,1.0075782094419232,1.0810810810810827,-0.1544075612162343,0.286344930638405,0.6477660199882422,0.5019196667935627,-0.0240418688327971,0.4322606091481379,0.2491141034727143,0.0839759036144578,1.0,4.121405368387182,0.0,0.0566353531620758,0.6289388594944151,0.5785019578123026,0.6477660199882422,0.0504369016821124,-0.0188271604938271,1.0,0.2840686274509804,22.232313388529956,1.4177670730618877,0.2304085531589756,0.0,0.9,0.1,0.9,0.05,0.9,0.0,1.0,0.1
0.09,1.002776920703487,1.1875000000000036,-0.0590685445228619,0.251241598364205,0.6529271206690561,0.2276573680596745,0.021226636611252,0.6567470241861602,0.2579365079365079,0.0445054945054945,1.0,2.951065191765354,0.0054631935364432,0.0604459839302339,0.6710872162485065,0.2483197637292464,0.6637992831541218,0.42276745251926,0.0072879330943846,0.1,0.3654970760233919,22.208135380112015,1.0810425649951014,0.2556927650014323,0.5,0.8,0.9,0.1,0.0,0.2,0.5,0.8,0.9
0.08,1.0299171503130031,1.111111111111113,-0.24697450472891,0.0781991365760765,0.7738351254480286,0.1083081709106758,-0.0133779264214046,0.8797227903329696,0.3980978260869565,0.0391304347826087,1.0,3.3119516244396445,0.0051245811306541,0.1000549041799146,0.7774193548387096,0.1985663082437276,0.7738351254480286,0.578853046594982,0.003584229390681,0.1,0.0883040935672514,2.5448464819583396,26.370897417851307,0.0091165503590795,0.5,0.85,0.9,0.1,0.1,0.85,0.5,1.0,0.9
0.17,1.0005375834044845,1.214285714285712,-0.0939248470734775,0.3349718651983834,0.5520429159318048,0.3505789748538137,0.0185356811862836,0.3713736993637038,0.2324592487597448,0.0819277108433735,1.0,4.23533219615186,0.007887553340173,0.0513997900526325,0.5428424456202233,0.4836455229175536,0.5496619635508524,0.0591969227026697,-0.006819517930629,1.0,0.3539828431372549,21.04279230447892,2.287917339140031,0.2228771706361249,0.5,0.85,0.8,0.2,0.1,0.8,0.5,1.0,0.85
0.15,0.9992538241512248,1.4285714285714304,0.0308260886140768,0.0568557233966457,0.6995894909688013,0.0983292866191031,0.0066365007541478,0.7381263784764032,0.2794117647058823,0.0741176470588235,1.0,4.206440302738822,0.0439669039448499,0.0358049884705476,0.6972085385878489,0.5651797117314358,0.6995894909688013,0.1320288268564131,-0.0023809523809523,0.1,0.1960784313725491,20.03413780653645,0.4065225297237016,0.3321172262276951,0.0,0.9,1.0,0.0,0.05,0.1,0.0,1.0,1.0
0.08,0.9988570884327824,1.0731707317073151,0.0059402797074227,0.0844290721202013,0.5037037037037037,0.0255263842932963,0.0033444816053512,0.8948086309961354,0.296195652173913,0.04,1.0,3.0665744947829463,0.0,0.0340274145140856,0.4875746714456392,0.7594328703703703,0.4818399044205496,-0.2718581989247311,0.0057347670250895,0.2,0.1998538011695905,20.09406381415692,0.0268748801328588,0.3544942002186779,0.0,0.85,0.2,0.8,0.0,0.2,0.0,1.0,0.6
0.07,1.0122684856236084,1.0999999999999974,-0.349814068560903,0.5264274489784239,0.5,0.982159643425034,0.0625073850880302,0.2830745569204935,0.2630568356374808,0.0323655913978494,1.0,2.8617022921252104,0.0047670595868391,0.0460783539130468,0.4910394265232975,0.7333333333333334,0.5017921146953405,-0.2422939068100358,-0.0107526881720429,0.0765225004750592,0.4330409356725146,2.3088671998797334,83.89467971527141,0.0028761222055604,0.5,0.75,0.85,0.6,0.0,0.4,0.0,1.0,0.5
0.09,1.0129748618019685,1.1666666666666676,-0.4449824070637636,0.2461523582868578,0.2025089605734767,0.3894852091227945,-0.0243261012491781,0.433508527370208,0.1978021978021978,0.0445054945054945,1.0,2.8934588599948596,0.0163952715477897,0.031305389625351,0.1915173237753883,0.4111667284637251,0.198805256869773,-0.2196494046883368,-0.0072879330943846,0.2,0.4980994152046782,7.317042877791261,80.40338907138249,0.0031337791488195,0.0,0.9,0.8,0.1,0.05,0.3,0.0,1.0,0.8
0.09,1.019479252784409,1.0499999999999985,-0.4457661408953317,0.4697976508706316,0.5626045400238949,0.880353112190857,0.0415140415140415,0.1424258277791562,0.2341269841269841,0.0445054945054945,1.0,3.2968504144837696,0.0218422960271438,0.0218202751286751,0.5332138590203105,0.6403198653198653,0.5627240143369175,-0.1071060062995548,-0.029510155316607,0.7,0.4719298245614033,3.888345100725263,80.12175259052609,0.0031337791488195,0.5,0.85,0.9,0.1,0.05,0.85,0.5,1.0,0.9
0.04,0.9993869440216474,1.0,-0.0002472805275699,0.2734608692446026,0.7291666666666666,0.3312758045872127,0.0352564102564102,0.345509169148806,0.5026041666666667,0.0191666666666666,1.0,2.120149006184693,0.0141730666607111,0.1440443988269225,0.5,0.5,0.5,0.0,0.0,1.0,0.0,0.0,0.3138920984752991,0.2076220868171629,0.5,0.9,1.0,0.0,0.05,0.2,0.5,1.0,1.0
0.14,1.0000813546715013,1.1944444444444429,-0.0326051702983143,0.0030860137799737,0.2993431855500821,0.0944615190617419,-0.0067722974699718,0.5787401457383263,0.1914451827242524,0.0683720930232558,1.0,3.897662314187539,0.0210704500963012,0.0212911020579431,0.2959770114942529,0.6172381196852833,0.3040229885057471,-0.3212611081910304,-0.0080459770114942,0.1,0.4369281045751634,20.692483071462465,0.1420073073535177,0.3398517136881799,0.0,0.9,0.9,0.0,0.0,0.2,0.0,1.0,0.9
0.09,1.0081661457808244,1.0,-0.438295706222231,0.0349540952555686,0.620310633213859,0.0037431902688663,-0.0003756926833849,0.8610132540546283,0.3495115995115995,0.0445054945054945,1.0,3.4689282204212226,0.0054616279554803,0.0537645962716318,0.6131421744324971,0.5393039591315453,0.6131421744324971,0.0738382153009518,0.0,0.7,0.2175438596491228,10.572944342588055,79.26640537960431,0.0031337791488195,0.5,0.85,0.9,0.1,0.1,0.85,0.5,1.0,0.9
0.08,0.9983609825245296,1.0731707317073151,0.0022086022637979,0.1696938060648725,0.562962962962963,0.3359620403356375,0.0246655518394648,0.5225844687811589,0.2676630434782608,0.0382608695652173,1.0,2.531278735919059,0.0102523209284124,0.053547212831168,0.5378733572281958,0.5311827956989247,0.559378733572282,0.0066905615292711,-0.0215053763440861,0.7,0.4207602339181285,20.91065934702143,-0.2350791030111283,0.2664067193691003,1.0,0.8,0.9,0.8,0.1,0.2,0.5,0.8,0.2
0.13,0.9926306521450712,1.3333333333333297,0.1064518074591711,0.07173002940272,0.7339080459770115,0.1816892366648273,-0.0142147860980751,0.8439726143260563,0.3103448275862069,0.0627586206896551,1.0,3.876558572902983,0.0472432829028856,0.0565227592481467,0.7344827586206897,0.5065329218106995,0.7316091954022989,0.2279498368099901,0.0028735632183908,0.2,0.1869281045751634,20.104591963732755,-0.4333404999887187,0.2012783974514757,0.0,0.8,1.0,0.0,0.05,0.2,0.0,1.0,1.0
0.14,1.0265071500189822,1.399999999999996,-0.7174994722045209,0.107231420892029,0.6251231527093596,0.4139150216079414,0.0227446971633019,0.2138652134898319,0.3039867109634551,0.0683720930232558,1.0,3.980279678765579,0.0422565569252081,0.0657029833397306,0.6206896551724138,0.4219354838709677,0.6251231527093596,0.198754171301446,-0.0044334975369457,0.4,0.2549019607843137,8.546250409309629,77.79947566208835,0.0037446032778984,0.0,0.85,0.9,0.1,0.0,0.2,0.0,1.0,0.9
0.1,0.9947643979057588,1.2187500000000049,0.0455086973771449,0.5122794712744299,0.6194444444444444,0.3259073851065239,0.0205128205128205,0.4829796038026919,0.2444444444444444,0.0466666666666666,1.0,3.3502322213318423,0.0115993085951005,0.0504281532228686,0.625,0.6008832565284178,0.6194444444444445,0.0241167434715822,0.0055555555555555,0.7,0.4,19.464488374227468,0.560939594917222,0.2104164901127962,0.5,0.8,0.9,0.1,0.05,0.2,0.5,1.0,0.9
0.09,1.0153103124633374,1.0999999999999974,-0.4426006819605614,0.2865640168956769,0.6971326164874552,0.6544014791615781,0.0553207476284399,0.0129409832711729,0.3601953601953602,0.0435164835164835,1.0,3.3832687605028453,0.0,0.0686176584558797,0.6971326164874552,0.5093040621266428,0.7008363201911588,0.1878285543608123,-0.0037037037037036,0.2,0.1030701754385965,9.751877004258336,79.30077029163527,0.0031337791488195,0.5,0.85,0.9,0.1,0.1,0.85,0.5,1.0,0.9
0.14,0.9964230965763924,1.1891891891891877,0.0094558847432055,0.252249373428963,0.6520525451559934,0.4459404924965293,-0.0314336825964731,0.3463408364259031,0.3052325581395348,0.0667441860465116,1.0,3.8666215809646434,0.0281364249407113,0.0556579825942567,0.6325944170771757,0.5224259563340024,0.6549261083743843,0.1101684607431733,-0.0223316912972085,0.4,0.1215686274509804,19.50698382937454,-0.3652845599601222,0.2761023914032865,0.0,0.9,0.1,0.8,0.05,0.8,0.0,1.0,0.1
0.08,1.0150619192264143,1.124999999999997,-0.3964259169204656,0.0783761810342124,0.4103942652329748,0.0748461771171452,0.0075250836120401,0.7988311731365545,0.2595108695652174,0.0382608695652173,1.0,3.0582258697708093,0.0,0.0467717269986065,0.4032258064516128,0.6898809523809524,0.4086021505376343,-0.2866551459293395,-0.0053763440860215,0.1,0.4608187134502924,3.60863758800512,81.50256220395946,0.0030067664705991,0.0,0.8,0.4,0.6,0.05,0.6,0.0,1.0,0.7
0.08,1.0013516557783286,1.0,-0.0460670686065241,0.2912716320288969,0.5965352449223418,0.495737079302355,0.0451505016722408,0.1831069809186769,0.3410326086956521,0.0391304347826087,1.0,3.2631823643151723,0.0051184788274107,0.0444219093904535,0.6181600955794505,0.5011332035595105,0.6037037037037037,0.1170268920199399,0.0144563918757467,0.7,0.0982456140350876,20.85222088250502,1.2106306763982326,0.2241996354055846,0.0,0.9,0.8,0.1,0.0,0.2,0.0,1.0,0.8
0.12,1.0040431266846364,1.0,-0.0294161167239094,0.1905753044819063,0.678544061302682,0.1448927525783952,0.0093240093240093,0.8630465826926333,0.3115530303030303,0.0586363636363636,1.0,3.2885221577532207,0.0064157158879243,0.0566742083934324,0.6756704980842912,0.5112713420555467,0.6871647509578543,0.1643991560287445,-0.011494252873563,0.1,0.2039215686274509,21.211954313640593,-0.625713851381998,0.3340717404545705,0.5,0.85,0.1,0.8,0.1,0.95,0.5,1.0,0.1
0.05,1.00142830193764,1.073170731707315,-0.0212093095724077,0.2774335078243055,0.4010416666666667,0.4008629064444349,0.0412955465587044,0.2036434302630351,0.4421052631578948,0.0242105263157894,1.0,2.7100727790784136,0.0199415056237944,0.042143368730677,0.4060819892473118,0.2217741935483871,0.4010416666666667,0.1843077956989247,0.0050403225806451,0.2,0.1894736842105262,19.947458488075934,-0.0333559288556051,0.2848161699887707,0.5,0.7,0.8,0.1,0.15,0.85,0.5,0.8,0.8
0.07,1.0000751936235803,1.111111111111113,-0.0188548520827351,0.495221390095155,0.8118279569892474,0.6592246460525074,-0.0446650124069478,0.3243349785920497,0.3563748079877112,0.0323655913978494,1.0,2.619442161305387,0.0095385551618959,0.0812735765590955,0.7956989247311829,0.6117756869773,0.8082437275985663,0.1839232377538828,-0.0125448028673834,0.4,0.2290935672514621,19.14959781842076,0.3194788525465921,0.220136011740535,0.5,0.85,0.85,0.15,0.0,0.9,0.5,1.0,0.85
0.11,0.9968958586492668,1.111111111111113,0.026048255888417,0.406864385646661,0.4817049808429118,0.544076860064893,0.0381079594562741,0.1191072314368244,0.2323799795709908,0.0506741573033707,1.0,3.691497849860762,0.006124226216103,0.0320801676049016,0.4833652618135377,0.5501216077828981,0.4854086845466156,-0.0667563459693603,-0.0020434227330778,0.7,0.4362745098039216,20.030141083321176,0.0742484056140613,0.2697733292097824,0.5,0.85,0.9,0.1,0.05,0.2,0.5,1.0,0.9
0.09,1.0043091870934593,1.1818181818181814,-0.0503352124632719,0.1397023121797131,0.69557945041816,0.253281047955311,0.0209448670987132,0.8914082832597615,0.2762515262515262,0.0445054945054945,1.0,3.148149087383546,0.0109152260882841,0.0665477346293481,0.69557945041816,0.2843869731800766,0.69557945041816,0.4111924772380834,0.0,0.1,0.250438596491228,19.09086287383155,0.4910683229303196,0.2786900817869301,0.5,0.8,0.2,0.8,0.05,0.9,0.5,1.0,0.2
0.12,1.0192230676812173,1.0909090909090928,-0.6064258685843615,0.1990891281436097,0.5656130268199234,0.1384006443732951,0.0104895104895104,0.5666975048079369,0.3825757575757575,0.06,1.0,4.022774176190515,0.0,0.0331569412148753,0.5685823754789272,0.4996168582375479,0.5656130268199234,0.0689655172413792,0.0029693486590037,0.7,0.2215686274509802,1.980271849890764,79.02148092387917,0.0035026255340517,0.0,0.85,0.8,0.1,0.0,0.2,0.0,1.0,0.8
0.09,0.997381872584466,1.121951219512198,-0.0106916668677213,0.3508795236890123,0.8062126642771803,0.1790879518042793,-0.0158730158730158,0.7127790548745693,0.3250915750915751,0.0445054945054945,1.0,3.2789154015206727,0.0328125486438561,0.1029710532288212,0.809916367980884,0.662456098339719,0.8062126642771803,0.147460269641165,0.0037037037037036,0.2,0.1717836257309941,18.411487538141273,2.8032078088417736,0.2484073547621114,0.5,0.85,1.0,0.0,0.0,0.2,0.5,0.8,1.0
0.11,1.0199949141527829,1.0,-0.5513539587954099,0.3257707958333838,0.5805874840357599,0.1632124492990982,-0.0160289149053194,0.9410831659195422,0.3495914198161389,0.0531460674157303,1.0,3.2873868185833177,0.0061106121358789,0.0710319267892966,0.5841954022988506,0.6132876642036124,0.5805874840357599,-0.0290922619047617,0.0036079182630907,0.7,0.1611111111111111,2.6940548428472715,79.07761958283463,0.0033809817611032,0.0,0.9,0.9,0.0,0.0,0.1,0.0,1.0,0.9
0.11,1.033379808086607,1.1818181818181814,-0.5467720433788248,0.2407897943796585,0.4503831417624521,0.1710422840962012,-0.0116288206175845,0.5999773367295418,0.2025025536261491,0.0543820224719101,1.0,3.302370105236593,0.0183287357732249,0.0267703033152388,0.4504789272030651,0.4601467827274279,0.4503831417624521,-0.0096678555243627,9.578544061300542e-05,1.0,0.5264705882352942,7.327271436712502,78.39661852015708,0.0033809817611032,0.0,0.9,0.95,0.05,0.05,0.3,0.0,1.0,0.95
0.11,1.0161211529066927,1.2121212121212117,-0.5482159879195354,0.256724246002855,0.7675606641123882,0.3339249802487229,0.0214504596527068,0.7475882245891121,0.3166496424923391,0.0543820224719101,1.0,3.590575615709939,0.0061075683728621,0.0944796143391796,0.7592273307790549,0.4847993827160494,0.770338441890166,0.2744279480630054,-0.011111111111111,0.4,0.2272875816993463,5.679586025268568,78.51240911967045,0.0033809817611032,0.5,0.85,0.8,0.2,0.1,0.85,0.5,1.0,0.8
0.15,0.99532843931738,1.4399999999999944,0.040126722472207,0.2288405392320511,0.524384236453202,0.5472303437591969,0.0268476621417798,0.3821446773243619,0.2333333333333333,0.0741176470588235,1.0,4.275596061776127,0.0366001286329885,0.0353748796992397,0.5291461412151067,0.5115740740740741,0.517487684729064,0.0175720671410326,0.0116584564860426,0.7,0.388235294117647,19.67903447091828,1.2853491652264806,0.2228450669787291,0.5,0.85,0.9,0.1,0.05,0.15,0.5,1.0,0.9
0.13,1.0018639328984158,1.0909090909090886,-0.050257626525343,0.7945917907822292,0.6873563218390805,1.8855183051620776,-0.0681493572740256,0.0143002549453217,0.3233863837312113,0.0642528735632183,1.0,3.993639839010604,0.0134458010192333,0.0643975663901484,0.6873563218390805,0.5599794238683128,0.6873563218390805,0.1273768979707676,0.0,0.7,0.1140522875816992,20.685001794694195,-0.2765631890354862,0.3906111988888574,0.5,0.8,0.9,0.1,0.05,0.2,0.5,1.0,0.9
0.05,0.9980628086546072,1.135135135135135,0.0147135137386814,0.3551183076014397,0.4847110215053763,0.3111696989862402,0.0331983805668017,0.9275341203165436,0.3263157894736842,0.0247368421052631,1.0,2.757146268687684,0.0119471518176603,0.0797911900312076,0.495127688172043,0.4680779569892473,0.479502688172043,0.0270497311827956,0.015625,0.7,0.3631578947368421,20.34638364639219,-0.0210808192801974,0.2769285170164364,0.5,0.9,0.9,0.0,0.05,0.1,0.5,0.8,0.9
0.1,1.0375693393847707,1.0,-0.366368762943889,0.1660157256931895,0.8592592592592592,0.1115935283973682,-0.0094017094017093,0.9476649193227876,0.3444444444444444,0.05,1.0,3.4269020554747933,0.0,0.0994962965151775,0.8657407407407408,0.5273809523809524,0.8657407407407408,0.3383597883597884,0.0,0.0765225004750592,0.111111111111111,6.861799737186395,38.625589099253624,0.0065514053605923,0.5,0.85,0.9,0.1,0.05,0.4,0.5,1.0,0.9
0.09,0.9997024039150416,1.111111111111113,-0.0181415870307114,0.1909576054096647,0.6624850657108722,0.391182881784876,-0.027707335399643,0.5111276775790234,0.2539682539682539,0.0445054945054945,1.0,3.172725154846617,0.0163992835080369,0.0745984882941368,0.6624850657108722,0.6114969135802469,0.6624850657108722,0.0509881521306252,0.0,1.0,0.2197368421052631,20.315944800557837,0.8564903286130465,0.3124273325234697,0.5,0.9,0.9,0.1,0.05,0.3,0.5,1.0,0.9
0.1,0.9959386555131238,1.0810810810810827,0.0362931867223108,0.2071456034800787,0.4981481481481482,0.5357883538670287,-0.0282051282051281,0.425016266221293,0.2527777777777777,0.0488888888888888,1.0,3.3871607409643696,0.0173742603147568,0.0566936692030294,0.4962962962962963,0.5122887864823349,0.4981481481481482,-0.0159924901860386,-0.0018518518518518,1.0,0.3666666666666667,20.737907534049334,-0.0952740750858351,0.3080718577756169,0.5,0.9,0.9,0.1,0.05,0.2,0.5,1.0,0.9
0.12,0.9969008264462812,1.1842105263157898,0.0333062786663216,0.130721212157455,0.614367816091954,0.0660001084214673,-0.0061188811188811,0.5799616807847034,0.2613636363636363,0.0572727272727272,1.0,3.539235792561647,0.0064207763584525,0.0673576407316852,0.614367816091954,0.6652618135376757,0.614367816091954,-0.0508939974457216,0.0,1.0,0.2957516339869283,20.506099936839817,-0.1547047809195443,0.2723069846462876,0.5,0.8,0.1,0.85,0.15,0.95,0.5,1.0,0.1
0.05,0.993627566674534,1.0555555555555567,0.0424808650537683,0.3242336410286054,0.3620631720430107,0.4477620327653107,-0.0388663967611335,0.6217789754780066,0.3052631578947368,0.0247368421052631,1.0,2.356852459488617,0.043910478749431,0.0686735864147862,0.398521505376344,0.3643695014662756,0.3568548387096774,0.0341520039100684,0.0416666666666666,1.0,0.436842105263158,18.579431022222508,0.9571082266758144,0.2033931664432035,0.5,0.8,0.9,0.1,0.05,0.85,0.5,1.0,0.9
0.17,0.9969364638039336,1.222222222222222,0.0221518917763885,0.595431068232826,0.7213403880070547,1.928707839757988,-0.0612767813334786,0.02555398748464,0.304925584691708,0.0819277108433735,1.0,4.042914061223258,0.0078830769506276,0.090362511520791,0.7233245149911817,0.5909482758620689,0.7213403880070547,0.1323762391291127,0.0019841269841269,0.4,0.2074754901960787,20.74369326427822,-0.3832086320625785,0.3782307802420927,0.5,0.85,0.95,0.0,0.0,0.15,0.5,1.0,0.95
0.03,1.000480743550024,1.0810810810810825,-0.0105246181457025,0.0184399884262144,0.0514520202020201,0.0029966692221169,0.0005286809410521,0.7931830779331579,0.3651202749140893,0.0142268041237113,1.0,1.088325050993432,0.0,0.0130472899329681,0.5,0.5,0.5,0.0,0.0,1.0,0.0,0.0,0.4960749038199425,0.1577710023272191,0.0,0.9,0.1,0.85,0.05,0.95,0.0,1.0,0.1
0.12,0.999508725962663,1.0,-0.0131546482329252,0.4932610623378219,0.678544061302682,0.8930738662283451,0.0402097902097902,0.1323187980519171,0.3579545454545455,0.06,1.0,3.5830741531033667,0.0,0.0588635546562558,0.678544061302682,0.6138482793933294,0.678544061302682,0.0646957819093525,0.0,0.7,0.2228758169934639,20.575107739093532,-0.3697222285658506,0.3754987912070968,1.0,0.85,0.9,0.8,0.1,0.1,0.5,1.0,0.4
0.14,0.9980052285314266,1.4117647058823508,0.0162337394632001,0.1435803704960217,0.4374384236453202,0.0184759319728077,0.0014055711730131,0.584279142386814,0.2441860465116279,0.0651162790697674,1.0,3.8269892141683184,0.0070305385777104,0.0292696237783671,0.443103448275862,0.5979242979242979,0.440311986863711,-0.1548208496484358,0.002791461412151,0.7,0.4395424836601306,20.1514308110311,0.2013866459497091,0.2678928603231293,0.0,0.9,1.0,0.0,0.05,0.05,0.0,1.0,1.0
0.08,1.0034337153728363,1.0249999999999997,-0.0411194129082071,0.2429612593948141,0.6931899641577061,0.1731536081333951,-0.0200668896321069,0.7270412528576163,0.3478260869565217,0.0382608695652173,1.0,3.038113305472287,0.0,0.0495593059845062,0.6817204301075268,0.2592116240266963,0.6894862604540024,0.4225088060808304,-0.0077658303464755,0.1,0.144298245614035,20.280125015812697,-0.0267108291619901,0.2589253848731839,1.0,0.9,1.0,0.0,0.05,0.1,1.0,1.0,1.0
0.03,1.0129986553115196,1.0,-0.0805028803795524,0.2661289477114934,0.1120580808080808,0.2931586624305757,-0.0338355802273328,0.5434380478334664,0.345360824742268,0.0148453608247422,1.0,1.967669289400631,0.0122096254098996,0.0348190991391863,0.5,0.5,0.5,0.0,0.0,1.0,0.0,0.0,19.85141043286773,0.0092309755737035,0.0,0.9,0.1,0.85,0.05,0.95,0.0,1.0,0.1
0.11,1.014412196768174,1.090909090909093,-0.544622537313538,0.1797777092795432,0.6309067688378033,0.0046332523227475,0.0003928655614049,0.9224947262577056,0.2834525025536262,0.0543820224719101,1.0,3.4317780881378814,0.0122251398509749,0.0570994245048043,0.6508301404853128,0.4840748980348535,0.6337803320561941,0.1667552424504593,0.0170498084291187,0.1,0.3019607843137254,11.447094680565865,77.97429904515789,0.0033809817611032,1.0,0.8,0.9,0.7,0.15,0.1,0.5,1.0,0.3
0.07,0.9982280626451392,1.0,0.012672698718383,0.0226725293563565,0.8046594982078853,0.306987777978628,0.0248138957816377,0.3292513228506942,0.3283410138248848,0.0338709677419354,1.0,2.8215935088415875,0.0095276204082063,0.0851112936835948,0.8046594982078853,0.7288074712643677,0.8046594982078853,0.0758520269435175,0.0,0.7,0.23859649122807,19.218790732854536,0.1224571640428355,0.2686825971366592,0.0,0.85,0.9,0.1,0.0,0.2,0.0,1.0,0.9
0.06,1.0089738660765355,1.0,-0.2948479105863946,0.3923580663826677,0.748991935483871,0.2535594647196053,-0.0237315875613747,0.579897895163375,0.3537234042553192,0.03,1.0,2.8575873836913046,0.0,0.0785399612276336,0.7384072580645161,0.2918981481481481,0.7543682795698925,0.446509109916368,-0.0159610215053763,0.1,0.1546783625730995,8.532102356129505,83.3881449978277,0.0027403376779166,0.0,0.9,0.9,0.1,0.05,0.3,0.0,1.0,0.9
0.07,1.02164648773742,1.0731707317073151,-0.2585201038085358,0.1796762932971253,0.8584229390681003,0.0909140147548431,-0.0095710740872031,0.9169151728973614,0.3855606758832565,0.0346236559139784,1.0,2.7251301967370716,0.0190720391070335,0.1179455564691496,0.8351254480286737,0.5474910394265232,0.8530465949820788,0.2876344086021505,-0.017921146953405,0.1,0.0748538011695907,2.519178693530722,42.12897513576041,0.0057825472252465,0.5,0.85,0.9,0.1,0.05,0.95,0.5,1.0,0.9
0.1,0.9990123642000772,1.3333333333333344,0.4118747910596134,0.0093091632445373,0.5518518518518518,0.0074848289450834,0.0008547008547008,0.9713610623555704,0.2694444444444444,0.0466666666666666,1.0,3.328059025942136,0.0058009363791913,0.0486411258969559,0.5361111111111111,0.4796296296296296,0.5518518518518519,0.0564814814814814,-0.0157407407407408,1.0,0.3333333333333333,10.873478062555376,60.30304682281688,0.0065514053605923,0.5,0.8,0.9,0.1,0.05,0.9,0.5,1.0,0.9
0.1,0.9992078759760098,1.1250000000000022,0.3825229313171085,0.1931771143326535,0.3212962962962962,0.4295169630572296,0.035042735042735,0.2731681112402476,0.2305555555555555,0.0488888888888888,1.0,3.367912378285107,0.017404390525867,0.0571322109739418,0.3435185185185185,0.3523112099864047,0.3398148148148148,-0.0087926914678861,0.0037037037037037,1.0,0.6777777777777778,10.549699051615123,55.17305286704563,0.0306480125404707,0.5,0.85,0.9,0.1,0.1,0.85,0.5,1.0,0.9
0.14,0.9973022256638274,1.1999999999999986,0.4712718277678762,0.0502155077137785,0.3793103448275862,0.0067634097482395,-0.0005111167901864,0.9551440652365194,0.2346345514950166,0.0634883720930232,1.0,3.956621346298902,0.0211660390862066,0.0302042910969643,0.3618226600985221,0.55086917562724,0.3843185550082102,-0.1890465155287178,-0.022495894909688,0.1,0.2212418300653595,10.952473449171576,31.76280150126867,0.0113579784415465,0.5,0.8,0.2,0.8,0.15,0.95,0.5,1.0,0.2
0.07,0.9999943189057888,1.1999999999999986,0.0578907536416575,0.1220578605339226,0.6308243727598567,0.2258088697754602,-0.0238686045137657,0.524095401281488,0.3632872503840246,0.0338709677419354,1.0,2.757906681601663,0.0334094859578896,0.1029175394172391,0.6182795698924731,0.0,0.6397849462365591,0.0,-0.021505376344086,0.0,0.1391812865497075,18.39535505743835,5.65858560108771,0.1335549092586316,0.5,0.85,0.7,0.3,0.1,0.85,0.5,0.8,0.7
0.09,0.9996383737149352,1.0,0.0420102316790008,0.0409057720253792,0.6585424133811231,0.0528457256859486,0.0065746219592374,0.8763948130993848,0.3351648351648351,0.0445054945054945,1.0,3.3967219995178364,0.0328110603866738,0.0619353843799221,0.6765830346475509,0.3532010876282289,0.6729988052568698,0.3233819470193219,0.003584229390681,0.1,0.1312865497076023,17.58562367640561,3.8236155407356263,0.1898269280081871,0.5,0.85,0.9,0.1,0.0,0.2,0.5,1.0,0.9
0.11,0.9980159361704382,1.1666666666666683,0.4214622565301003,0.3704112175048052,0.6896551724137931,0.3857844194980959,0.024279091694822,0.355025233897948,0.2111848825331971,0.0543820224719101,1.0,3.718516300421022,0.0366879544606533,0.0354569527768483,0.6895593869731801,0.3968595323434032,0.6924329501915709,0.2926998546297768,-0.0028735632183908,0.1,0.5918300653594772,13.794667420152852,52.91115427519156,0.0549424970626111,0.5,0.85,0.8,0.1,0.05,0.95,0.5,1.0,0.85
0.1,0.99926136963174,1.0,0.3614062686466477,0.4015762358839562,0.4564814814814815,0.4335297231045861,0.0273504273504273,0.3275578806740499,0.2305555555555555,0.0488888888888888,1.0,3.535954185384642,0.0057966193308549,0.0259570822191168,0.4481481481481482,0.3524100852799407,0.4472222222222222,0.0957380628682074,0.0009259259259259,1.0,0.55,10.85955606742056,50.06632038813335,0.0306480125404707,0.5,0.85,0.8,0.15,0.1,0.85,0.5,1.0,0.85
0.12,0.9988532342852502,1.071428571428571,0.1549581070581123,0.1752834863706401,0.5465517241379311,0.0873278193532602,0.009032634032634,0.5476358685431556,0.2679924242424242,0.0586363636363636,1.0,3.752899342191347,0.0451088362277642,0.0408274530938712,0.5431992337164752,0.535283187881368,0.5408045977011494,0.0079160458351071,0.0023946360153257,1.0,0.361111111111111,18.585821356653668,3.638555433174687,0.1526654747702829,0.5,0.8,0.8,0.2,0.05,0.9,0.5,1.0,0.8
0.07,0.9998983769344676,1.0,0.0581730302687713,0.729936894959763,0.7419354838709676,1.6077780284005847,0.086966796644216,0.0299498521649688,0.3122119815668203,0.0338709677419354,1.0,3.0259290322892984,0.0143004016281294,0.0679839864961402,0.7598566308243727,0.0,0.7562724014336917,0.0,0.003584229390681,0.0,0.2152046783625731,19.215554315891644,4.641050121950309,0.1478504569588263,0.5,0.85,0.9,0.1,0.1,0.6,0.5,0.8,0.9
0.07,0.9996658746358396,1.0,0.0894084169188007,0.4099871434911709,0.7741935483870969,0.4860779970297988,-0.0328488715585489,0.343809659043217,0.3632872503840246,0.0316129032258064,1.0,2.9057250447824505,0.0095563902228578,0.067679484783195,0.7759856630824373,0.6656735364396654,0.7706093189964158,0.1103121266427719,0.0053763440860215,0.5065551690490403,0.1950292397660818,17.509748996129606,7.06562308604847,0.1430024284312694,0.0,0.8,0.9,0.1,0.0,0.3,0.0,1.0,0.9
0.11,1.000064772668962,1.1999999999999986,0.0372639281363477,0.6881193210930261,0.6862707535121327,0.9180543230636204,0.0389722636913648,0.1867194371725742,0.212461695607763,0.0519101123595505,1.0,3.3327876629078776,0.0122441059727329,0.0700791971488718,0.6833971902937419,0.6988011370658757,0.6973818646232438,-0.0154039467721337,-0.0139846743295019,1.0,0.4784313725490197,19.699223692950035,3.391366578925478,0.147131948306801,1.0,0.9,0.9,0.1,0.05,0.15,1.0,0.6,0.9
0.07,0.9980332199204676,1.0,0.2392914260147129,0.011165940054069,0.1810035842293906,0.0143625751976297,-0.0015360983102918,0.8894176623327622,0.3344854070660522,0.0338709677419354,1.0,2.5278940509315446,0.0382292717956975,0.0342648410283198,0.1810035842293906,0.6229171582341771,0.1792114695340501,-0.4419135740047865,0.0017921146953404,0.1,0.2109649122807015,11.262261417546595,46.48422033681496,0.0207925618879037,0.5,0.7,0.2,0.8,0.15,0.9,0.5,0.8,0.2
0.12,0.9983763145972604,1.0416666666666663,0.4557587040618909,0.2294245760200229,0.6541187739463602,0.7964830052232302,-0.0407925407925408,0.1651341211059502,0.2859848484848485,0.06,1.0,3.6276082708938167,0.0,0.0637832182368629,0.6397509578544062,0.3929757343550447,0.6512452107279694,0.2467752234993614,-0.0114942528735632,0.1,0.2428104575163399,12.028807469617645,50.97105306891597,0.0528262830315976,0.5,0.8,0.8,0.1,0.15,0.8,0.5,0.8,0.8
0.07,0.9992793619930148,1.0,0.272045149272718,0.2833700083563946,0.3906810035842293,0.5840264488022939,0.0449013352239159,0.2907100350588798,0.2446236559139785,0.0346236559139784,1.0,3.1814661978410235,0.0286323699063427,0.0509258081414278,0.3817204301075269,0.5337643678160919,0.3942652329749103,-0.152043937708565,-0.0125448028673834,0.4,0.4035087719298245,13.799636635914936,58.17236283419631,0.0177245068464802,0.0,0.8,0.2,0.8,0.15,0.9,0.0,0.8,0.2
0.12,1.000573903775467,1.0416666666666663,-0.0086642192229186,0.7025626954058469,0.5621647509578543,2.1072846874195936,0.0731351981351982,0.0305713779463401,0.2840909090909091,0.0559090909090909,1.0,3.3906303482025453,0.0,0.0530876850974185,0.5449233716475095,0.4570881226053639,0.5565134099616859,0.0878352490421455,-0.0115900383141763,1.0,0.3983660130718953,21.37843115748172,1.8337525679321465,0.2566232148015288,0.5,0.8,0.9,0.1,0.0,0.3,0.5,1.0,0.9
0.11,1.0006996319400394,1.0,-0.050390081974146,0.2552724650546741,0.5996487867177522,0.2351811720285555,0.0191718393965584,0.2629348165433994,0.2622574055158325,0.0543820224719101,1.0,3.600014163792271,0.0,0.0358847485025217,0.6200191570881225,0.6003831417624522,0.60242656449553,0.0196360153256702,0.0175925925925924,0.7,0.3895424836601306,20.959181425055174,0.2477676864395799,0.3401783918132811,0.5,0.85,0.2,0.8,0.05,0.9,0.5,1.0,0.2
0.06,0.999352833550387,1.1250000000000022,0.0671034349459371,0.1972680767422776,0.3294690860215054,0.1666130973494884,0.0160938352427714,0.4672757423013208,0.2641843971631206,0.0293617021276595,1.0,2.6953581343441284,0.0351384158255885,0.0247931613182685,0.3348454301075268,0.0,0.3294690860215054,0.0,0.0053763440860214,0.0,0.3891812865497076,17.84902689979,2.174158137966934,0.140626897249806,0.5,0.8,0.1,0.8,0.15,0.95,0.5,1.0,0.1
0.09,0.999851611254462,1.0,0.0524848511717789,0.3554168108102643,0.4216248506571087,0.3449647926115309,-0.0227294073447919,0.3834407287823903,0.4175824175824175,0.0445054945054945,1.0,2.859234760467044,0.0109210821614401,0.0454411839621756,0.4289127837514934,0.5219348659003832,0.4253285543608124,-0.0930220821488897,0.0035842293906809,0.7,0.1052631578947368,19.963294234355203,2.0046355536669225,0.2144465818624542,1.0,0.7,0.9,0.6,0.15,0.15,0.5,1.0,0.5
0.13,0.9990352336175248,1.5833333333333328,0.0957304051324482,0.0661746874716968,0.5011494252873563,0.4206262292722042,0.0336665986533361,0.1593284999328221,0.2648099027409372,0.0642528735632183,1.0,3.6592068493367,0.0404021019394298,0.0563029241323524,0.5028735632183908,0.7483746392719325,0.4982758620689655,-0.2455010760535416,0.0045977011494252,0.1,0.3457516339869283,19.254781450449745,2.5123400916448295,0.1947739712944478,0.5,0.85,0.8,0.1,0.05,0.3,0.5,1.0,0.85
0.05,0.999841828462968,1.120000000000002,0.0511654209235392,0.3392485978810542,0.7355510752688171,0.5992487388555414,-0.063157894736842,0.216010511000364,0.4657894736842105,0.0242105263157894,1.0,2.319926095629359,0.0159509389015663,0.1092032595526448,0.7303427419354839,0.7311447811447812,0.7303427419354839,-0.0008020392092973,0.0,1.0,0.1210526315789473,19.265151676160812,5.06722411887945,0.1287106632361924,0.5,0.85,0.85,0.15,0.1,0.85,0.5,0.8,0.85
0.07,0.999332332036068,1.1199999999999992,0.2673395790321065,0.674648129141496,0.6559139784946236,0.3788223534321357,0.032730710150065,0.4207862136767805,0.2526881720430107,0.0338709677419354,1.0,2.794207690463781,0.0,0.0562422615393235,0.6487455197132617,0.0,0.6523297491039427,0.0,-0.003584229390681,0.0,0.4790935672514621,12.585645792574969,56.54765755060444,0.0116889091522701,0.5,0.8,0.8,0.2,0.05,0.9,0.5,0.8,0.8
0.1,1.0000499151442548,1.2857142857142836,0.0540341600052209,0.349205249934157,0.6888888888888888,0.7718147923771517,0.0572649572649573,0.0790889400948775,0.2888888888888888,0.0488888888888888,1.0,3.3417264992158215,0.0173742603147568,0.0444258250604528,0.6814814814814815,0.5465434845301363,0.6712962962962963,0.1349379969513451,0.0101851851851851,0.1,0.2444444444444445,21.45257867117954,1.8178988646309229,0.2443921849312755,1.0,0.9,0.9,0.0,0.05,0.1,1.0,0.8,0.9
0.07,0.99854829949767,1.0,0.2658495473128779,0.7166995999331579,0.6881720430107526,1.3429594306378694,0.0660522273425499,0.082403933515298,0.2914746543778801,0.0346236559139784,1.0,2.7732029448072284,0.0095347237167465,0.0287404178403805,0.7060931899641577,0.4296103414568376,0.6881720430107526,0.2764828485073201,0.017921146953405,0.0765225004750592,0.2662280701754385,12.094530187327488,54.761784029240296,0.0116889091522701,0.5,0.8,0.9,0.1,0.15,0.8,0.5,1.0,0.9
0.04,1.0002173373075012,1.120000000000002,-0.0276532305675439,0.4010051929232644,0.3489583333333333,0.3651428075487243,0.0424679487179487,0.245577496777383,0.3020833333333333,0.0195833333333333,1.0,2.0594240562183463,0.014211916907692,0.0219367728293434,0.5,0.5,0.5,0.0,0.0,1.0,0.0,0.0,2.048672718201976,0.1603251683115079,0.0,0.8,0.1,0.8,0.1,0.9,0.0,0.8,0.1
0.08,0.9999280215411896,1.1999999999999986,0.0551998567848317,0.3014809847319402,0.7818399044205496,0.5533858369482582,-0.0372073578595317,0.3541371411733661,0.2934782608695652,0.04,1.0,2.596376085385451,0.0,0.0854234577191039,0.7565113500597372,0.6831018518518519,0.7657108721624851,0.0734094982078853,-0.0091995221027478,0.7,0.3255847953216375,21.44178974880108,3.2491273587111973,0.1761464439782173,0.5,0.85,0.9,0.1,0.0,0.9,0.5,1.0,0.9
0.17,1.0018079499325852,1.142857142857142,-0.2239460920885239,0.5807463023203664,0.5926954732510288,1.5912932838680318,0.0660742517581639,0.0094889897835317,0.2565556343019135,0.0839759036144578,1.0,4.085094329358205,0.0395510969617131,0.0246594791588839,0.607745443856555,0.3674382716049383,0.5946796002351558,0.2403071722516167,0.0130658436213992,0.1,0.3084558823529413,18.68919963897009,3.839027918702533,0.2154963039559851,0.5,0.7,0.6,0.5,0.15,0.9,0.5,0.8,0.5
0.11,0.9997569961323304,1.142857142857142,0.0739826801864269,0.2951304877459801,0.3974137931034482,0.5681357963125296,0.0371650821089023,0.3626368521456556,0.2249744637385086,0.0531460674157303,1.0,3.064484697949083,0.0122314274191202,0.0330222104421646,0.4088122605363984,0.5559881349647756,0.4029693486590038,-0.1471758744283771,0.0058429118773946,0.2,0.4624183006535947,19.006378130774127,2.1321586684924574,0.212251735187334,0.5,0.8,0.85,0.15,0.05,0.85,0.5,1.0,0.85
0.09,0.9997380598969702,1.0,0.0741924546438652,0.1728725107227333,0.4799283154121863,0.2285096760942152,0.0185028646567108,0.7997551010924131,0.3324175824175824,0.0445054945054945,1.0,3.67080367226236,0.0164212776857967,0.0390148597673448,0.4616487455197132,0.3434944684944684,0.4798088410991636,0.1181542770252447,-0.0181600955794504,0.5065551690490403,0.2704678362573101,19.783483176485433,2.121874454363735,0.201881401716456,0.5,0.8,0.5,0.6,0.05,0.85,0.5,1.0,0.5
0.03,0.9999031198484364,1.0,0.0215040618002853,0.4255322318465109,0.4924242424242424,0.2380240036053353,-0.0340999206978588,0.5799082570918064,0.4243986254295532,0.0145360824742268,1.0,1.24368961966252,0.0061100793648546,0.0766014573925687,0.5,0.5,0.5,0.0,0.0,1.0,0.0,0.0,1.9834358806172905,0.1444041285227016,0.0,0.8,0.3,0.7,0.05,0.2,0.0,1.0,0.4
0.11,0.9995083338477028,1.142857142857142,0.3702552389692561,0.1481404821753198,0.6639846743295019,0.3633370640949785,0.031114952463267,0.2578997778362222,0.3140960163432073,0.0531460674157303,1.0,3.628696503282816,0.0,0.0688271263305092,0.6639846743295019,0.6722093621399177,0.6639846743295019,-0.0082246878104157,0.0,1.0,0.2026143790849672,11.725523433323556,46.77990630618389,0.0589673695777138,0.5,0.8,0.9,0.1,0.05,0.9,0.5,1.0,0.9
0.07,0.9994589032161438,1.0,0.0781948149396034,1.1428236983716458,0.8727598566308243,2.0365523338842055,0.0863759896017961,0.0369991556710162,0.3099078341013825,0.0338709677419354,1.0,3.0056613706890114,0.0190867452431793,0.0702575767557754,0.8799283154121863,0.2727299880525686,0.8727598566308243,0.6071983273596177,0.0071684587813619,0.1,0.3330409356725144,18.645688196684723,3.240688468155091,0.1478504569588263,0.5,0.85,0.9,0.1,0.1,0.85,0.5,1.0,0.9
0.05,0.9998441700105184,1.1428571428571417,0.0170688374943155,0.3345037476995816,0.7419354838709676,0.3337250362685209,0.031578947368421,0.786122945563936,0.4684210526315789,0.0236842105263157,1.0,2.4691798564225125,0.0079726997430722,0.1019058672561814,0.7738575268817204,0.0,0.7738575268817204,0.0,0.0,0.0,0.0842105263157895,19.36774304376856,3.7109246246900978,0.1161072426141292,0.5,0.9,0.9,0.0,0.0,0.15,0.5,1.0,0.9
0.13,0.9980016584286496,1.0999999999999992,0.5412641471277171,0.0055558176906435,0.3528735632183908,0.054052222081573,0.0040127865061552,0.7336200721540056,0.1865605658709107,0.0627586206896551,1.0,3.543367108568879,0.0336963441553144,0.0253732251360221,0.3574712643678161,0.6656954156954157,0.35,-0.3082241513275995,0.007471264367816,0.1,0.4988562091503268,9.724229555338926,57.35604401576972,0.0072869010045829,0.0,0.8,0.8,0.1,0.05,0.85,0.0,1.0,0.8
0.09,0.9993091035005424,1.0,0.0714493977237359,0.4659632770224407,0.3333333333333333,0.832979503332782,-0.048182586644125,0.1593712706690114,0.3354700854700854,0.0445054945054945,1.0,3.198287135228706,0.027396032418181,0.0333647029094019,0.3230585424133811,0.2234169653524491,0.337037037037037,0.0996415770609319,-0.0139784946236559,0.2682858836771173,0.2296783625730996,17.375493922328392,0.8799224737630618,0.2484073547621114,0.5,0.85,0.8,0.2,0.1,0.85,0.5,0.8,0.8
0.1,0.9985714523014564,1.2142857142857126,0.1289282430622915,0.0536886752421282,0.3416666666666666,0.0350449484138238,-0.0034188034188034,0.9093797836232056,0.2333333333333333,0.0488888888888888,1.0,3.142302508650759,0.0581260187763934,0.0325599063470801,0.3796296296296296,0.73213458994709,0.3453703703703703,-0.3525049603174604,0.0342592592592592,0.1,0.4277777777777777,17.84841499157724,1.69629306621062,0.2372888921325374,1.0,0.7,0.9,0.8,0.15,0.15,0.5,0.8,0.2
0.1,1.0005590181305433,1.0,-0.0022489856539146,0.0519273857379051,0.7277777777777779,0.1315868565952213,-0.0111111111111111,0.8630974974178903,0.3,0.0466666666666666,1.0,3.482588355643083,0.0,0.0681768533175251,0.7333333333333334,0.6791243528474711,0.7314814814814815,0.0542089804858623,0.0018518518518518,0.7,0.1249999999999998,15.172446050918964,3.273249312196681,0.0984932761501543,0.5,0.8,0.5,0.7,0.05,0.85,0.5,0.8,0.5
0.13,0.9995929082530018,1.3333333333333344,0.0446935931131627,0.4747753318426498,0.6,0.4723741253005282,0.0270693055838944,0.4759891979294862,0.2091069849690539,0.0612643678160919,1.0,3.6335144557474512,0.0134689613770726,0.0597059296271542,0.5873563218390805,0.5751369679171403,0.6022988505747127,0.0122193539219401,-0.0149425287356321,1.0,0.3872549019607842,17.04879028113639,3.091235261289272,0.0952028645985067,1.0,0.9,0.9,0.1,0.05,0.1,1.0,0.8,0.9
0.12,0.999452354874042,1.0357142857142854,0.0828360566638574,0.1874743195163842,0.5327586206896552,0.1799818313811229,-0.011072261072261,0.7487958972423502,0.1931818181818181,0.0572727272727272,1.0,3.2282694206855953,0.0257252157403818,0.0204950486734752,0.5127394636015326,0.4490102171136654,0.5298850574712644,0.0637292464878671,-0.0171455938697318,0.4,0.5081699346405228,19.63877484220384,1.9166106903217075,0.17571078479045,1.0,0.9,0.95,0.0,0.05,0.1,1.0,1.0,0.95
0.07,0.9997078684509164,1.1428571428571417,0.0640903438297548,0.5456044019096965,0.6200716845878135,0.2237429131136128,0.0229233132458939,0.6199902549844785,0.337557603686636,0.0338709677419354,1.0,3.0412870255171582,0.0047679233723769,0.0641350435609514,0.6093189964157705,0.7316498316498317,0.6200716845878136,-0.1223308352340611,-0.0107526881720431,0.4,0.1616959064327484,18.29994503068042,3.0984095076442104,0.1430024284312694,0.5,0.8,0.9,0.1,0.05,0.85,0.5,0.8,0.9
0.04,1.0000972567326756,1.0357142857142856,0.008360931608026,0.2688075466331807,0.5729166666666666,0.3523442800502863,-0.0360576923076922,0.687943848968792,0.3229166666666666,0.0195833333333333,1.0,2.130761572621138,0.0141686700516202,0.0657091708632646,0.5,0.5,0.5,0.0,0.0,1.0,0.0,0.0,1.74251376548328,0.196269709756512,0.5,0.8,0.85,0.1,0.05,0.9,0.5,1.0,0.85
0.1,0.9998179591566544,1.0,0.0501042105351705,0.5252899219791038,0.7074074074074076,1.625355633945915,-0.0692307692307691,0.0312124567954328,0.3833333333333333,0.0477777777777777,1.0,3.038197398177779,0.0115943607056682,0.0756571961869886,0.6962962962962963,0.3509897828863346,0.7027777777777778,0.3453065134099616,-0.0064814814814815,0.1,0.3111111111111111,19.22089934161027,1.7449670629943643,0.174067365849232,0.5,0.8,0.9,0.1,0.15,0.6,0.5,0.6,0.9
0.1,0.9994604241895988,1.2857142857142871,0.0604587226426608,0.0249479157331242,0.349074074074074,0.053984289620714,-0.0051282051282051,0.7525550334756339,0.2166666666666666,0.0488888888888888,1.0,3.223831811196882,0.0173941718276291,0.0178957327518517,0.3342592592592592,0.2119341563786008,0.3435185185185185,0.1223251028806584,-0.0092592592592592,0.7,0.4222222222222221,18.358949662435577,3.1152358685160895,0.1168980035869257,0.5,0.8,0.1,0.9,0.15,0.9,0.5,0.8,0.1
0.08,0.9998034140427904,1.0416666666666663,0.0310565142832196,0.4850694322266172,0.4710872162485065,0.7892617240887021,0.0455685618729097,0.2740033515592126,0.2228260869565217,0.04,1.0,3.1447476183540455,0.0,0.0364570024167491,0.4443249701314217,0.3520833333333333,0.4710872162485065,0.0922416367980884,-0.0267622461170847,0.4,0.422514619883041,18.33190550987606,1.1410411147036923,0.2177330170543971,0.0,0.8,0.1,0.8,0.05,0.9,0.0,1.0,0.1
0.13,0.9972645256319208,1.3000000000000014,0.4281452775115868,0.329378720327841,0.6908045977011494,0.1987438930837694,0.0135346527919473,0.490595767581223,0.2816091954022989,0.0642528735632183,1.0,3.672921187856804,0.0403872756818481,0.0497908763763657,0.6885057471264368,0.4941750550451576,0.6885057471264368,0.1943306920812791,0.0,0.2,0.2728758169934641,11.050256754936084,30.890278734253307,0.0147354019379858,0.5,0.8,0.8,0.2,0.05,0.9,0.5,1.0,0.8
0.1,0.9998249431065096,1.0,0.03776757754771,0.7029951794063153,0.7018518518518518,0.5960852220939978,-0.0487179487179487,0.2095700430197521,0.3583333333333333,0.0466666666666666,1.0,3.308539803878787,0.0174112481935031,0.0944980062133463,0.6925925925925925,0.5430107526881721,0.7046296296296296,0.1495818399044204,-0.012037037037037,0.4,0.1222222222222222,19.382626225227565,0.5238442091826547,0.2516641727248349,0.5,0.7,0.8,0.2,0.15,0.9,0.5,1.0,0.8
0.05,0.9998587493035554,1.0,0.0256290918126574,0.4826176287387986,0.5908938172043011,0.4001637312275474,0.0340080971659919,0.3758424503978604,0.2684210526315789,0.0231578947368421,1.0,2.517229771721199,0.0079789175518497,0.0744847677977196,0.5855174731182796,0.0,0.5908938172043011,0.0,-0.0053763440860215,0.0,0.5263157894736843,17.32086104461641,3.115896977444762,0.1920593241980608,0.5,0.7,0.8,0.6,0.15,0.85,0.0,0.8,0.8
0.12,1.0001930776578662,1.2499999999999982,-0.0015412042732416,0.7318895343534865,0.6949233716475095,2.3124491308925776,0.078962703962704,0.0076998190435894,0.3049242424242424,0.06,1.0,3.833307594749259,0.0,0.0775770281843226,0.6951149425287356,0.5136904761904763,0.6949233716475095,0.1814244663382593,0.0001915708812261,0.4,0.4062091503267973,20.13174486801619,2.674073827626404,0.1208916522650863,0.5,0.8,0.9,0.1,0.05,0.2,0.5,1.0,0.9
0.12,0.9993070746321384,1.1666666666666683,0.1192357835505022,0.1771164183326335,0.4840038314176245,0.4148096737286108,0.0253496503496503,0.4417331694676868,0.2301136363636363,0.0572727272727272,1.0,3.6372837161049776,0.0257542919153351,0.0494734389797626,0.4783524904214559,0.4536398467432951,0.4782567049808429,0.0247126436781608,9.578544061306092e-05,0.7,0.4415032679738563,20.593728910858783,2.5876139254361936,0.2070185546537631,0.5,0.8,0.8,0.1,0.05,0.85,0.5,0.8,0.8
0.11,0.9991047858352704,1.5238095238095235,0.112283879976573,0.454398363042012,0.3962005108556832,0.917827020232487,0.0478510253791152,0.1905922350528649,0.2349336057201225,0.0519101123595505,1.0,3.595573090486537,0.0,0.0370077148939598,0.4039910600255427,0.6983102918586789,0.3962005108556832,-0.2943192318331361,0.0077905491698594,0.2,0.469281045751634,20.141417478944263,2.187497235270488,0.1692919655923029,0.5,0.8,0.9,0.1,0.05,0.85,0.5,1.0,0.9
0.07,1.0000901018311592,1.0,-0.002016998100072,0.0931732936789282,0.5949820788530465,0.012249497099017,0.0014179369018078,0.9225170807803366,0.3294930875576037,0.0346236559139784,1.0,2.848617530592509,0.0095353859673123,0.0483566950152005,0.5788530465949822,0.7045977011494253,0.5931899641577061,-0.1257446545544431,-0.0143369175627239,1.0,0.2228070175438595,18.710747413633,1.6052557207014742,0.1430024284312694,0.0,0.85,0.2,0.8,0.05,0.85,0.0,0.8,0.2
0.11,0.9953574317107275,1.2199852117018748,0.0874295818818745,0.4314575693232001,0.5665389527458493,0.4470819035883219,0.0828396322778345,0.4175442791279299,0.146067415730337,0.0543820224719101,1.0,3.6025680246339538,0.0,0.0424805614757562,0.5684865900383143,0.5411535303776683,0.569220945083014,0.0273330596606459,-0.0007343550446997,1.0,0.3965686274509804,18.816836413665204,0.0239296575547891,0.3030128812523897,1.0,0.95,0.9,0.1,0.0,0.1,1.0,0.8,0.9
0.07,0.999599917933854,1.0757398979603807,0.00207884272106,0.9030691231428576,0.7204301075268816,1.2070805632070831,0.2056835637480799,0.0688071798445862,0.2473118279569892,0.0346236559139784,1.0,2.802677772659746,0.0,0.1029121558036074,0.7060931899641577,0.2672413793103448,0.7150537634408601,0.4388518106538129,-0.0089605734767024,0.1,0.1343567251461987,19.730695705975783,0.3993362915066214,0.2077045012201384,1.0,0.95,0.2,0.8,0.1,0.9,1.0,1.0,0.2
0.09,0.9990745854902816,1.0589202131859172,0.0391418549945997,0.4822672545727167,0.4851851851851852,0.3522414695316554,0.0836385836385836,0.5957586279531343,0.1947496947496947,0.0445054945054945,1.0,3.1963934745432847,0.0,0.0626451756609459,0.4777777777777778,0.2393518518518518,0.4814814814814814,0.2384259259259259,-0.0037037037037035,0.2,0.4318713450292397,20.43267672788408,2.0049759199734787,0.2556927650014323,1.0,0.95,0.4,0.6,0.05,0.2,1.0,1.0,0.4
0.06,0.9991899150098702,1.0180200465889593,0.042817745210866,0.2199572084389799,0.4835349462365592,0.0656153485394244,-0.0212765957446809,0.8274513782633853,0.2437943262411347,0.03,1.0,2.5432587976546293,0.0,0.0750497167233046,0.4835349462365592,0.0950940860215053,0.4835349462365592,0.3884408602150538,0.0,0.1,0.3011695906432748,17.95689364021362,2.804303381516526,0.1649213263564441,1.0,0.95,0.1,0.8,0.05,0.95,1.0,1.0,0.2
0.06,0.9990697478093322,1.145114116323341,0.0161994433428524,0.6917120007353492,0.471774193548387,0.9977371672207508,-0.1890070921985816,0.1200233023956143,0.350177304964539,0.03,1.0,2.236332762979651,0.0,0.1219443562655558,0.5031922043010753,0.0,0.4613575268817204,0.0,0.0418346774193548,0.0,0.2755847953216374,18.09829488554719,1.3788672166689642,0.1453102742153341,0.5,0.75,0.9,0.8,0.15,0.95,1.0,1.0,0.2
0.09,0.9984676548325156,1.244533198936019,0.060777117424425,0.3384704161652047,0.3504181600955795,0.5074835875954465,0.0903947903947904,0.372083341732027,0.1749084249084249,0.0445054945054945,1.0,3.02112965781591,0.0,0.0617614299515485,0.3252090800477897,0.4155913978494623,0.3467144563918757,-0.0903823178016726,-0.021505376344086,1.0,0.6358187134502924,18.480068989113832,3.0385962478939152,0.1782431600642325,1.0,0.95,0.9,0.1,0.0,0.2,1.0,1.0,0.9
0.14,0.998021715468468,1.3703684083829055,0.0649785981618742,0.1175180087544804,0.4068144499178982,0.0645953058286515,0.0142857142857142,0.8267855277126646,0.1021594684385382,0.07,1.0,3.524012558761303,0.0,0.0210639594333335,0.3873563218390805,0.4316239316239316,0.4016420361247947,-0.0442676097848511,-0.0142857142857142,0.7,0.7660130718954249,18.864404140856237,2.096275052062441,0.2761023914032865,1.0,0.9,0.1,0.85,0.05,0.95,1.0,0.8,0.1
0.06,0.9997486595812248,1.0498840517956485,0.0331813040329377,0.4337463516366787,0.4716061827956989,0.1965695332705437,0.0549645390070921,0.6366712218811736,0.2437943262411347,0.03,1.0,2.1323827494305827,0.0,0.1144776859544645,0.4821908602150538,0.0,0.4663978494623655,0.0,0.0157930107526882,0.0,0.4002923976608188,17.395101130772282,5.198482496025489,0.1500782042488747,1.0,0.95,0.1,0.8,0.05,0.3,1.0,0.8,0.1
0.08,0.9979320875683488,1.1609831360328906,0.068221487570238,0.0328341912166408,0.2272401433691756,0.0284137306443224,0.0081521739130435,0.9898496034730307,0.1725543478260869,0.0391304347826087,1.0,3.094506227505442,0.0,0.0346616186506197,0.2178016726403823,0.5963300271907057,0.2326164874551971,-0.3785283545503234,-0.0148148148148148,0.2,0.5385964912280702,18.01758962594034,2.1268436822953625,0.1932353650447319,1.0,0.9,0.1,0.85,0.05,0.2,1.0,1.0,0.1
0.14,0.9984047357736432,1.220595299088883,0.0914838177506837,0.6201510963259829,0.7705254515599345,1.2739229752109802,0.153045404208195,0.0562276824893835,0.2122093023255813,0.07,1.0,3.6117874263182697,0.0,0.1149460183448701,0.7673234811165845,0.507010582010582,0.7774220032840722,0.2603128991060025,-0.0100985221674876,0.1,0.3413398692810457,19.20394970967695,4.0928833710743175,0.2017034688681809,1.0,0.9,0.9,0.1,0.05,0.1,1.0,1.0,0.9
0.1,0.9989281187851676,1.1557272517818342,0.0305010150684618,0.2215485613306809,0.5212962962962964,0.5736195981186274,-0.1055555555555556,0.2952364521414444,0.2083333333333333,0.05,1.0,3.3450578167939025,0.0,0.0894602958722346,0.5398148148148149,0.5149801587301588,0.513888888888889,0.024834656084656,0.0259259259259259,0.4,0.4194444444444445,20.27366364981651,0.6578848160845392,0.2667478487440981,0.5,0.7,0.8,0.7,0.25,0.9,1.0,0.8,0.3
0.06,1.0003252570385783,1.02792254144143,0.0025573927787512,0.1827924246176291,0.5720766129032259,0.0246063546162058,0.0075650118203309,0.776826817619002,0.2819148936170212,0.03,1.0,2.8900687370020397,0.0,0.0844807447280565,0.5556115591397849,0.3471569139672588,0.5720766129032259,0.2084546451725261,-0.0164650537634409,0.4,0.298684210526316,20.198071380408827,0.8712105103614807,0.1861065314373909,1.0,0.95,1.0,0.0,0.0,0.1,1.0,1.0,1.0
0.08,1.0004233516190737,1.1818098477777044,0.0170451232690008,0.4456764899421666,0.5526881720430107,0.7691117080407003,0.1329710144927536,0.1815569367507967,0.1942934782608695,0.04,1.0,3.41235164290278,0.0,0.0753526823833863,0.5565113500597371,0.0,0.5637992831541219,0.0,-0.0072879330943848,0.0,0.4127192982456141,18.138432359859443,2.4418674830651783,0.2308157595706837,1.0,0.95,0.9,0.1,0.0,0.1,1.0,1.0,0.9
0.08,0.9974089526257705,1.0671196378858936,0.073720539740504,0.0808150527466763,0.5170848267622462,0.1145139617571846,-0.0300724637681158,0.8386382747106349,0.2051630434782608,0.04,1.0,3.158877749719869,0.0,0.0531744872652071,0.5108721624850657,0.6679844421223731,0.5279569892473118,-0.1571122796373073,-0.017084826762246,0.7,0.3769005847953218,18.41652070321286,2.983000901978899,0.1548401503300298,0.5,0.75,0.85,0.2,0.1,0.8,1.0,1.0,0.8
0.12,0.9994308625960928,1.1365897087484875,0.000726188809325,0.6287898300783371,0.6110153256704981,1.2779164407925958,0.1529040404040403,0.0578563185312623,0.178030303030303,0.06,1.0,3.713083210855237,0.0,0.0686255581311927,0.6167624521072796,0.37632819534933,0.6083333333333333,0.2404342567579496,0.0084291187739463,0.1,0.3013071895424835,19.16991953854943,0.7727055001610412,0.2273587910271512,1.0,0.95,0.9,0.1,0.0,0.35,1.0,1.0,0.9
0.14,0.9962227176835448,1.2174999690836623,0.0561593642479879,0.1157633832411521,0.6201149425287357,0.821526161339533,-0.1198781838316722,0.1535701438647669,0.2595514950166113,0.0683720930232558,1.0,3.8310828339572174,0.0,0.0871466280576729,0.6185550082101806,0.4253015467574854,0.620279146141215,0.1932534614526951,-0.0017241379310344,0.4,0.2496732026143792,19.36794317041571,1.498355511809808,0.2084583107631492,1.0,0.9,0.4,0.6,0.05,0.45,1.0,1.0,0.4
0.06,0.9989789325294002,1.1054590978039422,0.0413022455832485,0.4008324723312706,0.3724798387096774,0.2055799597235393,0.0541371158392435,0.684106021569509,0.3014184397163121,0.03,1.0,2.830581799871598,0.0,0.0919192780253635,0.335013440860215,0.0,0.4458165322580645,0.0,-0.1108030913978494,0.0,0.4043859649122806,17.288990222052536,3.867716978023037,0.1700604135786186,1.0,0.95,0.1,0.85,0.0,0.95,1.0,1.0,0.1
0.11,0.9986196571687694,1.099616622331172,0.0416990597927422,0.0875079905313233,0.4301404853128991,0.3960239135484978,0.0722505958461014,0.3075391999891022,0.1756894790602655,0.0543820224719101,1.0,3.534845469040536,0.0,0.0446317565754887,0.3997445721583652,0.4889154387362273,0.4301404853128991,-0.089170866577862,-0.0303959131545338,0.7,0.4459150326797386,19.888429678904465,1.4825779160854484,0.218894618337429,1.0,0.9,0.3,0.6,0.05,0.4,1.0,1.0,0.3
0.06,0.9982058597471278,1.0825759314427816,0.057249636835164,0.140433574484733,0.6717069892473119,0.0345121328211164,-0.0105200945626477,0.9536461261214164,0.2562056737588652,0.03,1.0,2.7680536771815967,0.0,0.0977925814864781,0.7192540322580645,0.4519489247311828,0.671875,0.2673051075268817,0.0473790322580645,0.1,0.4007309941520468,19.69143317419879,1.4888678318483803,0.2278404939021251,1.0,0.95,0.9,0.1,0.0,0.2,1.0,0.8,0.9
0.1,0.9984129080665758,1.1764369102517196,0.0695367158795456,0.2028421474156886,0.763888888888889,0.0493993550551076,-0.0122222222222222,0.545852185970424,0.2666666666666666,0.05,1.0,2.8327677452259215,0.0,0.0867301237781951,0.7546296296296298,0.35,0.7555555555555555,0.4046296296296297,-0.0009259259259257,0.1,0.35,19.55240966935294,2.4530237377948474,0.2169168934683439,1.0,0.95,0.1,0.8,0.05,0.2,1.0,1.0,0.2
0.1,0.9983900496550908,1.183891871478456,0.0325300521048452,0.232753494798576,0.3935185185185184,0.0821685831572829,0.021111111111111,0.7869525510569049,0.1527777777777778,0.05,1.0,3.166056536693786,0.0,0.0466546195236932,0.3759259259259259,0.5422454991142421,0.3935185185185184,-0.1663195731883162,-0.0175925925925924,0.4,0.686111111111111,21.605899225784235,0.2251616045472966,0.2667478487440981,1.0,0.95,0.9,0.1,0.05,0.4,1.0,0.8,0.9
0.1,0.9959005840324258,1.187653528306415,0.1055484947829765,0.0637166966180107,0.6361111111111111,0.0985935317637443,0.022962962962963,0.764822284488037,0.2638888888888888,0.05,1.0,3.3815101859951393,0.0,0.1116549069137294,0.637037037037037,0.4268518518518518,0.6388888888888888,0.2101851851851851,-0.0018518518518518,0.1,0.2138888888888889,18.98216218249267,1.8789549421347784,0.174067365849232,1.0,0.95,0.1,0.9,0.0,0.95,1.0,1.0,0.1
0.13,0.9999771556438934,1.1829386583287196,-1.9337312980228887e-05,0.1502640416013225,0.3477011494252873,0.0591576732267311,0.012673150604185,0.9100995588743604,0.1149425287356321,0.0642528735632183,1.0,3.432347947197239,0.0,0.0140103153370351,0.3396551724137931,0.411136712749616,0.3454022988505747,-0.0714815403358228,-0.0057471264367816,0.7,0.5923202614379085,20.000480883199785,0.0230978747946823,0.2358445276155226,1.0,0.95,0.95,0.05,0.0,0.1,1.0,1.0,0.95
0.11,0.9982378807824652,1.2235046767439657,0.0364717282333184,0.5380273613898313,0.661653895274585,1.2352286562216,0.1585972080354104,0.0564456833513183,0.1664964249233912,0.0543820224719101,1.0,3.28261627861292,0.0121963047190187,0.0593049426137171,0.6394316730523627,0.42865529600791,0.6645274584929758,0.2107763770444526,-0.025095785440613,0.1,0.4127450980392158,19.346001222440236,1.6830197923885333,0.1869938692742485,1.0,0.95,0.2,0.8,0.1,0.6,1.0,1.0,0.2
0.06,0.9985275216831984,1.0236029511363154,0.0479920976609508,0.7152720600040229,0.722614247311828,0.4897148638309098,0.1158392434988178,0.3411824731803883,0.2703900709219857,0.03,1.0,2.717623772320908,0.0,0.1485841167424502,0.7279905913978494,0.0,0.7387432795698924,0.0,-0.010752688172043,0.0,0.3872807017543859,18.53314693933189,1.9168306266221624,0.1806487506458992,1.0,0.9,0.4,0.6,0.05,0.9,1.0,1.0,0.4
0.1,0.9982405073822468,1.0946794520680423,0.0550130962282914,0.0704999313742607,0.5324074074074073,0.0568156178664031,-0.0129629629629629,0.8359658147165456,0.2472222222222222,0.05,1.0,3.46360093518957,0.0,0.05295746438383,0.5287037037037037,0.4428902484241749,0.5249999999999999,0.0858134552795287,0.0037037037037037,0.7,0.1694444444444443,19.45512531522331,3.046476884176079,0.223558178369131,1.0,0.95,0.1,0.8,0.0,0.95,1.0,1.0,0.85
0.07,0.9983572910245804,1.0892515559640357,0.0232323332381439,0.2762895556700533,0.449820788530466,0.1905165576467742,-0.0522273425499231,0.6025688373660036,0.2465437788018433,0.0346236559139784,1.0,3.064992728041673,0.0047539875798178,0.0716478518082071,0.4874551971326165,0.0,0.449820788530466,0.0,0.0376344086021505,0.0,0.3271929824561405,18.441148970272355,1.036423496445111,0.1958099266416123,1.0,0.9,0.9,0.1,0.05,0.15,1.0,1.0,0.9
0.09,0.9983299136815468,1.09491194040965,0.0421679702270103,0.4469878221755456,0.5222222222222221,0.1441270285596417,0.0311762311762311,0.7085107369929455,0.2072649572649572,0.0445054945054945,1.0,3.1326928327579373,0.0,0.0353727470208694,0.518279569892473,0.3335221454173067,0.5256869772998805,0.1847574244751663,-0.0074074074074074,0.4,0.5191520467836256,18.99156020584049,2.0595845891255857,0.2209346223493856,1.0,0.9,0.1,0.85,0.15,0.6,1.0,1.0,0.1
0.09,0.9956162769125833,1.2476743090798166,0.0817143986040951,0.4310269078236272,0.7743130227001195,1.1822221337252152,-0.1777370777370777,0.0668148166490415,0.4068986568986569,0.0445054945054945,1.0,3.1112032436035144,0.0,0.1779250135567555,0.7743130227001195,0.5716949588477366,0.7743130227001195,0.2026180638523829,0.0,0.1,0.1858187134502925,18.073266443257495,2.062788125466681,0.2144465818624542,1.0,0.95,0.1,0.8,0.05,0.95,1.0,1.0,0.1
0.08,1.001136590226988,1.0804346262169608,-0.0053484678636643,0.4875245821227432,0.434647550776583,0.5977151298745838,0.1157608695652174,0.2656657113898937,0.2296195652173913,0.04,1.0,3.279952705820074,0.0,0.0562621273614922,0.4397849462365591,0.3692353643966548,0.431063321385902,0.0705495818399043,0.008721624850657,1.0,0.2548245614035087,18.185477549620465,3.3755963361815997,0.1932353650447319,1.0,0.95,0.1,0.8,0.0,0.3,1.0,1.0,0.2
0.15,0.9991128695657552,1.3117872484281443,0.0616909325197775,0.4956656764843633,0.5283251231527094,0.7108029019569371,0.0962091503267973,0.1854205226087649,0.1568627450980392,0.0741176470588235,1.0,3.9289542434088167,0.0,0.0420643338644228,0.5163382594417077,0.5834752376897971,0.5235632183908047,-0.0671369782480894,-0.0072249589490969,0.4,0.4509803921568628,19.202528634234817,0.5786849447008691,0.2859821417468397,1.0,0.9,0.9,0.1,0.05,0.3,1.0,1.0,0.9
0.04,0.9992291361149374,1.0271562555702385,0.0094337280019155,0.2129020302060122,0.390625,0.2049203254763466,0.0638888888888888,0.718104214167065,0.2526041666666667,0.02,1.0,2.0158259371349487,0.0,0.0874400085873581,0.5,0.5,0.5,0.0,0.0,1.0,0.0,0.0,1.0629956437690549,0.1509790015932426,1.0,0.9,0.9,0.1,0.05,0.1,1.0,1.0,0.9
0.15,0.9939018334880756,1.3277439881958548,0.1792707316895534,0.3297054559511407,0.6461412151067324,0.3994860063142925,0.0654901960784314,0.2921651596774002,0.1941176470588235,0.0741176470588235,1.0,3.9747994584314847,0.0072947086625505,0.0986283928928876,0.6579638752052546,0.4093322713394398,0.6392446633825943,0.2486316038658147,0.0187192118226602,0.1,0.2666666666666668,17.96462625963199,3.538238939224528,0.1755897680851504,1.0,0.95,0.4,0.4,0.0,0.95,1.0,0.8,0.4
0.1,0.9957741252204082,1.165794056166548,0.0701842180144253,0.2021123082101023,0.4712962962962962,0.0597438873108898,0.0155555555555555,0.963293531427742,0.2083333333333333,0.05,1.0,2.8894554202768905,0.0,0.056892244305636,0.4814814814814814,0.4723107980060149,0.4638888888888888,0.0091706834754665,0.0175925925925925,0.7,0.5305555555555556,17.156128011112163,0.4956088695881901,0.2372888921325374,1.0,0.9,0.1,0.85,0.05,0.95,1.0,1.0,0.1
0.12,1.0023899042719644,1.0755780213056572,-0.019103190121301,0.1717862703745425,0.4640804597701149,0.0058600370972822,0.0015151515151513,0.9323170690660786,0.1704545454545454,0.0586363636363636,1.0,3.5057710972525244,0.0,0.0527486179272338,0.4631226053639847,0.3724296837756237,0.4640804597701149,0.0906929215883609,-0.0009578544061302,0.7,0.5316993464052289,18.953253619858856,0.8093946679465835,0.2204364535133586,1.0,0.95,0.9,0.1,0.0,0.1,1.0,0.8,0.9
0.11,0.9970459203017942,1.1634298686616793,0.0937535625067778,0.4682773416620391,0.671168582375479,0.5924136524006215,0.0992168879809329,0.2580872791283717,0.2236976506639428,0.0543820224719101,1.0,3.666332401808038,0.0,0.0828276625041728,0.6358876117496807,0.4148148148148148,0.6626436781609196,0.2210727969348658,-0.0267560664112389,0.1,0.2068627450980391,20.30804053372461,0.9665237193041772,0.2326145982438136,1.0,0.9,0.2,0.8,0.15,0.85,1.0,1.0,0.2
0.15,0.9983431824068896,1.1517817461665525,0.0372392696429628,0.2646016243986718,0.4735632183908047,0.1140917798230696,-0.0231372549019608,0.7278443422242311,0.2078431372549019,0.0741176470588235,1.0,4.038152739585992,0.0,0.0560494948332941,0.4735632183908047,0.5847203683104685,0.475944170771757,-0.1111571499196638,-0.0023809523809523,0.7,0.3450980392156864,19.66686196353793,1.242041923900671,0.2228450669787291,0.5,0.85,0.8,0.4,0.0,0.9,1.0,1.0,0.6
0.14,0.9969111223020374,1.2391226423931108,0.0842113440284884,0.070056218148039,0.4138752052545156,0.4274746169701288,-0.0711517165005536,0.4926035786230409,0.1503322259136212,0.07,1.0,4.117042247128021,0.0,0.0553282160655845,0.4416256157635468,0.6273804455796793,0.411576354679803,-0.1857548298161325,0.0300492610837437,0.1,0.5807189542483661,20.281918338212986,1.5213982930055936,0.2598754457637473,1.0,0.95,0.9,0.1,0.0,0.15,1.0,1.0,0.9
0.09,0.999161718123152,1.1402402674073244,0.0245407695830972,0.7110127469801722,0.7102747909199522,0.1565512874260153,0.0346764346764345,0.9375248979832932,0.2731990231990232,0.0445054945054945,1.0,3.4959728418838005,0.0,0.090271754787792,0.6954599761051373,0.5006179705846001,0.7139784946236558,0.1948420055205372,-0.0185185185185184,0.1,0.2095029239766082,19.43046434192178,1.21468656729708,0.201881401716456,1.0,0.95,0.9,0.1,0.0,0.1,1.0,1.0,0.9
0.12,0.9985199214329016,1.2163047582837252,0.077543316210346,0.4492781366281028,0.4666666666666667,0.6076842349082265,0.1007575757575757,0.2470221189023669,0.1448863636363636,0.06,1.0,3.55674153264562,0.0,0.0725492590010688,0.4637931034482759,0.7035785401376798,0.4581417624521073,-0.2397854366894039,0.0056513409961685,0.1,0.6276143790849674,19.122590982367747,2.73069412183517,0.2204364535133586,1.0,0.95,0.9,0.1,0.0,0.15,1.0,1.0,0.9
0.12,1.0014118821731075,1.1692727304941264,-0.0016038144039634,0.2841688831191269,0.557183908045977,0.3419352029392359,-0.0593434343434342,0.3005018370750547,0.2651515151515151,0.06,1.0,3.6576641238854872,0.0,0.0795767181356252,0.5545977011494253,0.4039544684705975,0.5544061302681992,0.1506432326788278,0.0001915708812261,0.4,0.2968954248366013,19.332490337932654,1.9828572289504836,0.2344316666252097,1.0,0.95,0.2,0.7,0.0,0.2,1.0,1.0,0.3
0.16,0.9975668201563548,1.2321957177743714,0.0639268850888886,0.7097339534290767,0.707936507936508,0.0539517439934883,-0.0116071428571428,0.7240592605904774,0.25,0.078095238095238,1.0,3.9695624730119263,0.0,0.0782221320326597,0.705952380952381,0.2987165637860082,0.707936507936508,0.4072358171663727,-0.0019841269841269,0.1,0.3840992647058824,20.43586527317541,0.396226093575895,0.2379942650064541,1.0,0.95,0.4,0.6,0.1,0.9,1.0,1.0,0.4
0.04,1.0003596208592156,1.0569296323796948,-0.0050465142827369,0.798077069824681,0.5729166666666666,1.0902700600328434,0.2375,0.0767414321342479,0.2421874999999999,0.02,1.0,2.3011960456163325,0.0,0.1018878909644337,0.5,0.5,0.5,0.0,0.0,1.0,0.0,0.0,-0.4842468399570006,0.2320932419234872,1.0,0.9,0.85,0.1,0.05,0.4,1.0,1.0,0.85
0.15,1.000018255163488,1.194916017498402,-0.0074882671673016,0.0494176019938917,0.4121510673234811,0.0046904867074141,-0.001045751633987,0.9768630796642764,0.1362745098039215,0.0741176470588235,1.0,4.0182807191487235,0.0,0.0469590897976966,0.4073070607553366,0.4278659611992945,0.4121510673234811,-0.0205589004439579,-0.0048440065681445,1.0,0.6607843137254903,21.11606601014216,-0.4448908654668835,0.3524204622301598,1.0,0.95,0.95,0.05,0.0,0.1,1.0,1.0,0.95
0.08,0.9999838778057732,1.152778910492397,0.0251036434891821,0.6744223399181658,0.6342891278375149,1.4536260706094972,0.2182971014492752,0.0387003535770868,0.2744565217391304,0.04,1.0,3.148940698912425,0.0,0.0948377525844774,0.6468339307048984,0.4156275397654707,0.6414575866188769,0.2312063909394276,0.0053763440860215,0.4,0.2799707602339182,18.348262747631125,2.3504187642919856,0.1652952453412832,0.5,0.8,0.8,0.8,0.05,0.9,1.0,1.0,0.2
0.09,0.9993975869172594,1.0911010745063636,0.045009785012005,0.2465031211452704,0.3652329749103942,0.4777230340907009,-0.0993894993894994,0.2941795298519758,0.2081807081807082,0.0445054945054945,1.0,3.401476121094346,0.005451181356702,0.0738887483676001,0.3759856630824372,0.4133667037449017,0.3652329749103942,-0.0373810406624645,0.010752688172043,1.0,0.5615497076023392,17.39949474538447,2.9398307082587056,0.1511197180052813,1.0,0.9,0.15,0.8,0.05,0.9,1.0,1.0,0.15
0.11,1.0015076186843506,1.3741187548942295,-0.0180540666293781,0.3756429891004319,0.5215836526181353,0.117110723531689,0.026081035069799,0.7532460823226682,0.1838610827374872,0.0543820224719101,1.0,3.371644023513702,0.0,0.0814763610010017,0.5318646232439336,0.7075012800819254,0.5244572158365262,-0.1756366568379918,0.0074074074074074,0.1,0.5102941176470589,20.276665300520985,0.3518349057934005,0.2326145982438136,1.0,0.9,0.1,0.85,0.05,0.95,1.0,1.0,0.1
0.08,0.9994453325018,1.0404738964296976,0.0254668666065232,0.3230885544525653,0.7923536439665472,0.0288560354080444,-0.0079710144927535,0.9746295853226532,0.3709239130434782,0.0391304347826087,1.0,2.7222648607568094,0.0,0.1612360339139701,0.8232974910394265,0.6875149342891279,0.7923536439665472,0.1357825567502986,0.0309438470728793,0.7,0.1653508771929823,20.042506684992507,0.1174129330541542,0.251634796097221,1.0,0.9,0.9,0.1,0.1,0.85,1.0,1.0,0.9
0.1,0.995910032647642,1.1006948458473895,0.1228835957551659,0.616679551805908,0.7583333333333333,0.115791793709401,0.0262962962962963,0.7604695815477213,0.2111111111111111,0.0488888888888888,1.0,3.062789474713685,0.0,0.0618356889662574,0.7592592592592592,0.2102726775140568,0.7648148148148147,0.5489865817452024,-0.0055555555555555,0.1,0.4138888888888888,19.012932928293065,3.3164946688270263,0.1684069992978157,1.0,0.95,0.1,0.9,0.05,0.95,1.0,1.0,0.1
0.07,1.000117938695421,1.0873188201492203,0.0012804225431424,0.3707358256153265,0.492831541218638,0.243083491414142,0.0656938044034818,0.7763484183784635,0.1908602150537634,0.0346236559139784,1.0,2.7725240066369725,0.0,0.0610272743333631,0.492831541218638,0.4355286738351254,0.4874551971326165,0.0573028673835125,0.0053763440860215,1.0,0.3396198830409358,18.327501438824264,-0.1597734804156645,0.2539169949232104,1.0,0.95,0.9,0.0,0.0,0.15,1.0,1.0,0.9
0.08,0.9998606465997768,1.0,0.0193913922810967,0.2452925153757397,0.6799283154121865,0.0459239341729093,-0.0067466266866567,0.7645776374651649,0.2459239130434782,0.0391304347826087,1.0,3.0419632333922295,0.0204787901763361,0.0586377474742532,0.6873357228195939,0.6893944660734149,0.6799283154121865,-0.002058743253821,0.0074074074074074,1.0,0.4789473684210527,20.753937936294783,-0.233496706727128,0.3159426717112412,0.5,0.8,0.9,0.1,0.0,0.3,0.5,1.0,0.9
0.07,0.9939784946236558,1.0666666666666669,0.0737383049757006,0.4659783777000048,0.6146953405017922,0.0995207518171555,0.0162084856189418,0.749884089397065,0.3068356374807988,0.0346236559139784,1.0,2.852997456909741,0.028580017754691,0.088619798550108,0.6093189964157706,0.3405615292712067,0.6146953405017922,0.2687574671445639,-0.0053763440860216,0.2,0.3865497076023393,19.32918883284648,-0.4130998419321114,0.2612007705454884,0.5,0.8,0.9,0.1,0.05,0.9,0.5,0.8,0.9
0.1,1.0008996851102114,1.0,0.0297449725645647,0.3190202265651982,0.575925925925926,0.7514762217158787,0.0697318007662834,0.0959510245782742,0.2638888888888889,0.05,1.0,3.4418235740341028,0.0,0.0596035311674129,0.5685185185185185,0.4670902014652014,0.5796296296296296,0.101428317053317,-0.011111111111111,1.0,0.3222222222222223,19.81750007689085,0.3693953845288646,0.3456956344401236,0.5,0.85,0.9,0.1,0.0,0.3,0.5,1.0,0.9
0.1,0.9999110399430656,1.1250000000000002,0.0109902724508327,0.370015132127329,0.3222222222222222,0.6491742646866786,0.0601532567049809,0.3618933964907417,0.1944444444444444,0.0477777777777777,1.0,3.5885880265555956,0.0057889915983462,0.0321450067877183,0.3361111111111111,0.4416666666666666,0.3222222222222222,-0.1055555555555555,0.0138888888888888,0.7,0.6305555555555555,21.19933098128506,-0.4089471513236358,0.3170520754166312,0.5,0.8,0.9,0.1,0.05,0.9,0.5,1.0,0.9
0.09,0.998133941530168,1.4117647058823537,0.0541574593853643,0.1569166949150328,0.408721624850657,0.364897161345722,0.0311144793903414,0.4522455290608732,0.2521367521367521,0.0425274725274725,1.0,3.0335652856279616,0.0054683281877946,0.0550106732927046,0.3908004778972521,0.7073178016726404,0.412305854241338,-0.3165173237753882,-0.0215053763440859,0.1,0.5507309941520466,20.979373582135988,0.3313696413244811,0.2708241992361264,0.0,0.85,0.1,0.8,0.1,0.95,0.0,1.0,0.1
0.08,0.9978251956432608,1.0,0.028523606548398,0.2956344187444149,0.5268817204301075,0.4207663815011014,0.0507871064467766,0.2327696513569129,0.264945652173913,0.0391304347826087,1.0,2.526223774479875,0.0051172763910003,0.0357805439832996,0.507168458781362,0.0,0.5268817204301075,0.0,-0.0197132616487455,0.0,0.4611111111111112,19.99931737394346,-0.7712034939357015,0.3544942002186779,0.5,0.7,0.1,0.8,0.25,0.9,0.5,1.0,0.1
0.12,0.998733805556575,1.15625,0.0407099590525473,0.5626178938048182,0.4682950191570881,0.5559027760353784,0.0484587251828629,0.2546244708467893,0.1827651515151515,0.0586363636363636,1.0,3.619076038540098,0.0128308121132067,0.0330393437010341,0.4310344827586207,0.0,0.4654214559386972,0.0,-0.0343869731800765,0.0,0.4905228758169934,21.6969256591178,-0.1392877574638196,0.364633429088284,0.5,0.85,0.9,0.1,0.1,0.85,0.5,1.0,0.9
0.08,1.0,1.15625,0.0125925218656159,0.1766412965829543,0.6777777777777777,0.3152136207304404,0.0369190404797601,0.7937502204143763,0.3097826086956522,0.0391304347826087,1.0,3.209173124784741,0.0256026554599755,0.0651762203003506,0.6833930704898447,0.2284178187403993,0.6813620071684587,0.4549752517494453,0.0020310633213859,0.1,0.2502923976608185,18.7545377154976,-0.4846920084076775,0.3251032451229303,0.5,0.85,0.9,0.1,0.0,0.9,0.5,1.0,0.9
0.09,0.996372049003628,1.151515151515152,0.0599907253493288,0.3898917542527352,0.4482676224611708,0.4262829679710155,-0.0394930739758326,0.4279965000095066,0.1999389499389499,0.0445054945054945,1.0,3.1165362095512164,0.0273096224426178,0.0354845957066593,0.4258064516129032,0.3465581797235023,0.4445639187574671,0.0792482718894009,-0.0187574671445638,0.7,0.5523391812865497,19.742140974105503,-0.5729880837100048,0.3608588768821253,0.5,0.8,0.2,0.8,0.15,0.9,0.5,1.0,0.2
0.04,0.9994255204109216,1.0,0.017077010459399,0.0458681696718012,0.7864583333333334,0.1204582864600326,-0.0251436781609194,0.5779593219728735,0.4010416666666666,0.0195833333333333,1.0,2.2093110180936195,0.0035410480700923,0.0732883835296471,0.5,0.5,0.5,0.0,0.0,1.0,0.0,0.0,-0.0276301111385972,0.2821038825782965,0.0,0.9,1.0,0.0,0.0,0.15,0.0,1.0,1.0
0.07,0.9989134037313464,1.0,0.0255741534656642,0.1005752588343407,0.3781362007168458,0.098772786657209,0.0120239419460776,0.770144718689248,0.2377112135176651,0.0346236559139784,1.0,3.089899730104546,0.0285812239716204,0.0421370532386635,0.3351254480286738,0.3498563218390804,0.3709677419354838,-0.0147308738104066,-0.0358422939068099,0.7,0.2555555555555555,20.479067351116154,0.0844966856435536,0.2539169949232104,0.5,0.8,0.9,0.1,0.0,0.4,0.5,1.0,0.9
0.06,0.9981983527796844,1.0750000000000002,0.0277155775843676,0.5042700269764098,0.8832325268817205,1.3319023641559429,0.1134751773049645,0.0571042238575905,0.524822695035461,0.03,1.0,2.947863163352943,0.0,0.1498179347324211,0.9049059139784946,0.6769675925925925,0.8832325268817205,0.2279383213859021,0.0216733870967741,0.7,0.0473684210526315,20.80460095800098,-0.5189121332783762,0.3289281772934881,0.5,0.85,0.9,0.1,0.05,0.4,0.5,1.0,0.9
0.11,0.9970472063504237,1.4999999999999996,0.0746935269997328,0.4901795717940853,0.5255108556832694,0.6347131289947193,-0.0556866612658941,0.3853126691412567,0.2489785495403472,0.0543820224719101,1.0,2.909477959735798,0.0305561995059527,0.0482563565471831,0.5875798212005108,0.6414746543778802,0.5283844189016602,-0.0538948331773694,0.0591954022988505,1.0,0.3248366013071896,19.906712863386883,0.2443007658806801,0.2256801424961641,0.5,0.8,0.8,0.1,0.15,0.8,0.5,1.0,0.8
0.08,0.996989567293552,1.0277777777777777,0.0507638335381309,0.9438291788366864,0.6983273596176822,1.2880957522755057,0.1006371814092954,0.0387099397661425,0.3138586956521739,0.0391304347826087,1.0,3.1910989440544975,0.0256192694482111,0.0777668750776766,0.7001194743130226,0.1240783410138248,0.6946236559139786,0.5760411332991977,0.005495818399044,0.1,0.2409356725146197,20.61895825202483,0.4813206484037589,0.2819836406510497,0.5,0.8,0.9,0.1,0.15,0.6,0.5,1.0,0.9
0.07,0.999738549071849,1.1,0.0170288530031376,0.3745638562328788,0.4838709677419355,0.4955860190421895,-0.0552995391705069,0.5825875369820831,0.2569124423963133,0.0316129032258064,1.0,2.8090787607630814,0.0047683266330176,0.0526462219824777,0.492831541218638,0.3926005747126437,0.4838709677419355,0.1002309665059942,0.0089605734767024,1.0,0.4229532163742688,18.324934506550253,-0.4230871316457869,0.2842857965034611,0.5,0.8,0.3,0.7,0.1,0.95,0.5,1.0,0.3
0.12,0.9967040333693346,1.0,0.0694868042353061,0.7283732775670718,0.5708812260536399,1.7152589176456547,0.1031870428422153,0.0259953137203221,0.240530303030303,0.0559090909090909,1.0,3.981740085769841,0.006423145899546,0.0548045713541354,0.5943486590038313,0.3332010582010582,0.5708812260536399,0.261147600802773,0.0234674329501913,0.1,0.4019607843137255,19.113032713242426,0.1640281976525774,0.2723069846462876,0.5,0.8,0.9,0.1,0.1,0.65,0.5,1.0,0.9
0.06,0.9969274481300382,1.0,0.0596665002930405,0.0073932226878905,0.5519153225806451,0.3691382998181798,0.049523110785033,0.511751946369777,0.3209219858156028,0.0287234042553191,1.0,2.541383119510326,0.0175459423070447,0.0935177163910904,0.5418346774193549,0.0,0.5572916666666666,0.0,-0.0154569892473117,0.0,0.1953216374269005,18.812909878335994,0.9949549895524544,0.1916795248277593,0.5,0.85,0.9,0.1,0.1,0.85,0.5,1.0,0.9
0.07,0.9986827191128268,1.0,0.0242677622679757,0.3407181134998926,0.7419354838709676,0.1072895467985665,-0.0142486360506381,0.8599498332822458,0.2891705069124424,0.0338709677419354,1.0,2.821309404517107,0.0238261639411064,0.0607739642651912,0.7526881720430106,0.5823252688172044,0.7419354838709676,0.1703629032258062,0.010752688172043,0.4,0.2391812865497077,20.147186993371665,-0.2013030057697884,0.2686825971366592,0.5,0.8,0.85,0.15,0.05,0.9,0.5,1.0,0.85
0.09,1.0010195989577435,1.1515151515151518,-0.0115288897182188,0.0389424440218169,0.7354838709677419,0.653230304990399,0.0589448865310935,0.4903669283478922,0.3284493284493284,0.0435164835164835,1.0,3.348768331418087,0.0218536974699159,0.1014993693724119,0.7757467144563918,0.4949202817945866,0.7354838709677419,0.2808264326618052,0.0402628434886498,0.2,0.2421052631578948,20.48106428679577,-0.7742764801029351,0.3214992070499108,0.5,0.8,0.9,0.1,0.05,0.9,0.5,1.0,0.9
0.08,0.9988010860749674,1.0,0.019199273414934,0.0229531585601089,0.2762246117084826,0.0410007767120104,0.0052473763118441,0.9439563595932624,0.2228260869565217,0.0382608695652173,1.0,3.114892911589662,0.0051197747073459,0.0250208043384488,0.2743130227001194,0.2486570776893357,0.2762246117084826,0.0256559450107836,-0.0019115890083631,1.0,0.5847953216374269,21.090895910876014,-0.5750002244188828,0.3759194192615594,0.5,0.8,0.8,0.1,0.05,0.9,0.5,1.0,0.8
0.15,1.0006330152627014,1.1034482758620692,0.0480136690097312,0.2655929342997124,0.4762725779967159,0.1016589728111715,-0.0100067613252197,0.6912586731984822,0.2098039215686274,0.0741176470588235,1.0,3.5219621707772637,0.0073025961463968,0.0334117430130368,0.4735632183908045,0.5989880952380952,0.4810344827586206,-0.1254248768472906,-0.007471264367816,0.4,0.5019607843137256,21.6353270493672,0.6690594822718143,0.2859821417468397,0.5,0.8,0.2,0.8,0.05,0.9,0.5,1.0,0.2
0.12,0.9991556431184913,1.090909090909091,0.0159243053001767,0.5742857863515229,0.5084291187739464,0.6436283495814292,0.0504179728317658,0.2585160078576247,0.2178030303030302,0.0559090909090909,1.0,3.5777979430104176,0.0,0.0350571822497784,0.4856321839080459,0.4598981231350531,0.5027777777777778,0.0257340607729928,-0.0171455938697318,1.0,0.3815359477124183,20.138613607692797,-0.6558748962260319,0.449741759473897,0.5,0.8,0.85,0.15,0.05,0.9,0.5,1.0,0.85
0.08,1.0010735373054214,1.108108108108108,8.04778325333988e-05,0.3814889726041828,0.5431302270011947,0.1482001764904197,-0.0206146926536733,0.6926564656172054,0.2622282608695652,0.0382608695652173,1.0,3.152634706950021,0.0204957249639634,0.0442790306293854,0.5416965352449222,0.2892361111111111,0.5431302270011947,0.2524604241338111,-0.0014336917562725,0.1,0.5552631578947368,20.263738424263487,-0.5248098042818312,0.2984587882726994,0.5,0.7,0.2,0.8,0.2,0.95,0.5,1.0,0.2
0.02,1.0000000000000002,1.060606060606061,0.004277434343844,0.3021016245975981,0.979591836734694,0.1994201512985062,0.0499648135116115,0.5526331796449788,0.6045918367346939,0.0097959183673469,1.0,1.159311112138122,0.007433846904492,0.1488739839821194,0.5,0.5,0.5,0.0,0.0,1.0,0.0,0.0,0.2234156734589278,0.2007987769425667,0.5,0.7,0.8,0.6,0.15,0.8,0.0,1.0,0.4
0.07,0.9959766570593098,1.2799999999999998,0.0619923796833118,0.0437489963891472,0.2921146953405018,0.1447432799178876,-0.0184331797235023,0.8492614593591387,0.2327188940092165,0.0338709677419354,1.0,3.209928526491135,0.0190654755852888,0.0343460163933556,0.3118279569892473,0.4764635603345281,0.2921146953405018,-0.1646356033452808,0.0197132616487455,0.7,0.5877192982456141,20.441261262321035,-0.3151747533154045,0.2331553508349968,0.5,0.85,0.9,0.1,0.05,0.9,0.5,1.0,0.95
0.1,0.9960617726448072,1.285714285714286,0.0677185132249058,0.7698095752631252,0.662962962962963,1.910943794385899,0.1157088122605364,0.0420537657729122,0.2944444444444444,0.0488888888888888,1.0,3.174481672139294,0.0115754697347134,0.0693816398793609,0.6648148148148149,0.5785687801260659,0.662962962962963,0.0862460346887489,0.0018518518518518,0.4,0.2277777777777778,19.534718112973287,-0.2499172893037853,0.2745779676034576,0.5,0.85,0.9,0.1,0.05,0.4,0.5,1.0,0.9
0.04,0.9991496598639455,1.0357142857142856,0.01786970370937,0.5358108992141847,0.0572916666666666,0.2274392578041932,-0.0423850574712644,0.7908080061607867,0.3359375,0.0191666666666666,1.0,2.3168211557281393,0.0035428076713783,0.0662396343115035,0.5,0.5,0.5,0.0,0.0,1.0,0.0,0.0,-0.2444588076361968,0.2522540606638907,0.0,0.85,0.9,0.1,0.25,0.8,0.0,1.0,0.9
0.06,0.9984006203654344,1.090909090909091,0.0332222977029034,0.9240373824667416,0.432627688172043,1.3770416744186962,0.1211787723159696,0.0364088091560589,0.3359929078014184,0.0280851063829787,1.0,2.2699531780192106,0.0043872791660821,0.0608495095990638,0.4274193548387097,0.874551971326165,0.4272513440860215,-0.4471326164874553,0.0001680107526881,0.1,0.3669590643274856,20.340909957601415,-0.4429343579834084,0.2935092170682394,0.0,0.85,0.1,0.8,0.0,0.95,0.0,1.0,0.1
0.12,0.9946021591363456,1.2083333333333337,0.108716931628348,0.2746542250921168,0.6881226053639846,1.2825274343372384,-0.0752351097178682,0.0659953715609669,0.3162878787878788,0.0586363636363636,1.0,3.4318596554671066,0.0192614556072977,0.1013895426159004,0.7273946360153256,0.3943121693121693,0.6938697318007664,0.3330824667031563,0.0335249042145592,0.1,0.3153594771241831,21.4828037255658,0.787522962210129,0.2070185546537631,0.5,0.85,0.9,0.1,0.1,0.85,0.5,1.0,0.9
0.09,0.9975040732138524,1.0,0.0558008098005616,0.4710597471663919,0.4506571087216248,0.569079451247593,-0.0497663256283944,0.2977462952866382,0.2561050061050061,0.0435164835164835,1.0,2.8063483183811315,0.0163906193819088,0.0311308198168633,0.4542413381123058,0.4413381123058542,0.4543608124253285,0.0129032258064515,-0.0001194743130226,0.6579050194284821,0.3514619883040936,20.870269601762704,-0.1935898389509764,0.2631618646550512,0.5,0.8,0.85,0.1,0.15,0.85,0.5,1.0,0.85
0.09,0.9959203791802912,1.1666666666666672,0.0616577684412686,0.1999771211643816,0.6102747909199523,0.016473494423336,0.0021893814997263,0.9468448612751202,0.2716727716727716,0.0425274725274725,1.0,2.9558552201280843,0.0,0.0582558792376566,0.5992831541218638,0.6833930704898447,0.6100358422939068,-0.0841099163679808,-0.010752688172043,1.0,0.3046783625730994,20.6501271287145,-0.5053883745268304,0.2708241992361264,0.5,0.85,0.85,0.15,0.05,0.4,0.5,1.0,0.85
0.08,0.9994276961403156,1.0,0.0215239930184155,0.2231100361300362,0.4289127837514934,0.0750624570113345,-0.0112443778110945,0.7840119865600488,0.2894021739130434,0.0391304347826087,1.0,2.9596210425749776,0.0153582130665144,0.0310130577602923,0.3905615292712066,0.5128568780126067,0.4289127837514934,-0.1222953487414,-0.0383512544802868,0.2,0.3862573099415205,20.98705167171506,-0.445273481975855,0.2984587882726994,0.5,0.8,0.4,0.6,0.15,0.8,0.5,1.0,0.4
0.08,0.9972038593644824,1.0810810810810814,0.0562763524933691,0.4699119904101906,0.543010752688172,0.9297753329613876,0.0788980509745128,0.1474746223522441,0.2717391304347826,0.0382608695652173,1.0,3.098956869647735,0.0204928171063464,0.0493493230555287,0.5626045400238948,0.5121141546162402,0.543010752688172,0.0504903854076546,0.0195937873357228,1.0,0.3862573099415204,19.981743809187616,0.36320387425179,0.251634796097221,0.5,0.8,0.85,0.15,0.05,0.85,0.5,1.0,0.85
0.11,1.0014172675614557,1.2222222222222223,-0.0067634369611599,0.1985399322614558,0.2684227330779055,0.1376580176867309,0.01718854566588,0.7069844725188332,0.1447906026557712,0.0543820224719101,1.0,3.5352477998970757,0.0183181722173571,0.0234521603784908,0.2701787994891443,0.5123456790123456,0.2684227330779055,-0.2421668795232013,0.0017560664112388,0.4,0.8001633986928105,18.72576549164899,-0.4788887648813711,0.2859552312100065,0.0,0.7,0.2,0.8,0.2,0.9,0.0,1.0,0.2
0.09,0.9956800061168056,1.0555555555555554,0.0721016168661471,0.2306563437144771,0.4580645161290322,0.3560130309828184,-0.0356616563513114,0.4245909189054515,0.1718559218559218,0.0425274725274725,1.0,2.945254774228179,0.010930313066783,0.0256751599599537,0.553763440860215,0.3077200577200577,0.4580645161290322,0.2460433831401572,0.0956989247311828,0.1,0.5695906432748538,20.27271278728661,-0.6783329065585013,0.3608588768821253,0.5,0.8,0.75,0.1,0.0,0.85,0.5,1.0,0.8
0.06,0.9989181391994232,1.176470588235294,0.0280382185987368,0.3900032545235998,0.5161290322580645,0.5376347886246923,0.0627292736610416,0.5896898436026434,0.3359929078014184,0.0274468085106383,1.0,2.347479245345428,0.0,0.0485243433023889,0.5376344086021506,0.0,0.5213373655913979,0.0,0.0162970430107527,0.0,0.3444444444444444,18.72687363376793,-0.4365736408395335,0.2697559464879411,0.0,0.8,0.2,0.8,0.05,0.9,0.0,1.0,0.2
0.05,0.9974021723566594,1.1578947368421058,0.0397429424572384,0.2551903875427891,0.6317204301075269,0.1169322854549489,0.0174228675136116,0.7027739207138267,0.3736842105263158,0.0231578947368421,1.0,2.417681279118604,0.0,0.0527131965695783,0.6633064516129031,0.2856182795698925,0.6369287634408601,0.3776881720430106,0.026377688172043,0.1,0.2526315789473684,19.159974465826625,-0.6626747699090645,0.3284597517854178,0.5,0.8,0.1,0.9,0.15,0.95,0.5,1.0,0.1
0.07,0.99716512525518,1.2500000000000002,0.0482180022601145,0.0298686345768487,0.4910394265232974,0.0511820171856185,0.0080512739022194,0.8018870670752322,0.2342549923195084,0.0331182795698924,1.0,2.7218729374580675,0.0142943615866249,0.042555360412466,0.507168458781362,0.5120893070489845,0.4964157706093189,-0.0049208482676225,0.010752688172043,0.7,0.631578947368421,20.11065222779111,-0.5020252306163182,0.3372357664894009,0.0,0.75,0.1,0.8,0.15,0.95,0.0,1.0,0.1
0.06,0.9972619256951946,1.0937500000000002,0.0478832773467622,0.5538296723586816,0.5391465053763441,0.6897714538061557,0.0816825629738321,0.2974392268004378,0.2411347517730496,0.03,1.0,2.1007412490436375,0.0,0.0538364850112669,0.5339381720430108,0.0,0.5339381720430108,0.0,0.0,0.0,0.402046783625731,17.563522794978223,0.3875897607483973,0.2031913843417485,0.0,0.85,0.2,0.8,0.0,0.9,0.0,1.0,0.2
0.08,0.9986845749099972,1.025,0.0308895580502172,0.5467543396095949,0.68805256869773,0.3208654530097407,-0.0406671664167916,0.3891318026562831,0.2567934782608695,0.04,1.0,3.2749822840581513,0.0,0.0755238530353849,0.6339307048984468,0.3803589636633296,0.6917562724014337,0.2535717412351172,-0.0578255675029868,0.2,0.4423976608187134,19.946441335519584,-0.1928135340788377,0.3251032451229303,0.5,0.8,0.85,0.1,0.05,0.85,0.5,1.0,0.85
0.01,0.999793856936714,1.0399999999999998,0.0055020005747687,0.5729507907649773,0.5,0.5461947580762022,-0.1267850923023337,0.1976525665870863,0.7095959595959596,0.0048484848484848,1.0,0.5482606262930859,0.0052346981784645,0.1208655050485265,0.5,0.5,0.5,0.0,0.0,1.0,0.0,0.0,0.2842677775573641,0.1397213925769922,0.0,0.95,1.0,0.0,0.0,0.05,0.0,1.0,1.0
0.11,0.9931389516036928,1.428571428571429,0.1145424578596018,0.0376046816464625,0.4940932311621966,0.220551991999859,-0.0272269381141911,0.6785305735006378,0.2614913176710929,0.0506741573033707,1.0,3.866724508422842,0.0061165281853684,0.0533809637157599,0.5928480204342274,0.6397294760197986,0.4940932311621966,-0.0468814555855712,0.0987547892720306,1.0,0.392156862745098,19.71448709127337,0.7789893626640105,0.2057455944277493,0.5,0.75,0.2,0.8,0.15,0.95,0.5,1.0,0.2
0.04,1.000575279421433,1.0357142857142856,-0.0069129343093842,0.0677887750149365,0.8489583333333334,0.3264584802125841,-0.0553160919540229,0.3586557168954145,0.375,0.0195833333333333,1.0,1.9656735110884245,0.0106279107855489,0.0904457410971574,0.5,0.5,0.5,0.0,0.0,1.0,0.0,0.0,-0.1061950900395785,0.2195432410477678,0.5,0.85,0.9,0.1,0.1,0.6,0.5,1.0,0.9
0.07,0.9995046187021008,1.0,0.0200205513390833,0.0675032644439093,0.4211469534050179,0.158504085251984,0.021876158694846,0.892083619040294,0.2469278033794162,0.0346236559139784,1.0,2.6936463285720915,0.023815030370074,0.0369260557724406,0.4229390681003584,0.2481481481481481,0.4247311827956989,0.1747909199522102,-0.0017921146953405,0.4,0.4614035087719299,19.33149496721683,-0.3251457417932268,0.3008277361717584,0.5,0.8,0.8,0.2,0.05,0.4,0.5,1.0,0.8
0.04,0.9990157480314964,1.0624999999999998,0.0142662919795868,0.6341368783641933,0.546875,0.5924747707873701,-0.0890804597701149,0.2815032762453742,0.328125,0.01875,1.0,1.9031830340314968,0.0106311775122609,0.0453240517988857,0.5,0.5,0.5,0.0,0.0,1.0,0.0,0.0,-0.5223784590886158,0.2593727416868222,0.0,0.75,0.1,0.85,0.05,0.85,0.0,1.0,0.1
0.07,0.9993929934096428,1.0,0.0011374060953127,0.591190238849047,0.621863799283154,0.499851729858205,-0.0521743736426716,0.5232461190057781,0.2745775729646697,0.0316129032258064,1.0,2.7412574497931312,0.0,0.0538966959873142,0.5949820788530467,0.618279569892473,0.632616487455197,-0.0232974910394263,-0.0376344086021503,1.0,0.4473684210526314,19.923813650438596,0.006327663903447,0.3008277361717584,0.5,0.8,0.8,0.2,0.15,0.8,0.5,1.0,0.8
0.03,1.000077126770702,1.0810810810810814,0.0044226875105407,0.3566337608513796,0.6357323232323232,0.1641909951509266,-0.0350752458822135,0.5560140095830496,0.3951890034364261,0.0145360824742268,1.0,1.8661785963502928,0.0091500549474649,0.0858607574087821,0.5,0.5,0.5,0.0,0.0,1.0,0.0,0.0,-0.2578531401323465,0.2272747124722338,0.0,0.85,0.85,0.1,0.05,0.1,0.0,1.0,0.85
0.09,0.9995629119775364,1.1,0.0161344550510753,0.4655020741140847,0.4166069295101553,0.0012761719652807,0.0002105174518967,0.7765952905163945,0.2442002442002442,0.0445054945054945,1.0,2.9631066805999127,0.0163768346433947,0.0488523983234864,0.386857825567503,0.6822270322270322,0.4129032258064516,-0.2953692066595292,-0.0260454002389486,0.1,0.2988304093567252,20.44951633898361,0.0919562691318494,0.2950781025941639,0.5,0.85,0.9,0.1,0.05,0.4,0.5,1.0,0.9
0.08,0.9991586032814476,1.0810810810810814,0.0208641763917029,0.1159548681925319,0.514336917562724,0.5906852719249306,0.0607196401799101,0.1487807616871593,0.3614130434782608,0.037391304347826,1.0,2.225602186462757,0.0051224621641245,0.1008796558257933,0.5542413381123058,0.4193548387096774,0.514336917562724,0.1348864994026283,0.0399044205495817,0.3758250874886983,0.3312865497076023,19.8787700382505,-0.8126611687106959,0.3443568977002769,0.5,0.8,0.9,0.1,0.05,0.9,0.5,1.0,0.9
0.04,0.998675883890494,1.1304347826086958,0.0158046493267201,0.0186902381094779,0.3802083333333333,0.0746779082926672,0.0150862068965517,0.7307086309015676,0.34375,0.0191666666666666,1.0,2.378261096626336,0.0070811585714147,0.0898096140551265,0.5,0.5,0.5,0.0,0.0,1.0,0.0,0.0,-0.9366292724385016,0.3162454859545631,0.0,0.8,0.7,0.1,0.05,0.2,0.0,1.0,0.8
0.12,0.9911333061557276,1.1111111111111114,0.0666841576721027,0.2699651319766535,0.5276819923371648,0.4751891326889624,0.0522300469483568,0.2182177926029024,0.3380681818181817,0.0531818181818181,1.0,3.784240132752336,0.0128968036073572,0.0496635111528923,0.5503831417624522,0.6432539682539683,0.5276819923371648,-0.0928708264915161,0.0227011494252873,0.4,0.2251633986928105,18.49103817283783,0.5503243888275673,0.1878751019588835,0.5,0.75,0.2,0.8,0.1,0.9,0.5,0.8,0.2
0.06,0.9955818436523426,1.3529411764705874,0.0655536207652901,0.4859545669044885,0.5497311827956989,0.9254271290306156,0.1128758365797623,0.1290626526901181,0.3936170212765957,0.025531914893617,1.0,2.4774427064571376,0.0309974691662854,0.0633860107414523,0.5979502688172043,0.4478548930161833,0.5497311827956989,0.1500953758010209,0.0482190860215053,0.4,0.0675438596491226,16.12211323306055,0.8640951551967526,0.2343800910294436,0.5,0.8,0.8,0.2,0.05,0.9,0.5,1.0,0.8
0.13,0.9833971902937422,1.2800000000000011,0.1529486663593232,0.1024840309168706,0.4660919540229885,0.0559933766260445,0.0076462310556532,0.9061014355626186,0.2763041556145004,0.0627586206896551,1.0,3.9978516872450314,0.0744697591510047,0.0485905356721844,0.4752873563218391,0.5137224782386073,0.4689655172413793,-0.0384351219167681,0.0063218390804598,0.4,0.1683006535947712,16.97116630995345,0.2139669318622479,0.2663264363234413,0.5,0.8,0.8,0.1,0.05,0.9,0.5,0.8,0.8
0.12,0.9853782581055308,2.0952380952380953,0.114382166422941,0.1881996823241244,0.5709770114942528,0.2388490328366896,0.0286491677336748,0.4045511889612164,0.2888257575757575,0.049090909090909,1.0,3.3947950896886683,0.0064862101011752,0.032899630468131,0.6278735632183907,0.356468680662229,0.5681992337164751,0.2714048825561617,0.0596743295019156,0.1,0.3049019607843136,16.722248723896993,0.6959749423577213,0.1417264764463297,0.5,0.8,0.2,0.8,0.15,0.95,0.5,1.0,0.2
0.11,0.9906176753057484,1.2413793103448283,0.1041887218780135,0.1562956447169302,0.4092273307790549,0.274215526570791,0.0345422894876923,0.4306099050174292,0.2931562819203268,0.0543820224719101,1.0,3.6006101507881563,0.0183656577319818,0.0567532640071955,0.4154214559386973,0.2020485724879495,0.4198914431673052,0.2133728834507477,-0.0044699872286079,0.1,0.3663398692810459,16.516816709204285,-0.3091589684462863,0.2543811196147781,1.0,0.85,0.9,0.1,0.05,0.1,1.0,1.0,0.9
0.12,0.9854661936781912,1.5000000000000009,0.1538352067546177,0.8132632539282793,0.6999042145593869,1.888396256425775,-0.1275608194622279,0.0053810865387389,0.2916666666666667,0.0559090909090909,1.0,3.624675080907787,0.0582110783774821,0.0480207952877541,0.7055555555555556,0.0,0.6999042145593869,0.0,0.0056513409961687,0.0,0.1483660130718953,18.6924294729094,-0.2841233253986379,0.1941320084746928,1.0,0.8,0.9,0.1,0.05,0.4,1.0,0.6,0.9
0.09,0.9883645765998708,1.0714285714285716,0.1174847012695998,0.3883252884052516,0.5068100358422939,0.7039571983415258,0.0744122856798913,0.1362812134782935,0.2707570207570207,0.0445054945054945,1.0,2.4450270866278525,0.0880260904962721,0.0277979166475348,0.595221027479092,0.576580459770115,0.5031063321385902,0.018640567708977,0.0921146953405017,1.0,0.4078947368421052,16.144161289694168,0.2957388794339461,0.2209346223493856,0.5,0.8,0.3,0.8,0.15,0.95,0.5,1.0,0.3
0.09,0.9874467169840836,1.250000000000001,0.1280754669711865,0.3278966610399732,0.5495818399044206,0.4944392170604936,0.0593303410204819,0.3409159281197637,0.2945665445665446,0.0395604395604395,1.0,3.336916009682442,0.0778674437229212,0.0426024309435922,0.6123058542413381,0.0,0.5531660692951016,0.0,0.0591397849462365,0.0,0.2508771929824561,15.811970255543962,0.1295761752620752,0.201881401716456,0.5,0.7,0.5,0.5,0.15,0.9,0.5,1.0,0.5
0.13,0.988843813387424,1.2,0.096965092247587,0.0330288900841814,0.3511494252873563,0.0012205548774841,-0.0001992503206686,0.9918158658840036,0.2793987621573828,0.055287356321839,1.0,4.0857707153688985,0.0203578217514829,0.0171081798640474,0.3959770114942529,0.4927750410509031,0.3568965517241378,-0.0967980295566501,0.039080459770115,0.4,0.1977124183006534,18.002282773042253,2.1709104926346763,0.1759862567685323,0.0,0.8,0.1,0.9,0.1,0.95,0.0,1.0,0.1
0.04,0.9977827050997782,1.0416666666666667,-0.0023565793513684,0.2848196208870546,0.6354166666666666,0.2589064781265241,0.0591255868544599,0.4181316324317515,0.3906249999999999,0.0195833333333333,1.0,1.8659040625482863,0.0390563931877671,0.0369303654345496,0.5,0.5,0.5,0.0,0.0,1.0,0.0,0.0,3.754110047609605,0.1651395578081623,0.0,0.85,0.9,0.1,0.15,0.45,0.0,0.8,0.9
0.13,0.999833787222073,1.647058823529414,-0.0864439017586511,0.0564746475222694,0.3689655172413792,0.1658785193638756,-0.0215065814871542,0.6480916261569805,0.2802829354553492,0.0642528735632183,1.0,3.513018064045484,0.0404610781192384,0.0388205395766788,0.3488505747126436,0.4855360551504414,0.3603448275862069,-0.1366854804377978,-0.0114942528735632,0.4,0.3071895424836599,16.552045115033767,3.864329189916612,0.1947739712944478,1.0,0.8,0.95,0.05,0.05,0.2,1.0,0.8,0.95
0.14,0.9909295505694604,1.291666666666668,0.1236684348057971,0.3032251983585779,0.5995073891625616,0.5046493011918913,0.0443591783257686,0.1521346900182834,0.2736710963455149,0.0683720930232558,1.0,3.822779826819075,0.0422700822595456,0.0384595602565302,0.607799671592775,0.6241423111556593,0.5983579638752051,-0.0163426395628842,0.0094417077175699,0.7,0.2918300653594772,20.824810058658752,0.109464508122095,0.2223800599285815,0.5,0.75,0.85,0.2,0.05,0.85,0.5,1.0,0.85
0.07,0.998922164908769,1.2000000000000008,-0.0057697750408692,0.1755444078407036,0.6630824372759857,0.3428650863132758,0.054174509422124,0.1741872166239595,0.4831029185867895,0.0346236559139784,1.0,2.7494731016975944,0.0429375141498141,0.1178287626081955,0.6684587813620072,0.4630028735632184,0.6523297491039427,0.2054559077987888,0.0161290322580645,0.4,0.0,19.437935805352367,1.8402216987024689,0.2686825971366592,0.0,0.85,0.1,0.9,0.05,0.95,0.0,1.0,0.1
0.09,0.9927960238519242,1.0909090909090904,0.0512556974017695,0.2966906903409289,0.494384707287933,0.4222098847421354,-0.0535692789213916,0.3407707632355006,0.3257020757020757,0.0375824175824175,1.0,3.45462484814431,0.0,0.0241295952564696,0.4905615292712066,0.489509949326412,0.5126642771804061,0.0010515799447946,-0.0221027479091994,1.0,0.2283625730994152,17.876633949410305,1.1289091805728084,0.2556927650014323,1.0,0.85,0.9,0.1,0.0,0.2,1.0,0.8,0.9
0.11,0.9927701793371098,1.1250000000000009,0.0555661416023059,0.4879412760725026,0.6522349936143039,1.284105573112298,0.1202434217151737,0.0741404626436351,0.3603166496424923,0.0519101123595505,1.0,3.4867781659467205,0.0122300211208244,0.0889700999614575,0.6843550446998723,0.3808009045912271,0.6436143039591314,0.3035541401086452,0.0407407407407408,0.1,0.3362745098039217,20.689849844695168,0.5137899902629988,0.2256801424961641,1.0,0.7,0.9,0.6,0.15,0.4,0.5,0.8,0.4
0.07,0.9961699495670376,1.0,0.0335744322264685,0.1611948080270774,0.6272401433691756,0.1278333472556214,0.0228900283420956,0.7455574049230415,0.3271889400921659,0.0308602150537634,1.0,2.5466954193295175,0.0383898702716108,0.0455243628597491,0.6236559139784946,0.3674245818399044,0.6200716845878136,0.2562313321385902,0.003584229390681,0.4,0.2704678362573099,15.871786614457491,1.822950464896544,0.1681431701861383,0.0,0.85,0.1,0.8,0.1,0.6,0.0,0.8,0.1
0.08,0.9943948782557273,1.1200000000000003,0.0377299227270377,0.2733293459949032,0.5884109916367981,0.5097089786338187,0.0698101653398652,0.2912726303973401,0.3369565217391304,0.0391304347826087,1.0,2.9962651898957673,0.0256612183864117,0.0744836202104242,0.6534050179211469,0.5876320678044816,0.5884109916367981,0.0657729501166652,0.0649940262843488,0.7,0.2429824561403507,16.258053057061854,1.8554845076998123,0.187425010185919,0.5,0.6,0.8,0.2,0.1,0.8,0.5,0.8,0.8
0.14,0.9898028198324752,1.1500000000000004,0.1305211418375332,0.0550226256015702,0.3321018062397373,0.0463996008216694,-0.0066679144635253,0.9762085965711594,0.2583056478405315,0.0569767441860465,1.0,3.610842000655686,0.0,0.01802977766006,0.3793103448275861,0.7051332982923638,0.3344006568144499,-0.3258229534647777,0.0449096880131361,0.1,0.3261437908496732,18.331503205962264,0.2896473659105001,0.2931366359402576,0.5,0.8,0.1,0.85,0.1,0.95,0.5,1.0,0.1
0.11,0.9913705840672132,1.12,0.1304148723641538,0.0726023225036929,0.4599297573435505,0.2114308070076257,-0.0283272669726222,0.4768896661766134,0.3117977528089887,0.0506741573033707,1.0,3.651583990658892,0.0245431996780264,0.0327301278296379,0.4801085568326947,0.1442182966376514,0.4599297573435505,0.3358902601950433,0.0201787994891442,0.1,0.3034313725490196,18.14372160661816,0.6965329419991169,0.1750832335645615,0.5,0.8,0.2,0.8,0.05,0.9,0.5,0.8,0.2
0.03,0.9977659351655764,1.0,0.0188764284961171,0.2727708446128795,0.5243055555555556,0.7561038432828625,0.1316974009002469,0.1345635156953418,0.5326460481099656,0.0132989690721649,1.0,1.4413906265828418,0.0153054352815968,0.1186645853352373,0.5,0.5,0.5,0.0,0.0,1.0,0.0,0.0,1.8380846386729992,0.1237685486736148,0.0,0.9,0.1,0.85,0.0,0.95,0.0,0.8,0.15
0.06,0.9901949385730342,1.0,0.0653709552127421,1.2064612832345545,0.7807459677419355,3.4032269467986613,0.2553690939966038,0.0043032672158225,0.4680851063829787,0.0293617021276595,1.0,2.8698669515573196,0.0395433887871791,0.1153627881347831,0.8553427419354839,0.787130376344086,0.7807459677419355,0.0682123655913978,0.0745967741935483,0.7,0.2038011695906432,18.68296414011821,0.6954955020848193,0.1806487506458992,0.5,0.8,0.9,0.1,0.15,0.85,0.5,1.0,0.9
0.13,0.9976028028766368,1.1764705882352933,0.0696167885812981,0.0596066889166243,0.6114942528735633,0.1074231221081885,0.0144082888133397,0.9060960990653146,0.2073386383731211,0.0627586206896551,1.0,3.888518955942325,0.0951763780107039,0.0341741966278309,0.553448275862069,0.5914618535586277,0.6114942528735633,-0.0380135776965586,-0.0580459770114942,1.0,0.4235294117647057,17.59349697106706,0.7261727115152627,0.327456073711711,1.0,0.85,0.95,0.0,0.05,0.15,1.0,1.0,0.95
0.09,0.9860409860409858,1.1034482758620692,0.1287576296687654,0.1999621396751741,0.7047789725209079,0.1567218334836025,0.0248499544274192,0.7311667434395046,0.28998778998779,0.0445054945054945,1.0,2.9861688185952846,0.0713656423034965,0.0750275732297818,0.7565113500597372,0.6454301075268817,0.6937873357228196,0.1110812425328555,0.0627240143369176,0.7,0.339766081871345,15.700307223822294,-0.4479361914625621,0.201881401716456,0.5,0.8,0.1,0.9,0.1,0.95,0.5,1.0,0.1
0.1,0.9956533550665582,1.3333333333333346,0.0637808185138476,0.3719924020959874,0.25,0.5744835068250687,-0.0622848200312989,0.1086413137012106,0.2805555555555555,0.0488888888888888,1.0,2.9442517708578175,0.0348211241238764,0.0252255150957422,0.2462962962962962,0.5739087301587301,0.2462962962962962,-0.3276124338624339,0.0,0.2,0.2944444444444446,19.662753835550472,-0.0291138338050376,0.3358459770890317,0.5,0.85,0.75,0.25,0.05,0.45,0.5,1.0,0.75
0.14,0.993217054263566,1.2799999999999994,0.0519600961124987,0.2662138116756883,0.5604269293924466,0.6546332307319638,0.0648308455383463,0.1221594307468416,0.3347176079734219,0.0602325581395348,1.0,3.725572929761004,0.0212433494121959,0.0445076113291476,0.5955665024630542,0.5059954590605932,0.5535303776683087,0.089571043402461,0.0420361247947455,0.7,0.2869281045751635,17.360107930870075,1.230439848635597,0.2761023914032865,0.5,0.7,0.6,0.6,0.15,0.9,0.5,0.8,0.5
0.09,0.9886887306242148,1.2142857142857144,0.1131712026786966,0.0894067402005338,0.5652329749103943,0.3307532750819221,-0.0434057335465786,0.3691361420465621,0.3037240537240537,0.0425274725274725,1.0,3.205565154625159,0.0383665594247991,0.0432673599591121,0.5616487455197133,0.5766642720306513,0.5800477897252091,-0.0150155265109379,-0.0183990442054957,1.0,0.1448830409356725,18.35260723868383,0.1141056943244631,0.2786900817869301,1.0,0.85,0.9,0.1,0.05,0.15,1.0,1.0,0.9
0.04,0.9945996829171622,1.0,0.0464635221985438,0.3866103788378269,0.5416666666666666,0.577164022185571,-0.1006455399061033,0.2244954285190089,0.3567708333333333,0.0195833333333333,1.0,2.381981732913907,0.0461792171727333,0.0566724076275854,0.5,0.5,0.5,0.0,0.0,1.0,0.0,0.0,-0.7249425941648804,0.2522540606638907,0.0,0.9,0.1,0.85,0.05,0.95,0.0,0.6,0.1
0.11,0.9875270590660756,1.1250000000000009,0.1202728229698328,0.3341193288783744,0.7162196679438059,0.9178217377842076,0.0957717705620854,0.242463606611344,0.3983656792645557,0.0506741573033707,1.0,3.3773286970475724,0.0061207538690883,0.0877714731005042,0.725383141762452,0.7115900383141763,0.7246487867177521,0.0137931034482756,0.0007343550446998,0.7,0.1315359477124182,19.34461424204647,-0.8859250613179235,0.4445256132714093,0.5,0.85,0.9,0.1,0.0,0.9,0.5,0.8,0.9
0.04,0.9953161592505856,1.03125,0.0468103805982538,0.3583015811525574,0.2864583333333333,0.5001666765238084,0.0812793427230045,0.53193406602563,0.3802083333333333,0.0191666666666666,1.0,1.5882421539075984,0.0498167773654809,0.0490615221491744,0.5,0.5,0.5,0.0,0.0,1.0,0.0,0.0,-0.0460823993298107,0.1854342621855831,0.0,0.9,0.1,0.8,0.0,0.95,0.0,0.8,0.1
0.1,0.9887987640015448,1.2068965517241383,0.103701503038009,0.072036173682066,0.7185185185185184,0.0896418512234873,0.0148669796557119,0.9724724366560256,0.3444444444444444,0.0455555555555555,1.0,3.359945537900704,0.040770864167156,0.073110138018959,0.75,0.6032165368928438,0.7175925925925926,0.1467834631071561,0.0324074074074074,0.4,0.1555555555555554,18.529471973491116,-0.2405393846832657,0.2993480947871813,0.0,0.85,0.1,0.9,0.1,0.95,0.0,1.0,0.1
0.07,0.9939665132314917,1.0,0.0485244160286538,0.3519949173538027,0.3566308243727598,0.3188883718240194,0.0504316219900045,0.9031375712299138,0.3306451612903226,0.0286021505376344,1.0,2.6182427194656412,0.0144114206103121,0.0617927727636531,0.4587813620071685,0.2492308841099163,0.3566308243727598,0.2095504778972521,0.1021505376344086,0.2,0.3087719298245615,15.975094383949902,0.7093546044286283,0.1478504569588263,0.5,0.8,0.2,0.8,0.1,0.95,0.5,0.8,0.2
0.06,0.9930465919973352,1.28125,0.0599801114324567,0.1174882746878004,0.5584677419354839,0.1506480960126587,-0.0279692338427728,0.6420995067410458,0.301418439716312,0.0274468085106383,1.0,2.9329748883990767,0.0,0.0530484685149703,0.5100806451612904,0.0,0.5477150537634409,0.0,-0.0376344086021505,0.0,0.4634502923976608,18.42527918332121,-0.7699449620058125,0.2152282818998848,0.0,0.85,0.1,0.8,0.1,0.95,0.0,1.0,0.1
0.11,0.9920372643439398,1.3333333333333328,0.091299288339871,0.5798116630308402,0.6582694763729245,1.7490368150882794,0.1331769986620438,0.0188265304624067,0.3472931562819203,0.0531460674157303,1.0,3.5541722767022867,0.0613621114234705,0.0848921906514566,0.69029374201788,0.4048479792361883,0.6619731800766283,0.2854457627816916,0.0283205619412516,0.1,0.2212418300653593,17.702319706519848,-0.1502945737884986,0.2543811196147781,0.5,0.8,0.9,0.1,0.05,0.85,0.5,1.0,0.9
0.06,0.998061568283565,1.1428571428571428,0.0138836477873671,0.4508997597737203,0.4781586021505377,0.5686307902019158,0.0851563280391569,0.4242331366907211,0.3049645390070922,0.0274468085106383,1.0,2.889694743858817,0.0264220201277347,0.0389161051052159,0.4889112903225807,0.5982187466058434,0.4835349462365592,-0.1093074562832627,0.0053763440860215,0.1,0.4377192982456142,16.49560887727673,2.4837976660980328,0.1099809018182054,1.0,0.7,0.8,0.1,0.1,0.2,1.0,1.0,0.8
0.08,0.993242743347555,1.1000000000000003,0.0888978301254264,0.090021311263389,0.5420549581839903,0.0248060999735607,0.0046693202694428,1.0,0.3016304347826087,0.0356521739130434,1.0,3.180141981842801,0.0257407940583135,0.0754737840205831,0.5885304659498208,0.3723118279569892,0.5277180406212664,0.2162186379928315,0.0608124253285544,1.0,0.1774853801169589,18.532424469131215,-0.1814485713120821,0.251634796097221,1.0,0.85,0.9,0.1,0.05,0.15,1.0,0.8,0.9
0.09,0.997694744141589,1.0,0.0008231772571578,0.1754437848515242,0.4173237753882914,0.1864481113035515,-0.0268448296617311,0.6426113099661757,0.271978021978022,0.0445054945054945,1.0,3.349112976786631,0.0328233693987967,0.0486345120137844,0.3849462365591398,0.441483803552769,0.4173237753882915,-0.0565375669936292,-0.0323775388291517,1.0,0.2950292397660818,21.018728244965025,3.110069067142912,0.2275678125935937,0.5,0.9,0.1,0.85,0.0,0.95,0.5,0.8,0.1
0.07,0.9934080543604706,1.0909090909090904,0.0526456221138467,0.3311120547345232,0.7508960573476703,0.3530492108056752,0.0523138832997988,0.4329111449462126,0.3241167434715821,0.0316129032258064,1.0,2.739401498476776,0.0335005534827945,0.0491819236725559,0.8082437275985663,0.2473566308243727,0.7455197132616487,0.5608870967741936,0.0627240143369176,0.1,0.1853801169590642,16.70036691970926,1.2944964733093114,0.1527852862655811,0.5,0.7,0.2,0.8,0.15,0.9,0.5,1.0,0.2
0.08,0.991455139482282,1.0,0.0489553339093869,0.3560050665475593,0.582437275985663,0.5682380293356002,0.0789957134109002,0.2127531185538301,0.2839673913043478,0.0347826086956521,1.0,3.318501004061894,0.0465811242499198,0.0435960510713064,0.6759856630824373,0.5720099879495736,0.582437275985663,0.1039756751328637,0.0935483870967743,0.4,0.2795321637426899,16.229940143293174,1.9620089781229009,0.1761464439782173,0.5,0.8,0.85,0.15,0.05,0.9,0.5,1.0,0.85
0.06,0.9953999974655632,1.240000000000001,0.0290220113730865,0.1041461358372351,0.5359543010752689,0.0149225136907375,0.0028468684447107,0.895910352025807,0.2845744680851064,0.0293617021276595,1.0,2.9538974231157824,0.0,0.031738938395548,0.5199932795698925,0.0,0.5357862903225806,0.0,-0.0157930107526881,0.0,0.4187134502923977,17.723170999295714,1.8441745675482857,0.1806487506458992,0.0,0.8,0.2,0.8,0.15,0.95,0.0,1.0,0.2
0.14,0.9837962962962962,1.291666666666668,0.1198066589698356,0.3672159435924631,0.7129720853858785,1.1546925039488911,0.092882878667353,0.0800260491047198,0.3193521594684385,0.0667441860465116,1.0,3.889603558782985,0.0923250681068577,0.1118209735964215,0.7722495894909689,0.5296135100794599,0.7158456486042694,0.242636079411509,0.0564039408866995,0.2,0.1696078431372549,16.82866540889955,1.7416936196845345,0.1885795378712353,0.5,0.8,0.9,0.1,0.15,0.8,0.5,1.0,0.9
0.05,0.9956515219673115,1.238095238095238,0.0575756647636989,0.3688641970238972,0.7620967741935484,0.0864028980011518,0.0177909562638992,0.8866475043529304,0.3789473684210526,0.021578947368421,1.0,2.4019886518735003,0.0120078028038757,0.0780071820480214,0.7516801075268816,0.5257412838057999,0.7620967741935484,0.2259388237210817,-0.0104166666666667,0.4,0.0105263157894736,18.04675110012448,0.5086692549957119,0.240823717300155,1.0,0.7,0.9,0.8,0.1,0.6,0.0,0.8,0.2
0.05,0.9959100814998358,1.0810810810810811,0.0293197859944758,0.494274346366178,0.73622311827957,0.7516067576098722,-0.1180133432171979,0.0933303257785106,0.3868421052631579,0.0210526315789473,1.0,2.5224415822575033,0.0079995789132487,0.0912072721921458,0.752016129032258,0.5926197458455523,0.7466397849462366,0.1593963831867056,0.0053763440860213,0.4,0.0631578947368421,17.38897631153332,0.7531784845885987,0.2476418159025596,0.0,0.9,0.1,0.85,0.05,0.9,0.0,0.8,0.1
0.06,0.9946079860099096,1.0,0.0212591936921833,0.9388673246199584,0.7914986559139785,1.3613784843895107,-0.1465388073119568,0.028766559990893,0.3395390070921986,0.025531914893617,1.0,2.0151322108562923,0.0176494071448242,0.064969842410518,0.7647849462365591,0.4406158357771261,0.796875,0.324169110459433,-0.0320900537634408,0.1,0.1853801169590643,17.011775856206533,2.505973766781338,0.1500782042488747,0.5,0.85,0.9,0.1,0.1,0.85,0.5,1.0,0.9
0.12,0.9804940324208772,1.108108108108108,0.122822567382806,0.0166423292543145,0.4501915708812261,0.0996756732607712,0.0141912078531797,0.7101791399619444,0.2064393939393939,0.06,1.0,3.4383132350501304,0.0,0.0335677046643418,0.5120689655172413,0.3116858237547892,0.4588122605363984,0.2003831417624521,0.0532567049808428,0.4,0.3637254901960786,21.321965092601538,1.5104942084889164,0.4361140988065473,1.0,0.7,0.8,0.2,0.2,0.1,0.5,0.8,0.8
0.13,0.9866339765896868,1.1428571428571432,0.1072707816654882,0.2742950339422682,0.4195402298850575,0.508800163057007,-0.0510205352361738,0.3613248099173096,0.2170645446507515,0.0597701149425287,1.0,4.146866839125397,0.0473891199645419,0.0328954715625481,0.4517241379310345,0.4792693756666071,0.4086206896551724,-0.0275452377355726,0.0431034482758621,0.4,0.3408496732026144,18.03297464986379,1.908018754944326,0.1821324328795806,0.5,0.8,0.4,0.7,0.05,0.9,0.5,0.8,0.4
0.12,0.9887334887334888,1.0416666666666667,0.1408513795200545,0.8503659631051863,0.8770114942528734,1.9812270805270007,0.1386043533930858,0.0108340555196986,0.4535984848484848,0.0531818181818181,1.0,3.595871894360368,0.0323495129813598,0.1675850091687649,0.8912835249042145,0.2896072796934866,0.8770114942528734,0.6016762452107278,0.014272030651341,0.1,0.0503267973856208,16.795406140203234,0.8734545826258646,0.2566232148015288,0.5,0.85,0.9,0.1,0.1,0.85,0.5,0.8,0.9
0.14,0.9825445871957498,1.2857142857142865,0.2043311329255158,0.0852906694547049,0.4114121510673234,0.0921729949420361,-0.0116980955500444,0.7314523777955045,0.2603820598006644,0.061860465116279,1.0,3.8320834666935726,0.0569094841250013,0.0393328629744457,0.5832512315270936,0.3221292977565379,0.4032840722495894,0.2611219337705556,0.1799671592775041,0.1,0.3366013071895424,15.62128509978094,0.7451780804271393,0.1950788630963232,0.0,0.8,0.1,0.85,0.1,0.95,0.0,1.0,0.1
0.1,0.9860452869931544,1.2142857142857146,0.1358678305324351,0.6736748081984738,0.7138888888888889,1.3085131727952637,0.1195618153364632,0.1177550733262709,0.3027777777777778,0.0477777777777777,1.0,3.235313047633559,0.0699685736758292,0.0732129542072066,0.7731481481481483,0.3929850039138136,0.7157407407407407,0.3801631442343346,0.0574074074074075,0.1,0.2166666666666667,18.168919673176724,-0.7521277522453036,0.2303466122545444,0.5,0.8,0.85,0.15,0.05,0.9,0.5,1.0,0.85
0.1,0.9847729237316312,1.090909090909091,0.134967352244524,0.3552859460634808,0.5120370370370371,0.5698039139987607,0.0599374021909232,0.2121355289849874,0.3638888888888889,0.0488888888888888,1.0,3.564241784121149,0.0875942912582262,0.0902207817897265,0.6259259259259259,0.5262328513162774,0.5148148148148148,0.0996930746096484,0.111111111111111,0.1,0.0999999999999999,16.181074806400186,-0.1357441235582648,0.2591131035603004,0.5,0.7,0.85,0.1,0.05,0.8,0.5,1.0,0.85
0.07,0.9916856771177012,1.1250000000000002,0.0716241847524304,0.3325835252830877,0.503584229390681,0.3908806715062652,0.0647324809069471,0.4737075845320249,0.3847926267281105,0.0338709677419354,1.0,2.7676853955526197,0.0477718088179906,0.0691490346305439,0.6093189964157707,0.3943697729988052,0.514336917562724,0.2149492234169654,0.0949820788530466,0.4,0.2192982456140351,17.585850975554074,-0.4594104299661579,0.2763735818638145,0.5,0.7,0.8,0.2,0.15,0.9,0.5,0.8,0.8
0.06,1.0161528148532286,1.161073825503356,-0.0866850689266082,0.6009530393657504,0.7147177419354839,0.4383847851128534,-0.067226051343522,0.3488565382293787,0.3989361702127659,0.03,1.0,2.8542843159775297,0.0,0.1333221285153663,0.8257728494623655,0.0,0.704133064516129,0.0,0.1216397849462365,0.0,0.1847953216374269,22.057292902490275,0.2211640813750155,0.3811754409896692,0.5,0.8,0.9,0.1,0.15,0.75,0.5,0.8,0.9
0.1,1.0231753325958073,1.0753968253968256,-0.1367902653009439,0.2702015332337796,0.4527777777777778,0.5977319543025923,0.0657276995305164,0.3546632507263884,0.2444444444444444,0.05,1.0,3.384703330916362,0.0,0.0468909484213056,0.4518518518518519,0.5065558862433862,0.4472222222222222,-0.0547040343915343,0.0046296296296297,1.0,0.5,17.798859178716192,0.5460787411855055,0.2745779676034576,0.5,0.8,0.85,0.15,0.05,0.9,0.5,1.0,0.85
0.09,1.0275403940562309,1.0630630630630635,-0.1483655859872423,0.0477968930171383,0.3457586618876941,0.1003820949181756,-0.015443085865621,0.8141737276933612,0.2759462759462759,0.0445054945054945,1.0,3.46285555400871,0.0712625724435161,0.0307007827645058,0.4556750298685783,0.0,0.3421744324970131,0.0,0.1135005973715651,0.0,0.1359649122807019,16.99284549722308,2.3858528803299306,0.1726165491651992,1.0,0.8,0.9,0.2,0.1,0.1,0.5,1.0,0.3
0.11,1.0223580374594232,1.282700421940928,-0.1475639248040987,0.2941266820106909,0.3954980842911877,0.4316930978776011,0.0477492123322159,0.4113227564587367,0.2660878447395301,0.0543820224719101,1.0,3.4910553949077077,0.0489217126291548,0.0170174545543355,0.4075670498084291,0.3368634259259259,0.3975415070242656,0.0707036238825031,0.0100255427841635,0.7,0.2444444444444444,16.96752808403947,1.375045720448666,0.3119010114745237,1.0,0.8,0.95,0.05,0.05,0.2,1.0,0.8,0.95
0.13,1.0363549788527566,1.2982456140350884,-0.2214838498449687,0.2456606109619191,0.710919540229885,0.5249072937634738,0.0533368202139451,0.1677772683764996,0.3580901856763925,0.0582758620689655,1.0,3.803121035686475,0.0270253405583879,0.1273478783883822,0.7626436781609196,0.4565544608648057,0.713793103448276,0.3060892172961139,0.0488505747126436,0.1,0.1173202614379084,15.897242319265349,2.8353484908215156,0.2432082407530671,0.5,0.85,0.9,0.1,0.05,0.85,0.5,1.0,0.9
0.15,1.051883239834165,1.1859296482412065,-0.250046431135478,0.4447128970439505,0.5192118226600986,0.9660188617492792,-0.0757249378624689,0.0953714551277814,0.238235294117647,0.0705882352941176,1.0,3.6850884562630815,0.0440577562590311,0.0347151871060367,0.5482758620689655,0.5321086480569239,0.5168308702791462,0.0161672140120415,0.0314449917898193,1.0,0.3647058823529411,14.882563511297514,0.989584676809156,0.1950717540485712,0.5,0.8,1.0,0.0,0.0,0.3,0.5,1.0,1.0
0.06,1.0112061785416826,1.0272727272727271,-0.0815287219730234,0.2079272283346399,0.4586693548387097,0.1392570904372236,-0.0245230246728598,0.6575039717748978,0.3856382978723404,0.03,1.0,2.6812732605100567,0.0,0.0543278525479075,0.4791666666666667,0.3280689964157706,0.4633736559139785,0.151097670250896,0.0157930107526881,0.1840386271964254,0.171345029239766,20.49031736495378,1.3845833537799723,0.2031913843417485,0.0,0.8,0.1,0.85,0.1,0.95,0.0,1.0,0.1
0.04,1.0104655836189025,1.07608695652174,-0.061900318043162,0.1711222297379508,0.2760416666666667,0.0458470194618003,0.0110035211267605,0.9368537586944142,0.3723958333333333,0.0179166666666666,1.0,1.892729667180604,0.0248694230487823,0.0747624995443937,0.5,0.5,0.5,0.0,0.0,1.0,0.0,0.0,2.439156873271777,0.1700533316295372,0.0,0.9,0.1,0.85,0.0,0.95,0.0,0.8,0.1
0.1,1.027226842965807,1.2095808383233535,-0.1638462824543449,0.4026110682612587,0.7194444444444444,0.5787479870378873,-0.070735524256651,0.1899062098398658,0.3222222222222222,0.0433333333333333,1.0,3.190407338052762,0.0350347059283253,0.0719035165811168,0.7083333333333334,0.6026785714285715,0.7194444444444444,0.1056547619047618,-0.011111111111111,0.6579050194284821,0.1333333333333333,14.548214863119057,2.213556266879424,0.197815193268222,0.5,0.7,0.8,0.2,0.05,0.85,0.5,0.8,0.8
0.07,1.0151108625164962,1.0805687203791474,-0.1009826388261818,0.1305272700962268,0.5448028673835125,0.2229990731361701,-0.0401116375673393,0.6217160138598852,0.3817204301075269,0.0323655913978494,1.0,3.049806421675586,0.0190676051083013,0.0590481928245969,0.578853046594982,0.4082810633213858,0.5268817204301075,0.1705719832735961,0.0519713261648745,0.4,0.2538011695906431,17.677758683099157,1.961953296447943,0.2539169949232104,0.0,0.9,0.1,0.85,0.05,0.95,0.0,1.0,0.1
0.12,1.0365366697723948,1.178082191780822,-0.1919268557388869,0.254399097636427,0.2973180076628353,0.2873108020153716,-0.0353179684165599,0.3235702448129856,0.2556818181818182,0.06,1.0,3.757027644273803,0.0,0.0187742839531474,0.3870689655172414,0.6736270753512134,0.2973180076628353,-0.2865581098339719,0.0897509578544061,0.1,0.4254901960784314,17.161296304938624,0.9470928438556164,0.2643704412697942,0.5,0.8,0.3,0.7,0.05,0.9,0.5,1.0,0.3
0.11,1.0337023247567758,1.12962962962963,-0.1783080759265498,0.0786048450686745,0.5890804597701149,0.0308185353764463,-0.0042008948481491,0.9604190300134116,0.2939223697650664,0.049438202247191,1.0,3.521113134757327,0.0492646974982797,0.0954410153878248,0.66772030651341,0.6125159642401022,0.6059386973180078,0.0552043422733077,0.0617816091954022,0.7,0.16078431372549,16.133030497408665,1.4573220069999406,0.2697733292097824,0.0,0.85,0.2,0.8,0.1,0.85,0.0,0.8,0.6
0.08,1.0276108331028238,1.1666666666666663,-0.1258567832539132,0.3097663385372236,0.6290322580645161,0.1236366778602548,-0.0215094917330067,0.9797097568571432,0.4184782608695652,0.037391304347826,1.0,3.0204329209981235,0.0153642341698945,0.1636274114525434,0.6859020310633214,0.1493145743145743,0.6471923536439665,0.5365874567487471,0.0387096774193548,0.1,0.1397660818713449,18.1876053415774,0.8119045928418864,0.2984587882726994,0.5,0.85,0.9,0.1,0.1,0.6,0.5,0.8,0.9
0.05,1.012568836618705,1.0526315789473677,-0.0752730058658237,0.33972686681093,0.6053427419354839,0.3554625212463367,-0.0615270570793179,0.3969203249012361,0.2973684210526315,0.0242105263157894,1.0,2.572390539112038,0.0159130493203664,0.0572980634778438,0.5460349462365591,0.0,0.6001344086021505,0.0,-0.0540994623655913,0.0,0.4368421052631579,17.55824489881957,1.6377097050278904,0.1976624322722601,0.0,0.9,0.0,0.9,0.05,0.95,0.0,1.0,0.0
0.1,1.021919879062736,1.1069182389937096,-0.163841392519358,0.1953777280052145,0.3037037037037037,0.4249836626459639,0.0575899843505476,0.3284588698411621,0.2749999999999999,0.0466666666666666,1.0,3.305836519305212,0.0173862830992635,0.0608759159327759,0.3314814814814814,0.0,0.2972222222222222,0.0,0.0342592592592592,0.0,0.3333333333333332,18.43767142056704,3.684113348877929,0.1684069992978157,0.5,0.8,0.4,0.6,0.05,0.9,0.5,1.0,0.4
0.09,1.014650956897564,1.32142857142857,-0.133408419971736,0.4839334849599374,0.4352449223416965,0.8074753082025697,-0.0886343703245111,0.1712474884135831,0.2936507936507936,0.0385714285714285,1.0,2.671983326921172,0.0109724776456181,0.0457819747319997,0.460931899641577,0.4971264367816092,0.4352449223416965,-0.0361945371400321,0.0256869772998805,1.0,0.2149122807017544,14.906131180539775,3.696887644017268,0.1782431600642325,0.5,0.7,0.9,0.1,0.1,0.85,0.5,0.8,0.9
0.12,1.0251156476267094,1.2181818181818187,-0.1649569207986768,0.0281759458561198,0.253544061302682,0.0625723609531262,-0.0097097737942807,0.7948122810737606,0.2765151515151515,0.0586363636363636,1.0,3.866272049123413,0.0514548016864525,0.0130612423640224,0.3185823754789272,0.3541666666666667,0.2678160919540229,-0.0355842911877394,0.0507662835249042,1.0,0.2712418300653596,16.59911810018331,0.2388985355390818,0.2490564267978769,0.5,0.6,0.1,0.8,0.35,0.95,0.5,1.0,0.1
0.11,1.0229588118357438,1.5142857142857136,-0.1738708217126496,0.2379000228136378,0.5531928480204341,0.1606552189675499,-0.0230905350386281,0.6394082907683423,0.3258426966292135,0.0457303370786516,1.0,3.5586226804964434,0.0061508633344954,0.0800830227758151,0.5167943805874841,0.4387160778289811,0.5346743295019157,0.0780783027585029,-0.0178799489144316,0.7,0.155065359477124,14.83176563985929,3.20386208119397,0.2256801424961641,0.5,0.7,0.5,0.6,0.15,0.9,0.5,0.8,0.5
0.13,1.0235710124951802,1.6964285714285716,-0.1901229282907268,0.4668236353463103,0.7333333333333334,1.1249035989272833,-0.0924895082253023,0.0270287061054063,0.3994252873563218,0.055287356321839,1.0,3.6544629142805967,0.0203396522257612,0.0740481017721623,0.7540229885057471,0.3492330714552937,0.7333333333333333,0.4047899170504533,0.0206896551724138,0.1,0.0470588235294117,16.977847415951043,1.960012703025643,0.2286395559806741,0.5,0.8,0.9,0.1,0.0,0.3,0.5,1.0,0.9
0.08,1.013349136048905,1.104895104895105,-0.1130014303201099,0.2876379413299441,0.2437275985663082,0.050648744676815,-0.0084966319657072,0.9290793163393848,0.2921195652173913,0.0347826086956521,1.0,3.083590784948242,0.0309242240400169,0.0813709833783564,0.2948626045400238,0.4597904330662951,0.2508960573476702,-0.1649278285262713,0.0439665471923536,1.0,0.3921052631578947,15.258768609265948,2.6924686790621557,0.2241996354055846,0.5,0.7,0.85,0.15,0.15,0.9,0.5,1.0,0.85
0.08,1.021832952526022,1.1775700934579434,-0.1256357556122092,0.1262321557149344,0.4362007168458781,0.1182290685849674,-0.0197489283527249,0.7360789676623896,0.2758152173913043,0.037391304347826,1.0,3.012739376643255,0.0410879550346814,0.0378567517058561,0.4571087216248506,0.6662118789395625,0.4362007168458781,-0.2091031573147118,0.0209080047789725,0.1,0.4312865497076024,17.69602236816791,1.953346267972801,0.2589253848731839,0.0,0.85,0.0,0.9,0.05,0.95,0.0,1.0,0.0
0.12,1.0217070232033891,1.2000000000000002,-0.1767348605283649,0.4658505904550172,0.631896551724138,0.8397997348162377,-0.0777848911651728,0.0977097366410779,0.3607954545454545,0.0518181818181818,1.0,3.754335463191215,0.0323842257040333,0.0517535474926887,0.631992337164751,0.6279342567579498,0.6347701149425288,0.0040580804068012,-0.0027777777777777,1.0,0.1375816993464053,14.243655084246448,1.4510583063632732,0.1526654747702829,0.5,0.8,0.9,0.1,0.15,0.75,0.5,1.0,0.9
0.12,1.027773346912232,2.006944444444444,-0.175727719677381,0.1909386050933018,0.3601532567049808,0.1163214722591924,0.0168053777208707,0.8651158774073253,0.2452651515151515,0.0531818181818181,1.0,3.430827586107679,0.0258180244069492,0.0312556188409231,0.3941570881226053,0.5149744572158365,0.3746168582375479,-0.1208173690932311,0.0195402298850574,0.7,0.276797385620915,16.136625736998802,1.5850869804095271,0.2804424001615672,0.5,0.75,0.85,0.7,0.05,0.8,0.0,1.0,0.2
0.09,1.0246788858421128,1.0636363636363635,-0.1418039682363845,0.130331022562484,0.2725209080047789,0.1471650992887535,-0.0217028667732893,0.7539366656876203,0.2142857142857143,0.0445054945054945,1.0,3.1685520469188204,0.0054565942717328,0.0192431229363707,0.3452807646356033,0.3564145346681497,0.2725209080047789,-0.0111337700325463,0.0727598566308244,1.0,0.5728070175438595,16.69995119977888,1.674934241963844,0.2144465818624542,0.5,0.8,0.1,0.9,0.1,0.95,0.5,1.0,0.1
0.11,1.023000460350207,1.1933701657458566,-0.1591925719886626,0.035518418868302,0.2946040868454661,0.023137299054256,-0.0038412291933417,0.9824097481289682,0.2007150153217569,0.0482022471910112,1.0,3.304048951583861,0.0369532854519017,0.023594785651591,0.3897509578544061,0.0,0.2946040868454661,0.0,0.0951468710089399,0.0,0.3464052287581701,15.940957134754166,1.8657489064387465,0.2397047038136498,0.5,0.8,0.3,0.7,0.1,0.95,0.5,1.0,0.3
0.08,1.0192421634737467,1.135,-0.123818637775048,0.588093047252102,0.4903225806451612,0.6722597440985368,-0.0782302510716474,0.1148306874709243,0.3084239130434782,0.0391304347826087,1.0,3.277050345013356,0.0051175229755357,0.0628160699650077,0.6015531660692951,0.7222670250896058,0.490442054958184,-0.1207138590203107,0.1111111111111111,0.4,0.3245614035087719,16.16418807877458,2.251738050300988,0.1652952453412832,0.0,0.85,0.2,0.8,0.05,0.85,0.0,1.0,0.2
0.08,1.014762010541408,1.0583333333333331,-0.0972335497968239,0.1016495565777492,0.505615292712067,0.0874565456467466,-0.0150796080832822,0.7650821738894724,0.2622282608695652,0.04,1.0,3.1528568337265317,0.0,0.053987285532248,0.5384707287933095,0.2890622818042173,0.505615292712067,0.2494084469890922,0.0328554360812425,0.1,0.5023391812865496,21.119287984584403,0.3120583634733114,0.237588487550914,0.5,0.85,0.9,0.1,0.05,0.35,0.5,0.8,0.9
0.11,1.0229572015391428,1.1166666666666667,-0.1554289504421742,1.0278467982288733,0.7754789272030651,2.1270850900954175,-0.163187500899164,0.0018735027866645,0.38585291113381,0.0543820224719101,1.0,3.5860426778686154,0.0,0.1069741823526271,0.7798212005108557,0.2793227042392782,0.764367816091954,0.5004984962715775,0.0154533844189016,0.1,0.1297385620915033,21.161676038615216,1.203078864463869,0.2777605047880729,0.5,0.85,0.9,0.1,0.05,0.4,0.5,0.8,0.9
0.08,1.0227618923271098,1.0264150943396229,-0.1173795888013711,0.1158799558601368,0.2545997610513739,0.0821648301325726,-0.0127832210655236,0.8337875745687782,0.2635869565217391,0.037391304347826,1.0,3.088687860773799,0.0153646049306779,0.0224187269836021,0.2948626045400238,0.3744922341696535,0.2510155316606929,-0.0796296296296296,0.0438470728793309,0.4,0.518421052631579,18.005635772487718,0.6044880165608082,0.3159426717112412,0.5,0.6,0.2,0.8,0.25,0.9,0.5,1.0,0.2
0.09,1.025317683577457,1.05982905982906,-0.144443428528322,0.9790241530607876,0.8193548387096774,1.3556392044772194,-0.1316445682642865,0.0273422236954621,0.2841880341880342,0.0375824175824175,1.0,2.7707284210965866,0.0165093388191916,0.0894474370014201,0.8081242532855436,0.575194660734149,0.8193548387096774,0.2329295925513945,-0.0112305854241337,0.2,0.0839181286549708,16.723929453423473,2.060459933691492,0.2708241992361264,0.5,0.8,0.85,0.15,0.05,0.85,0.5,0.8,0.85
0.05,1.013389026718192,1.0333333333333332,-0.0763198745313495,0.4699128190549947,0.623991935483871,0.8822588275261618,-0.125574499629355,0.0478408107031579,0.4999999999999999,0.0221052631578947,1.0,2.3002262688561146,0.023976227367834,0.0780483586013386,0.59375,0.5,0.5,0.09375,0.09375,1.0,0.0947368421052633,14.754647572647414,1.8827862170740504,0.1976624322722601,0.5,0.9,0.1,0.9,0.05,0.9,0.0,1.0,0.1
0.11,1.0396331011106588,1.2845528455284554,-0.1759828664178242,0.4687280180480042,0.4195402298850574,0.7510176498551119,-0.075817520033377,0.1914430011370272,0.2617466802860061,0.0543820224719101,1.0,3.7438333609176166,0.0612355728354352,0.0497897513743623,0.4967752234993614,0.4116789819376027,0.4224137931034482,0.0850962415617586,0.0743614303959131,1.0,0.2607843137254901,15.534295206003344,0.1411304740742416,0.1869938692742485,0.0,0.8,0.2,0.8,0.05,0.9,0.0,1.0,0.4
0.1,1.0199823025212302,1.1929133858267713,-0.1243535769126749,0.570317570137526,0.7546296296296297,1.2995282581656162,0.1153364632237872,0.0718568773154986,0.3083333333333333,0.0488888888888888,1.0,3.577924090166852,0.0057845791967297,0.0782897048191067,0.7870370370370371,0.6207555720347712,0.7546296296296297,0.1662814650022659,0.0324074074074074,0.4,0.25,21.467829462035013,-0.3771997713989461,0.2667478487440981,0.5,0.7,0.8,0.2,0.1,0.6,0.5,1.0,0.8
0.11,1.032432424839622,1.4318181818181814,-0.1734594113236476,0.5303565648999554,0.7116538952745849,1.5662860529055154,-0.12825677250428,0.0105145219726812,0.4055158324821246,0.0519101123595505,1.0,3.5065264991427583,0.0305956093292309,0.0870545517200865,0.7395274584929757,0.4141776184786938,0.708876117496807,0.3253498400142819,0.0306513409961687,0.1,0.1163398692810456,16.681048904077514,1.0836814423384349,0.2397047038136498,0.5,0.85,0.9,0.1,0.1,0.85,0.5,0.8,0.9
0.1,1.0186621539040095,1.8294573643410843,-0.1481785292512913,0.0727689677692291,0.3157407407407407,0.0641371448533412,-0.0104851330203443,0.7561973574408791,0.2583333333333333,0.0488888888888888,1.0,3.0928891555266724,0.0815666355467539,0.0339415942970059,0.2935185185185185,0.6824331561817657,0.3009259259259259,-0.3889146376632472,-0.0074074074074073,0.2,0.4722222222222222,17.388592004226616,2.593065314346301,0.3263044008033975,0.0,0.8,0.9,0.1,0.05,0.3,0.0,0.8,0.9
0.08,1.0205517225855103,1.0978723404255324,-0.119468382556354,0.0189458593404855,0.2643966547192353,0.0891482848593963,0.0146968769136557,0.9240283785240708,0.2241847826086956,0.0356521739130434,1.0,3.0385575341068027,0.0051259745844671,0.063957564800343,0.3099163679808841,0.0,0.2571087216248506,0.0,0.0528076463560334,0.0,0.5327485380116959,16.891698985950004,1.5699097867739598,0.2664067193691003,0.5,0.8,0.9,0.1,0.05,0.9,0.5,1.0,0.9
0.07,1.0163948915108931,1.0185185185185184,-0.1014715311742002,0.0784104895212778,0.4910394265232975,0.1792944497064615,-0.0298998290820189,0.7868366760133569,0.2668970814132104,0.0323655913978494,1.0,2.9071275289736507,0.0095258685929721,0.0530652832368719,0.525089605734767,0.0,0.4946236559139785,0.0,0.0304659498207885,0.0,0.3847953216374268,16.35105640407793,1.27489251277977,0.2265687413490328,0.5,0.85,0.4,0.8,0.05,0.95,0.5,0.8,0.3
0.1,1.0239734761540424,1.27683615819209,-0.1488937214182077,0.2543855129688644,0.5962962962962962,0.1428504752546457,-0.023317683881064,0.747496230529455,0.2916666666666666,0.05,1.0,3.534760893424602,0.0,0.0437783594310341,0.6203703703703703,0.4393916766228594,0.5962962962962963,0.1809786937475109,0.024074074074074,0.4,0.2500000000000001,15.8821794814194,0.9229122885315356,0.2040510943349349,0.5,0.7,0.3,0.7,0.15,0.9,0.5,1.0,0.3
0.13,1.030610031911268,1.061728395061729,-0.1818065444745584,0.8995527925186871,0.782183908045977,1.7648513704726725,-0.1114930075590591,0.0163023609807845,0.3870468611847922,0.055287356321839,1.0,3.977431596653632,0.0135450257822107,0.0641938708806219,0.7982758620689655,0.2791022947307708,0.782183908045977,0.5191735673381946,0.0160919540229884,0.1,0.0653594771241831,15.569965706916586,0.3659121443215976,0.3088168285371553,0.5,0.8,0.85,0.15,0.05,0.9,0.5,1.0,0.85
0.12,1.022081611570248,1.2484076433121016,-0.1679628524722529,0.0865044056993378,0.6296934865900382,0.010162829571933,0.0016005121638924,0.9069995215018776,0.284090909090909,0.0545454545454545,1.0,3.612725729200359,0.0193106709320983,0.0702753083644256,0.6550766283524904,0.5744014513480586,0.6239463601532567,0.0806751770044317,0.0311302681992337,0.7,0.1761437908496733,17.029389198189556,1.9254798493572125,0.2416618127886581,0.5,0.7,0.1,0.9,0.2,0.95,0.5,1.0,0.1
0.1,1.0302282541640966,1.2623762376237622,-0.1528642916961524,0.0036218153518002,0.3564814814814814,0.0399796557017093,-0.0062597809076681,0.7342771896736384,0.2694444444444445,0.0488888888888888,1.0,2.8664465916475583,0.040568729698804,0.0150568107045868,0.4824074074074073,0.4675925925925925,0.349074074074074,0.0148148148148147,0.1333333333333333,0.7,0.1555555555555554,19.75082635013698,0.7322527339340557,0.355874120934971,0.5,0.7,0.1,0.85,0.25,0.95,0.5,1.0,0.1
0.1,1.0213458700381886,1.1458333333333333,-0.1334229340421913,0.2918394356106578,0.4314814814814814,0.5136466499755634,-0.0651017214397495,0.2524806051079423,0.2277777777777778,0.0455555555555555,1.0,3.5431577742914784,0.0232257727126377,0.0576570382368134,0.525,0.5209007951221521,0.4314814814814814,0.0040992048778478,0.0935185185185186,1.0,0.3222222222222223,17.434336602525146,-0.4515154787947804,0.2372888921325374,0.5,0.8,0.9,0.1,0.05,0.85,0.5,1.0,0.9
0.08,1.0218494813506953,1.1363636363636358,-0.1241563046924492,1.0923047214146078,0.7896057347670252,1.8558475716798637,-0.1554654011022658,0.0035841647661846,0.4334239130434782,0.0347826086956521,1.0,2.707047958998077,0.0102739524197159,0.0939213276582852,0.7604540023894862,0.6755952380952381,0.7931899641577062,0.0848587642942481,-0.0327359617682199,0.7,0.0587719298245614,16.953464775067257,1.7395381428129904,0.2589253848731839,0.5,0.8,0.8,0.2,0.15,0.6,0.5,1.0,0.8
0.16,1.03601933799793,1.1958333333333329,-0.2424845135281959,0.0049852378255377,0.4107142857142857,0.043414658143494,0.0057847082494969,0.9100798609667672,0.206845238095238,0.08,1.0,4.00196873562179,0.0,0.0264611333065582,0.4829365079365079,0.4865166983222539,0.4083333333333334,-0.0035801903857459,0.0746031746031745,1.0,0.3351715686274511,22.26430110179688,1.065984130071028,0.4653227855637769,0.5,0.7,0.2,0.8,0.25,0.95,0.5,1.0,0.2
0.1,1.028682397977004,1.1658291457286434,-0.1596129799142407,1.3318880454188802,0.7842592592592593,1.7361044798926366,-0.1312989045383411,0.0228117304628413,0.3222222222222222,0.0477777777777777,1.0,3.5287087464671187,0.0464502769332033,0.120841128326855,0.8648148148148148,0.4772525027808676,0.787962962962963,0.3875623120339472,0.0768518518518518,0.1,0.2333333333333331,17.23189673370129,1.823090162156329,0.2443921849312755,0.5,0.8,0.9,0.1,0.1,0.85,0.5,0.8,0.9
0.17,1.0515231037049375,1.3239436619718317,-0.2737776428249294,0.4828707618915416,0.7255584950029395,1.001011296699747,0.0778291292760104,0.1173567961439343,0.2903968816442239,0.0839759036144578,1.0,4.261793313509932,0.0632813684951993,0.1022487199557632,0.7395208700764256,0.4255618866729977,0.7276161081716638,0.3139589834034278,0.0119047619047618,0.1,0.2583946078431373,18.30364237813089,0.9189282745747528,0.3253494380250828,0.5,0.8,0.85,0.1,0.15,0.75,0.5,0.8,0.85
0.08,1.0234688991353846,1.035087719298246,-0.1246930760513014,0.8139035201298545,0.8027479091995221,1.1838076747465391,-0.112905695039804,0.078042543363724,0.3152173913043478,0.0382608695652173,1.0,3.049858833125736,0.0513622809744343,0.0930330658217707,0.8448028673835125,0.2446839080459769,0.7990442054958183,0.6001189593375356,0.0457586618876941,0.1,0.2220760233918128,17.436869386546665,1.2920304680865111,0.251634796097221,1.0,0.7,0.8,0.7,0.15,0.2,0.5,1.0,0.2
0.08,1.0114752008160144,1.112820512820513,-0.1122574165013454,0.2875799148774446,0.6741935483870968,0.0891036643103384,0.0159216166564604,0.954357481494262,0.3478260869565217,0.0391304347826087,1.0,3.0960435940138855,0.0051207009387117,0.063448331955361,0.6777777777777777,0.4127837514934289,0.6777777777777777,0.2649940262843487,0.0,0.1,0.2035087719298246,20.820479877036192,2.8825884526864956,0.1761464439782173,0.5,0.8,0.85,0.15,0.05,0.9,0.5,1.0,0.85
0.07,1.0176252526267602,1.0965250965250966,-0.0983266389931425,0.1228209701330741,0.6971326164874552,0.1367526201338119,0.0220895264057462,0.8024768909044333,0.3721198156682028,0.0316129032258064,1.0,2.48933159859158,0.0190900949196667,0.1348782825971346,0.7060931899641577,0.6695676523297491,0.6756272401433692,0.0365255376344085,0.0304659498207885,1.0,0.1725146198830409,17.2000243757814,0.4229407047618836,0.3008277361717584,1.0,0.8,0.9,0.1,0.1,0.1,1.0,1.0,0.9
0.07,1.0167825770481866,1.012658227848101,-0.1039172164262427,0.0679241346729861,0.5125448028673835,0.0623363042114857,-0.0131541939810908,0.8605018373083118,0.3014592933947773,0.0301075268817204,1.0,2.9098212605823903,0.0047760370265942,0.0448984265973225,0.5232974910394265,0.6407818100358423,0.514336917562724,-0.1174843189964158,0.0089605734767024,0.2,0.3649122807017544,16.136843071107062,1.031604930934802,0.2686825971366592,0.0,0.85,0.95,0.05,0.0,0.2,0.0,0.8,0.95
0.1,0.9947106466325368,1.2343750354248118,0.0753316819184342,0.9267858199260622,0.9046296296296296,4.049278327341784,-0.370141320113854,0.0001495353380317,0.5027777777777778,0.0488888888888888,1.0,3.217634458536346,0.0057809417694182,0.2342544462367328,0.9250000000000002,0.583026113671275,0.9083333333333332,0.3419738863287251,0.0166666666666668,0.1,0.0638888888888886,20.86111560739738,-0.5407544090053085,0.3886248861814219,0.5,0.9,0.9,0.1,0.05,0.45,0.5,0.8,0.9
0.1,0.9975124431022804,1.1449279272912432,0.0481174359935979,0.7777318740930664,0.8388888888888889,3.5704881060172844,-0.3489304008441863,0.0004105134577691,0.4444444444444444,0.05,1.0,3.489795963831796,0.0,0.2079722905585464,0.8388888888888889,0.319683908045977,0.8416666666666667,0.5192049808429119,-0.0027777777777777,0.1,0.0555555555555556,20.948231952382574,-0.4216938438764495,0.3456956344401236,0.5,0.9,0.9,0.1,0.1,0.85,0.5,1.0,0.9
0.12,0.9939501879260216,1.058535626863652,0.0955733687927611,0.5712224310923713,0.8920498084291187,3.041134305349663,-0.2862522242588559,0.0023730891976064,0.4744318181818182,0.06,1.0,3.9282139044858857,0.0,0.1983821447312983,0.9090996168582376,0.524261843945752,0.8949233716475096,0.3848377729124855,0.014176245210728,0.1,0.0895424836601306,20.447325910462357,-0.1336219101149267,0.2973518888443784,0.5,0.9,0.95,0.05,0.05,0.4,0.5,0.8,0.95
0.1,0.9921660436887152,1.0547436718647958,0.0939286943112573,1.0079973115141698,0.8638888888888889,2.961595098943794,-0.307014121793571,0.0016103435867134,0.4333333333333333,0.0488888888888888,1.0,3.4453061024052114,0.0,0.1968752080239084,0.8768518518518519,0.5164874551971326,0.8675925925925926,0.3603643966547193,0.0092592592592593,0.1,0.1555555555555554,20.40995654562484,-0.5081565778563952,0.2443921849312755,0.5,0.85,0.95,0.05,0.0,0.25,0.5,0.8,0.95
0.05,0.9968993985892216,1.0604653010839606,0.0473164936308753,1.1599463682427378,0.9206989247311828,1.4383135001913523,-0.2708714383833888,0.0480324975036422,0.4921052631578947,0.0242105263157894,1.0,2.339402657919225,0.0,0.1872596823976275,0.9154905913978496,0.0,0.9206989247311828,0.0,-0.0052083333333333,0.0,0.0736842105263158,19.076627583768413,-0.0387778928956694,0.2546499336950821,1.0,0.85,0.9,0.1,0.05,0.4,1.0,1.0,0.9
0.03,1.00018743700922,1.009966625423553,0.0018702404507173,1.09336222242566,0.9292929292929294,1.7192820634442472,-0.388512645637966,0.0144795322125706,0.6408934707903781,0.0148453608247422,1.0,1.7910456595702406,0.0,0.2731360801038864,0.5,0.5,0.5,0.0,0.0,1.0,0.0,0.0,-0.6295758304949586,0.2610974657394437,1.0,0.9,0.9,0.1,0.05,0.4,1.0,0.8,0.9
0.13,0.9999775098125158,1.2254901031862826,0.0271039328228809,0.6564980260859844,0.7149425287356322,1.8735064681832887,-0.2009043985854118,0.038404594620737,0.3653846153846154,0.0642528735632183,1.0,3.5373747395094712,0.0,0.1330265257663138,0.7379310344827587,0.3521683439022149,0.7149425287356322,0.3857626905805437,0.0229885057471264,0.1,0.2823529411764705,19.61738405658086,-0.2972214378216682,0.3088168285371553,0.5,0.8,0.9,0.1,0.15,0.75,0.5,0.8,0.9
0.06,0.9961749940731012,1.0762720161597403,0.0541456092691281,1.2047884368684687,0.6774193548387096,1.0696183789149218,-0.2039524063301694,0.125686619649065,0.3262411347517731,0.03,1.0,2.7055551384618357,0.0,0.0955027806615602,0.6774193548387096,0.0,0.6774193548387096,0.0,0.0,0.0,0.4894736842105261,20.6092558752997,-0.0576750985884237,0.2278404939021251,1.0,0.8,0.8,0.2,0.1,0.6,1.0,0.8,0.8
0.08,0.99907869982566,1.101504224297613,0.0207771785927516,1.787440503897519,0.948148148148148,4.276401566176789,-0.4225559345702193,0.0002592933957196,0.5353260869565217,0.0391304347826087,1.0,3.1035014451982184,0.0051118912566071,0.2597387387474278,0.9448028673835126,0.0,0.9427718040621268,0.0,0.0020310633213859,0.0,0.0083333333333333,20.10489152463785,-0.6846784776071466,0.3650054191059058,1.0,0.9,1.0,0.0,0.05,0.4,1.0,1.0,1.0
0.09,0.9918295030128724,1.0775504845912531,0.1055243257694041,1.067610258769941,0.8555555555555555,3.0666377590166123,-0.3295249896712543,0.0008122803100301,0.5213675213675214,0.0445054945054945,1.0,3.2384180110798235,0.0,0.2233398523384613,0.8518518518518517,0.581795101553166,0.8481481481481481,0.2700567502986857,0.0037037037037036,0.1,0.0562865497076023,19.50269244485089,-0.2044028171564567,0.3124273325234697,0.5,0.85,0.9,0.1,0.1,0.85,0.5,0.8,0.9
0.11,0.9956134669564456,1.1896542760626068,0.0673116333425194,0.9485320951842826,0.7311302681992338,1.4094226859419694,-0.1777335732304116,0.1077307119993214,0.3592951991828396,0.0543820224719101,1.0,3.567574139972806,0.0,0.1126897897599806,0.7171455938697319,0.5250469363372589,0.7311302681992338,0.192098657532473,-0.0139846743295019,0.1,0.2852941176470587,19.881494476310426,-0.4186137934090266,0.2943686619507687,0.5,0.9,0.9,0.1,0.05,0.3,0.5,0.8,0.9
0.1,0.9918968392671432,1.075268757852549,0.0810468050669678,1.4279929915996017,0.9157407407407409,3.9056690519004738,-0.3239206427795375,0.0009550392660748,0.5083333333333334,0.05,1.0,3.2978649060848664,0.0,0.1915798066259784,0.9185185185185184,0.3990740740740741,0.9194444444444444,0.5194444444444444,-0.0009259259259258,0.0765225004750592,0.0833333333333333,20.558087827124552,-0.7785829476328456,0.4003752022584405,0.5,0.8,0.9,0.1,0.05,0.85,0.5,0.8,0.9
0.08,0.9932888669495524,1.15079213888063,0.0722281888847529,0.9944336498732276,0.8328554360812425,2.65724654213869,-0.286762434173359,0.0070669118479596,0.4809782608695652,0.04,1.0,3.012120215769346,0.0,0.1736056832633034,0.8526881720430107,0.0,0.8328554360812425,0.0,0.0198327359617682,0.0,0.189766081871345,21.2777708058348,-0.442291054718535,0.2901024814517316,1.0,0.85,0.9,0.1,0.05,0.4,1.0,0.8,0.9
0.09,0.9964691834264504,1.1532258158428654,0.0462113785043389,0.7038815866881962,0.5530465949820788,1.9043626264298503,-0.2387890974678801,0.0360964046910325,0.3476800976800977,0.0445054945054945,1.0,3.1367415330784283,0.0,0.1383054386246651,0.545400238948626,0.0,0.5493428912783751,0.0,-0.0039426523297491,0.0,0.2960526315789473,21.79930412650664,-0.8438492966293283,0.3715773937770473,0.5,0.9,0.9,0.1,0.05,0.4,0.5,0.8,0.9
0.08,0.9931209754542808,1.047847652075774,0.0817077330710742,1.165352032473472,0.8824372759856631,2.460591992490308,-0.3074425368200675,0.0046961012806632,0.4470108695652174,0.0391304347826087,1.0,1.9154982077495415,0.0,0.2016014540868723,0.8789725209080048,0.403584229390681,0.882437275985663,0.4753882915173238,-0.0034647550776581,0.1,0.1649122807017542,19.692866668185243,-0.0104433216804347,0.2445254367516372,1.0,0.9,0.9,0.1,0.05,0.4,1.0,0.8,0.9
0.09,0.9940700044995556,1.072726163636364,0.0649219754860075,1.3754318979660614,0.7673835125448029,2.6775587056769616,-0.2920743407722748,0.0050085823057583,0.3388278388278388,0.0445054945054945,1.0,3.415330694140464,0.0,0.1530209542749406,0.7673835125448027,0.5784647550776584,0.7710872162485066,0.1889187574671443,-0.0037037037037038,0.4,0.2776315789473685,20.29723405668646,-0.3800309844350389,0.3214992070499108,1.0,0.9,0.9,0.1,0.15,0.65,1.0,0.8,0.9
0.13,0.9937979781695276,1.1623937136609277,0.1002886374735808,1.0249022956475045,0.8798850574712644,4.5558583276192754,-0.3438092949295181,0.0001212160984458,0.4686118479221927,0.0642528735632183,1.0,3.7290147731462815,0.0,0.2219902691331454,0.8902298850574714,0.5905947819740923,0.8798850574712644,0.299635103083379,0.0103448275862069,0.1,0.0686274509803921,20.57279410962714,-0.0497163706095595,0.3472021494290074,0.5,0.85,0.9,0.1,0.0,0.3,0.5,0.8,0.9
0.09,0.9942438320642334,1.294736880620514,0.0739539804429021,0.9109239808280172,0.700836320191159,1.5489908630747566,-0.2153207634640405,0.0917345653757565,0.4655067155067155,0.0445054945054945,1.0,3.4010975334527664,0.0054518038415106,0.1536910751786741,0.6900836320191158,0.5990442054958184,0.697252090800478,0.0910394265232974,-0.0071684587813621,0.7,0.1415204678362572,19.483140398173752,-0.2858732071248875,0.3214992070499108,1.0,0.9,0.9,0.1,0.05,0.15,1.0,0.8,0.9
0.06,0.9946753620899746,1.0724142859489998,0.054888103809638,1.840385916164333,0.8445900537634409,3.82957600272723,-0.4485670965220818,0.000864855127369,0.476063829787234,0.03,1.0,2.657546175528423,0.0,0.212747134786026,0.860383064516129,0.5233898120994894,0.8445900537634409,0.3369932524166396,0.0157930107526881,0.2,0.0830409356725144,20.19219415031753,-0.8057687219831333,0.2853513427612196,0.5,0.9,0.95,0.05,0.25,0.8,0.5,0.8,0.95
0.11,1.0034456502382392,1.1583010912180831,-0.0223705795124637,0.7947738405065097,0.8009578544061302,3.75068749333399,-0.3335804577567161,0.0003730977103177,0.436414708886619,0.0543820224719101,1.0,3.3057915631610912,0.0,0.1954868687357102,0.8487547892720305,0.6553578049684835,0.7981800766283524,0.193396984303547,0.050574712643678,0.2,0.1794117647058823,21.199601676889,-1.0756739305647425,0.3501988980135451,0.5,0.85,0.9,0.1,0.05,0.3,0.5,0.8,0.9
0.09,1.000888947659268,1.0970148836711895,0.0061996222968477,1.043280191495814,0.855794504181601,3.8500484497596736,-0.3571279260313089,0.0003312963796216,0.4343711843711844,0.0445054945054945,1.0,3.0511838457458578,0.0,0.1911805937792308,0.8777777777777778,0.4574712643678161,0.855794504181601,0.4203065134099616,0.0219832735961768,0.1,0.0580409356725146,20.25686097534787,-0.4927024982925796,0.3608588768821253,0.5,0.9,0.95,0.05,0.0,0.25,0.5,0.8,0.95
0.09,0.9987616536590468,1.0300747059249724,0.0329091053020871,0.7959470426934278,0.760931899641577,1.849507465803658,-0.2372232954546217,0.0539535877080893,0.4255189255189255,0.0445054945054945,1.0,3.4254055661906593,0.0054514106684023,0.1566956552742179,0.7792114695340501,0.2552568697729988,0.760931899641577,0.5239545997610513,0.018279569892473,0.1,0.2843567251461987,19.718380380215333,-0.4065627093808874,0.3308583700705382,1.0,0.9,1.0,0.0,0.05,0.4,1.0,0.8,1.0
0.14,0.9932303608630776,1.2258070643679917,0.0953317997025831,1.186649042836722,0.8554187192118227,3.174936631324424,-0.2748325904404156,0.0077577780149696,0.4563953488372093,0.07,1.0,4.000002337353923,0.0,0.1839292658063997,0.8648604269293925,0.4366972663969326,0.8530377668308703,0.4281631605324598,0.0118226600985221,0.1,0.0913398692810458,21.644820603529237,-0.7198124621482336,0.3500140701823969,0.5,0.9,0.9,0.1,0.05,0.65,0.5,0.8,0.9
0.11,0.9909823180192364,1.22709281213992,0.1128534122802782,1.053294648115266,0.8613665389527458,4.181779640382875,-0.3440273951095344,0.0001053659428372,0.4412665985699693,0.0543820224719101,1.0,3.7847699355834377,0.0,0.2008926454885077,0.8679438058748404,0.4052782044717529,0.8585887611749681,0.4626656014030875,0.0093550446998723,0.1,0.1183006535947711,20.095073181192213,-0.6176147032479928,0.2859552312100065,0.5,0.85,0.95,0.05,0.05,0.45,0.5,0.8,0.95
0.11,0.999982076370246,1.0619473335423468,0.0105237851947007,0.842616344106306,0.8390166028097062,3.62732237396708,-0.330680576160143,0.0002051176693216,0.4522471910112359,0.0543820224719101,1.0,3.586943287862148,0.0,0.1882782526281404,0.8345785440613026,0.6155304708732128,0.8390166028097062,0.2190480731880898,-0.0044380587484036,0.4,0.0328431372549017,20.178719999973975,-0.4123571281396643,0.3605495687732355,0.5,0.9,0.9,0.1,0.15,0.6,0.5,0.8,0.9
0.1,0.997347031852602,1.1363648113833076,0.0440300863988032,0.5967960929022866,0.8361111111111111,2.5711481119224384,-0.2793076402713682,0.0078138526218893,0.3833333333333333,0.05,1.0,3.4182011866563373,0.0,0.1767289085189476,0.8787037037037037,0.6305061301701087,0.8361111111111111,0.2481975735335949,0.0425925925925925,0.7,0.1666666666666666,20.35367838498025,-0.5265043793265405,0.355874120934971,0.5,0.8,0.9,0.1,0.05,0.85,0.5,1.0,0.9
0.06,0.9968365606012868,1.0522648149983616,0.0389337164307981,1.0146680897719578,0.925739247311828,1.9621592982059104,-0.2966475082534238,0.0231155529164367,0.5097517730496455,0.03,1.0,2.315325897043554,0.0,0.210775766162346,0.936491935483871,0.4402538314176245,0.9311155913978496,0.4962381040662464,0.0053763440860215,0.1,0.1457602339181285,20.91847262911421,-0.8845526854504357,0.3196171013576067,1.0,0.9,0.9,0.1,0.05,0.85,1.0,0.8,0.9
0.09,0.9955625403891888,1.1338590015442,0.0641631966406786,0.7945508959013963,0.8195937873357227,1.8880906889016784,-0.2348254656127327,0.0310745431674655,0.4981684981684982,0.0445054945054945,1.0,3.232154120950592,0.0,0.1650980225690618,0.8342891278375149,0.5485065710872162,0.8158900836320191,0.2857825567502986,0.0183990442054957,0.2,0.0678362573099417,21.629084226038227,-0.4585969980238418,0.3505162158555575,0.5,0.85,0.95,0.05,0.1,0.85,0.5,0.8,0.95
0.09,0.9927955790477488,1.1102357008402892,0.085845277715797,1.430770366591938,0.9313022700119474,3.5441870692104778,-0.3530759811408409,0.0004775078868287,0.4618437118437118,0.0445054945054945,1.0,3.0825336217341697,0.0,0.1985398833673492,0.9348864994026284,0.6827476958525346,0.9313022700119474,0.2521388035500937,0.0035842293906809,0.1,0.0646198830409358,21.043737031108407,-0.2954758880249137,0.3036255322569677,0.5,0.9,0.9,0.1,0.15,0.65,0.5,0.8,0.9
0.1,0.9960987939875098,1.144796596384201,0.0570623131344659,1.1261130000185433,0.6592592592592593,2.987666083968784,-0.3121224334594913,0.0035820828990605,0.4111111111111111,0.05,1.0,3.183747582846599,0.0,0.1528290321068637,0.6981481481481482,0.0,0.6592592592592593,0.0,0.0388888888888888,0.0,0.1944444444444445,20.343099776936455,-0.5735029040692234,0.3773118468524671,0.5,0.9,0.9,0.1,0.0,0.3,0.5,0.8,0.9
0.11,0.998506398895304,1.1320760414741209,0.0362092300589169,1.079946139072697,0.7956896551724139,3.0180565189833453,-0.3083123721883407,0.0027299524384562,0.4496935648621042,0.0543820224719101,1.0,3.2370883374001496,0.0,0.1685195520208625,0.881992337164751,0.4005376344086022,0.7956896551724139,0.4814547027561488,0.0863026819923371,0.1,0.2176470588235294,19.57663332902509,-0.2790663089266587,0.3119010114745237,0.5,0.85,0.9,0.1,0.1,0.6,0.5,1.0,0.9
0.08,0.9966815956590324,1.205238557818542,0.035535096331572,1.0499912321664528,0.8275985663082438,2.8315079670902334,-0.3246791289396073,0.0064207962938891,0.4592391304347826,0.04,1.0,2.9950293369983405,0.0,0.2070481995361458,0.8401433691756273,0.6045138888888889,0.8222222222222223,0.2356294802867383,0.0179211469534049,0.1,0.0959064327485379,19.113952977527113,-0.4612229554075568,0.2984587882726994,0.5,0.85,0.9,0.1,0.1,0.85,0.5,0.8,0.9
0.13,0.991036374048581,1.1999999989743606,0.1227482644790708,1.1347349898662606,0.8867816091954023,4.343872411962864,-0.3472768693209447,3.865786498020197e-05,0.5267462422634837,0.0642528735632183,1.0,3.3242642489767253,0.0067078422863514,0.2368795386447785,0.8965517241379309,0.3006956583152356,0.8867816091954023,0.5958560658226952,0.0097701149425286,0.1,0.0274509803921569,20.23947182983238,-0.1982225640820347,0.2432082407530671,0.5,0.9,0.95,0.05,0.05,0.4,0.5,0.8,0.95
0.13,0.991385705272552,1.2850681293381625,0.1127362424623519,0.9114814524048472,0.8666666666666667,4.408369225239114,-0.3297564105253093,0.0002334360617731,0.3983200707338638,0.0642528735632183,1.0,3.6369665212368103,0.0201389359849837,0.1893909666466785,0.8718390804597701,0.5965020576131687,0.8666666666666667,0.2753370228466014,0.0051724137931034,0.1,0.1735294117647058,20.47045452219024,-0.6372486568569911,0.327456073711711,0.5,0.9,0.9,0.1,0.15,0.85,0.5,0.8,0.9
0.11,0.9943850722022296,1.1844672918560664,0.0855945816953247,1.3167795326223368,0.958588761174968,3.867577736523807,-0.3429999707187091,0.0003084605071239,0.526046986721144,0.0543820224719101,1.0,3.641968736343137,0.0183010659897776,0.254029027845248,0.9613665389527458,0.6032428742106162,0.958588761174968,0.3581236647421296,0.0027777777777777,0.1,0.0026143790849675,18.680645823750325,-0.1938857168345804,0.2697733292097824,0.5,0.9,0.95,0.0,0.1,0.4,0.5,0.8,1.0
0.05,0.9995332488697816,1.0533805142943842,0.0087381382177091,1.029714384344702,0.768481182795699,2.1923653449058436,-0.3442977101178957,0.0044139789942443,0.531578947368421,0.0247368421052631,1.0,2.4432031202312565,0.0039751795076066,0.223302519047987,0.8209005376344086,0.6770833333333334,0.768481182795699,0.1438172043010752,0.0524193548387096,0.4,0.0684210526315791,21.306988144336547,-1.029105184661157,0.3813189579291228,1.0,0.9,0.9,0.1,0.05,0.6,1.0,0.8,0.9
0.1,0.9894598325586172,1.1201707668058465,0.0964562531456362,0.8849613727531943,0.7453703703703702,3.3913964647727672,-0.3428497495617054,0.0014583926825518,0.375,0.0488888888888888,1.0,3.2856306287576067,0.0115643533615506,0.1772856113430886,0.7351851851851853,0.0,0.7453703703703702,0.0,-0.0101851851851849,0.0,0.0888888888888888,18.3806068865912,-0.6680972806061685,0.3263044008033975,0.5,0.85,0.9,0.1,0.0,0.3,0.5,1.0,0.9
0.1,0.9951846013274216,1.1686749231141984,0.048656245044329,1.2554510952478874,0.762037037037037,2.810746337009086,-0.291339286576119,0.0041467808869225,0.4,0.05,1.0,3.3492416501823845,0.0,0.1522706186242759,0.812962962962963,0.2324074074074074,0.762962962962963,0.5805555555555556,0.05,0.1,0.1333333333333333,21.369648745685275,-0.8841418225063351,0.355874120934971,0.5,0.9,0.9,0.1,0.15,0.85,0.5,0.8,0.9
0.16,0.9996306212937168,1.1683173106460878,0.044722242490017,1.1833345698550035,0.7515873015873016,4.19196484855772,-0.307106740167236,0.000232158782904,0.3772321428571428,0.078095238095238,1.0,4.0598010795169355,0.0,0.1658030621628471,0.7706349206349207,0.2955205885313412,0.7444444444444445,0.4751143321035794,0.0261904761904762,0.1,0.1316789215686274,20.85437064234442,-0.3814474762181015,0.3762788664378237,0.5,0.85,0.9,0.1,0.05,0.4,0.5,0.8,0.9
0.1,0.9923796712113904,1.1120004604929403,0.0957508703458824,0.5829256302829368,0.8314814814814815,3.331407716827775,-0.3084273404739248,0.0010791106728651,0.436111111111111,0.05,1.0,3.5164845901124258,0.0,0.183749390266481,0.8277777777777778,0.5937852758208709,0.8314814814814815,0.2339925019569069,-0.0037037037037036,0.1,0.0916666666666664,19.316571941213457,-0.2594774094158953,0.2591131035603004,0.5,0.9,1.0,0.0,0.05,0.2,0.5,0.8,1.0
0.12,0.9926450140769368,1.1574813013304366,0.1025048758985291,0.93274605251043,0.8569923371647509,3.5689634896621194,-0.3213818194209187,0.0007718052788713,0.418560606060606,0.0586363636363636,1.0,3.7637379889043734,0.0064079642491792,0.1980182588141804,0.8596743295019159,0.3636116849409397,0.8542145593869733,0.4960626445609762,0.0054597701149425,0.1,0.1604575163398693,20.426425220542505,-0.4203103607067437,0.3439414160374818,1.0,0.9,0.9,0.1,0.1,0.7,1.0,0.8,0.9
0.17,0.9897064737495912,1.4678909159752982,0.1145252657933328,1.0115724829469082,0.8557907113462669,4.576391408725803,-0.3210183361525224,0.0004966953537472,0.4312544294826363,0.0839759036144578,1.0,3.8920241482314193,0.0,0.1899442319716151,0.8824514991181657,0.4566691928760895,0.85380658436214,0.4257823062420762,0.0286449147560257,0.1,0.1680453431372549,20.197255772015765,-0.8244732002594723,0.3897921199933103,0.5,0.95,0.95,0.0,0.05,0.3,0.5,0.8,0.95
0.09,0.9953678552585856,1.243698373024963,0.0635643697990672,1.0707857758140458,0.8422939068100358,2.8069255284481605,-0.3070226650047756,0.0028707448456053,0.5003052503052503,0.0445054945054945,1.0,3.3723178822260707,0.0,0.218663135673499,0.8827956989247312,0.4687779374201788,0.8387096774193549,0.4140177615045524,0.0440860215053763,0.1,0.052046783625731,20.77794876413777,-0.4699357746216788,0.3124273325234697,1.0,0.9,1.0,0.0,0.0,0.4,1.0,0.8,1.0
0.09,0.9941705307178512,1.190001059375808,0.0675583133945821,1.190287381452601,0.751015531660693,2.3972123777024517,-0.2800210311178882,0.0064853876079892,0.3782051282051282,0.0445054945054945,1.0,3.1202152978788287,0.0218221729355742,0.1462936977181756,0.7438470728793308,0.1546994671994671,0.751015531660693,0.5891476056798637,-0.0071684587813621,0.1,0.0982456140350876,17.594079214370556,0.204978024548319,0.2786900817869301,0.5,0.8,0.9,0.1,0.15,0.7,0.5,0.8,0.9
0.07,0.9962891335432048,1.0814822389522034,0.0527030013274646,0.739464006378166,0.6953405017921147,2.3266590318172775,-0.3212202080067658,0.0059710710930791,0.4493087557603686,0.0338709677419354,1.0,2.7464972518379973,0.0,0.1823472762250827,0.6881720430107526,0.6864695340501793,0.6953405017921147,0.0017025089605733,-0.007168458781362,1.0,0.0473684210526316,20.09474072211165,-0.5676987328487271,0.3184291442125138,0.5,0.9,0.95,0.05,0.1,0.85,0.5,0.8,0.95
0.08,0.9973921125258498,1.0625004273438658,0.050254962986338,0.9162274692705143,0.8739545997610514,2.5876184640120337,-0.3170564399329787,0.0050840596473371,0.4266304347826087,0.0391304347826087,1.0,3.0938943487646724,0.0,0.1882066191420336,0.855794504181601,0.2543608124253285,0.8667861409796894,0.6014336917562724,-0.0109916367980884,0.1,0.1764619883040936,20.406669546693788,-0.3570626601747793,0.3650054191059058,0.5,0.9,0.9,0.1,0.1,0.6,0.5,0.8,0.9
0.16,0.9871446866010516,1.0664336401120096,0.139275078714855,0.3304766817109259,0.5285714285714286,3.208319763953389,-0.2618561745655883,0.0014118116092768,0.3958333333333333,0.08,1.0,3.9878684066666463,0.0,0.1570341309196004,0.5361111111111111,0.4190552503052503,0.530952380952381,0.1170558608058607,0.0051587301587301,0.4,0.24375,20.6971377637063,-0.6753822669247964,0.4375185129539238,0.5,0.85,0.95,0.05,0.1,0.65,0.5,1.0,0.95
0.12,0.992789129999224,1.2623766258164486,0.0854087943788752,1.4620372563544286,0.9238505747126436,4.899286624050833,-0.3878266667753404,2.1535307051528575e-05,0.4460227272727272,0.0586363636363636,1.0,3.6537879682564425,0.0,0.2220872290452257,0.9380268199233716,0.6092891278375149,0.9238505747126436,0.3287376920858568,0.014176245210728,0.1,0.0700980392156862,20.63259624034589,-0.5181836134632061,0.3754987912070968,0.5,0.9,0.9,0.1,0.05,0.6,0.5,0.8,0.9
0.12,0.9927099824023023,1.1465507259517738,0.0984784403024069,1.1510458600385785,0.8118773946360154,3.045763877418035,-0.2711184025240345,0.0010073795141221,0.4583333333333333,0.06,1.0,3.1352680391743672,0.0,0.1633129523616079,0.8031609195402298,0.611111111111111,0.8118773946360154,0.1920498084291187,-0.0087164750957855,0.3758250874886983,0.0366013071895423,20.095160485994672,-0.7145565300065599,0.3061491464503254,1.0,0.9,1.0,0.0,0.05,0.6,1.0,0.8,1.0
0.1,1.0016979666490402,1.1596959727348777,-0.0053775151796451,0.9037628230409356,0.8712962962962963,4.4265764537070185,-0.3651756750677339,0.0001717481671285,0.4861111111111111,0.05,1.0,3.4232673367992,0.0,0.2037772159568322,0.8925925925925925,0.4933959543525728,0.8712962962962963,0.3991966382400196,0.0212962962962961,0.1,0.061111111111111,21.166329426644328,-0.6046333930422296,0.3263044008033975,0.5,0.9,1.0,0.0,0.05,0.9,0.5,0.8,1.0
0.15,0.994129506641366,1.2413793103448274,-0.1258250705053814,0.138782121686468,0.4370279146141215,0.2468849686349606,-0.0065388269845383,0.5176603949030283,0.2186274509803921,0.0741176470588235,1.0,3.73974156097911,0.0512887912253506,0.0098518981401276,0.4393267651888342,0.254074074074074,0.4370279146141215,0.1852526911147601,0.0022988505747126,0.1,0.3960784313725489,16.950078572193004,10.209058803080648,0.1755897680851504,0.5,0.9,0.75,0.1,0.1,0.45,0.5,0.8,0.8
0.09,1.0015476698969887,1.0,-0.0331262074495927,0.672945054282197,0.6606929510155317,1.1321368740709497,-0.0250896924905735,0.0871240167236541,0.3891941391941392,0.0375824175824175,1.0,3.2689619869803535,0.0054949248423782,0.0248537463424616,0.6422939068100358,0.4776689708141321,0.6572281959378734,0.1646249359959037,-0.0149342891278375,0.7,0.1201754385964912,17.547829581121132,1.8505370204293616,0.2144465818624542,0.5,0.9,0.9,0.1,0.05,0.9,0.5,1.0,0.9
0.1,1.0078687426753723,1.12,-0.1870362476067355,0.407939346211062,0.5944444444444444,0.6071048573067649,0.0154185022026431,0.2982766304853118,0.2083333333333333,0.0466666666666666,1.0,3.103788129126244,0.0057980221913137,0.0097908237397316,0.612037037037037,0.5712797619047619,0.6129629629629629,0.0407572751322751,-0.0009259259259258,0.2,0.5138888888888888,15.011688139417696,13.521799988295951,0.1216768937802477,0.5,0.85,0.85,0.1,0.1,0.85,0.5,1.0,0.85
0.12,1.0009306675803569,1.379310344827586,-0.0349938924986343,0.1575525209243699,0.5373563218390806,0.1600385812357477,0.0050393805900413,0.7745129514198283,0.2386363636363636,0.0559090909090909,1.0,3.742342857691499,0.0,0.0146196399117801,0.557088122605364,0.387712096332786,0.5373563218390806,0.1693760262725779,0.0197318007662834,0.2,0.4300653594771242,20.061980706227015,1.1775063652862698,0.2416618127886581,0.5,0.85,0.1,0.8,0.1,0.9,0.5,1.0,0.1
0.1,1.0013057929724598,1.2307692307692306,-0.1755865828330338,0.1952260634873665,0.4231481481481481,0.2815168267809556,-0.0084679393049437,0.6333580163884204,0.2888888888888888,0.0477777777777777,1.0,3.52325677585306,0.0057905112410904,0.0119561174096333,0.4361111111111111,0.4018518518518518,0.4259259259259259,0.0342592592592592,0.0101851851851852,1.0,0.4166666666666666,15.526220055357632,15.629187536362076,0.1216768937802477,0.5,0.9,0.85,0.1,0.15,0.65,0.5,1.0,0.85
0.06,1.0060183217875107,1.0937500000000002,-0.0664514103011775,0.3233508237259271,0.7170698924731181,0.4685313081364439,0.0177929827850157,0.3916718018600165,0.3679078014184397,0.0268085106382978,1.0,2.848194004077042,0.0043905373913341,0.0271826282481272,0.7224462365591396,0.2525034831069314,0.7170698924731181,0.4699427534522082,0.0053763440860215,0.1,0.1874269005847952,18.61629464173742,1.124189590522568,0.1649213263564441,0.5,0.85,0.75,0.15,0.1,0.6,0.5,1.0,0.8
0.1,0.9976194430603996,1.2400000000000004,0.0299612817210531,0.7941126644979672,0.6305555555555555,1.781371456330162,-0.0312775330396476,0.0173615432721563,0.3027777777777778,0.0488888888888888,1.0,3.633507571938727,0.0115794850731721,0.0129935827590742,0.6259259259259259,0.7183862433862434,0.6268518518518519,-0.0924603174603174,-0.0009259259259259,0.7,0.25,19.401666120821695,0.6749905577217534,0.2169168934683439,0.5,0.95,0.9,0.1,0.05,0.3,0.5,1.0,0.9
0.08,1.0001876084611416,1.0,-0.0386695384672621,0.8382280045647628,0.7200716845878136,2.1164913058434487,-0.043633882398008,0.0093543710636421,0.2717391304347826,0.0391304347826087,1.0,3.039394413706131,0.0153575650621292,0.0160131751539496,0.6768219832735961,0.2973876698014628,0.6966547192353644,0.3794343134721332,-0.0198327359617682,0.1,0.4095029239766083,20.215407638740707,1.9814990685934104,0.2052222301138984,0.5,0.9,0.9,0.1,0.05,0.6,0.5,1.0,0.9
0.14,1.0122729828972177,1.4166666666666663,-0.2744983788967294,0.2759274954183635,0.5780788177339902,0.2076771745515424,-0.0141159424532029,0.6123024986225283,0.2375415282392026,0.0683720930232558,1.0,4.053772770660003,0.0421986096886312,0.0198773283910705,0.5338259441707718,0.3228210425095854,0.5734811165845649,0.2110049016611864,-0.0396551724137931,0.1,0.430718954248366,16.209735820569794,12.380417248341384,0.1822008167137735,0.5,0.95,0.85,0.1,0.05,0.4,0.5,1.0,0.85
0.08,0.995939228453406,1.1764705882352935,0.026827229863463,0.1011733444816088,0.46415770609319,0.1379244520259565,0.0046087914192683,0.7846265244160737,0.248641304347826,0.0391304347826087,1.0,3.308477061087705,0.0616976611143203,0.0106788106207411,0.4998805256869773,0.3012771392081736,0.471326164874552,0.1986033864788036,0.0285543608124253,0.4,0.4090643274853801,16.68500782566741,1.329977130184803,0.1652952453412832,0.5,0.85,0.7,0.3,0.05,0.6,0.5,0.8,0.7
0.1,1.0065710872162483,1.090909090909091,-0.1670643953304118,0.4650193846579336,0.6722222222222222,1.0588361926657153,-0.0252080274106705,0.0857648578006224,0.2805555555555555,0.0488888888888888,1.0,3.4951396700026978,0.0289823078638391,0.0218409221572964,0.6972222222222223,0.3637992831541218,0.6611111111111111,0.3334229390681004,0.0361111111111112,0.1,0.4277777777777778,17.422490088175138,11.25674891622315,0.1917036060486344,0.5,0.85,0.9,0.1,0.1,0.6,0.5,1.0,0.9
0.05,1.004619537008201,1.1034482758620687,-0.0731960616589677,0.0922460761132551,0.4375,0.0623446868675823,0.0029677718525387,0.7158871836590776,0.3631578947368421,0.0247368421052631,1.0,2.564400372547168,0.007960044065302,0.0166460288819772,0.5845094086021505,0.2967069892473118,0.4637096774193548,0.2878024193548387,0.1207997311827956,0.1,0.3,19.087986642909783,5.940544084577079,0.1708169989237653,1.0,0.7,0.8,0.6,0.15,0.9,0.5,1.0,0.2
0.11,1.0013218770654333,1.333333333333333,-0.0397424553076562,0.1567549107715953,0.2314495530012771,0.1904246629085195,0.0055864790557658,0.8212601893487684,0.2048008171603677,0.0519101123595505,1.0,3.5906749868386596,0.0061111291050177,0.0037128544090473,0.2350574712643678,0.5951056729699665,0.2230204342273307,-0.3600482017055987,0.012037037037037,0.1,0.6892156862745097,18.278479492526568,0.8899003570059638,0.2777605047880729,0.5,0.9,0.1,0.9,0.05,0.95,0.5,1.0,0.1
0.13,1.0016670163903847,1.4,-0.0590780660805929,0.117584789828241,0.2867816091954023,0.1646888664317472,-0.0051648184718214,0.7120454586171352,0.2009283819628647,0.0582758620689655,1.0,3.333786317464707,0.0202621976538914,0.0083152245758108,0.3264367816091954,0.5753086419753086,0.3189655172413793,-0.2488718603661132,0.0074712643678161,0.1,0.5062091503267974,17.537699638837772,1.7476329718686223,0.214679294978628,0.5,0.9,0.2,0.8,0.0,0.95,0.5,1.0,0.2
0.2,1.0024123920771963,1.1785714285714286,-0.3170939712637137,0.3768843937427171,0.5558947225613893,0.9229086633403368,0.0167676211453744,0.1944339170615565,0.271875,0.0975,1.0,4.488159023934287,0.0262135230485741,0.0090352827306651,0.5413557635779859,0.5147650703206259,0.5523673857007191,0.0265906932573599,-0.0110116221227332,1.0,0.321875,19.711456610348453,11.26354529302022,0.2533454413184208,0.5,0.9,0.85,0.15,0.05,0.85,0.5,1.0,0.85
0.06,0.9993385514276264,1.1764705882352944,-0.013407533877465,0.4097136162835168,0.4470766129032258,0.500912522379297,-0.0177929827850158,0.4459577111813491,0.3466312056737589,0.0293617021276595,1.0,2.8154483477994425,0.0087657867307333,0.0144393168900376,0.4469086021505377,0.0,0.4363239247311828,0.0,0.0105846774193548,0.0,0.3646198830409358,19.527020528516168,0.7680502955737416,0.2479665998322137,0.5,0.9,0.85,0.15,0.15,0.85,0.5,1.0,0.85
0.08,1.0056692650798282,1.0416666666666663,-0.1397961024590963,0.3704610951054852,0.3904420549581839,0.5424282940836129,-0.0170465428078912,0.3092973055805724,0.2581521739130435,0.0365217391304347,1.0,3.212209099375257,0.0051268576933668,0.0187994626096376,0.3839904420549582,0.5563125695216908,0.3922341696535245,-0.1723221274667326,-0.0082437275985662,0.2,0.4818713450292397,18.3970453438632,9.542375191666212,0.1652952453412832,0.5,0.85,0.8,0.2,0.2,0.85,0.5,1.0,0.8
0.12,1.0037878787878791,1.333333333333333,-0.1103128218734945,0.5269576351582749,0.7655172413793103,1.486772942092976,-0.0296689360566012,0.0284467477770241,0.3285984848484848,0.0572727272727272,1.0,3.9295624730119263,0.0064204657934395,0.0206613549883241,0.7738505747126437,0.6082675636068294,0.7625478927203065,0.1655830111058143,0.0113026819923371,0.1,0.2052287581699345,18.032643459106232,3.930868585141514,0.1639844266298288,0.5,0.85,0.8,0.2,0.1,0.6,0.5,1.0,0.85
0.08,1.0070106389520943,1.108108108108108,-0.1401347410368911,0.4314439780527191,0.5860215053763441,0.590224051922904,0.0188661176019919,0.3944862188940531,0.2717391304347826,0.0365217391304347,1.0,3.2468366631530947,0.0051252003031484,0.0160639415414311,0.5643966547192354,0.3045107990359659,0.589605734767025,0.2598858556832695,-0.0252090800477896,0.1,0.3141812865497075,16.179923570631487,9.455662520025028,0.1991660705493731,0.5,0.85,0.5,0.6,0.05,0.85,0.5,1.0,0.5
0.13,1.0000765890760408,1.4166666666666663,-0.1417774849632513,0.2603474830966532,0.6304597701149425,0.3475715820426663,-0.0086684038529701,0.6408593006530621,0.2281167108753315,0.0642528735632183,1.0,3.7625304217723903,0.0268964837874155,0.0110560933914681,0.5954022988505746,0.6904761904761906,0.6390804597701149,-0.0950738916256159,-0.0436781609195402,0.7,0.3447712418300656,17.869639244398165,6.272952354029053,0.1304979575360536,0.5,0.85,0.3,0.7,0.0,0.9,0.5,1.0,0.3
0.11,0.996278423761107,1.2799999999999998,-0.001177370667697,0.2277727183325875,0.5707535121328225,0.5568416116373108,-0.0135308437540778,0.203052528554703,0.3478038815117467,0.0531460674157303,1.0,3.3895592414858378,0.0183355481636379,0.0221003099030013,0.5727969348659003,0.233137054104796,0.5736270753512134,0.3396598807611043,-0.000830140485313,0.1,0.1138888888888889,19.06797735279296,2.27405609791541,0.2397047038136498,0.5,0.95,0.9,0.1,0.05,0.3,0.5,1.0,0.9
0.04,0.999623827226058,1.0,-0.0229072122039413,0.1317376169843181,0.3958333333333333,0.1026041656281571,-0.0055754405286343,0.7315103960303664,0.3333333333333333,0.02,1.0,1.755681481287276,0.0,0.0116972464951796,0.5,0.5,0.5,0.0,0.0,1.0,0.0,0.0,4.911303272199733,0.1090689161198549,0.5,0.9,0.1,0.8,0.05,0.95,0.5,1.0,0.1
0.13,1.004845380656952,1.1666666666666667,-0.0779091291445714,0.1253765622011798,0.5683908045977012,0.3962706324538646,0.0100881446772377,0.3779232391199887,0.2365163572060123,0.0642528735632183,1.0,3.957265922208958,0.0268851784545127,0.0129131488429729,0.5344827586206896,0.594726062467998,0.5655172413793103,-0.0602433038473083,-0.0310344827586206,1.0,0.3163398692810457,19.744410553562457,0.9419492481550144,0.2744024504945497,0.5,0.9,0.95,0.05,0.1,0.6,0.5,1.0,0.95
0.12,1.0035185983053283,1.25,-0.0497427386296982,0.0369779218520901,0.3704980842911877,0.0489078864524932,0.0017103857962888,0.8735447031188102,0.2386363636363636,0.0586363636363636,1.0,3.73612453136595,0.0385769431065877,0.0047985626555499,0.4207854406130268,0.4292882744495648,0.3561302681992337,-0.0085028338365379,0.0646551724137931,1.0,0.5245098039215685,19.01107764952746,0.8851408195531567,0.2566232148015288,0.5,0.9,0.1,0.9,0.05,0.9,0.5,1.0,0.1
0.12,1.001169248757673,1.0357142857142856,-0.0755520863824448,0.1755670827614264,0.3706896551724138,0.2545802680538037,-0.0079512081164063,0.4448289067769777,0.2367424242424242,0.0572727272727272,1.0,3.186333519989173,0.0451220294824452,0.014926878935536,0.3733716475095785,0.6685515873015873,0.3735632183908046,-0.2951799397920087,-0.000191570881226,0.2,0.54640522875817,18.57598165115824,2.5108568144525316,0.1526654747702829,0.5,0.95,0.1,0.8,0.05,0.95,0.5,1.0,0.1
0.07,1.006060411723209,1.3333333333333337,-0.1536272268190188,0.4513966780336317,0.7544802867383513,1.0644412810733035,-0.0285159395575766,0.1122948157773714,0.3498463901689708,0.0338709677419354,1.0,3.1379806210773777,0.0381701421320535,0.0212582463518057,0.7795698924731184,0.4474747474747474,0.7580645161290324,0.3320951449983709,0.021505376344086,0.1,0.3271929824561405,16.14361459624121,17.58707949377161,0.1734587343444355,0.5,0.95,0.95,0.0,0.05,0.4,0.5,1.0,0.95
0.08,1.004289735913133,1.1785714285714282,-0.0573328539308195,0.0137048234277044,0.652568697729988,0.136131609551558,-0.005530549703122,0.731467119772588,0.2894021739130435,0.037391304347826,1.0,2.9794808443675085,0.0,0.0282876954802165,0.6691756272401435,0.5786927604746014,0.6562724014336917,0.090482866765542,0.0129032258064517,0.5065551690490403,0.2308479532163743,17.831144296556833,0.6094361869361715,0.2740890886017931,0.5,0.85,0.1,0.8,0.0,0.4,0.5,1.0,0.1
0.05,1.0023712562503222,1.230769230769231,-0.0612355656234082,0.7519107555098252,0.6575940860215054,1.1719529876532109,-0.0347322049617435,0.0470655068375257,0.531578947368421,0.0242105263157894,1.0,2.113828627444212,0.0239018672554022,0.0297925198419583,0.683635752688172,0.0,0.6888440860215054,0.0,-0.0052083333333333,0.0,0.1789473684210526,16.22832294352236,6.363824410851581,0.1202386630645188,0.5,0.9,0.8,0.2,0.05,0.4,0.5,1.0,0.8
0.13,1.0056762442656322,1.44,-0.1741036976358552,0.1988922830614886,0.5471264367816092,0.2643236725838158,-0.006818261489384,0.4537810461128294,0.251105216622458,0.0597701149425287,1.0,3.474810703742523,0.0134743608734561,0.0088592239292687,0.5,0.725287356321839,0.5373563218390806,-0.225287356321839,-0.0373563218390805,0.1,0.3689542483660131,15.589505669352596,7.092786044477739,0.1304979575360536,0.5,0.9,0.8,0.2,0.0,0.2,0.5,1.0,0.8
0.12,0.9958549950821975,1.0,-0.0057755283433068,0.2771428457593521,0.6977011494252873,0.6441496264439228,-0.0159858496862901,0.2067148662669419,0.2471590909090909,0.06,1.0,2.537969814631988,0.0,0.0189261116215187,0.6748084291187739,0.6028922466422467,0.6949233716475097,0.0719161824765272,-0.0201149425287358,0.7,0.3862745098039215,19.40405501451882,1.7189551640655027,0.2416618127886581,0.5,0.95,0.95,0.05,0.05,0.3,0.5,1.0,0.95
0.05,1.0005071565423194,1.1249999999999991,-0.0641869477694898,0.1979795155491094,0.6483534946236559,0.2637871512249408,-0.0110827730118247,0.4197585220789337,0.3552631578947368,0.0247368421052631,1.0,1.8171243002305284,0.0079601878137088,0.0169669001843825,0.6325604838709676,0.0,0.6587701612903226,0.0,-0.0262096774193549,0.0,0.2789473684210526,16.317051590415193,11.028238452913794,0.1559849474624007,0.5,0.85,0.2,0.8,0.05,0.95,0.5,1.0,0.2
0.09,0.9994624940277111,1.1666666666666663,-0.0463896293009593,0.5696433663993076,0.6121863799283154,0.9889419677818656,-0.0248153706303486,0.0755133189906822,0.3281440781440781,0.0425274725274725,1.0,3.49478107339998,0.016401910212414,0.0192583618904709,0.5862604540023895,0.4316890166028097,0.6084826762246117,0.1545714373995797,-0.0222222222222222,0.2,0.2216374269005846,17.66273169106809,3.9955793102203314,0.1359607073791276,0.5,0.85,0.9,0.1,0.0,0.2,0.5,1.0,0.9
0.17,1.0042408020442148,1.1666666666666663,-0.1467177146119507,0.2958668194868443,0.5110817166372722,0.6677381741098626,-0.0137809595469205,0.1816784343605719,0.2381289865343728,0.0819277108433735,1.0,4.28440190684422,0.0316065220146186,0.0144731285372605,0.5257642563198118,0.48396531452087,0.5150499706055262,0.0417989417989417,0.0107142857142856,0.4,0.3550245098039215,17.341017014114204,4.110028277464445,0.1549635084114922,0.5,0.85,0.75,0.25,0.1,0.65,0.5,1.0,0.75
0.09,1.0039519380463853,1.0,-0.1059577935492246,0.9355330462195302,0.734647550776583,2.2297530720722154,-0.0408363051534857,0.0092585438079278,0.3363858363858364,0.0435164835164835,1.0,3.256469201011573,0.0109248705951222,0.018676920110553,0.730704898446834,0.3814238042269188,0.734647550776583,0.3492810942199151,-0.0039426523297489,0.1,0.0,18.556787945221537,6.5726194257285915,0.1670946308460906,0.5,0.85,0.9,0.1,0.15,0.75,0.5,1.0,0.9
0.11,1.0042239177254284,1.3333333333333337,-0.0755887145908165,0.4337796284975205,0.6303320561941251,0.9474427755841188,-0.0212727182731637,0.1442870512406626,0.2729826353421859,0.0531460674157303,1.0,3.1572714402022095,0.0061078448906577,0.037681471067798,0.6988505747126436,0.5465979064039409,0.62014687100894,0.1522526683087026,0.0787037037037036,0.4,0.5300653594771242,18.878828173478983,1.249633429920313,0.212251735187334,0.5,0.95,0.9,0.1,0.1,0.75,0.5,1.0,0.9
0.04,1.0011025128973208,1.0,-0.0329364934116693,0.1603259516634492,0.7447916666666666,0.300682847630315,-0.0142254038179148,0.5037415554317193,0.40625,0.0191666666666666,1.0,2.422966594421429,0.0070830554026434,0.0215848542234162,0.5,0.5,0.5,0.0,0.0,1.0,0.0,0.0,3.6066689024190826,0.1168814146415231,0.5,0.85,0.2,0.8,0.05,0.95,0.5,0.8,0.2
0.07,1.0017485892064355,1.0,-0.0432869708781255,0.0032056190950233,0.1218637992831541,0.0002156998549266,1.0150429363170456e-05,0.7765870821175518,0.2864823348694316,0.0338709677419354,1.0,2.7365859368362715,0.0238299025740706,0.0107518477430473,0.1057347670250896,0.6815205627705628,0.1326164874551971,-0.5757857957454733,-0.0268817204301075,0.1,0.2923976608187134,17.99602835365616,1.5544875020878184,0.2399034014625445,0.5,0.95,0.95,0.0,0.05,0.4,0.5,1.0,0.95
0.1,1.0026693360026693,1.2857142857142858,-0.0591021724051035,0.7780185007781156,0.611111111111111,1.967647027061172,-0.0387420460107685,0.0092425941010186,0.3416666666666666,0.0455555555555555,1.0,3.324686483682343,0.0,0.0177579419237385,0.637962962962963,0.5310550817781073,0.6194444444444445,0.1069078811848556,0.0185185185185184,0.7,0.125,19.389421584318857,1.0948401889941834,0.2372888921325374,0.5,0.9,0.9,0.1,0.05,0.3,0.5,1.0,0.9
0.1,1.007640878701051,1.12,-0.1952036655032314,0.3031630377280039,0.4972222222222222,0.5200876717399933,-0.0147087616250611,0.2480510702542183,0.2861111111111111,0.0488888888888888,1.0,3.2772027092966156,0.0405973342879207,0.0125499521108312,0.4583333333333333,0.2172438672438672,0.4851851851851851,0.241089466089466,-0.0268518518518518,0.4,0.5111111111111111,17.71129405002159,12.446124385225092,0.1265313555456286,0.5,0.95,0.9,0.1,0.1,0.4,0.5,1.0,0.9
0.09,1.0002529439869592,1.12,-0.0049470065079431,0.1925145585858072,0.5483870967741935,0.2358455655473626,-0.0083856427468762,0.4921625681433555,0.2802197802197802,0.0425274725274725,1.0,3.206859318767731,0.0,0.0163931622858447,0.5554360812425329,0.7405850893997444,0.5485065710872162,-0.1851490081572115,0.0069295101553166,0.1,0.343859649122807,18.73493895718477,0.3067794431938275,0.1957929415344674,0.5,0.85,0.7,0.3,0.05,0.4,0.5,1.0,0.7
0.08,1.0050890585241732,1.083333333333333,-0.0679235908661319,0.0331441896910794,0.6305854241338112,0.0686430908782994,0.0028011875119708,0.765193777375739,0.3179347826086957,0.0391304347826087,1.0,2.9355641849603336,0.0204916419406855,0.0236903963458542,0.6305854241338112,0.0,0.6305854241338112,0.0,0.0,0.0,0.1543859649122806,20.90947777410935,0.7533730452502767,0.2114092796278876,0.5,0.9,0.85,0.15,0.0,0.3,0.5,0.8,0.85
0.12,1.007030420940927,1.3200000000000005,-0.1718381275931255,0.0024605308777206,0.4834291187739463,0.068591282082499,-0.0023945401148044,0.758288758433211,0.21875,0.0559090909090909,1.0,3.695736990961209,0.0257427121696881,0.0068902618079447,0.514367816091954,0.4579644892144892,0.4776819923371647,0.0564033268774648,0.0366858237547892,0.4,0.3980392156862745,18.07769270957937,6.809599989668355,0.1878751019588835,0.5,0.9,0.1,0.8,0.05,0.9,0.5,1.0,0.1
0.06,0.9987654458297652,1.0937499999999998,-0.0019989468093559,0.0031181289895143,0.556619623655914,0.0179928109460647,0.0009060518011684,0.9884170774325614,0.3067375886524822,0.0274468085106383,1.0,2.6538460539995676,0.0043875173268817,0.0206871560767913,0.5667002688172044,0.6203703703703703,0.556619623655914,-0.0536701015531659,0.0100806451612903,1.0,0.5967836257309942,16.969335645027286,2.1005302558221235,0.1700604135786186,1.0,0.85,0.9,0.7,0.05,0.95,0.5,1.0,0.2
0.07,1.0008397129708388,1.1666666666666667,-0.0756491145209483,0.6606886959562321,0.4874551971326165,1.3602272487300424,-0.0336080716214295,0.0722634775338795,0.3160522273425499,0.0338709677419354,1.0,3.213912141650805,0.0238277454556755,0.0253715654492322,0.4516129032258065,0.3179808841099164,0.474910394265233,0.1336320191158901,-0.0232974910394265,0.1840386271964254,0.265204678362573,14.577963491304423,7.323338861801204,0.1070123032792404,0.5,0.85,0.9,0.1,0.0,0.3,0.5,1.0,0.9
0.11,1.0050751043614958,1.0,-0.1800817090788826,0.4523173594788801,0.4041187739463601,0.6185750761914256,-0.0165974450239163,0.2318529870893146,0.2581716036772217,0.0506741573033707,1.0,3.515759548125701,0.0061166022447608,0.0157685824985204,0.3832694763729247,0.53615127919911,0.3888250319284802,-0.1528818028261853,-0.0055555555555555,0.4,0.4637254901960784,16.290313686356,10.446914538545034,0.11173320270593,0.5,0.85,0.8,0.2,0.1,0.85,0.5,1.0,0.8
0.07,1.002428026361429,1.0,-0.1106325256723259,0.0527842495932103,0.53584229390681,0.0208325452696399,0.0009642907895003,0.8871572714909863,0.3056835637480799,0.0316129032258064,1.0,2.703747784076429,0.0047689461254184,0.0156615541227869,0.557347670250896,0.4703703703703704,0.557347670250896,0.0869772998805256,0.0,0.7,0.2909356725146199,16.815377421757482,12.344942307542748,0.1155790151814792,0.5,0.9,0.9,0.1,0.1,0.65,0.5,1.0,0.9
0.11,0.9948501872659176,1.2413793103448274,0.028225711108481,0.372529113491331,0.510632183908046,0.8388136222234763,-0.0190295770655123,0.1228171529261916,0.2563840653728294,0.0543820224719101,1.0,3.237744317680885,0.0,0.0180167973870003,0.4957215836526181,0.4947163515016685,0.5087803320561941,0.0010052321509496,-0.0130587484035759,1.0,0.5509803921568628,20.025646989103613,0.6140160191264612,0.1993706573734219,0.5,0.95,0.9,0.1,0.0,0.1,0.5,0.8,0.9
0.07,0.9990620708136536,1.0,-0.0207310630173463,0.149274881271744,0.3440860215053763,0.2605021602038462,0.0090203482273966,0.4614371741043568,0.379416282642089,0.0346236559139784,1.0,3.1590044779035287,0.0095252083232893,0.0192215101248492,0.3853046594982079,0.4056787634408601,0.3888888888888889,-0.0203741039426522,-0.0035842293906809,1.0,0.2204678362573099,19.26539564118326,4.625061386145368,0.1155790151814792,0.5,0.9,0.8,0.1,0.05,0.4,0.5,1.0,0.8
0.1,1.003026372676178,1.2413793103448278,-0.0233571096733442,0.1741008090142142,0.4842592592592592,0.2919058270593465,-0.0093245227606461,0.4277674926488866,0.2527777777777777,0.0466666666666666,1.0,3.425726170550853,0.0057928716785322,0.0143234320483612,0.474074074074074,0.5822420634920635,0.5,-0.1081679894179895,-0.0259259259259259,0.7,0.3888888888888889,18.44277453881544,0.1303047704304956,0.2443921849312755,0.5,0.9,0.7,0.3,0.0,0.3,0.5,1.0,0.7
0.1,0.9979101358411702,1.0,-0.0051610080141685,0.0846938213521328,0.3259259259259259,0.1687450936770686,-0.0054821341164953,0.6374762045787259,0.2138888888888888,0.0477777777777777,1.0,3.151110109986345,0.0173881228424945,0.0081872653631711,0.3296296296296296,0.2635665142339224,0.299074074074074,0.0660631153957072,0.0305555555555556,0.7,0.8194444444444444,18.34306869531051,1.640043265193829,0.2372888921325374,0.5,0.85,0.2,0.8,0.1,0.9,0.5,1.0,0.2
0.1,1.0735523371300704,1.1418685121107328,-0.2460073826927686,0.4887630938171253,0.5935185185185184,0.9709983719020012,-0.0217572197748409,0.1026779055212138,0.2638888888888889,0.05,1.0,3.529652687332858,0.0,0.0131983234348728,0.5898148148148148,0.462981502080501,0.5953703703703704,0.1268333127343138,-0.0055555555555556,0.1,0.4555555555555555,5.978632244283581,16.090001857531497,0.0200887124825478,1.0,0.85,0.9,0.1,0.05,0.15,1.0,1.0,0.9
0.07,1.0310182885975925,1.095890410958898,-0.1261574550181845,0.2421010126649675,0.6612903225806451,0.077469699440236,-0.0032718217313925,0.8025936445176493,0.2891705069124424,0.0346236559139784,1.0,2.5079256620087382,0.0,0.0283861932421002,0.6810035842293907,0.6498316498316499,0.6702508960573477,0.0311719343977407,0.010752688172043,1.0,0.3219298245614035,17.8605743896347,5.3153109546836,0.0677674300685494,1.0,0.9,0.9,0.1,0.05,0.1,1.0,0.8,0.9
0.06,1.052897065682863,1.1438953488372157,-0.2985603510608481,0.0479811785663513,0.6790994623655914,0.2142072073238161,-0.0085918705283219,0.5042271537060115,0.2890070921985815,0.0287234042553191,1.0,2.9560178644809474,0.0131462669098942,0.0161868736653205,0.7111895161290324,0.0,0.6629704301075269,0.0,0.0482190860215054,0.0,0.3169590643274854,0.6304003313252935,84.60601241094425,0.0027403376779166,1.0,0.9,0.95,0.05,0.05,0.1,1.0,1.0,0.95
0.09,1.066694029635378,1.0792951541850109,-0.3209607976450161,0.787321704701961,0.5692951015531661,1.491566823450029,-0.0305599931150592,0.0388062377319664,0.2976190476190476,0.0445054945054945,1.0,3.2817323112110732,0.0,0.0132898515873556,0.605973715651135,0.3274742647502505,0.5655913978494623,0.2784994509008845,0.0403823178016726,0.1,0.3333333333333332,3.4617085505018927,45.07577115068917,0.0127383559472523,1.0,0.9,0.9,0.1,0.05,0.2,1.0,1.0,0.9
0.11,1.0990321640117249,1.4922656960873562,-0.2991073489104678,0.8591070701226,0.7280332056194125,2.0883302309071485,-0.0330643963767757,0.0133562641435979,0.2888151174668029,0.0543820224719101,1.0,3.544904170564698,0.0121978095452669,0.0168394770949343,0.7466475095785441,0.5381226053639846,0.7270114942528735,0.2085249042145595,0.0196360153256706,0.1,0.2339869281045752,3.032133237525255,21.395260324922344,0.0172773909160672,0.5,0.9,0.9,0.1,0.2,0.85,0.5,1.0,0.9
0.07,1.0538231758802812,1.1000000000000305,-0.1546510327117767,0.1992160990227001,0.446236559139785,0.5101675208271642,-0.0176549801389932,0.3173088340883621,0.2964669738863287,0.0346236559139784,1.0,2.4545037669087972,0.00951240332719,0.020195361191493,0.5089605734767025,0.0,0.4569892473118279,0.0,0.0519713261648746,0.0,0.3950292397660819,3.9286443238259663,10.812892683621934,0.0270329834468609,1.0,0.85,0.95,0.05,0.1,0.1,1.0,1.0,0.95
0.2,1.1030941237649508,1.3617424242424438,-0.8411244301779055,0.8674360522746025,0.694229638674083,2.9224633769431407,-0.0313325991189427,0.0013642247172005,0.303125,0.0975,1.0,4.396891062831854,0.0087152993945714,0.0252135530231567,0.7262017817573373,0.3569444444444444,0.6942974720752498,0.3692573373128928,0.0319043096820874,0.1,0.31875,4.714564940954619,52.32278254274081,0.0090200082121758,0.5,0.8,0.85,0.15,0.05,0.85,0.5,1.0,0.85
0.07,1.0521140946104246,1.1878787878788066,-0.2656266067296764,1.1852501479035231,0.8100358422939068,2.685700220501581,-0.0532728367743289,0.0027020196817872,0.3725038402457757,0.0346236559139784,1.0,2.7056572590120926,0.0095125462743329,0.0338928492371133,0.8172043010752689,0.5989583333333334,0.8136200716845878,0.2182459677419355,0.003584229390681,0.1,0.1862573099415203,3.0993327309951626,55.15661923641048,0.0087199207036748,0.5,0.8,0.9,0.1,0.15,0.8,0.5,1.0,0.9
0.08,1.0620300191421237,1.1406491499227294,-0.1738479796924865,0.2260889121501445,0.5164874551971326,0.138623065466443,-0.0127250526719019,0.7029896106774041,0.327445652173913,0.04,1.0,3.2811113803942584,0.0,0.0245473173559976,0.6103942652329749,0.5049997682610308,0.5324970131421743,0.1053944969719441,0.0778972520908005,0.7,0.3312865497076023,5.744618155828527,9.954616765490696,0.0282679858042599,1.0,0.95,0.95,0.0,0.0,0.1,1.0,0.8,0.95
0.13,1.108122004293592,1.548571428571394,-0.471385529741446,0.1616514795857508,0.4988505747126436,0.2465255067227687,-0.0065358713391525,0.7005571401572674,0.2316534040671972,0.0642528735632183,1.0,3.842173722300327,0.0201393004081637,0.0223881377364062,0.5919540229885057,0.4378962991031956,0.5091954022988506,0.15405772388531,0.0827586206896551,0.4,0.4107843137254902,1.6604547510900105,39.53556015214468,0.0109905039940315,1.0,0.9,0.95,0.05,0.05,0.1,1.0,0.8,0.95
0.06,1.0535784107826334,1.2080645161290369,-0.238189774385539,0.770560384708442,0.2147177419354838,1.1929486532690892,-0.0338285375074202,0.0631229374045665,0.2978723404255319,0.0287234042553191,1.0,2.651596042194511,0.0087624382783072,0.0356735986970583,0.3219086021505377,0.638888888888889,0.2308467741935484,-0.3169802867383512,0.0910618279569892,0.7,0.2326023391812866,0.6156525189980899,54.30360432460291,0.0083077632234142,1.0,0.85,0.9,0.7,0.1,0.15,0.5,1.0,0.4
0.13,1.0761706652115834,1.2280701754386136,-0.402836000071864,0.7878934538891815,0.7235632183908046,2.1233064236873416,-0.0296237005184293,0.0097699830478402,0.3426171529619805,0.0642528735632183,1.0,3.7525639542428575,0.0067081856914192,0.0321965873061128,0.7333333333333333,0.6015051997810618,0.7212643678160919,0.1318281335522715,0.0120689655172413,0.0765225004750592,0.2480392156862745,5.005999804025475,28.324537453230473,0.0185225277637568,0.5,0.85,0.9,0.1,0.05,0.9,0.5,1.0,0.9
0.06,1.045610769685552,1.1285714285714366,-0.271839213258465,0.6793673511352664,0.7331989247311829,1.121457687001712,-0.031727434623676,0.0631023527020195,0.3439716312056737,0.0293617021276595,1.0,2.5238292161957276,0.0043788100420864,0.0168162184619375,0.7439516129032259,0.0,0.7331989247311829,0.0,0.010752688172043,0.0,0.2002923976608186,2.201238049284328,74.70428776669839,0.0055093893102748,0.5,0.8,0.85,0.1,0.05,0.85,0.5,1.0,0.85
0.19,1.1195686698600782,1.5094339622641344,-0.6392173643715475,0.3389740496387055,0.5041152263374485,0.5584447924834853,0.0119878747284265,0.2776191706630838,0.2014294996751137,0.0914814814814814,1.0,4.375525309501772,0.0084411523616938,0.0116071125391578,0.5582010582010583,0.4261531678198345,0.5067607289829512,0.1320478903812237,0.051440329218107,0.2,0.4473651960784313,5.796424911953174,32.712512321691364,0.0222956608148987,0.5,0.85,0.5,0.6,0.05,0.9,0.5,1.0,0.5
0.11,1.0888118142822492,1.5621301775148069,-0.457242150168514,0.1472386029069197,0.3856002554278416,0.0659302819988931,0.002393883896631,0.6395651917918477,0.2119509703779367,0.0543820224719101,1.0,3.3481537147446363,0.0183022232858019,0.0153404781890181,0.4218071519795658,0.4185355862775218,0.3856002554278416,0.003271565702044,0.0362068965517241,0.7,0.5274509803921568,2.3458002224017465,59.52599193737925,0.0067984034408473,1.0,0.9,0.9,0.1,0.05,0.1,1.0,0.8,0.9
0.09,1.082758887746869,1.1261538461538512,-0.4589220336949893,0.6780727861490341,0.6336917562724014,1.2153334758859626,-0.0282605304631736,0.0670665584871608,0.2997557997557997,0.0435164835164835,1.0,3.4118943671614734,0.0109118746038118,0.0497759896760677,0.6188769414575865,0.7741858237547893,0.6336917562724014,-0.1553088822972027,-0.0148148148148148,0.7,0.3277777777777778,0.6656367635218365,83.87024306500986,0.0031337791488195,1.0,0.9,0.95,0.05,0.0,0.2,1.0,1.0,0.95
0.07,1.0596418199650457,1.0502793296089494,-0.2595936931701823,0.2577538466737148,0.3010752688172043,0.4358165467385757,-0.0161188818287013,0.3075899122450417,0.3383256528417819,0.0346236559139784,1.0,3.0984923609757997,0.0095112028255558,0.0213214919813248,0.3673835125448028,0.8010080645161292,0.3028673835125448,-0.4336245519713263,0.064516129032258,0.1,0.2114035087719299,1.9214897295503577,50.7886409063284,0.0116889091522701,1.0,0.85,0.9,0.8,0.1,0.85,0.5,0.6,0.2
0.1,1.098685097467445,1.153347732181436,-0.3836592329510235,0.8912980071972723,0.7287037037037036,1.7335211045558483,0.0350709740577582,0.0118371674884162,0.2777777777777778,0.0488888888888888,1.0,3.178365087419548,0.0,0.0184067648561491,0.725,0.5857084002801467,0.7111111111111111,0.1392915997198532,0.0138888888888888,0.4,0.3111111111111109,1.606945886000412,48.24827270104048,0.0098802368470764,1.0,0.85,0.9,0.1,0.05,0.4,1.0,1.0,0.9
0.08,1.0595155137591088,1.082589285714272,-0.2443629457054283,0.2769041518844867,0.4594982078853046,0.3264227298387773,-0.0102231373300133,0.5890892635944479,0.3505434782608695,0.04,1.0,2.632920020636344,0.0,0.023211681643557,0.4575866188769413,0.3940083889506859,0.4594982078853046,0.0635782299262553,-0.0019115890083633,0.7,0.1847953216374266,3.1705086281028603,29.398674822886704,0.0153593319265454,1.0,0.9,0.9,0.1,0.05,0.1,1.0,1.0,0.9
0.1,1.068338763354434,1.1111111111110965,-0.3296195074268766,0.1752366808184409,0.4546296296296295,0.3493186302739991,-0.0098874204601076,0.5538789960388629,0.2416666666666666,0.05,1.0,3.4154667701458368,0.0,0.0230652881763053,0.4694444444444444,0.7739224137931036,0.4629629629629629,-0.3044779693486591,0.0064814814814814,0.2,0.5555555555555555,2.7879833513776173,32.4970162968259,0.0166480687396419,1.0,0.85,0.9,0.1,0.05,0.2,1.0,1.0,0.9
0.05,1.0433184827204312,1.0454086781029308,-0.1358500139885858,0.2831314487029351,0.6507056451612904,0.2201984842596455,0.0097843728263389,0.7218657147365473,0.3526315789473684,0.0247368421052631,1.0,2.5544673177588173,0.0039757525133405,0.0410652108471098,0.6609543010752689,0.0,0.6507056451612904,0.0,0.0102486559139785,0.0,0.2421052631578948,2.5325127386995083,21.213378120843263,0.0132624336546054,0.5,0.8,0.2,0.8,0.15,0.95,0.5,1.0,0.2
0.08,1.0624902790374986,1.1403743315507897,-0.2361269738639944,0.1666444744114138,0.5148148148148147,0.325557117103597,0.0107139436889484,0.5251179731845328,0.3179347826086957,0.04,1.0,2.4266246911879694,0.0,0.0308193725388352,0.5259259259259258,0.2979166666666666,0.509557945041816,0.2280092592592591,0.0163679808841098,0.2,0.2609649122807016,3.8603247208504854,28.172304565606023,0.0122209553117665,1.0,0.85,0.9,0.1,0.05,0.4,1.0,1.0,0.9
0.12,1.1128016884546457,1.3321428571428655,-0.6180681112740203,0.1196998960610213,0.3448275862068966,0.1825521425225204,0.0056734748364704,0.6292533212796969,0.2017045454545454,0.0586363636363636,1.0,3.7069569342951585,0.0,0.0086591512518396,0.3994252873563218,0.5119886293412433,0.3504789272030651,-0.1125633419849215,0.0489463601532567,0.7,0.5392156862745099,0.6992986845414217,81.23126096569352,0.0035026255340517,1.0,0.9,0.95,0.05,0.05,0.1,1.0,1.0,0.95
0.1,1.085933039433166,1.1545189504373072,-0.4097983301926966,0.0037461583180069,0.325,0.0231559555361673,0.0009544787077826,0.9908285367234532,0.1888888888888888,0.05,1.0,3.294011068983639,0.0,0.0119412436309399,0.3472222222222221,0.5070366250566473,0.325,-0.1598144028344251,0.0222222222222221,0.1,0.675,1.6069458860004118,55.6729515275807,0.0065514053605923,1.0,0.85,0.95,0.0,0.1,0.1,1.0,0.6,0.95
0.08,1.0439191001123682,1.2532299741602102,-0.2420340790078166,0.5647507696393055,0.5344086021505376,1.0591870326048007,-0.0267309902317564,0.1225169010398123,0.3125,0.04,1.0,2.969340065611246,0.0,0.0298354401505193,0.5888888888888889,0.5072244623655914,0.5232974910394265,0.0816644265232975,0.0655913978494624,1.0,0.2941520467836258,5.623122485045505,31.64546245719129,0.0185324324347793,0.5,0.8,0.5,0.6,0.05,0.9,0.5,0.8,0.5
0.11,1.090008624763509,1.1499436302142303,-0.5174377295449926,0.4738443227270748,0.4907726692209451,0.7437489875451857,-0.0185975980164962,0.1735060118568163,0.2640449438202247,0.0543820224719101,1.0,3.6156493918856434,0.0060978221197496,0.0181363941938599,0.5489463601532567,0.3457772066643034,0.4907726692209451,0.2031691534889532,0.0581736909323116,0.4,0.5101307189542482,1.1371348268363737,72.05960600653066,0.0067984034408473,1.0,0.9,0.95,0.05,0.05,0.1,1.0,1.0,0.95
0.11,1.080310948676676,1.1056910569105818,-0.5316482622965104,0.5451625154879274,0.7316730523627074,0.9686416320578454,-0.0213244657634104,0.1282796286862969,0.2903472931562819,0.0543820224719101,1.0,3.638237137860548,0.0183032154285862,0.0261699590263606,0.751500638569604,0.5159961685823755,0.7288952745849296,0.2355044699872285,0.0226053639846743,0.1,0.4294117647058822,1.3832971644932124,75.15758016646322,0.0033809817611032,0.5,0.85,0.9,0.1,0.05,0.4,0.5,1.0,0.9
0.07,1.0383232761321746,1.101604278074876,-0.2813350612361427,0.1780329154426058,0.6863799283154122,0.2993109562537849,-0.0099440372994444,0.3720052648334002,0.3014592933947772,0.0338709677419354,1.0,2.9397435949924664,0.0,0.0227339508431025,0.6810035842293907,0.0,0.6810035842293907,0.0,0.0,0.0,0.2603801169590642,2.9038412013802892,58.884632705353326,0.0057825472252465,1.0,0.9,0.95,0.05,0.05,0.1,1.0,1.0,0.95
0.13,1.092870512500572,1.3352601156069397,-0.3880902185661758,0.8490233100840768,0.7270114942528737,2.2977093779785895,-0.0352715035230605,0.0026642813206057,0.3379752431476569,0.0642528735632183,1.0,4.033219590378609,0.0134211415621292,0.0254169805992389,0.7316091954022989,0.6153198653198654,0.735632183908046,0.1162893300824334,-0.0040229885057471,0.7,0.1124183006535948,4.697792820548738,29.395078327561514,0.0223528464331383,0.5,0.85,0.95,0.05,0.05,0.4,0.5,0.8,0.95
0.04,1.031830632337886,1.057259713701438,-0.1408178528254913,0.1022478189677548,0.5885416666666666,0.2037190657275036,-0.009934838472834,0.5555627108027784,0.3515625,0.02,1.0,2.198847638802082,0.0,0.0271582302639428,0.5,0.5,0.5,0.0,0.0,1.0,0.0,0.0,51.30428105598549,0.0124745405961059,0.5,0.8,0.2,0.8,0.15,0.95,0.5,1.0,0.2
0.08,1.0707929402137497,1.0855263157894657,-0.3805545151962075,0.250485182619359,0.5849462365591397,0.4551417450762389,-0.0150354338249377,0.3183694355065275,0.3369565217391304,0.0391304347826087,1.0,3.3204100164237103,0.0,0.0197608272955575,0.5616487455197132,0.653763440860215,0.5956989247311828,-0.0921146953405017,-0.0340501792114695,1.0,0.2426900584795324,0.6391300571063349,76.1506024730254,0.0060453890338113,1.0,0.9,0.9,0.1,0.0,0.15,1.0,1.0,0.9
0.16,1.1389112664006344,1.1986863711001496,-0.5926224030313323,0.6878266064863308,0.7154761904761905,2.170722980809338,-0.0303912313824208,0.0089302985086157,0.259672619047619,0.08,1.0,4.071963025050158,0.0,0.0166789705556257,0.7488095238095238,0.4630389831539257,0.7154761904761905,0.2857705406555981,0.0333333333333333,0.1,0.3762867647058824,2.5279022844373555,41.37163503123913,0.0162192572741175,0.5,0.85,0.1,0.9,0.0,0.9,0.0,0.2,0.1
0.08,1.055270201837518,1.279212792127922,-0.2032362257927351,0.614753737938848,0.5978494623655913,1.1425505429668912,-0.0284547979314307,0.0644318502374784,0.3247282608695652,0.0391304347826087,1.0,2.911098031842196,0.0051122292501568,0.020175159239713,0.6359617682198327,0.207904616240267,0.5978494623655913,0.4280571519795657,0.0381123058542414,0.1,0.2858187134502923,6.576495885371521,19.59925926116475,0.0153593319265454,0.5,0.8,0.85,0.1,0.15,0.8,0.5,1.0,0.85
0.1,1.0364375070257423,1.3075471698113148,-0.2596702312847307,0.235687419929911,0.4148148148148148,0.3785105750237483,-0.0113803230543318,0.3489490423742427,0.2527777777777777,0.0488888888888888,1.0,3.658108194479407,0.0057833253365903,0.0153633522745591,0.4731481481481481,0.5364583333333334,0.4074074074074074,-0.0633101851851852,0.0657407407407406,0.7,0.4333333333333333,12.752276125578728,20.594343642809395,0.0270877753779486,1.0,0.85,0.2,0.7,0.0,0.25,1.0,0.8,0.2
0.15,1.0974179179948105,1.301408450704252,-0.5303231781622548,0.2392544529498638,0.6696223316912971,0.5341409675007407,-0.0121793210676341,0.3464632714291188,0.2245098039215686,0.0741176470588235,1.0,4.089535032663992,0.0072958527442168,0.020493426815467,0.7284072249589492,0.7405496766607879,0.6696223316912971,-0.0121424517018386,0.058784893267652,1.0,0.4078431372549019,4.345001133063972,40.27682620223997,0.0157227976369537,1.0,0.85,0.9,0.7,0.1,0.15,0.5,1.0,0.3
0.06,1.038197488106185,1.0449999999999944,-0.2197476474395614,0.5724094246515251,0.679771505376344,0.8899139661644023,0.0264551504358421,0.1119055784801049,0.3537234042553191,0.0293617021276595,1.0,2.748727686832567,0.0,0.021788772807364,0.7009408602150539,0.0,0.6743951612903226,0.0,0.0265456989247312,0.0,0.2046783625730993,2.377003533538399,46.79312016034188,0.0083077632234142,0.5,0.85,0.9,0.1,0.05,0.4,0.5,1.0,0.9
0.1,1.0413392798444236,1.2658227848101304,-0.2097233272482568,0.145018582569564,0.4555555555555555,0.2563381189595591,-0.0091287322564855,0.5235983602809966,0.2361111111111111,0.05,1.0,3.3180545162650112,0.0,0.0132718709758724,0.4796296296296296,0.4665925101965147,0.4527777777777778,0.0130371194331149,0.0268518518518518,1.0,0.5222222222222224,17.414194905586236,9.478625403439125,0.0529218729816416,1.0,0.85,0.9,0.1,0.05,0.1,1.0,1.0,0.9
0.1,1.0409385530770374,1.1618160651920693,-0.247048398536092,0.0013995109503876,0.4296296296296296,0.0005939688213756,-2.447381302010665e-05,0.8857621117066913,0.2055555555555555,0.0488888888888888,1.0,3.245832649364957,0.005781150431268,0.0129713094430971,0.4907407407407407,0.5204695767195767,0.4231481481481481,-0.0297288359788359,0.0675925925925926,1.0,0.538888888888889,16.545258735468437,17.945384303789773,0.0270877753779486,1.0,0.8,0.05,0.9,0.1,0.2,1.0,1.0,0.05
0.07,1.0536691163183625,1.0953346855983703,-0.2732615729848966,0.8789026409188857,0.7849462365591396,1.686932614674385,-0.038957347895816,0.0173670378208283,0.3233486943164362,0.0346236559139784,1.0,2.8787859496617383,0.0047550013891653,0.0262667883672772,0.7921146953405017,0.6871863799283154,0.7813620071684587,0.1049283154121862,0.010752688172043,0.7,0.4201754385964912,1.0614944794943957,51.21109621408967,0.0057825472252465,1.0,0.9,0.95,0.05,0.05,0.3,1.0,1.0,0.95
0.05,1.0340406960885935,1.2105263157894848,-0.2076126116854686,0.142616879229629,0.2427755376344086,0.1374425147791713,-0.0065615580802226,0.680833955962221,0.2842105263157894,0.0242105263157894,1.0,2.4730262086302734,0.0079557113126212,0.0210198233702879,0.2689852150537634,0.6502016129032259,0.2479838709677419,-0.3812163978494624,0.0210013440860215,0.2,0.3842105263157894,2.561697883118233,66.04234787189257,0.0052214554684813,0.5,0.85,0.75,0.15,0.0,0.3,0.5,1.0,0.8
0.07,1.0569941191082128,1.072463768115962,-0.3231508783069561,0.0869778538704367,0.2347670250896057,0.027588192875225,-0.0012789540997583,0.9139014004397584,0.2373271889400921,0.0346236559139784,1.0,2.6415971773286206,0.0095122889741155,0.0367690441296486,0.2347670250896057,0.6876795977011495,0.2347670250896057,-0.4529125726115437,0.0,0.1,0.7514619883040934,1.2917059873690202,73.89004005181329,0.0057825472252465,0.5,0.8,0.9,0.1,0.05,0.85,0.5,1.0,0.9
0.1,1.0929015661426704,1.3009922822491538,-0.3009108319132112,1.1657824333729536,0.7648148148148147,3.1608553310300445,-0.04645129711209,0.0015754368670711,0.3944444444444444,0.0477777777777777,1.0,3.025500464549795,0.0,0.0222271844889472,0.8027777777777777,0.2835867012730194,0.7648148148148147,0.5191910765047583,0.0379629629629629,0.1,0.0722222222222221,1.339585014359142,25.0893453372114,0.0132455219503661,0.5,0.85,0.9,0.1,0.15,0.65,0.5,1.0,0.9
0.12,1.1000832238852558,1.1571428571428404,-0.3630863799086157,0.530819127582429,0.600095785440613,1.2089566262013622,-0.0244626885596048,0.0781604886797281,0.2982954545454545,0.0586363636363636,1.0,3.10729954780681,0.0,0.0227680244158597,0.6247126436781609,0.6958702177452176,0.6112068965517241,-0.0711575740670567,0.0135057471264368,0.7,0.3692810457516339,2.6029963556433815,24.98726860873896,0.0179013336626349,1.0,0.9,0.95,0.05,0.05,0.1,1.0,1.0,0.95
0.14,1.0637531820809547,1.1600000000000186,-0.3476804551776391,0.0709412946057453,0.2595238095238095,0.0413415108669034,-0.0014598914045691,0.8230907127608571,0.2649501661129568,0.0667441860465116,1.0,3.8006461951909074,0.0,0.0047573886371335,0.3667487684729063,0.7144488062050787,0.2760262725779967,-0.3477000377321723,0.0907224958949096,0.1,0.3192810457516341,15.84590154709974,15.47034496307391,0.0394113225490636,1.0,0.9,0.95,0.0,0.05,0.1,1.0,1.0,1.0
0.11,1.0848366104574307,1.1554332874827888,-0.4002114910572576,0.2992536032793739,0.5425287356321838,0.3280564121957723,-0.0096632813308554,0.4806184979151631,0.186414708886619,0.0543820224719101,1.0,3.359133737536701,0.0060975286183328,0.014460907325976,0.5610472541507024,0.6361378794328986,0.5303001277139208,-0.0750906252821961,0.0307471264367816,0.4,0.5558823529411763,1.608139344642097,42.40476631559995,0.0102530600458129,1.0,0.85,0.95,0.05,0.05,0.1,1.0,1.0,0.95
0.11,1.0896724295366649,1.1299435028248463,-0.3379509073744735,0.3482811223029364,0.6091954022988505,0.3228878715767612,-0.0093550462802554,0.6277043622399818,0.2323799795709908,0.0543820224719101,1.0,3.277943607319948,0.0121979563874079,0.0221604351570112,0.6013090676883781,0.6162937242798354,0.603448275862069,-0.0149846565914573,-0.0021392081736908,1.0,0.3297385620915033,2.577857794922722,26.459866179849584,0.0172773909160672,1.0,0.9,0.95,0.0,0.05,0.1,1.0,0.8,0.95
0.1,1.0408597250702525,1.1799999999999915,-0.4226307626719432,0.3410549942946646,0.5027777777777778,0.6467787577125385,-0.0154674498286833,0.2297421974174465,0.2027777777777777,0.0477777777777777,1.0,3.478791834154504,0.0057861999737453,0.0107465120730632,0.5361111111111111,0.599910394265233,0.4898148148148147,-0.0637992831541218,0.0462962962962963,1.0,0.4055555555555555,5.379591536849892,61.719670302690744,0.0065514053605923,0.5,0.8,0.9,0.7,0.05,0.9,1.0,1.0,0.2
0.18,1.1511086989432575,1.456122448979598,-0.7934731482201842,0.5254061967097752,0.6706349206349206,1.692886880293354,-0.0253662118118978,0.0226354892196358,0.22289972899729,0.09,1.0,4.31342120488917,0.0,0.0201741932817491,0.6826131687242798,0.4395155993431855,0.6705614344503233,0.2430975693810942,0.0120517342739564,0.1,0.4569852941176471,2.633640461610183,58.2563212852414,0.0128439566974936,1.0,0.9,0.9,0.1,0.05,0.4,1.0,1.0,0.9
0.12,1.1082112693892532,1.1849315068493294,-0.6225217547886235,0.2563391937991791,0.5303639846743295,0.2204551602468054,-0.0063576291549859,0.5847604990341,0.2244318181818181,0.06,1.0,3.277068877526775,0.0,0.0190363019386141,0.542337164750958,0.6223214285714286,0.5331417624521073,-0.0799842638204706,0.0091954022988506,1.0,0.4281045751633987,0.455565261083324,81.84171493161136,0.0035026255340517,0.5,0.85,0.85,0.15,0.1,0.9,0.5,0.8,0.85
0.12,1.0036070452580648,1.1489319620253164,-0.0860786293810035,0.2966627564443389,0.5234674329501916,0.4857847325785969,-0.0559608773224699,0.1956398622674701,0.3219696969696969,0.06,1.0,3.153067868466533,0.0,0.0337596281625263,0.5262452107279693,0.5879310344827586,0.5234674329501916,-0.0616858237547893,0.0027777777777776,0.7,0.2405228758169932,19.494305322986868,1.227955261780191,0.2804424001615672,0.5,0.75,0.85,0.8,0.1,0.9,1.0,1.0,0.2
0.1,1.0130160871918277,1.112574139976275,-0.1414128738270921,0.3510181732757865,0.5351851851851851,0.6786178882831744,-0.0694313463985122,0.2626047659361854,0.3194444444444444,0.05,1.0,3.3407206770281617,0.0,0.0427075516993431,0.5074074074074074,0.8323356398513209,0.5351851851851851,-0.3249282324439134,-0.0277777777777776,0.1,0.2111111111111111,20.72837105993251,3.857897633222404,0.2908664545586379,1.0,0.9,0.1,0.8,0.05,0.9,1.0,1.0,0.1
0.08,1.0048928177061935,1.023518711018711,-0.0594324103559202,0.2986967646592688,0.3946236559139784,0.4266194544533456,0.0621068808260836,0.3005849621782732,0.2364130434782608,0.04,1.0,2.9086203500869714,0.0,0.0248138114365468,0.4326164874551971,0.5392361111111111,0.3999999999999999,-0.1066196236559139,0.0326164874551972,0.4,0.6592105263157895,20.01265415720637,0.5116975318622146,0.2740890886017931,1.0,0.9,0.9,0.1,0.05,0.15,1.0,0.8,0.9
0.12,1.0019815328474184,1.2949644549763042,-0.0326242500442569,0.0440391915794725,0.5239463601532567,0.0823439384831698,0.0132768697381546,0.9281595753362488,0.2556818181818182,0.06,1.0,3.638075362758778,0.0,0.0253310019463231,0.535632183908046,0.3281063321385902,0.5239463601532567,0.2075258517694558,0.0116858237547893,0.1,0.3921568627450981,20.696725819296265,-0.5845655464324793,0.364633429088284,1.0,0.9,0.1,0.85,0.05,0.95,1.0,0.8,0.1
0.1,0.9995014019250602,1.1729559748427671,-0.0221397603867206,0.1939139550275519,0.536111111111111,0.4017179703113629,-0.0429821487259997,0.4113538176047917,0.2472222222222222,0.05,1.0,3.2598387426902997,0.0,0.0227467242660203,0.5370370370370371,0.681872676888358,0.536111111111111,-0.1448356398513208,0.0009259259259261,0.2,0.5888888888888889,20.86423163267234,-0.4107968072636989,0.3170520754166312,1.0,0.9,0.4,0.4,0.05,0.2,1.0,1.0,0.4
0.12,1.0043423514765042,1.201215484211917,-0.0674022881531417,0.2262234699423549,0.5635057471264369,0.5645410225600075,-0.0562100965679016,0.2369299562126643,0.3551136363636363,0.06,1.0,3.0849122674401483,0.0,0.0348562343206855,0.5068965517241378,0.4606916381109929,0.560632183908046,0.0462049136131448,-0.0537356321839082,0.4,0.2173202614379086,18.808124917989613,0.14509116074831,0.3244942029748205,1.0,0.9,0.9,0.1,0.0,0.2,1.0,0.8,0.9
0.08,1.008789725861105,1.0465981399902105,-0.0719019633439713,0.2897036819134967,0.7005973715651135,0.3620487290042484,0.0583386359976605,0.6157593800050287,0.3804347826086956,0.04,1.0,3.2430977275482107,0.0,0.040903987316026,0.727479091995221,0.1881720430107526,0.7041816009557945,0.5393070489844684,0.0232974910394264,0.1,0.1730994152046784,20.12304273953473,-0.4241226568450309,0.3345676608134979,1.0,0.9,0.2,0.8,0.0,0.95,1.0,0.6,0.2
0.06,1.004111917634397,1.1213449376995803,-0.0395545795597266,0.5259838479824235,0.4017137096774193,0.9805716431203936,-0.1198723582021561,0.2255385078717904,0.2916666666666667,0.03,1.0,2.072526190095014,0.0,0.0450641966271286,0.4020497311827957,0.423710220484414,0.4017137096774193,-0.0216604893016183,0.0003360215053763,1.0,0.5298245614035089,21.17662480057016,-0.862564432659283,0.3929969340817195,0.5,0.8,0.9,0.7,0.05,0.85,1.0,1.0,0.6
0.09,1.0073236710667577,1.1268018018018018,-0.0701668834447861,0.506157400338855,0.6805256869772999,1.122300962787948,-0.1166471458287185,0.041797672777153,0.3916361416361416,0.0445054945054945,1.0,3.0964243000205944,0.0,0.041338325492693,0.6547192353643968,0.3152927120669055,0.6805256869772999,0.3394265232974912,-0.025806451612903,0.1,0.128654970760234,19.954083650917312,-0.2483213944687339,0.2950781025941639,1.0,0.85,0.8,0.1,0.0,0.3,1.0,1.0,0.85
0.14,0.999578679923522,1.202476547842402,-0.0323923968053954,0.29489846450171,0.56559934318555,0.537032410841648,-0.0568443946720201,0.2855687546927417,0.2578903654485049,0.07,1.0,4.0948984594159885,0.0,0.0257021399264881,0.5645320197044336,0.5391203703703704,0.568472906403941,0.0254116493340631,-0.0039408866995074,1.0,0.4320261437908497,20.94508055296225,-0.1161282346207546,0.3500140701823969,1.0,0.9,0.1,0.8,0.05,0.4,1.0,0.8,0.2
0.11,1.0090185459028798,1.1696997270245668,-0.1075809288034782,0.2108059880903103,0.6440932311621967,0.2663331743872454,-0.0303149857036563,0.4504706974411467,0.3258426966292135,0.0543820224719101,1.0,3.832206972992468,0.0060963917005096,0.0383178356762393,0.6318646232439337,0.5222943722943723,0.6354725415070243,0.1095702509495614,-0.0036079182630905,0.4,0.3330065359477125,21.72232007962962,1.0120610384138269,0.3030128812523897,1.0,0.85,0.1,0.8,0.05,0.85,1.0,0.8,0.1
0.09,1.012089076727437,1.079703991265316,-0.1055156043227498,0.0372855043209277,0.4028673835125447,0.0021628424482268,-0.0004011510428058,0.699923823871516,0.2869352869352869,0.0445054945054945,1.0,2.8225886466604866,0.0,0.0128726127766162,0.4511350059737156,0.4229081695711283,0.4028673835125447,0.0282268364025872,0.0482676224611708,0.7,0.3605263157894738,19.324749577052415,0.3756973846962497,0.2144465818624542,1.0,0.9,0.1,0.8,0.05,0.95,1.0,0.8,0.1
0.06,1.002219623154307,1.0687747035573123,-0.041859386311932,0.4902980759079094,0.6150873655913979,0.7947414216649636,-0.0954870475861094,0.1446553115003637,0.4157801418439716,0.0293617021276595,1.0,2.55200471649291,0.0,0.0565288359099843,0.5779569892473119,0.0,0.6098790322580645,0.0,-0.0319220430107526,0.0,0.1552631578947367,19.666992488775502,1.6505716746472174,0.19737270704972,1.0,0.9,0.2,0.8,0.05,0.85,1.0,1.0,0.2
0.07,1.0076002578773111,1.03402878500502,-0.084243629487493,0.3781285995028447,0.3172043010752688,0.4970392166834755,0.0746241683513967,0.4414477397455831,0.2757296466973886,0.0346236559139784,1.0,2.6683383568697048,0.0,0.0349914957620124,0.3387096774193548,0.2192204301075269,0.3172043010752688,0.1194892473118279,0.021505376344086,0.5065551690490403,0.3801169590643276,20.952864454432863,2.378058571860816,0.2539169949232104,0.5,0.6,0.8,0.8,0.25,0.9,1.0,1.0,0.2
0.11,1.0127294714626938,1.2965785633209013,-0.1418735830328523,0.1180793502902985,0.6354725415070243,0.1551936356774995,-0.0245565095683272,0.973635262112621,0.3291624106230847,0.0543820224719101,1.0,3.551488998142652,0.0,0.0363400781267403,0.6803001277139208,0.6736909323116219,0.626117496807152,0.0066091954022988,0.0541826309067687,1.0,0.3058823529411765,19.83750470087759,1.612434770365308,0.218894618337429,1.0,0.9,0.1,0.85,0.05,0.3,1.0,0.8,0.15
0.13,1.0097594302778767,1.211361121357433,-0.1097404789609692,0.3207349090764674,0.578735632183908,0.5047902266727646,0.0578406744587574,0.3892627478900099,0.2356321839080459,0.0642528735632183,1.0,3.326551983464987,0.0,0.0383469226407006,0.593103448275862,0.3849390064667843,0.578735632183908,0.2081644418090777,0.014367816091954,0.1,0.3866013071895425,20.098727053279987,-0.0366028441793928,0.3180059911720682,1.0,0.9,0.2,0.8,0.05,0.9,1.0,0.8,0.2
0.07,0.996724182960987,1.1094418120882927,0.0063462759892551,0.1906587148448238,0.4623655913978494,0.2494456776128456,0.0433686888702853,0.6171773978843937,0.2776497695852534,0.0346236559139784,1.0,2.848768701850842,0.0047540018543207,0.0305652806503572,0.46415770609319,0.5008624551971326,0.4623655913978494,-0.0367047491039425,0.0017921146953405,0.7,0.773684210526316,19.091111797496943,0.0005192732975145,0.3008277361717584,1.0,0.9,0.5,0.1,0.0,0.2,1.0,0.8,0.5
0.16,1.0218461413360511,1.1103569632981398,-0.2024999168146082,0.2103896644382475,0.5567460317460318,0.2217361743079406,0.0254116560209595,0.7527804553850661,0.2514880952380952,0.08,1.0,4.308695927342111,0.0,0.022907719153795,0.598015873015873,0.5834075780849974,0.5547619047619048,0.0146082949308755,0.0432539682539682,1.0,0.2142769607843139,19.59756839163146,0.808172449693672,0.295993949702987,1.0,0.9,0.3,0.7,0.05,0.4,1.0,0.8,0.3
0.1,1.0032639762051112,1.323729162379091,-0.0697828628480264,0.4806528401386359,0.7277777777777779,1.059528211678743,-0.1124253532030925,0.0349998692485299,0.3583333333333333,0.05,1.0,3.7345370907396096,0.0,0.0510609916720931,0.7231481481481481,0.4815937149270482,0.724074074074074,0.2415544332210998,-0.0009259259259258,0.1,0.1388888888888889,19.143179689513097,0.9417389737555686,0.2516641727248349,0.5,0.85,0.9,0.7,0.05,0.2,1.0,0.8,0.8
0.08,1.001931077418185,1.0513749939587258,-0.0336083242298699,0.5022869485176855,0.5873357228195938,0.7842460474025844,-0.1028687980363918,0.1641483930429443,0.3573369565217391,0.0391304347826087,1.0,2.688356047748297,0.0,0.0314030504938619,0.5396654719235364,0.7536439665471925,0.5873357228195938,-0.213978494623656,-0.0476702508960573,0.7,0.2728070175438597,20.825260477140674,-0.3747567627271095,0.3443568977002769,0.5,0.7,0.9,0.8,0.15,0.9,1.0,0.8,0.2
0.11,1.0150188690300437,1.2447487524660557,-0.1134372356656346,0.0677755143833348,0.6386015325670499,0.065368395062312,0.0120846055952031,0.8514415370191643,0.3008171603677221,0.0543820224719101,1.0,3.8532508600620177,0.0,0.0301480164189242,0.6724137931034483,0.5894804526748971,0.6386015325670499,0.0829333404285511,0.0338122605363984,1.0,0.319607843137255,20.663047330730045,-0.5284742874128878,0.3030128812523897,1.0,0.9,0.1,0.9,0.05,0.95,1.0,0.8,0.1
0.09,1.0052773301262878,1.0635530928417956,-0.080018097210495,0.0093281681339721,0.7537634408602151,0.1579420098602892,0.0288943972780577,1.0,0.3452380952380952,0.0445054945054945,1.0,2.7851114777512955,0.0,0.0471202316520442,0.7575866188769415,0.6047493614303959,0.7537634408602151,0.1528372574465455,0.0038231780167263,0.2,0.1804093567251461,19.45121478651849,2.711471140595216,0.2080974553828208,1.0,0.9,0.1,0.8,0.05,0.2,1.0,0.8,0.1
0.08,1.000329471539669,1.127330579435079,-0.0096895023814058,0.3405144718592237,0.6796893667861411,0.3597087564021511,-0.0495034393134524,0.5892077490608503,0.389945652173913,0.04,1.0,2.4643294626650265,0.0,0.05302187896623,0.6885304659498207,0.8022764491410209,0.6850657108721624,-0.1137459831912002,0.0034647550776583,1.0,0.2225146198830411,21.179710190093996,-0.6440379699034215,0.3345676608134979,1.0,0.9,0.5,0.2,0.05,0.95,1.0,0.8,0.5
0.11,0.9990616214554272,1.1736722879436194,-0.0254395747110073,0.1520151212007605,0.5472541507024267,0.2200169002641487,-0.0295624979965593,0.5228544904922596,0.3480592441266599,0.0543820224719101,1.0,3.443031258644248,0.0,0.0363727098295397,0.5322477650063857,0.4348201247842825,0.5472541507024267,0.0974276402221032,-0.0150063856960409,1.0,0.3738562091503267,19.24930805276581,-0.4176662002965305,0.3304674442501229,1.0,0.9,0.5,0.5,0.0,0.2,1.0,0.8,0.5
0.08,1.006113048138608,1.1222069439669986,-0.0744191066834265,0.4358425438860053,0.6847072879330943,0.7252529717052485,-0.0906692611568696,0.1341078017023915,0.3247282608695652,0.04,1.0,2.8959849664515613,0.0,0.0565399462814136,0.7082437275985664,0.5086805555555555,0.691995221027479,0.1995631720430108,0.0162485065710873,0.2,0.2538011695906433,20.05491835808626,0.8983236020476473,0.2664067193691003,1.0,0.9,0.1,0.8,0.0,0.85,1.0,0.8,0.1
0.07,1.000933443209455,1.2016129032258072,-0.0274294769616049,0.0327190926218332,0.2078853046594981,0.033106954198894,-0.006948119404008,0.6431847030685649,0.2304147465437787,0.0346236559139784,1.0,2.7039245487351695,0.0,0.0101677478784942,0.2132616487455196,0.7438936781609194,0.2043010752688171,-0.5306320294153998,0.0089605734767025,0.1,0.4748538011695907,20.369948195775503,-0.3476884130379818,0.3184291442125138,1.0,0.85,0.4,0.6,0.05,0.3,1.0,0.8,0.4
0.14,1.0045433671533297,1.305165736129973,-0.063251408736349,0.1139964945985828,0.6943349753694582,0.1305115319681762,0.0179528829600579,0.8502939950482536,0.2807308970099668,0.07,1.0,3.583415496048771,0.0,0.0301718394468889,0.6810344827586207,0.4236453201970443,0.6919540229885058,0.2573891625615763,-0.0109195402298851,0.1,0.2369281045751634,21.449858655537614,-0.3538138187853894,0.3712962550508045,1.0,0.9,0.1,0.9,0.05,0.3,1.0,0.8,0.1
0.13,1.0183738245550362,1.112577083034562,-0.1876720391453905,0.0246218452064852,0.5781609195402299,0.0397425619649001,0.0060163396623836,0.9428040104821138,0.282051282051282,0.0642528735632183,1.0,3.549326622233605,0.0,0.0212715737878592,0.6494252873563219,0.5138883166939031,0.5724137931034483,0.1355369706624187,0.0770114942528735,0.2,0.3627450980392158,20.142719422441477,1.8100232287654008,0.2998744246944334,1.0,0.9,0.1,0.8,0.05,0.95,1.0,0.8,0.1
0.11,1.0078355147923943,1.1281152160300565,-0.1006113036723235,0.7674175747374229,0.7786079182630908,2.1948440355688437,-0.1702949902461372,0.0042530431547847,0.3291624106230847,0.0543820224719101,1.0,3.5141690834626513,0.0,0.0505029313615046,0.7841634738186464,0.5247765006385696,0.7786079182630908,0.2593869731800767,0.0055555555555555,0.1,0.2045751633986926,19.964627635890672,1.0292485973732823,0.2943686619507687,0.5,0.85,0.9,0.7,0.0,0.9,1.0,0.6,0.3
0.16,1.0080683528733136,1.2690366157127624,-0.1097833942831343,0.389742839271475,0.7809523809523808,0.6503553739040533,-0.0522711213032858,0.2988302912669921,0.3117559523809524,0.08,1.0,4.120405479496033,0.0,0.0460469597112508,0.796031746031746,0.6975885225885227,0.778968253968254,0.0984432234432233,0.017063492063492,0.2,0.2916666666666667,20.640159111885595,-0.0897245949067695,0.3050995415071026,1.0,0.9,0.1,0.8,0.05,0.4,1.0,0.8,0.2
0.06,1.0043156531673672,1.075400442765985,-0.0573638061917471,0.2521111318256657,0.5090725806451613,0.1763575045351706,-0.0329396242668699,0.5664343074488958,0.4494680851063829,0.03,1.0,2.763486267701721,0.0,0.0607705943736823,0.5680443548387096,0.5105324074074074,0.5035282258064516,0.0575119474313022,0.064516129032258,0.7,0.1134502923976608,18.589230630054814,1.294064541223925,0.2152282818998848,1.0,0.9,0.9,0.1,0.0,0.2,1.0,0.8,0.9
0.12,1.0096290390994898,1.351042287075641,-0.1625478430274187,0.0587836843790879,0.4520114942528736,0.085453152598439,-0.0119962628792399,0.6752285751454211,0.2168560606060606,0.06,1.0,3.6335782766014577,0.0,0.013004164787409,0.4804597701149425,0.6318878254362125,0.4493295019157088,-0.1514280553212699,0.0311302681992337,0.2,0.6179738562091505,20.055953921825616,6.339012204362978,0.2416618127886581,1.0,0.9,0.1,0.85,0.05,0.95,1.0,0.8,0.1
0.15,1.0119199177915743,1.2868474923234394,-0.1335369206169605,0.0663732602047943,0.4500821018062397,0.0016579344212008,0.0002739591435396,0.8696471300031046,0.2784313725490196,0.0741176470588235,1.0,3.842022203632074,0.0,0.0220289389228046,0.4311986863711001,0.5310344827586208,0.4500821018062397,-0.0998357963875206,-0.0188834154351396,0.4,0.1764705882352939,20.3760578178483,-0.0124497007752375,0.3421214145708698,1.0,0.9,0.1,0.85,0.05,0.3,1.0,0.8,0.1
0.1,1.006393801934952,1.2555393821769365,-0.0895518836129538,0.0849287199328907,0.4425925925925926,0.2095592772381696,0.0300446880123483,0.2725249848452241,0.3333333333333333,0.05,1.0,3.027106714332732,0.0,0.0417504882424033,0.4574074074074074,0.5478835978835979,0.4416666666666666,-0.0904761904761904,0.0157407407407407,0.4,0.3388888888888889,18.637944948031645,1.5783487250571957,0.2040510943349349,0.5,0.7,0.8,0.7,0.15,0.9,1.0,1.0,0.3
0.12,1.0010240008335924,1.264624596959927,-0.026625883032094,0.1757413394336949,0.6412835249042146,0.2067223116233007,0.0276693602586735,0.8278601155480719,0.3096590909090909,0.06,1.0,3.503144937663378,0.0,0.0384360528333811,0.6472222222222223,0.3115233857725515,0.6440613026819924,0.3356988364496707,0.0031609195402299,0.2,0.1604575163398692,19.830516923562563,-0.4117779677125046,0.3151918425227835,1.0,0.9,0.1,0.9,0.0,0.2,1.0,0.8,0.1
0.09,1.0060431540326784,1.10120016273393,-0.0680884143915688,0.7089473355277708,0.7955794504181601,1.1489599044758332,-0.1156157673045431,0.0746525066486782,0.4734432234432234,0.0445054945054945,1.0,3.1749281264963645,0.0109044597501186,0.0652687759473801,0.8284348864994026,0.593265168970814,0.799163679808841,0.2351697175285885,0.0292712066905616,0.7,0.1865497076023391,19.416134419640265,-0.2297299955800795,0.2786900817869301,1.0,0.9,0.1,0.8,0.05,0.9,1.0,0.8,0.2
0.1,1.0083535237174892,1.141655955441302,-0.0726921703018783,0.8573141771250323,0.7546296296296298,1.5369009232616502,-0.126933553248719,0.0269822951005291,0.3694444444444444,0.05,1.0,2.8631723778670435,0.0,0.0555890388344969,0.7388888888888889,0.6699712643678161,0.7546296296296298,0.0689176245210728,-0.0157407407407408,0.7,0.2833333333333332,19.994444704240465,-0.5499326202725077,0.3080718577756169,0.5,0.7,0.9,0.7,0.05,0.6,1.0,1.0,0.3
0.06,1.005302571906456,1.0794885745375404,-0.0475127489227528,0.1133388568728446,0.8244287634408601,0.0189414064067116,0.0048746006793773,0.8446562980184138,0.4361702127659574,0.03,1.0,2.5596808548366625,0.0,0.0443270941293521,0.8403897849462365,0.6506944444444445,0.8298051075268816,0.189695340501792,0.0105846774193548,0.7,0.1157894736842104,20.234305574165106,-0.6869626857490423,0.2479665998322137,1.0,0.9,0.9,0.1,0.05,0.15,1.0,0.8,0.9
0.07,1.0068611703732149,1.0553410553410547,-0.0661827912806494,0.0622004958469544,0.2777777777777777,0.0670687401722785,0.013184005344426,0.989221269928485,0.2799539170506913,0.0338709677419354,1.0,2.791580169894677,0.0047553728055713,0.0181874241307551,0.2939068100358422,0.0,0.2741935483870967,0.0,0.0197132616487454,0.0,0.6716374269005847,19.092653163780703,-0.0130084357295698,0.2331553508349968,1.0,0.9,0.1,0.8,0.05,0.95,1.0,0.8,0.1
0.08,1.0096910914365538,1.095086953646763,-0.0866815243065005,0.4283073314103779,0.7893667861409797,0.1997615259273115,-0.0338316862463223,0.331221433795331,0.375,0.04,1.0,2.9300098469205516,0.0,0.0561695064742524,0.8268817204301074,0.3824404761904762,0.7839904420549582,0.4444412442396312,0.0428912783751492,0.1,0.2380116959064327,19.712144282427573,-0.2256361300513396,0.2052222301138984,1.0,0.9,0.1,0.9,0.05,0.95,1.0,0.8,0.1
0.09,1.00920109480149,1.1316843848496176,-0.087001012525547,0.3814738874454637,0.5720430107526883,0.684504406636119,-0.0772842944543837,0.2284165435981262,0.2747252747252747,0.0445054945054945,1.0,3.154452153694989,0.0,0.0312731623605564,0.5902031063321386,0.4499361430395912,0.5720430107526883,0.1402669632925473,0.0181600955794503,0.1211832728374631,0.6084795321637427,21.471875241199683,0.1023481570020417,0.3505162158555575,1.0,0.8,0.85,0.15,0.15,0.85,1.0,1.0,0.85
0.04,1.0046571212025062,1.0702681651274062,-0.0414363421112996,0.745945948441457,0.59375,0.8337854239959469,-0.1378812086716494,0.2085059217782204,0.4010416666666666,0.02,1.0,2.1545790253996877,0.0,0.0622558701878553,0.5,0.5,0.5,0.0,0.0,1.0,0.0,0.0,0.1567730340229327,0.1750706821171523,0.5,0.8,0.9,0.8,0.05,0.4,1.0,1.0,0.4
0.13,1.009823537324822,1.117867611970823,-0.1125479788594016,0.1910054345366279,0.4988505747126437,0.2634500956271262,-0.0298097650755718,0.5729454258728074,0.2148541114058355,0.0642528735632183,1.0,4.050910466751418,0.0,0.0248419951770145,0.5183908045977011,0.3890257252326218,0.4936781609195402,0.1293650793650793,0.0247126436781608,0.4,0.4578431372549021,20.83247833572379,-0.0239005168460368,0.2911657513742897,0.0,0.4,0.9,0.8,0.45,0.9,1.0,0.8,0.2
0.07,1.0042637210237986,1.075066377021482,-0.0487526513361591,1.2469545239514814,0.8763440860215054,1.3331460813883491,0.1378195918211193,0.0387372924228528,0.4009216589861751,0.0346236559139784,1.0,2.6436978278459455,0.0,0.082703253542345,0.8781362007168458,0.6789202508960573,0.8763440860215054,0.1992159498207885,0.0017921146953404,0.4,0.1459064327485381,19.504126356597386,-0.4233024410302577,0.2331553508349968,0.5,0.8,0.9,0.7,0.05,0.85,1.0,0.8,0.5
0.07,1.0030923178962634,1.0805978488615735,-0.040077646159908,0.1670910596298121,0.550179211469534,0.1887527898143705,-0.0350876991650412,0.4574861315535343,0.3924731182795699,0.0346236559139784,1.0,3.073112796466629,0.0,0.0390031929257542,0.53584229390681,0.7376530764635604,0.550179211469534,-0.2018107825567503,-0.0143369175627239,0.1,0.2400584795321638,19.086824141116654,0.1978390727976635,0.2265687413490328,1.0,0.9,1.0,0.0,0.05,0.1,1.0,0.8,1.0
0.14,1.0165484574872028,1.376553019358567,-0.1773849487326193,0.5612591347630864,0.6656814449917898,1.374901944383989,0.1234963469330335,0.0388055695482771,0.2674418604651163,0.07,1.0,4.035259940856222,0.0,0.0477288727740909,0.7077996715927751,0.4140556265077338,0.6656814449917898,0.2937440450850413,0.0421182266009853,0.1,0.3875816993464053,20.52663364348549,1.588439581378596,0.3398517136881799,1.0,0.9,0.9,0.1,0.0,0.3,1.0,0.8,0.9
0.1,1.0109179088131308,1.0908081822506477,-0.0960640937881884,0.1922136918574288,0.7046296296296296,0.2832535357668689,-0.0401842586844086,0.3983940097879024,0.3222222222222222,0.05,1.0,3.2601001125089097,0.0,0.0349857607774649,0.7314814814814815,0.4620039682539682,0.700925925925926,0.2694775132275133,0.0305555555555555,0.1,0.2888888888888888,20.578317031842655,-0.5699410453135987,0.2745779676034576,1.0,0.9,0.5,0.3,0.05,0.95,1.0,0.8,0.5
0.05,1.0024270183393522,1.066583156677587,-0.0381241171701455,0.4604389754344661,0.6928763440860215,0.5322902890325206,0.086630368997139,0.3869349661139057,0.3842105263157895,0.0247368421052631,1.0,2.5956300965553067,0.0,0.0480955139766801,0.6772513440860215,0.6107190860215054,0.6928763440860215,0.0665322580645161,-0.015625,0.8247780950825133,0.2473684210526315,20.235167401956673,1.023766576082786,0.2277181651394121,0.5,0.75,0.85,0.6,0.1,0.9,1.0,1.0,0.4
0.09,1.0042733289203527,1.0336591809775428,-0.0607175525587042,0.1350468702573191,0.4102747909199521,0.1079266752231066,-0.0183816022864242,0.7043892189246455,0.2774725274725275,0.0445054945054945,1.0,3.165143865427386,0.0,0.0190567250970331,0.4532855436081242,0.5746714456391876,0.4029868578255675,-0.1213859020310633,0.0502986857825567,0.4,0.4441520467836257,21.54222174655227,0.2461865306587376,0.3124273325234697,1.0,0.95,0.8,0.1,0.1,0.9,1.0,1.0,0.8
0.11,1.017214622516284,1.1274231678487,-0.1429471745948262,0.6066761828522551,0.8040868454661557,1.1918119479861708,-0.1189285315825224,0.0283604068095626,0.370020429009193,0.0543820224719101,1.0,3.589574716773308,0.0,0.0601413896812918,0.8173371647509579,0.6517323775388292,0.8040868454661557,0.1656047872121286,0.0132503192848021,0.1,0.169281045751634,19.48010462868408,0.3052901438458146,0.2543811196147781,1.0,0.9,0.1,0.85,0.0,0.9,1.0,0.8,0.1
0.07,1.004196074918902,1.0,-0.0428761179099724,0.5166169698295273,0.7150537634408604,0.7875923405837133,0.2281105990783409,0.1274255259905637,0.2530721966205837,0.0346236559139784,1.0,2.822075040135484,0.023796532922201,0.0782324938625861,0.6971326164874552,0.2875420875420875,0.7150537634408601,0.4095905289453676,-0.0179211469534049,0.1,0.2492690058479532,19.43301776935766,0.3288339640259798,0.2686825971366592,0.5,0.9,0.9,0.1,0.0,0.2,0.5,1.0,0.9
0.06,1.007234090925582,1.205479452054795,-0.0557898121212889,0.6622793169035068,0.7731014784946236,0.9543810526732583,0.2624113475177304,0.1094920562315585,0.3528368794326241,0.03,1.0,2.304051033508776,0.0,0.1063952658143235,0.719758064516129,0.384744623655914,0.7731014784946236,0.335013440860215,-0.0533434139784946,0.2,0.2334795321637426,20.66898577554696,0.0741562205517447,0.1916795248277593,0.5,0.85,0.8,0.2,0.05,0.4,0.5,1.0,0.85
0.1,1.0099312033106969,1.2333333333333334,-0.1049923242652643,0.5074853237206606,0.6092592592592593,0.9550961223478596,0.2111111111111111,0.0759448248970387,0.1972222222222222,0.05,1.0,3.253925120699809,0.0,0.0739777633859895,0.6101851851851852,0.2411908293165245,0.6018518518518519,0.3689943558686606,0.0083333333333333,0.1,0.3777777777777779,20.22980656641499,1.3127200485283457,0.197815193268222,0.5,0.9,0.85,0.1,0.1,0.65,0.5,1.0,0.85
0.11,1.005469427540916,1.2142857142857142,-0.0443701797716734,0.8614833734630946,0.7700830140485313,1.9296701262438096,0.3529111338100101,0.0134215066743863,0.3304392236976506,0.0543820224719101,1.0,3.605021400271345,0.0183076269050129,0.1375386265704127,0.7331736909323117,0.6309353131933777,0.7700830140485313,0.1022383777389339,-0.0369093231162196,0.7,0.2589869281045753,19.944982638171993,-0.1315873746641416,0.2943686619507687,0.5,0.9,0.9,0.1,0.1,0.6,0.5,0.8,0.9
0.08,0.999172448914635,1.0,0.009746155633892,0.3881250627592171,0.5287335722819594,0.7475691001315123,0.1902173913043477,0.1214692987828301,0.25,0.0391304347826087,1.0,3.1654077310516526,0.0255935508118677,0.0727034928919598,0.4829151732377538,0.5287037037037038,0.5287335722819594,-0.0457885304659499,-0.0458183990442055,0.7,0.2516081871345029,19.177062761073028,0.0727049741771113,0.2819836406510497,0.5,0.9,0.9,0.1,0.15,0.85,0.5,1.0,0.9
0.13,1.0092550336795605,1.1785714285714288,-0.0933885897528504,0.7236159081101335,0.6681034482758621,1.2947851766016385,0.2369584438549955,0.0462264146877237,0.2367374005305039,0.0642528735632183,1.0,3.691883966994667,0.0134246213407007,0.0923957138919616,0.7097701149425287,0.3050411522633744,0.6704022988505747,0.4047289626791542,0.039367816091954,0.1,0.3501633986928105,19.402648157220025,0.2163022594244825,0.2432082407530671,0.5,0.85,0.85,0.2,0.1,0.65,0.5,0.8,0.85
0.08,1.001726498642313,1.2200000000000002,-0.0252076977906428,1.1636233363083943,0.8491636798088411,2.047565099481256,0.4130434782608695,0.0075526325367216,0.3573369565217391,0.0382608695652173,1.0,3.287579651895182,0.0051169065810216,0.1324330989022886,0.7996415770609319,0.0,0.8787933094384707,0.0,-0.0791517323775388,0.0,0.0793859649122807,18.936896165716405,0.4239305489611595,0.2664067193691003,0.5,0.8,0.9,0.1,0.05,0.85,0.5,1.0,0.9
0.08,1.000964652380624,1.052631578947368,-0.0099239932382737,0.3061279657400233,0.7545400238948625,0.2461908755941354,0.0869565217391304,0.4481664059956662,0.3192934782608695,0.04,1.0,2.824841019235265,0.0,0.0584069307136047,0.7526881720430106,0.3754629629629629,0.7903823178016726,0.3772252090800477,-0.0376941457586619,0.1,0.1254385964912282,20.436979894044622,-0.3343086449969976,0.3070669405954246,0.5,0.8,0.85,0.15,0.05,0.85,0.5,0.8,0.85
0.11,1.001176254587494,1.142857142857143,-0.0152303043555319,0.1288444812940405,0.6471583652618135,0.008356069187291,-0.0030643513789581,0.8145256794659383,0.1412155260469867,0.0543820224719101,1.0,3.404715163891278,0.0122010045590444,0.0214868052815843,0.5864303959131545,0.4777095067417647,0.6577266922094509,0.1087208891713897,-0.0712962962962964,0.1,0.4700980392156864,20.465179209425543,-0.0417275361730786,0.2859552312100065,0.5,0.8,0.1,0.8,0.05,0.9,0.5,1.0,0.1
0.13,1.0071033025043217,1.2400000000000002,-0.0673065077834698,0.7417124131447069,0.7494252873563219,1.6864396100486247,0.2851458885941644,0.0137956602386861,0.3001768346595933,0.0612643678160919,1.0,3.720895905038755,0.0,0.1015802146818574,0.7040229885057472,0.3824165298303228,0.7494252873563219,0.3216064586754243,-0.0454022988505746,0.1,0.2299019607843136,18.55447913406064,0.166747835433449,0.2826787944479349,0.5,0.85,0.9,0.1,0.05,0.4,0.5,1.0,0.9
0.13,1.0036589422330635,1.2419354838709675,-0.0332488838446411,0.2756463164938932,0.7080459770114942,0.7182099350595993,0.1640141467727675,0.160583203584918,0.2539787798408488,0.0642528735632183,1.0,3.699750773037709,0.0067087514147569,0.0843582498553736,0.6689655172413792,0.584687266138879,0.7086206896551724,0.0842782511025002,-0.0396551724137932,0.7,0.2743464052287583,20.833558021053115,-0.0112509073372621,0.327456073711711,0.5,0.9,1.0,0.0,0.0,0.2,0.5,1.0,1.0
0.09,1.001606123611691,1.1,-0.0313060197614147,0.6728566019640476,0.569295101553166,1.4040483399496146,0.3009768009768009,0.0295442437126885,0.2649572649572649,0.0445054945054945,1.0,2.610909968013043,0.0109095435292943,0.0990111407861606,0.5653524492234169,0.4146356033452807,0.5581839904420549,0.1507168458781361,0.0071684587813619,0.4,0.2986842105263158,19.87945964796663,0.6560434850876087,0.2209346223493856,0.5,0.85,0.9,0.1,0.05,0.6,0.5,1.0,0.9
0.08,1.0033934252386,1.0714285714285716,-0.0404633989082827,0.9550471928747084,0.6526284348864994,1.522366341747713,0.3125,0.0270352677236851,0.2499999999999999,0.0391304347826087,1.0,3.3505335311999995,0.0102314105041407,0.1047185637459868,0.6892473118279571,0.0,0.6562126642771804,0.0,0.0330346475507766,0.0,0.3019005847953218,19.531954355467743,0.486909414698828,0.2901024814517316,0.5,0.8,0.9,0.2,0.1,0.85,0.5,1.0,0.8
0.08,1.0028908418131357,1.078125,-0.0465105847444276,0.1055348862880997,0.4644563918757467,0.3651212204286208,0.1141304347826086,0.3162050350188248,0.1956521739130434,0.04,1.0,3.2516844575204455,0.0,0.0561622157602029,0.4505376344086021,0.2854166666666666,0.4680406212664277,0.1651209677419354,-0.0175029868578255,0.1,0.4719298245614034,20.755048085202915,0.1476564218206566,0.2664067193691003,0.5,0.85,0.75,0.2,0.1,0.4,0.5,1.0,0.8
0.12,1.009030228510292,1.1486486486486485,-0.0916320059864392,0.8686863969959503,0.5442049808429119,1.4678621342269038,0.274621212121212,0.024338305049327,0.1922348484848484,0.06,1.0,3.7676690234980534,0.0,0.089716891942483,0.5473180076628352,0.3890716316189063,0.5499521072796935,0.1582463760439289,-0.0026340996168582,0.1,0.2936274509803922,22.10114094778509,0.3229198459396651,0.2344316666252097,0.5,0.9,0.9,0.1,0.05,0.4,0.5,1.0,0.9
0.08,1.006320385212505,1.0615384615384618,-0.0725212581647684,0.9034565354129088,0.7235961768219833,1.338688743780321,0.3097826086956522,0.0394888749702784,0.2527173913043478,0.0391304347826087,1.0,3.2373420670101645,0.0153463306087503,0.1018464392727074,0.6866188769414577,0.5683269476372924,0.7235961768219833,0.1182919293041653,-0.0369772998805255,0.2,0.3080409356725146,20.68871024437949,0.9313696261404516,0.1991660705493731,0.5,0.9,0.9,0.1,0.0,0.2,0.5,0.8,0.9
0.1,1.0059544750983032,1.098214285714286,-0.0643921598248205,0.7211727045595674,0.7643518518518518,1.1655304484534472,0.2388888888888889,0.0439768981794862,0.275,0.05,1.0,3.6929458086055784,0.0,0.0969061244649382,0.7018518518518518,0.5930292918057101,0.7643518518518518,0.1088225600461417,-0.0625,0.7,0.2694444444444445,18.22677835473918,0.3505472680181571,0.223558178369131,0.5,0.85,0.9,0.1,0.05,0.3,0.5,0.8,0.9
0.15,1.0029421379535797,1.2592592592592589,-0.0525742348144188,0.0451104137836123,0.5203201970443351,0.2857352223432263,0.076470588235294,0.4211259876091521,0.1852941176470588,0.0741176470588235,1.0,4.134149718816446,0.0072963369408429,0.0532475653330311,0.532512315270936,0.8048941798941799,0.5300082101806239,-0.2723818646232439,0.002504105090312,0.1,0.415686274509804,19.851150197605,0.6245797640597424,0.2452142095055927,0.5,0.85,0.8,0.2,0.05,0.85,0.5,0.8,0.8
0.12,1.0006514984464268,1.2660550458715598,-0.0163523490511023,0.4784659579937462,0.7097701149425287,0.8708024744508429,0.1912878787878787,0.0916555180519751,0.2632575757575757,0.06,1.0,3.5788126087302525,0.0,0.0878924745169766,0.6481800766283525,0.5088761174968072,0.7097701149425287,0.1393039591315453,-0.0615900383141762,0.7,0.3990196078431374,20.411534524861633,-0.2087601969151138,0.3439414160374818,0.5,0.85,0.8,0.2,0.1,0.85,0.5,0.8,0.8
0.09,1.0048742479063275,1.090909090909091,-0.0368981027296271,0.9948534357701306,0.6905615292712067,1.5915147231831408,0.3131868131868132,0.0198706195054004,0.3202075702075702,0.0435164835164835,1.0,2.983758110184651,0.0218389383124551,0.1156198572783212,0.7001194743130227,0.4009856630824372,0.6905615292712067,0.2991338112305854,0.0095579450418159,0.2,0.2823099415204677,19.65975812414233,-0.413793642526636,0.2867706778499049,0.5,0.9,0.85,0.2,0.15,0.65,0.5,1.0,0.85
0.1,1.0047241619768803,1.1320754716981138,-0.0471097305038306,0.2013621332793425,0.4694444444444444,0.0421883360262436,-0.0166666666666666,0.8053089578998283,0.1416666666666666,0.05,1.0,3.463216824523484,0.0,0.0216086800787028,0.4638888888888888,0.4305555555555555,0.4694444444444444,0.0333333333333333,-0.0055555555555555,0.7,0.5805555555555555,19.932261148802475,0.2527525087920343,0.3170520754166312,0.5,0.8,0.2,0.8,0.1,0.95,0.5,1.0,0.2
0.14,1.0088700438187257,1.3666666666666658,-0.0830817132278183,0.7948218276525789,0.7569786535303776,1.2750508791919364,0.240033222591362,0.0438923123033144,0.2844684385382059,0.07,1.0,4.002312999250979,0.0,0.0930249547028035,0.7201149425287356,0.4156388736848507,0.7569786535303776,0.3044760688438849,-0.0368637110016419,0.4,0.3251633986928105,21.149784779363713,-0.1264857704662989,0.2931366359402576,1.0,0.75,0.85,0.65,0.05,0.85,0.5,1.0,0.45
0.12,1.0104239054899231,1.0166666666666668,-0.100226250104106,0.2974648892971839,0.6471743295019157,0.6258844795069846,0.1515151515151516,0.1711881925561201,0.2282196969696969,0.0586363636363636,1.0,3.896214308985255,0.0256741806959371,0.0643660192427707,0.5586206896551724,0.7769722089799954,0.6529214559386972,-0.218351519324823,-0.0943007662835248,0.2,0.2988562091503267,19.677777473343586,0.0878561700638145,0.2973518888443784,0.5,0.85,0.85,0.15,0.1,0.65,0.5,1.0,0.85
0.12,1.0026289087722535,1.2448979591836742,-0.0722965331382812,0.3302529655195015,0.6742337164750958,0.7478709955273996,0.168560606060606,0.1185479169093074,0.2253787878787878,0.0572727272727272,1.0,3.714373317436184,0.0,0.0619718495754883,0.6307471264367815,0.5362669279799425,0.6796934865900384,0.094480198456839,-0.0489463601532568,0.1,0.311111111111111,18.990184570978897,1.9240508784953272,0.1817361551702966,0.5,0.85,0.75,0.25,0.1,0.65,0.5,1.0,0.75
0.08,1.00292134457988,1.1095890410958906,-0.0204693723656751,0.5475467818874702,0.3171445639187574,0.3375346216589515,-0.1141304347826086,0.5694190054807273,0.1820652173913043,0.0391304347826087,1.0,2.455652593985078,0.0153435604629474,0.0546694223952438,0.3577060931899641,0.2896057347670251,0.3245519713261648,0.0681003584229389,0.0331541218637992,1.0,0.4704678362573099,19.270509544874635,-0.568923001238193,0.3159426717112412,0.5,0.8,0.9,0.1,0.0,0.85,0.5,0.8,0.9
0.08,1.004988107949749,1.1739130434782608,-0.0425922462389747,0.4786735413901824,0.8140979689366786,0.7868452277789618,0.2119565217391305,0.123491655516398,0.3668478260869565,0.0382608695652173,1.0,3.1313243030784443,0.0051157822349566,0.1049570841174334,0.7387096774193548,0.3106782106782106,0.8176821983273598,0.4280314667411441,-0.078972520908005,0.1,0.1505847953216375,19.931636117892143,-0.5466151108840966,0.3345676608134979,0.5,0.85,0.8,0.2,0.15,0.85,0.5,1.0,0.8
0.11,1.0105851902697296,1.4193548387096775,-0.0972187395484398,0.2980838236971518,0.5267560664112388,0.7237411198953483,0.1721144024514811,0.1884691607676329,0.1810520939734423,0.0531460674157303,1.0,3.7287513825359886,0.0244412671353663,0.0647959373148816,0.554757343550447,0.6572414708615426,0.5295338441890166,-0.1024841273110955,0.0252234993614304,0.4,0.3601307189542485,20.21605888556485,0.0051358509951966,0.212251735187334,0.5,0.9,0.9,0.1,0.0,0.2,0.5,1.0,0.9
0.1,1.009342950181077,1.1376146788990826,-0.0708776919502306,0.6007683612666426,0.7305555555555556,1.0855275004083451,0.2388888888888889,0.0587866018166467,0.3555555555555555,0.05,1.0,3.111002033233883,0.0,0.1103237237676261,0.7777777777777778,0.3788402457757296,0.7305555555555556,0.3989375320020481,0.0472222222222221,0.1,0.1555555555555554,19.016966979041253,-0.1285325560591932,0.2516641727248349,0.5,0.85,0.9,0.1,0.05,0.9,0.5,1.0,0.9
0.1,1.00578066699454,1.1,-0.0430084598707359,0.1838232540676871,0.6296296296296297,0.4055068844432121,0.1222222222222222,0.3567570685379391,0.1361111111111111,0.0466666666666666,1.0,3.261924226243151,0.0231961596091439,0.0667155198042369,0.6175925925925926,0.4056049216779504,0.6324074074074074,0.2119876709146421,-0.0148148148148148,0.7,0.6444444444444445,18.31144400698145,-0.481613028774349,0.2993480947871813,0.5,0.8,0.9,0.1,0.05,0.4,0.5,1.0,0.9
0.16,1.0145308781159963,1.0781249999999998,-0.118576988484296,0.1551167011889681,0.5339285714285714,0.1479088170265077,0.0416666666666666,0.5255544524131079,0.1584821428571428,0.078095238095238,1.0,3.927655376776505,0.0075888448531071,0.0306347075441597,0.5638888888888888,0.4167695473251029,0.5386904761904762,0.1471193415637858,0.0251984126984126,0.1,0.5717830882352941,21.78876158006417,-0.2807529472496228,0.3338908397796721,0.5,0.85,0.1,0.9,0.05,0.95,0.5,1.0,0.1
0.1,1.0021539810525917,1.1884057971014494,-0.0328812745441093,0.0328564404555003,0.6726851851851853,0.1315151445085538,0.0444444444444444,0.6537007223589357,0.2666666666666666,0.0488888888888888,1.0,3.345338629857572,0.0231490552168146,0.0621629781962239,0.7166666666666668,0.2724931318681319,0.6652777777777777,0.4441735347985349,0.051388888888889,0.1,0.2444444444444445,19.806641467771755,-0.3116412199205323,0.3358459770890317,0.5,0.85,0.9,0.1,0.15,0.6,0.5,1.0,0.9
0.06,1.004496267452617,1.0967741935483868,-0.0466015520917266,0.2699852757810406,0.514700940860215,0.4631349162340983,-0.1755319148936169,0.4152920060797357,0.2677304964539007,0.0274468085106383,1.0,2.776887995413575,0.0087742672849244,0.0779835348468847,0.4820228494623655,0.8125,0.5094926075268816,-0.3304771505376344,-0.027469758064516,0.2,0.2576023391812866,18.312577041183037,0.3396275648860816,0.1806487506458992,0.5,0.9,0.9,0.1,0.05,0.3,0.5,0.8,0.9
0.17,1.019056975450038,1.471698113207548,-0.178085351628674,0.1122662279956321,0.7663212815990593,0.5038465110531483,0.1133947554925584,0.2633876546297415,0.3134301913536499,0.0839759036144578,1.0,4.162211575968218,0.0078697409646972,0.0808229896714293,0.7556437389770724,0.5556366437592491,0.7583847736625514,0.2000070952178232,-0.002741034685479,0.2,0.2297181372549021,20.12275735306718,0.8836971310892681,0.2459486018478581,0.5,0.85,0.8,0.3,0.1,0.85,0.5,0.8,0.8
0.07,1.0013884052756572,1.1333333333333333,-0.0216426863245156,0.0083001683728175,0.6460573476702509,0.3425456926458098,0.1244239631336405,0.4504815889114715,0.1328725038402458,0.0338709677419354,1.0,2.77047438251785,0.0142765020463933,0.0678927572589826,0.5913978494623655,0.0,0.6478494623655914,0.0,-0.0564516129032258,0.0,0.5994152046783627,19.93524092733708,0.447178946312063,0.2265687413490328,0.5,0.85,0.9,0.1,0.1,0.4,0.5,0.8,0.9
0.15,1.0152474944662284,1.4237288135593225,-0.1186915721301858,0.352306366677711,0.6188834154351396,0.8225373505739791,0.1607843137254901,0.0954429927691834,0.2637254901960784,0.0741176470588235,1.0,3.7719024961783094,0.0072965350490681,0.0601847329381799,0.5789819376026273,0.4716049382716049,0.6165024630541872,0.1073769993310223,-0.0375205254515599,0.1,0.315686274509804,20.365317141691516,-0.2105431741241434,0.2859821417468397,0.5,0.8,0.85,0.4,0.05,0.9,0.5,0.8,0.75
0.19,1.000233654524457,1.403508771929825,0.0126293355819932,0.0743586384238391,0.6324221046443269,0.4571514429533748,0.1101364522417154,0.3410798311631906,0.2063027940220922,0.0938271604938271,1.0,4.366209190703263,0.0084306591099219,0.0714446904858393,0.6241916519694298,0.3938135938135938,0.6400646678424456,0.230378058155836,-0.0158730158730158,0.1,0.3660539215686275,20.74729049313749,-0.5150101350755767,0.4051820152615403,0.5,0.9,1.0,0.0,0.05,0.3,0.5,1.0,1.0
0.15,1.0176064332571797,1.1076923076923078,-0.1255134217841725,0.5178838446693632,0.6153940886699507,1.075745465604404,0.192156862745098,0.0566114627565731,0.2294117647058823,0.0741176470588235,1.0,3.969286734924651,0.0219118942084241,0.0805478124680955,0.6966338259441708,0.4354132457580733,0.6392857142857143,0.2612205801860975,0.0573481116584564,0.1,0.2549019607843139,19.208957363898524,0.0210757277222821,0.2859821417468397,0.5,0.85,0.85,0.15,0.15,0.65,0.5,1.0,0.85
0.1,1.0062003119175322,1.1140350877192986,-0.0723880745443354,0.1657662472819577,0.5819444444444444,0.4497704118880811,0.1222222222222222,0.2432966126707355,0.2305555555555555,0.0488888888888888,1.0,3.074152370222567,0.0,0.0569756993051429,0.5555555555555555,0.5329316524533433,0.5819444444444444,0.0226239031022121,-0.0263888888888889,0.8247780950825133,0.388888888888889,20.574272158965854,0.8640091368431841,0.223558178369131,0.5,0.8,0.85,0.15,0.1,0.95,0.5,0.8,0.9
0.05,1.0035655589985977,1.0724637681159417,-0.0306638880178368,0.3390970099130879,0.553763440860215,0.5045182416981823,0.2,0.2738901939481289,0.3105263157894737,0.0242105263157894,1.0,2.170964938615533,0.0039775208421191,0.0913767469390672,0.6221438172043011,0.0,0.553763440860215,0.0,0.0683803763440861,0.0,0.3842105263157895,19.592498668734883,-0.2241176047333737,0.2769285170164364,0.5,0.85,0.85,0.15,0.0,0.2,0.5,1.0,0.85
0.11,1.007232861756812,1.207547169811321,-0.0605066751607275,0.8619260215020379,0.6549648786717752,1.5720805562464342,0.307967313585291,0.0207870079540817,0.2433605720122574,0.0531460674157303,1.0,3.464763931362425,0.0061027813570871,0.1033274494152112,0.6634418901660281,0.3687739463601533,0.6607120051085569,0.2946679438058747,0.0027298850574711,0.2,0.238562091503268,18.8247435588201,-0.0297314145053104,0.2859552312100065,0.5,0.85,0.85,0.15,0.05,0.4,0.5,1.0,0.85
0.1,1.0053304065175193,1.0555555555555556,-0.0472078649411512,0.1660721080924971,0.6074074074074073,0.4677157181516835,0.1333333333333334,0.259441538729413,0.2361111111111111,0.05,1.0,3.425846284229399,0.0,0.06425330383277,0.6166666666666666,0.7623015873015873,0.6148148148148148,-0.1456349206349206,0.0018518518518517,1.0,0.3777777777777779,21.14133662086978,0.2806422504814385,0.2516641727248349,0.5,0.8,0.3,0.8,0.05,0.9,0.5,1.0,0.3
0.07,1.001748044603454,1.0434782608695654,-0.0064855904081466,0.6095889227427598,0.4874551971326165,0.3290090484043425,0.119047619047619,0.4598637215770731,0.2219662058371735,0.0346236559139784,1.0,2.8582133912181655,0.0095138330886832,0.0514232996075741,0.4498207885304659,0.3217517921146953,0.485663082437276,0.1280689964157705,-0.03584229390681,0.4,0.3776315789473685,19.46820207248891,-0.5558252057705939,0.2842857965034611,0.5,0.8,0.3,0.7,0.05,0.9,0.5,1.0,0.3
0.14,1.014020653177735,1.2692307692307694,-0.0961794933335661,0.2485625207720181,0.5574712643678161,1.059314204571893,0.2051495016611295,0.0670000721932263,0.2284053156146179,0.0683720930232558,1.0,4.027585435749755,0.0,0.0776654873662613,0.5247947454844007,0.6118226600985222,0.5517241379310345,-0.0870279146141214,-0.0269293924466337,0.4,0.3431372549019608,20.067640618020352,-0.324610562498798,0.2845135637984511,0.5,0.85,0.9,0.1,0.05,0.4,0.5,1.0,0.9
0.11,1.0057185088041851,1.2602739726027403,-0.0513059164126331,0.7559674685230987,0.7303480204342273,1.5863259841411277,0.3023493360572011,0.0189708264997599,0.3638917262512768,0.0543820224719101,1.0,3.358281561001167,0.0121982500876002,0.1201705497190548,0.7208492975734355,0.4025537634408602,0.7303480204342273,0.3182955341325753,-0.0094987228607917,0.2,0.1370915032679736,20.359941406989428,-0.3112838805410414,0.3401783918132811,0.5,0.85,0.75,0.3,0.1,0.65,0.5,0.8,0.75
0.12,1.006996963932747,1.1249999999999996,-0.0601278771440878,0.8953450098059699,0.7103927203065133,1.7048871822288052,0.274621212121212,0.0110747546051676,0.3210227272727273,0.0586363636363636,1.0,3.7309233033795177,0.0128243884062351,0.1087923666176025,0.696551724137931,0.3109523556123173,0.7103927203065133,0.3855993685256136,-0.0138409961685823,0.1,0.1926470588235295,19.921562272172466,-0.0219228972752176,0.3340717404545705,0.5,0.85,0.6,0.7,0.0,0.9,0.5,1.0,0.6
0.07,1.0031345045563718,1.1147540983606563,-0.0341605428204198,0.4800586884712978,0.689068100358423,0.6616076901235423,0.2119815668202764,0.1861463472483084,0.2872503840245776,0.0338709677419354,1.0,2.435648430788177,0.0047571167687228,0.0895425883617219,0.7150537634408604,0.4430217076212626,0.689068100358423,0.2720320558195977,0.0259856630824373,0.2,0.2359649122807017,19.905932544350655,0.3603095002337362,0.2331553508349968,0.5,0.9,0.85,0.15,0.05,0.4,0.5,1.0,0.85
0.11,1.005327838402382,1.235294117647059,-0.0419000281241307,0.367756794209544,0.5646232439335886,0.3021194057325279,0.0873340143003064,0.4239287495339873,0.3130745658835546,0.0543820224719101,1.0,3.792942236939005,0.0060989781937039,0.0517348582200742,0.6213920817369093,0.6167305236270754,0.5720306513409962,0.0046615581098339,0.0493614303959131,1.0,0.1220588235294117,21.735579722542543,-0.4916405005359046,0.3605495687732355,0.5,0.9,0.9,0.1,0.15,0.85,0.5,1.0,0.9
0.07,1.0080315407368057,1.2307692307692308,-0.0619114688736486,0.6039533401982057,0.7544802867383513,1.044458799386057,0.272657450076805,0.0925996255205842,0.3490783410138248,0.0346236559139784,1.0,2.8655812665715548,0.0,0.1124699919549855,0.7043010752688171,0.3109824608712261,0.7652329749103943,0.3933186143975909,-0.0609318996415771,0.1,0.1111111111111111,20.98434351271432,-0.1209574889350006,0.220136011740535,0.5,0.85,0.9,0.1,0.2,0.8,0.5,1.0,0.9
0.11,1.0133900973187937,1.153846153846154,-0.1167575688673134,0.5391201450883051,0.6056673052362708,1.0259285454748124,0.1956077630234933,0.1045610177980425,0.2058222676200204,0.0531460674157303,1.0,3.2114357698254836,0.0122086165930761,0.0695815495474442,0.5858237547892721,0.4977938450129773,0.5999201787994891,0.0880299097762947,-0.014096424010217,0.4,0.2964052287581699,18.227813413698826,0.7595779657647834,0.2326145982438136,0.5,0.9,0.85,0.2,0.05,0.9,0.5,0.8,0.85
0.05,1.0015075832382252,1.105263157894737,-0.0162739098806676,0.2702612565054882,0.3161962365591398,0.388825277082174,0.1526315789473684,0.3311318780909267,0.2499999999999999,0.0242105263157894,1.0,2.645901164925268,0.0119353971412822,0.0725638805448158,0.3051075268817204,0.6125631313131313,0.2946908602150537,-0.3074556044314109,0.0104166666666666,0.1,0.5684210526315789,18.678604900839296,0.0511943108160064,0.2277181651394121,0.5,0.85,0.8,0.2,0.1,0.6,0.5,1.0,0.8
0.06,1.0032742679801692,1.0499999999999998,-0.0372682816194061,0.1795222207316106,0.4899193548387097,0.0476226694600814,0.0230496453900709,0.7797805367197419,0.2632978723404255,0.03,1.0,2.7750795468587435,0.0,0.03813593688138,0.4831989247311828,0.4284783317041382,0.4899193548387097,0.0547205930270445,-0.0067204301075268,1.0,0.3317251461988305,19.08673674014404,0.3073376663947518,0.2622910242477778,0.5,0.85,0.75,0.25,0.1,0.85,0.5,1.0,0.75
0.11,1.008606562061027,1.058823529411765,-0.0702841518134889,0.7139362923040137,0.6602011494252874,1.5127403475416332,0.2686414708886618,0.0315421504772254,0.2372318692543411,0.0543820224719101,1.0,3.6083695635125905,0.0,0.0977970860533837,0.6879948914431672,0.5518539117538005,0.6601053639846742,0.1361409796893666,0.0278895274584929,0.1,0.2973856209150327,20.875156566545556,0.2480838162300775,0.2326145982438136,0.5,0.85,0.9,0.1,0.05,0.5,0.5,0.8,0.9
0.08,1.005962421236056,1.0267857142857142,-0.0691598802160717,0.0068565501339347,0.4757467144563918,0.3477049535054028,0.1114130434782608,0.4222568137566597,0.2065217391304347,0.0391304347826087,1.0,3.1140990382034213,0.0,0.0560945969895918,0.5274790919952209,0.0,0.4757467144563918,0.0,0.051732377538829,0.0,0.4739766081871344,19.216265270885245,0.9696138420587528,0.1932353650447319,0.5,0.8,0.85,0.15,0.1,0.6,0.5,0.8,0.85
0.1,1.002770309919893,1.0,-0.0244595572887742,0.99652093621799,0.8194444444444445,2.1675505040978775,0.3944444444444444,0.0069795466164107,0.3444444444444444,0.0477777777777777,1.0,3.2528735071875667,0.0057859733316056,0.1454516207547803,0.8388888888888889,0.7005237560793116,0.8222222222222223,0.1383651328095773,0.0166666666666666,0.4,0.0944444444444444,19.645926081184985,0.0145643643692601,0.2908664545586379,0.5,0.9,0.9,0.1,0.05,0.4,0.5,1.0,0.9
0.06,0.9994749880413946,1.0526315789473686,0.0147770886009062,0.2507140292848274,0.4124663978494623,0.4185670202155296,0.1418439716312056,0.2855327645205794,0.2278368794326241,0.0280851063829787,1.0,2.928506387101465,0.008768452415285,0.0631909202808502,0.4494287634408602,0.0,0.3694556451612903,0.0,0.0799731182795698,0.0,0.3114035087719299,18.522061413619703,0.1141651778043248,0.2152282818998848,0.5,0.85,0.85,0.1,0.1,0.6,0.5,1.0,0.85
0.14,1.0062164189696072,1.2244897959183676,-0.084385564048331,0.5684102347595754,0.6419950738916256,1.1358429497336922,0.2109634551495016,0.0750766765498124,0.2475083056478405,0.0683720930232558,1.0,3.853159835936177,0.0210460386858471,0.084818874483055,0.6398193760262725,0.3062628600823046,0.6477422003284072,0.3335565159439679,-0.0079228243021347,0.1,0.326797385620915,18.597164315798015,0.3510830798923119,0.2443821299157055,0.5,0.9,0.85,0.2,0.05,0.6,0.5,1.0,0.85
0.1,1.0010758016061136,1.2399999999999998,-0.0210286734297009,1.0121778569321822,0.8240740740740741,1.984990430197444,0.3666666666666666,0.0102524880899276,0.4111111111111111,0.0477777777777777,1.0,3.4266265647862766,0.0115764469976234,0.1283680083582543,0.8175925925925925,0.5251828631138976,0.812037037037037,0.2924097294786949,0.0055555555555555,0.1,0.0972222222222221,19.070363326278333,0.4369486740228612,0.2745779676034576,0.5,0.85,0.8,0.2,0.1,0.65,0.5,1.0,0.8
0.13,0.9965211253940788,1.1875,0.0096177397740846,0.3958863724468257,0.6658045977011494,0.4539053616872583,0.1140583554376658,0.2410978114635398,0.3183023872679045,0.0642528735632183,1.0,3.6283433572104378,0.0268687745043956,0.0687986111499845,0.628735632183908,0.5516420361247948,0.6732758620689655,0.0770935960591132,-0.0445402298850574,0.4,0.2508169934640525,21.041295585938947,-0.4045383546123018,0.36819677272583,0.5,0.8,0.85,0.15,0.05,0.85,0.5,0.8,0.85
0.13,0.996863897246697,1.1923076923076927,0.0183963223392604,0.0560601246725796,0.4396551724137931,0.151515187064034,0.0450928381962865,0.5204498163198357,0.1282051282051282,0.0642528735632183,1.0,3.60787129208124,0.0,0.0306989193592675,0.4545977011494253,0.5157687991021324,0.4597701149425287,-0.061171097952707,-0.0051724137931033,0.4,0.5052287581699346,20.003209649037547,0.1061087030298075,0.2911657513742897,1.0,0.8,0.2,0.8,0.05,0.2,0.5,1.0,0.2
0.13,1.0053327748849357,1.4347826086956528,-0.0647059747221002,0.4216045787857596,0.6275862068965518,0.9478978791883952,0.1967285587975242,0.0759560742193568,0.1843501326259947,0.0642528735632183,1.0,3.68154434096948,0.0268706407662337,0.0657528230807151,0.6040229885057472,0.2998971193415637,0.6333333333333334,0.3041258691641834,-0.0293103448275862,0.1,0.3712418300653596,18.889345159839635,0.164657496202961,0.2584412095386802,1.0,0.9,0.9,0.1,0.0,0.4,1.0,0.8,0.9
0.08,0.9991313836911814,1.0312500000000002,0.0074990909972862,0.5290812550529176,0.6327359617682199,0.8479233774713912,0.2282608695652174,0.110316320938571,0.2391304347826087,0.04,1.0,2.895206965942232,0.0,0.0909805505191651,0.6313022700119474,0.2800477897252091,0.6327359617682199,0.3512544802867383,-0.0014336917562725,0.1,0.3859649122807017,20.56452107999436,0.0995652525125154,0.2589253848731839,0.5,0.9,0.85,0.1,0.2,0.85,0.5,1.0,0.85
0.1,1.0006471737775493,1.2040816326530608,-0.0237669493497796,0.563910366289896,0.7708333333333334,1.2107157883306356,0.261111111111111,0.0532940064330217,0.3583333333333334,0.0477777777777777,1.0,3.0781886505609304,0.0,0.1161971202088205,0.7652777777777778,0.4313620071684587,0.774537037037037,0.3339157706093191,-0.0092592592592591,0.1,0.2249999999999998,19.729646114723685,1.1678569501238796,0.223558178369131,0.5,0.85,0.9,0.1,0.15,0.65,0.5,0.8,0.85
0.05,1.0018993520901749,1.0357142857142856,-0.021678368293989,0.1977900951985381,0.3209845430107527,0.4164592386603482,0.1578947368421053,0.304567120758538,0.2763157894736842,0.0242105263157894,1.0,2.637848457305907,0.0039777719448362,0.0685679611550747,0.3654233870967742,0.0,0.341817876344086,0.0,0.0236055107526881,0.0,0.168421052631579,18.70046311381798,0.4282507080408742,0.240823717300155,0.5,0.85,0.8,0.2,0.0,0.2,0.5,1.0,0.8
0.08,1.004559517993812,1.137931034482759,-0.052685714380694,0.4106695440489415,0.458363201911589,0.6812984884213733,0.1820652173913043,0.1754763688805638,0.1929347826086956,0.04,1.0,2.8633519926552897,0.0,0.0718867629870386,0.4645161290322581,0.7335125448028674,0.4587216248506571,-0.2689964157706093,0.0057945041816009,0.1,0.3483918128654969,20.475049904397174,0.1152715318172741,0.2740890886017931,0.5,0.85,0.8,0.2,0.2,0.7,0.5,0.8,0.8
0.05,1.001654267362876,1.025,-0.0249155450752887,0.3226372162613141,0.512684811827957,0.3008037638380759,0.1315789473684211,0.4348011826103279,0.2184210526315789,0.0247368421052631,1.0,2.3210519311349342,0.0079544200378318,0.0785136742054461,0.3684475806451613,0.7083333333333334,0.469674059139785,-0.339885752688172,-0.1012264784946236,0.1,0.5315789473684212,20.776672084043728,0.3151097529528894,0.1920593241980608,0.5,0.9,0.9,0.1,0.05,0.3,0.5,1.0,0.9
0.08,1.006922418074942,1.1176470588235292,-0.0693777719045103,0.2286202335978583,0.5309438470728792,0.0712294570931785,-0.029891304347826,0.8433988736003739,0.1847826086956521,0.0391304347826087,1.0,3.323367109723035,0.0051136741599956,0.0350965523475072,0.5221027479091994,0.3547892720306513,0.5198327359617682,0.1673134758785481,0.0022700119474312,0.7,0.4399122807017542,19.577454194028803,0.5922326555232482,0.1932353650447319,0.5,0.8,0.9,0.1,0.0,0.4,0.5,1.0,0.9
0.07,1.0048319976231832,1.1071428571428572,-0.0484557259941288,0.4445160678158875,0.6729390681003583,0.6347297398185557,0.1850998463901689,0.1698226489095859,0.2622887864823349,0.0331182795698924,1.0,3.1048856622688024,0.0047594784626123,0.0841329107359066,0.600358422939068,0.0,0.6657706093189963,0.0,-0.0654121863799283,0.0,0.316812865497076,17.814274088712924,0.3627710072562311,0.1900498510772781,0.5,0.9,0.9,0.1,0.05,0.3,0.5,1.0,0.9
0.08,1.0032664455460505,1.2105263157894737,-0.0411038053900831,0.4539574713048017,0.4916965352449223,0.4618170539512821,-0.1467391304347826,0.4560543543569099,0.2404891304347826,0.04,1.0,2.9653191758167625,0.0,0.0638647639523826,0.5105137395459975,0.618499721913237,0.4970728793309438,-0.1079859823672394,0.0134408602150537,1.0,0.3137426900584795,19.564013644340456,0.7596402252782797,0.2052222301138984,0.5,0.85,0.8,0.2,0.1,0.85,0.5,1.0,0.8
0.13,1.0000561960463918,1.169811320754717,-0.0125919118779387,0.6473422193760191,0.792241379310345,1.39764051282326,0.2524314765694075,0.0329170617903726,0.3012820512820513,0.0642528735632183,1.0,3.412084556586946,0.0067098832909489,0.1078159447906178,0.7459770114942529,0.4236081242532855,0.7922413793103448,0.3223688872409674,-0.0462643678160918,0.1,0.231045751633987,20.782127368032363,-0.1442613939125587,0.3472021494290074,1.0,0.85,0.9,0.1,0.05,0.7,0.5,0.8,0.85
0.07,1.0000564533770715,1.2363636363636363,-0.0079135259534362,0.8626385174609222,0.8037634408602151,1.2820003418600232,0.3064516129032257,0.0423727576691779,0.4051459293394777,0.0346236559139784,1.0,2.849841061940007,0.0095127750031664,0.1251866895077913,0.8064516129032259,0.6561155913978495,0.803763440860215,0.1503360215053764,0.0026881720430108,0.4,0.1757309941520468,19.550729389374265,-0.2361540434682481,0.3184291442125138,1.0,0.8,0.9,0.8,0.05,0.9,0.5,1.0,0.5
0.13,1.008696289644176,1.1836734693877555,-0.0817961386898435,0.030071194883227,0.4945402298850574,0.0936394402978744,0.0313881520778072,0.799038286039521,0.1253315649867374,0.0642528735632183,1.0,3.662034412342672,0.0134268077017816,0.0241732950705235,0.4454022988505746,0.4313765736179529,0.4916666666666667,0.0140257252326217,-0.046264367816092,1.0,0.4294117647058824,19.822424309453705,0.2995301964154113,0.327456073711711,1.0,0.8,0.9,0.1,0.1,0.15,1.0,0.8,0.9
0.11,1.0057646809412764,1.2000000000000002,-0.0427273100078629,1.16490258681556,0.8155172413793105,1.3751636311875457,0.2793667007150153,0.0376996780951833,0.2821756894790602,0.0531460674157303,1.0,3.280791236211138,0.0061013658229166,0.1020487566688928,0.7781928480204342,0.5711047254150703,0.8155172413793105,0.2070881226053639,-0.0373243933588762,0.2,0.2465686274509804,18.446539832892334,-0.1075610095317003,0.2859552312100065,0.5,0.85,0.9,0.1,0.1,0.85,0.5,1.0,0.9
0.11,1.0056784726199215,1.3333333333333337,-0.0759595472106456,0.2476203954966941,0.7275223499361431,0.4969032004177979,0.1327885597548519,0.2383923038297851,0.2931562819203268,0.0506741573033707,1.0,3.865686317671421,0.006114067241309,0.0711339046121103,0.6410280970625798,0.4315535780496848,0.7275223499361431,0.209474519012895,-0.0864942528735632,0.7,0.2377450980392157,18.86440263119113,0.6553286723311809,0.2619833880203319,0.5,0.9,0.9,0.1,0.15,0.85,0.5,1.0,0.9
0.11,1.0030830867138745,1.132075471698113,-0.0649190596161963,0.3830120702929901,0.5005747126436781,0.6004127421659483,0.1496424923391216,0.1737509288142376,0.2170582226762001,0.0543820224719101,1.0,3.5635578281940212,0.0183058619316984,0.0573092414343153,0.4990102171136654,0.4784163473818646,0.4922413793103448,0.0205938697318007,0.0067688378033205,0.7,0.3964052287581701,19.305373942618324,2.271622993542441,0.1750832335645615,0.5,0.85,0.8,0.2,0.1,0.65,0.5,1.0,0.8
0.07,1.0019538271356037,1.111111111111111,-0.0152431990528013,0.150919060807,0.4014336917562724,0.094546605632177,0.0407066052227342,0.75952966752776,0.1712749615975422,0.0331182795698924,1.0,2.634251055591436,0.0095195299352373,0.0404420461457857,0.4301075268817204,0.315948275862069,0.4068100358422939,0.1141592510196514,0.0232974910394265,0.3758250874886983,0.2152046783625731,18.43623346195525,-0.4929049336541116,0.2924323928798953,0.5,0.85,0.9,0.1,0.05,0.3,0.5,1.0,0.9
0.14,1.0029458584158235,1.274193548387097,-0.0344853007199533,0.885344229468077,0.7155993431855502,1.0843700132827332,0.2059800664451826,0.0815086884047736,0.3525747508305648,0.07,1.0,3.9507486916496473,0.0,0.0983430256859245,0.6912972085385878,0.5602956989247311,0.7155993431855502,0.1310015096138567,-0.0243021346469624,0.1,0.1702614379084968,20.223097687835683,-0.5439338298754754,0.3398517136881799,0.5,0.85,0.9,0.1,0.05,0.45,0.5,1.0,0.9
0.14,1.0103279938218888,1.4339622641509435,-0.1001552082216322,0.1060106434961826,0.4283251231527094,0.6286976450094427,0.1403654485049833,0.2105415425649283,0.1337209302325581,0.0651162790697674,1.0,3.899482234722651,0.0070242709602704,0.062363719147183,0.4534893267651887,0.4299221611721611,0.4329228243021346,0.0235671655930276,0.0205665024630541,0.7,0.5604575163398692,20.08250010383691,0.158248413399296,0.2368902660342194,0.5,0.85,0.9,0.1,0.05,0.4,0.5,1.0,0.9
0.12,1.0105936630253998,1.1192660550458715,-0.080001856162915,0.3783079718873999,0.7130747126436782,0.7319987352551014,0.168560606060606,0.1280005035528626,0.3172348484848485,0.06,1.0,3.672901150879408,0.0,0.0919293046205506,0.7271072796934867,0.6655572623314558,0.7043582375478928,0.0615500173620308,0.0227490421455938,0.7,0.2227124183006537,19.10212244117658,-0.1664049150287812,0.2643704412697942,0.5,0.85,0.9,0.1,0.05,0.9,0.5,0.8,0.9
0.14,1.0050511660138417,1.372549019607843,-0.0309863077169866,0.1640865361029113,0.5869047619047619,0.1442317772757476,0.0448504983388704,0.6248052399969941,0.1507475083056478,0.07,1.0,3.9387126471965335,0.0,0.0533946223012605,0.5833333333333333,0.42260886129073,0.5869047619047619,0.1607244720426032,-0.0035714285714286,0.1,0.4942810457516341,19.022470976645103,-0.5891063349656318,0.3019826780226745,0.5,0.8,0.9,0.1,0.0,0.2,0.5,1.0,0.9
0.1,0.9975816327580708,1.0923076923076924,0.0014296394821942,0.5287217562250238,0.6138888888888889,1.0954073314076045,-0.2388888888888889,0.1488618315367715,0.2222222222222222,0.0488888888888888,1.0,3.3504272635973287,0.0115699249667142,0.0889476605081264,0.6518518518518518,0.6083447802197802,0.6277777777777778,0.0435070716320715,0.024074074074074,1.0,0.2527777777777776,20.98864087152704,-0.2438076473268258,0.3170520754166312,0.5,0.8,0.9,0.1,0.1,0.75,0.5,1.0,0.9
0.12,1.0024597460605018,1.283018867924529,-0.0410052339728292,1.3186546427925958,0.796551724137931,2.1976721714977314,0.3295454545454546,0.0044502429876807,0.2897727272727273,0.0586363636363636,1.0,3.53778090282929,0.025665807669035,0.1169052609830306,0.8337164750957854,0.588154533844189,0.796551724137931,0.2455619412515963,0.0371647509578544,0.2,0.1174836601307187,19.88959422041185,-0.092564547516392,0.3151918425227835,0.5,0.9,0.9,0.1,0.05,0.6,0.5,1.0,0.9
0.09,1.0054389674057311,1.183673469387755,-0.0645200635024432,0.0007394027188841,0.5108124253285543,0.0041308720645093,0.0018315018315018,0.8902716779848006,0.1785714285714285,0.0415384615384615,1.0,2.9869221940667425,0.0109310723604594,0.0257094590614912,0.5194743130227001,0.7039611914472871,0.5034050179211469,-0.184486878424587,0.0160692951015531,0.2,0.3878654970760233,18.521495830200383,0.6176796602162731,0.1957929415344674,1.0,0.85,0.9,0.1,0.0,0.2,1.0,1.0,0.9
0.15,1.01912504890137,1.2903225806451617,-0.1660817906317556,0.1513183975037305,0.5345238095238095,0.1302198095185017,0.0392156862745097,0.7440393428273333,0.1558823529411764,0.0741176470588235,1.0,3.8864098090717936,0.014602412540723,0.0350872117717571,0.5509852216748768,0.660823754789272,0.5323070607553366,-0.1098385331143951,0.0186781609195402,0.4,0.4294117647058824,19.480643231578934,0.9548958090590712,0.2609584585935647,0.5,0.8,0.0,0.9,0.15,0.95,0.5,1.0,0.0
0.07,1.0015317252750129,1.046153846153846,-0.0180949848972168,0.2686919824999234,0.3216845878136201,0.6473247483170047,0.2012288786482334,0.18223309635424,0.2081413210445468,0.0346236559139784,1.0,2.9457549567450907,0.0047556585697313,0.0874481560988652,0.3172043010752688,0.0,0.3216845878136201,0.0,-0.0044802867383512,0.0,0.3412280701754386,19.639975207639544,0.1649996452708118,0.2468210273355982,0.5,0.85,0.85,0.15,0.05,0.4,0.5,1.0,0.85
0.16,1.0161774821468177,1.321428571428572,-0.134135330595263,0.2359989999283857,0.5079365079365079,0.9485702307775709,0.1726190476190476,0.118095660139142,0.1934523809523809,0.078095238095238,1.0,4.122247898326533,0.0,0.0765949499405525,0.4444444444444445,0.411309067688378,0.5031746031746032,0.0331353767560664,-0.0587301587301586,1.0,0.4401654411764706,20.10734508997666,-0.0180999875687897,0.269984742423551,0.5,0.9,0.9,0.1,0.15,0.85,0.5,1.0,0.9
0.14,1.0000150272960098,1.111111111111111,0.0142039026507023,0.4580552533007111,0.5666256157635469,0.0772598488036643,-0.0274086378737541,0.8338607416264889,0.1461794019933555,0.07,1.0,4.066654173038712,0.0,0.0362655076655797,0.551888341543514,0.4371184371184371,0.5690065681444992,0.1147699044250768,-0.0171182266009852,0.4,0.4147058823529411,20.386021236558623,-0.276447217239907,0.3019826780226745,1.0,0.9,0.95,0.05,0.05,0.1,1.0,1.0,0.95
0.13,1.0129543238977643,1.180327868852459,-0.1051293567520868,1.4094988283614045,0.685632183908046,2.978069977079143,0.3793103448275862,0.0007125472058986,0.378868258178603,0.0642528735632183,1.0,3.1440060981233633,0.0201465322241945,0.122368381272914,0.7413793103448277,0.5015713373471994,0.6885057471264368,0.2398079729976283,0.0528735632183909,0.2,0.1965686274509804,18.946686880208368,0.4265660639347493,0.2507378985571518,0.5,0.9,0.85,0.15,0.05,0.45,0.5,0.8,0.85
0.1,1.0008530967411704,1.149122807017544,-0.0385257436397333,0.2746953252576078,0.7000000000000001,0.7509483577579233,0.1777777777777777,0.1487449290870747,0.2888888888888888,0.05,1.0,3.3336861481055875,0.0,0.0784380661236304,0.7018518518518521,0.5996926025487853,0.7000000000000001,0.1021592493030667,0.0018518518518519,1.0,0.3166666666666665,20.60605878903816,0.9076693731304744,0.2443921849312755,0.5,0.85,0.85,0.15,0.2,0.8,0.5,1.0,0.85
0.1,1.0094732233037644,1.1475409836065578,-0.0797088122064487,0.6442133621258872,0.6819444444444445,1.20494689079312,0.2666666666666666,0.0562667972208789,0.2416666666666666,0.0488888888888888,1.0,3.466819308424781,0.0115695068169586,0.1080393803545758,0.6574074074074074,0.7055617352614014,0.6819444444444445,-0.0481543278539939,-0.024537037037037,0.4,0.1694444444444445,20.112849002242317,0.0960278313724067,0.3080718577756169,0.5,0.9,0.85,0.15,0.05,0.4,0.5,0.8,0.85
0.12,1.004996604249539,1.4339622641509433,-0.045458002105791,0.1168353984724052,0.4876436781609195,0.2688877143324379,0.0833333333333333,0.493402139508402,0.1344696969696969,0.06,1.0,3.1066984294898816,0.0,0.0509221559764934,0.4458812260536399,0.2466931216931216,0.4847701149425287,0.1991881043605183,-0.0388888888888887,0.1,0.5709150326797385,21.38688424214106,-0.1980226919328132,0.364633429088284,0.5,0.85,0.8,0.2,0.1,0.85,0.5,1.0,0.8
0.08,1.0031033539464176,1.027777777777778,-0.0180909601490151,1.0970677529544142,0.7413978494623655,1.637283452562344,0.3478260869565217,0.0184171507918023,0.2785326086956522,0.0391304347826087,1.0,2.721893327425307,0.0051136741599956,0.1115902376056763,0.7456391875746714,0.495486111111111,0.7376941457586619,0.2501530764635603,0.0079450418160095,0.1,0.1130116959064326,20.05258840072915,-0.2834616300465375,0.2664067193691003,0.5,0.9,0.9,0.1,0.05,0.4,0.5,1.0,0.9
0.06,1.002424739223868,1.0869565217391308,-0.0137864244410454,0.9121770097140384,0.4546370967741935,0.4690539211276652,0.1684397163120568,0.2799033227367719,0.1657801418439716,0.03,1.0,2.8445516557502932,0.0,0.0605199242585287,0.4627016129032258,0.50625,0.4490927419354838,-0.0435483870967741,0.0136088709677419,1.0,0.6105263157894737,20.717998560495182,-0.5389519927873723,0.2774383562571264,0.5,0.8,0.6,0.4,0.05,0.85,0.5,1.0,0.6
0.1,1.0087161366313306,1.3200000000000005,-0.063251291279148,0.1963447096571798,0.3143518518518518,0.1792499669752034,0.0611111111111111,0.5271223056875345,0.2638888888888889,0.05,1.0,3.5406921645782146,0.0,0.0358839839263071,0.3416666666666666,0.5925755248335892,0.3208333333333333,-0.2509088581669226,0.0208333333333333,0.2,0.2944444444444443,19.405317061688148,-0.0240191127149023,0.2372888921325374,1.0,0.9,0.9,0.1,0.05,0.15,1.0,0.8,0.9
0.12,1.00459907263363,1.1506849315068497,-0.0511930425867304,1.1136921340562351,0.6834291187739464,2.2748211709553026,0.3617424242424243,0.0051300694738136,0.331439393939394,0.06,1.0,3.718630058475655,0.0,0.1156836528250278,0.6899425287356321,0.3718253968253968,0.6834291187739464,0.3181171319102353,0.0065134099616857,0.1,0.2065359477124183,21.008629416764496,-0.1939566244113142,0.3244942029748205,0.5,0.9,0.8,0.2,0.1,0.9,0.5,0.8,0.8
0.09,1.0076078866517564,1.0333333333333332,-0.0550585415488047,0.7201976966911087,0.5536439665471923,1.093157293751758,0.2350427350427349,0.0514851481357512,0.3195970695970695,0.0445054945054945,1.0,3.28923553367451,0.0054540498346513,0.0847622112126458,0.5694743130227001,0.7005778024966012,0.568100358422939,-0.131103489473901,0.001373954599761,0.7,0.1700292397660819,17.570924338542433,-0.1877120381035784,0.2631618646550512,0.5,0.9,0.85,0.1,0.0,0.3,0.5,1.0,0.85
0.07,1.00461209245451,1.1228070175438598,-0.0467272582933163,0.1971850482370074,0.6854838709677419,0.3633397275716326,0.1351766513056835,0.4466831727960491,0.205837173579109,0.0346236559139784,1.0,2.4249151505651056,0.0142716935820213,0.0635083902775367,0.6648745519713262,0.3857758620689655,0.6801075268817204,0.2790986899023606,-0.0152329749103942,0.1,0.4761695906432748,19.899281884626006,0.4415598282642423,0.2265687413490328,0.5,0.85,0.4,0.6,0.0,0.9,0.5,1.0,0.4
0.05,1.0020571307229154,1.1232876712328763,-0.0155723624113454,0.1123430556913182,0.6509576612903226,0.2293832630516585,-0.0999999999999999,0.7467964379486371,0.2763157894736842,0.0247368421052631,1.0,2.715396806781426,0.0039760629949254,0.0610486274717197,0.6589381720430108,0.0,0.6613743279569892,0.0,-0.0024361559139784,0.0,0.363157894736842,19.495384779119952,-0.466277270707367,0.2929593997543535,0.5,0.8,0.8,0.2,0.05,0.4,0.5,1.0,0.8
0.06,1.0056375133640083,1.1061946902654871,-0.0460029706088085,1.0135701955030458,0.7193380376344086,1.3474125387429692,0.3457446808510638,0.0364581625062508,0.324468085106383,0.0293617021276595,1.0,2.7589540516960533,0.0,0.1226666242799406,0.716733870967742,0.4250672043010752,0.7193380376344086,0.2916666666666667,-0.0026041666666666,0.2,0.3076023391812865,20.846132423806704,0.0039633370088734,0.3106239536598473,0.5,0.9,0.9,0.1,0.15,0.6,0.5,0.8,0.9
0.11,1.0073612029081291,1.242718446601942,-0.0858419317583676,1.280597193602902,0.6830459770114943,1.9957575941282597,0.297752808988764,0.006654137953192,0.2244637385086823,0.0543820224719101,1.0,3.4346253237593687,0.0183081233957469,0.0943358491476333,0.6711047254150703,0.4493021346469621,0.6801724137931034,0.2218025907681081,-0.0090676883780331,0.1,0.2550653594771244,20.827720664543044,0.64417554283947,0.2326145982438136,0.5,0.85,0.85,0.15,0.15,0.8,0.5,1.0,0.85
0.06,1.0015296333155763,1.1293103448275863,-0.0172987594793271,0.4885188647391134,0.3362735215053763,0.5813361259311238,0.1897163120567376,0.2026291034108657,0.2127659574468084,0.03,1.0,2.5982405462182023,0.0,0.0831777214486089,0.3178763440860215,0.7157407407407407,0.3308971774193548,-0.3978643966547192,-0.0130208333333333,0.1,0.5698830409356724,19.065004357695056,-0.0324900610772456,0.2479665998322137,0.5,0.85,0.9,0.1,0.1,0.6,0.5,1.0,0.9
0.1,1.057820410338396,1.0737704918032758,-0.2322559171639819,0.8685486403242519,0.6629629629629629,2.065112891634967,-0.2717299578059071,0.010903680813854,0.2777777777777778,0.05,1.0,2.7750640517524023,0.0,0.0968612086491094,0.6564814814814814,0.0,0.6629629629629629,0.0,-0.0064814814814814,0.0,0.3166666666666667,10.082147491526218,13.880370636083107,0.0415831399192814,0.5,0.9,0.9,0.1,0.05,0.3,0.5,1.0,0.9
0.11,1.046233192116412,1.0780141843971671,-0.2031050461289552,1.265855264013742,0.8043422733077906,3.4826182947829705,-0.3544045202415278,0.0003918224354137,0.3769152196118487,0.0543820224719101,1.0,3.458110003311738,0.0060979138476344,0.2008910963257948,0.7978607918263091,0.5077894088669951,0.8043422733077906,0.290071382959314,-0.0064814814814815,0.1,0.1916666666666666,19.777745163017705,6.389654801886259,0.0671737853686886,0.5,0.9,0.95,0.05,0.05,0.3,0.5,0.8,0.95
0.06,1.0239205806789555,1.0714285714285734,-0.1185195844796371,1.0653280361463515,0.7222782258064516,2.0579670899303513,-0.316814794864889,0.0162759103145313,0.4157801418439716,0.0293617021276595,1.0,2.642173566279505,0.0043798627102569,0.1466101541547166,0.7006048387096774,0.1599462365591397,0.7006048387096775,0.5406586021505376,-1.1102230246251563e-16,0.1,0.1416666666666666,16.716298459156768,10.149213582790944,0.0509568985158096,0.5,0.9,0.9,0.1,0.05,0.4,0.5,0.8,0.9
0.02,1.0088126159554731,1.0591715976331368,-0.0326759789546708,0.7270666646741599,0.653061224489796,1.1109166885516564,-0.3882717644019633,0.0868725026105037,0.4489795918367347,0.0097959183673469,1.0,1.3283530631412006,0.0,0.135666837482046,0.5,0.5,0.5,0.0,0.0,1.0,0.0,0.0,3.506063567223827,0.0707149639748853,0.0,0.9,0.1,0.8,0.1,0.85,0.0,1.0,0.2
0.12,1.0585527168979385,1.2035398230088556,-0.3121834143811881,1.7574846108399025,0.8447318007662835,4.943603631338643,-0.4181051016494055,5.7248363161107045e-06,0.3390151515151515,0.0586363636363636,1.0,3.8415799263089374,0.0,0.1264249619298953,0.8418582375478927,0.6116071428571428,0.8447318007662835,0.2302510946907499,-0.0028735632183908,0.1,0.1202614379084968,10.997833620214877,23.88637030077006,0.0368412375538237,0.5,0.9,0.95,0.05,0.05,0.45,0.5,0.8,0.95
0.08,1.0433131236877493,1.1627906976744162,-0.2353553233833043,1.660530894681109,0.8305854241338112,3.9577101301122166,-0.4630572372041827,0.0001002051263402,0.4429347826086957,0.04,1.0,3.1422028138728053,0.0,0.2502158657008448,0.8377538829151732,0.6203652206154987,0.8305854241338112,0.2173886622996744,0.0071684587813619,0.4,0.092690058479532,8.837763896697515,36.8598944258141,0.0249859416120602,0.5,0.9,1.0,0.0,0.0,0.2,0.5,1.0,1.0
0.14,1.074872376630743,1.2065217391304393,-0.2540407479423778,1.1612911328335132,0.7423645320197044,3.6039662969398543,-0.3118718196728205,0.0004962182798928,0.271594684385382,0.07,1.0,3.903068635975733,0.0,0.1216580001989607,0.7320197044334975,0.5846707818930041,0.7371921182266009,0.1473489225404933,-0.0051724137931034,0.4,0.219607843137255,20.037121304558937,3.442299319181333,0.0886979555394251,0.5,0.9,0.9,0.1,0.05,0.4,0.5,1.0,0.9
0.06,1.0302924096756847,1.0955414012738869,-0.1105355919504966,0.0704923001658735,0.8459341397849464,0.3313853899135736,-0.0966873148397521,0.4545782304214131,0.3856382978723404,0.03,1.0,2.3006885720562473,0.0,0.1886662542385099,0.8519825268817205,0.6398392527424784,0.8620631720430109,0.212143274139242,-0.0100806451612903,0.4,0.1666666666666666,18.20550732493735,7.629147842805892,0.0645232369914392,0.5,0.85,0.9,0.1,0.05,0.4,0.5,1.0,0.9
0.1,1.072944029096787,1.2946428571428643,-0.3929866560049788,0.949176409561636,0.75,2.1621801572419885,-0.2911392405063291,0.006332963488966,0.3583333333333333,0.0488888888888888,1.0,3.449121728441061,0.0057835864902138,0.1511111777385968,0.7481481481481481,0.5514880952380953,0.7657407407407407,0.1966600529100528,-0.0175925925925926,0.2,0.2333333333333334,3.5351488844893804,56.8669841158063,0.0098802368470764,0.5,0.9,1.0,0.0,0.0,0.2,0.5,1.0,1.0
0.06,1.0199200342710268,1.072,-0.1568501136744,0.8646384703221385,0.6330645161290323,1.4450802064644463,-0.279872519974863,0.0333442410358088,0.3280141843971631,0.03,1.0,2.5558625221905533,0.0,0.1060348627684319,0.6276881720430106,0.0,0.6330645161290321,0.0,-0.0053763440860215,0.0,0.2833333333333333,17.166762315452083,27.03270708623842,0.0380532096148351,0.5,0.85,0.85,0.15,0.0,0.3,0.5,1.0,0.85
0.13,1.0603933385839357,1.1881188118811916,-0.2717769620645902,0.4673697847234807,0.6741379310344828,1.5130271381167577,-0.1976407122631479,0.0253957285764132,0.2541998231653404,0.0642528735632183,1.0,3.473889584197773,0.0,0.0931883803912273,0.6885057471264368,0.6218237456341522,0.6913793103448276,0.0666820014922845,-0.0028735632183908,0.0765225004750592,0.4241830065359477,16.43282399332228,9.672540815357634,0.0632700971117107,0.5,0.9,1.0,0.0,0.05,0.3,0.5,0.8,1.0
0.15,1.1042021108417774,1.3658536585365872,-0.3667233564826131,1.8725071836832443,0.9192939244663384,6.4898933336675775,-0.383469843633656,4.998858829133797e-07,0.4352941176470588,0.0741176470588235,1.0,3.948660551212987,0.0145992376238716,0.1742324214200756,0.9145320197044337,0.5717738200496821,0.9145320197044337,0.3427581996547514,0.0,0.1,0.0490196078431371,9.275449090899563,16.93843814085281,0.0321765069782089,0.5,0.9,0.95,0.05,0.05,0.4,0.5,0.8,0.95
0.17,1.1061270459286554,1.3333333333333337,-0.4797890703040686,0.6888154050337255,0.761331569664903,2.2803887320882708,-0.2228063407763593,0.0055670256660271,0.2799433026222537,0.0839759036144578,1.0,4.241777838511,0.0157451485211628,0.1245468215971336,0.7597736625514404,0.3899070755343157,0.7589506172839506,0.3698665870171247,0.0008230452674897,0.1,0.3852941176470589,8.402682358651557,24.839335638123952,0.038734445247651,0.5,0.9,0.9,0.1,0.05,0.4,0.5,1.0,0.9
0.1,1.0531232885538482,1.2882882882882891,-0.1938316838952158,0.4570841594535446,0.8083333333333335,1.5686616245781086,-0.2254571026722925,0.0090823988364993,0.4638888888888889,0.05,1.0,3.4104558835217804,0.0,0.1557609185046405,0.8027777777777777,0.4516534391534391,0.8083333333333335,0.3511243386243386,-0.0055555555555557,0.1,0.0249999999999999,17.489286452192342,6.333390857066744,0.0687220861567861,0.5,0.85,0.9,0.1,0.05,0.3,0.5,0.8,0.9
0.13,1.0747624189237828,1.2323232323232327,-0.3009133535365307,1.338473369532814,0.7086206896551724,3.688724493231489,-0.337194596470022,0.0001338301372859,0.2188328912466843,0.0642528735632183,1.0,3.8065665089086305,0.0067098832909489,0.0933761520228993,0.7235632183908045,0.6321291735084839,0.7086206896551724,0.0914340448823206,0.014942528735632,0.4,0.2513071895424837,10.807185324803203,13.545441866346206,0.0381265557249737,0.5,0.9,0.9,0.1,0.15,0.85,0.5,1.0,0.9
0.08,1.0315780405862736,1.0320512820512842,-0.1360801988402671,0.3194664434966989,0.6001194743130226,0.6144210104238816,-0.1323610346725373,0.1992940928082971,0.3125,0.04,1.0,3.2981116546805516,0.0,0.098104863285458,0.5984468339307049,0.4699227296001489,0.6001194743130226,0.1285241043305559,-0.0016726403823177,0.7,0.2292397660818712,19.476449514836048,3.926159066172172,0.0907153311315782,0.5,0.8,0.9,0.1,0.0,0.4,0.5,0.8,0.9
0.05,1.0298391232502044,1.0413223140495906,-0.0906134144822332,0.4507320055371938,0.6801075268817205,0.5516333874805268,-0.1552298467688208,0.2512807780928466,0.3631578947368421,0.0247368421052631,1.0,2.277695992938057,0.0,0.1636463715995448,0.7172379032258065,0.0,0.6801075268817205,0.0,0.037130376344086,0.0,0.1578947368421053,18.40821724228579,7.285922740954488,0.0578389658505986,0.5,0.85,0.9,0.1,0.0,0.3,0.5,0.8,0.9
0.07,1.0335686414678464,1.127516778523492,-0.1422914920845559,1.3732132238263972,0.8835125448028674,3.20193834294995,-0.4061132823893134,0.0015293620880909,0.4735023041474654,0.0346236559139784,1.0,3.035371475687437,0.0,0.2086921755488107,0.8870967741935485,0.6415770609318997,0.8870967741935485,0.2455197132616488,0.0,0.0765225004750592,0.0166666666666666,17.055160096520744,10.368863408116535,0.050058247396984,0.5,0.9,1.0,0.0,0.05,0.3,0.5,0.8,1.0
0.13,1.063301202424724,1.2307692307692284,-0.3243391087843581,1.1032826350528318,0.7247126436781609,3.2954236504543357,-0.3016821676795488,0.0008627189348303,0.3399646330680813,0.0627586206896551,1.0,3.758630058475655,0.0,0.1668298940477899,0.7212643678160919,0.3025471178048115,0.7275862068965516,0.4187172500112804,-0.0063218390804596,0.1,0.1271241830065359,17.5837328746232,15.386017863916845,0.0301470913280666,0.5,0.9,1.0,0.0,0.05,0.3,0.5,0.8,1.0
0.08,1.050639519707648,1.1102941176470582,-0.167059525769353,0.2103190736938471,0.7197132616487455,0.6801577523687687,-0.1496285085305448,0.1718273835025776,0.3573369565217391,0.037391304347826,1.0,2.8962772862680337,0.005117800425751,0.0600523381707654,0.7271206690561529,0.2877336584233136,0.7287933094384708,0.4393870106328393,-0.0016726403823178,0.1,0.1076023391812865,10.140982867399886,11.561892518026108,0.0487905175064659,1.0,0.9,0.85,0.1,0.0,0.3,1.0,0.8,0.85
0.09,1.048066724822864,1.3097345132743388,-0.1567223256745413,1.5657391305001975,0.878853046594982,3.637546739104565,-0.3796386454614303,0.0001307386690908,0.3421855921855922,0.0445054945054945,1.0,3.096153780257676,0.0109070499493101,0.1589463479484735,0.8751493428912783,0.5007183908045977,0.882437275985663,0.3744309520866806,-0.0072879330943846,0.1,0.1266081871345028,17.531975744182247,3.433551384595866,0.0861867490323361,0.5,0.9,0.9,0.1,0.05,0.4,0.5,0.8,0.9
0.08,1.0418126060492847,1.179487179487179,-0.163120679608189,0.7531427633191002,0.8075268817204301,1.2396366577865705,-0.2085167859108421,0.0626084979573787,0.3709239130434782,0.04,1.0,3.0328891563922897,0.0,0.1284922695443471,0.8148148148148148,0.0,0.8113500597371566,0.0,0.0034647550776581,0.0,0.0682748538011696,16.33823574798323,10.320161419946125,0.0523584158460523,0.5,0.85,0.9,0.1,0.05,0.4,0.5,1.0,0.9
0.1,1.0370611183355007,1.22727272727273,-0.1608161781555446,0.9261374808617924,0.6842592592592593,2.1055861841493115,-0.2548523206751055,0.0093705237099744,0.2527777777777777,0.05,1.0,3.316641162633748,0.0,0.1183060620736131,0.6722222222222222,0.1338141025641025,0.6842592592592593,0.5384081196581196,-0.0120370370370371,0.1,0.3333333333333333,20.66996768081874,1.9491264385060056,0.157390272063336,0.5,0.9,0.9,0.1,0.05,0.4,0.5,0.8,0.9
0.09,1.0432996378182606,1.0816326530612217,-0.1762212920489148,0.8488580739100823,0.7034647550776584,1.9913247555169995,-0.2778782399035564,0.0170522229185343,0.3693528693528693,0.0445054945054945,1.0,2.9038613769177175,0.0163663341906946,0.1581362660668234,0.7070489844683393,0.3683722654801631,0.7070489844683393,0.3386767189881762,0.0,0.1,0.1634502923976608,17.136531561666754,7.357953281990346,0.0699728708339523,0.5,0.9,0.8,0.1,0.05,0.45,0.5,1.0,0.8
0.07,1.038929014088163,1.0510948905109496,-0.1242448640303215,0.7868965784625742,0.5931899641577061,1.479553020482721,-0.2668338874953819,0.0235855818497004,0.3225806451612903,0.0346236559139784,1.0,2.99630748763698,0.0142699774504186,0.1445333711477195,0.6200716845878136,0.4753951149425288,0.6075268817204301,0.1446765696452848,0.0125448028673834,1.0,0.1333333333333333,15.692999707089037,4.9700234247398285,0.0828019985809482,0.5,0.9,0.95,0.05,0.05,0.3,0.5,0.8,0.95
0.14,1.089206585373743,1.1855670103092766,-0.290826207787362,1.4639880892578645,0.821264367816092,3.644237744111081,-0.3217334622986668,0.0001440461135824,0.3164451827242525,0.0683720930232558,1.0,3.663356190990989,0.0,0.1577203608445777,0.819376026272578,0.4337301587301587,0.8217569786535304,0.3856458675424192,-0.0023809523809523,0.1,0.1258169934640522,10.899306665857528,9.779479307217995,0.0565296451851788,0.5,0.9,0.95,0.05,0.1,0.45,0.5,0.8,0.95
0.08,1.048769843434619,1.4396551724137947,-0.1343639003207564,1.7271443932443762,0.6913978494623656,3.007051750008386,-0.3629609246009906,0.0001176603954711,0.4347826086956521,0.04,1.0,3.2020699827173287,0.0,0.1477343704743517,0.7164874551971326,0.3767785965888023,0.6802867383512545,0.3397088586083303,0.0362007168458781,0.1,0.0798245614035088,19.202716106410623,2.456227780938415,0.0866403105529767,0.5,0.9,0.9,0.0,0.05,0.15,0.5,1.0,0.9
0.13,1.0588645071403693,1.1132075471698133,-0.2386006554526596,0.823501951389627,0.6293103448275863,1.6492021630107918,-0.2165776897335168,0.0202183688247132,0.2243589743589743,0.0642528735632183,1.0,3.667752728123429,0.0134235285606036,0.1028489782076685,0.685632183908046,0.3639937967524174,0.6293103448275863,0.3216383871556286,0.0563218390804597,0.1,0.318627450980392,17.9712516908455,5.085520261115898,0.1000232697933203,0.5,0.8,0.8,0.2,0.15,0.8,0.5,1.0,0.8
0.11,1.0560786805695963,1.103448275862074,-0.226311741750631,1.322596293852334,0.6393997445721583,3.1158627852924057,-0.3137792374031884,0.0005292636994787,0.3003064351378958,0.0543820224719101,1.0,2.719407014450254,0.0122011882568256,0.1144588567621796,0.6254150702426564,0.5756575976882491,0.6348659003831417,0.0497574725544073,-0.0094508301404853,0.7,0.2016339869281046,17.6876966034597,9.533896319319624,0.0630440151397919,0.5,0.85,0.9,0.1,0.05,0.6,0.5,0.8,0.9
0.07,1.0319376322238365,1.1376146788990864,-0.1375733533703496,1.7694662451256675,0.7956989247311829,4.026040041597954,-0.4134048882925974,0.0001384723080531,0.4366359447004608,0.0346236559139784,1.0,3.088277965610086,0.0047557014387988,0.1621312810697509,0.8028673835125448,0.4595959595959596,0.7956989247311829,0.3432714239165852,0.0071684587813619,0.1,0.1020467836257309,18.06654775550517,9.478429537313572,0.0570060707418595,0.5,0.9,1.0,0.0,0.0,0.3,0.5,0.8,1.0
0.12,1.075912266132578,1.2248062015503862,-0.225275054583816,1.297666872871518,0.7371647509578545,3.838469934894,-0.3357786728039892,0.0002570375371312,0.3049242424242424,0.06,1.0,3.533724445195827,0.0,0.1266270305053988,0.7373563218390805,0.4819992035045797,0.7371647509578545,0.2553571183345007,0.000191570881226,0.1,0.1563725490196079,19.531652936909687,5.310613218580366,0.0783749314217285,0.5,0.85,0.9,0.1,0.0,0.35,0.5,1.0,0.9
0.15,1.0981138411596798,1.4065934065934018,-0.4101646354897843,1.775442873891515,0.8449917898193761,5.504202319574164,-0.4051129312484489,1.973455395565045e-06,0.3558823529411764,0.0723529411764705,1.0,3.745337907589108,0.0073040309777442,0.1447806524837282,0.8311165845648606,0.5077122728958101,0.8449917898193761,0.3234043116690505,-0.0138752052545154,0.1,0.0901960784313725,9.29586426073514,24.580581233899895,0.0279908203963345,0.5,0.9,0.95,0.0,0.05,0.2,0.5,1.0,0.95
0.12,1.0615669897466269,1.0642201834862446,-0.2151355557224452,1.0956163531411702,0.7394636015325671,2.8525138886115182,-0.2819812044495589,0.0003487074102281,0.377840909090909,0.0586363636363636,1.0,3.7394635136017857,0.0064104934891037,0.147465862696889,0.7394636015325671,0.3642857142857142,0.7394636015325671,0.3751778872468528,0.0,0.1,0.1722222222222222,18.30062902738367,3.9718341582139742,0.0783749314217285,0.5,0.9,0.9,0.1,0.1,0.6,0.5,0.8,0.9
0.13,1.0511838098044997,1.023999999999999,-0.2186243851942364,1.0521590264449316,0.5787356321839081,3.0372230530246815,-0.323428353982697,0.0021006236667501,0.2884615384615384,0.0642528735632183,1.0,3.8458586845886806,0.0134225574245155,0.1041301294620925,0.5816091954022988,0.5953703703703703,0.5816091954022988,-0.0137611749680714,0.0,1.0,0.2248366013071896,20.06215524029845,2.4259684869726623,0.146841110182982,0.5,0.9,0.85,0.15,0.15,0.7,0.5,1.0,0.85
0.11,1.0610471728153572,1.2844036697247787,-0.2198273544567319,1.210023388453347,0.8325351213282248,3.2898191305207205,-0.3435176685070015,0.0002946187540778,0.3794688457609806,0.0543820224719101,1.0,3.3074481586117295,0.0183052553400066,0.1842649698980396,0.8373563218390805,0.4734126984126983,0.8354086845466155,0.3639436234263821,0.0019476372924649,0.1,0.122875816993464,18.456501284745126,8.727644871133696,0.0755983778162156,0.5,0.9,0.8,0.2,0.05,0.4,0.5,1.0,0.8
0.14,1.0779302123532624,1.1692307692307735,-0.5847673098172379,0.6791558608651481,0.6023809523809525,1.7772667452356177,-0.2090500021026957,0.0159644469571913,0.2171926910299003,0.0683720930232558,1.0,4.140511958310137,0.0070081885961445,0.0991703943558871,0.5955665024630542,0.6031746031746031,0.6070607553366174,-0.0076081007115489,-0.0114942528735632,1.0,0.426797385620915,7.163970086144203,58.718700737121736,0.0075302916281854,0.5,0.85,0.9,0.1,0.05,0.6,0.5,1.0,0.9
0.12,1.0510830632781856,1.2211538461538496,-0.2569777402130899,1.4309088030586703,0.8296934865900383,3.7286097119017576,-0.3617663981588033,0.0001955115873091,0.2869318181818182,0.0586363636363636,1.0,3.819527097235423,0.0064092574558097,0.147543901280893,0.8153256704980842,0.3337846807380857,0.821072796934866,0.4815409897599985,-0.0057471264367817,0.1,0.1539215686274508,16.976444990123316,11.885739017589716,0.0611222578016702,0.5,0.9,0.9,0.1,0.05,0.4,0.5,0.8,0.9
0.07,1.0359182883144544,1.207547169811322,-0.1330978697921305,0.890086435439733,0.7885304659498208,1.9265334286567797,-0.3057418965953062,0.023177077195394,0.3978494623655914,0.0346236559139784,1.0,2.9071305482960335,0.0,0.1667300967548501,0.8118279569892474,0.4543458781362007,0.7885304659498208,0.3574820788530466,0.0232974910394265,0.1,0.0461988304093566,17.490480587877453,7.24860981284699,0.0570060707418595,0.5,0.85,0.9,0.1,0.1,0.65,0.5,1.0,0.9
0.13,1.086558138114291,1.359999999999996,-0.3174000908077223,1.5469484193209366,0.786206896551724,5.166374875666501,-0.4007431532529742,1.411806312447632e-05,0.4005305039787798,0.0642528735632183,1.0,3.6805548424991135,0.0134211820091225,0.1493862174592463,0.764367816091954,0.3546378352829966,0.7810344827586206,0.4097299808089574,-0.0166666666666666,0.1,0.0905228758169934,9.274531960074857,13.602361602210674,0.0341131214703499,0.5,0.9,0.95,0.05,0.05,0.35,0.5,0.8,0.95
0.14,1.0750410650989888,1.3012048192771135,-0.2886148566281332,1.1087806551717136,0.7990147783251231,3.4584844903409393,-0.3088439379284243,0.0002978382635509,0.3185215946843853,0.07,1.0,3.958525210286888,0.0,0.106508396753089,0.7960591133004926,0.6301018376287194,0.7990147783251231,0.1659572756717732,-0.0029556650246305,0.4,0.1336601307189542,19.04553106601876,7.664476802450734,0.0565296451851788,0.5,0.9,0.95,0.0,0.05,0.9,0.5,0.8,0.95
0.06,1.0245095897592729,1.0277777777777803,-0.1100930481906155,0.8775471857564162,0.692540322580645,1.6370252948066055,-0.2998473830684981,0.0263018629802755,0.3962765957446809,0.0293617021276595,1.0,2.936437985941697,0.0043802181571519,0.1030125872470422,0.7140456989247311,0.46415770609319,0.6927083333333334,0.2498879928315411,0.0213373655913977,0.1,0.4067251461988304,18.246661486372965,7.320069147306146,0.047671421552205,0.5,0.85,0.95,0.0,0.0,0.2,0.5,0.8,0.95
0.1,1.0429340605552058,1.1428571428571452,-0.1910583841306112,1.31985783555283,0.8398148148148148,3.3872592949371914,-0.3644163150492264,0.0001389594425876,0.4083333333333333,0.05,1.0,3.381181661309127,0.0,0.1269813655352921,0.8333333333333334,0.4268518518518518,0.837037037037037,0.4064814814814815,-0.0037037037037036,0.1,0.0638888888888888,18.125882871075383,7.943066148750836,0.0728024729791073,0.5,0.9,0.9,0.1,0.05,0.4,0.5,0.8,0.9
0.03,1.0152177935421254,1.0285714285714276,-0.0801453451817657,1.119036341808999,0.9378156565656566,1.4368755865736422,-0.3590847796772369,0.0161635136945317,0.5773195876288659,0.0148453608247422,1.0,1.386787009511981,0.0030481485445234,0.2848362217717033,0.5,0.5,0.5,0.0,0.0,1.0,0.0,0.0,25.239227624929494,0.0164143974703589,0.5,0.9,1.0,0.0,0.0,0.3,0.5,0.8,1.0
0.1,1.0577083541937855,1.1970802919708017,-0.1865653638430497,1.5813102089821869,0.837037037037037,3.351956873368532,-0.3617440225035161,0.0002572181681245,0.3194444444444444,0.0488888888888888,1.0,3.3372353900637237,0.0,0.1248850668247163,0.8277777777777778,0.5042330985045111,0.837037037037037,0.3235446792732667,-0.0092592592592591,0.1,0.1083333333333332,19.142489831596585,5.7227020685281715,0.0811295563024329,0.5,0.85,0.9,0.1,0.05,0.4,0.5,1.0,0.9
0.14,1.0843643464203976,1.46728971962617,-0.3039112678587181,2.266040888585622,0.9146141215106732,6.565608795898347,-0.4230833929097103,3.51536514458706e-07,0.4090531561461794,0.0683720930232558,1.0,3.7898064202328903,0.0140217932014045,0.1983483280006401,0.9120689655172414,0.4217448154229763,0.9146141215106732,0.490324150094265,-0.0025451559934318,0.1,0.0823529411764706,18.37306251742921,8.66095779281371,0.043611900707331,0.5,0.95,0.95,0.05,0.0,0.2,0.5,1.0,0.95
0.07,1.0395399482782088,1.2345679012345654,-0.1320368651630756,0.3568712407391566,0.6863799283154122,0.7840982464628798,-0.174862431701958,0.1639789895316676,0.3114439324116743,0.0338709677419354,1.0,3.0124672569685593,0.0,0.0849339540005103,0.7060931899641577,0.5028673835125449,0.6827956989247311,0.2032258064516128,0.0232974910394265,0.4,0.2073099415204677,16.9779308151025,5.8217403324297585,0.050058247396984,0.5,0.9,1.0,0.0,0.05,0.6,0.5,0.8,1.0
0.05,1.025576277912052,1.2911392405063282,-0.103684645762605,1.2678197234690174,0.7878024193548386,2.3835467223027913,-0.3788141239173884,0.0053629905539578,0.4368421052631579,0.0242105263157894,1.0,2.441693158198531,0.0039772219723071,0.1449338818978879,0.7982190860215054,0.6143518518518519,0.7982190860215054,0.1838672341696534,0.0,0.4,0.063157894736842,16.835541844649278,11.800279502751296,0.0360519342200233,0.5,0.9,0.95,0.05,0.05,0.4,0.5,1.0,0.95
0.06,1.031152421755864,1.1237113402061851,-0.1141922296878559,0.5243828565732155,0.6685147849462365,0.5586660145056456,-0.1342131250561091,0.2513687632663073,0.3342198581560284,0.0293617021276595,1.0,2.425680194337197,0.008760963013897,0.1745316486375737,0.663138440860215,0.0,0.6633064516129031,0.0,-0.0001680107526881,0.0,0.3059941520467837,17.94510049854913,8.107377066679225,0.0542837423586852,0.5,0.85,0.9,0.1,0.0,0.3,0.5,1.0,0.9
0.07,1.0364351330624764,1.1599999999999997,-0.1683183379301849,0.602417857630921,0.6953405017921147,1.432998946797896,-0.2404091077018801,0.0321989985097135,0.3851766513056835,0.0338709677419354,1.0,2.7450361930694216,0.0,0.1120899647879763,0.6648745519713262,0.3969944743130226,0.6899641577060932,0.2678800776583035,-0.025089605734767,0.1,0.2280701754385965,17.53542272222902,17.81726866940539,0.0366665924625857,0.5,0.85,0.9,0.1,0.1,0.6,0.5,1.0,0.9
0.08,1.0324139005765938,1.0500000000000032,-0.1646859018217363,1.1959757452787156,0.8500597371565113,3.0377242242819364,-0.3653687396807925,0.0010197272947647,0.4551630434782608,0.04,1.0,3.2979909656383777,0.0,0.2038277442557789,0.8537634408602149,0.208377363737486,0.8500597371565113,0.6453860771227289,0.0037037037037036,0.1,0.0625730994152046,18.586424530233987,9.505221118217138,0.0452664690628725,0.5,0.9,1.0,0.0,0.05,0.35,0.5,0.8,1.0
0.04,1.0415297301696185,1.3259917137561856,-0.066628622188297,0.3007205923378902,0.6770833333333334,0.1657864697969216,-0.0614177489177489,0.609821163040977,0.3984375,0.02,1.0,1.7301641934027052,0.0,0.1731530483405483,0.5,0.5,0.5,0.0,0.0,1.0,0.0,0.0,3.780162463084331,0.0543749406018553,0.0,0.85,0.4,0.6,0.0,0.25,0.0,1.0,0.4
0.11,1.123107856491372,1.643983290661727,-0.2112715116648131,0.6486353825354615,0.6780651340996169,1.5135021000924271,0.2081901755037607,0.0316544582904873,0.2530643513789581,0.0543820224719101,1.0,3.403509872152715,0.0,0.127536307920884,0.7266922094508302,0.4836219336219335,0.6780651340996169,0.2430702758288966,0.0486270753512133,0.1,0.2790849673202614,3.920817700055182,5.619032158756594,0.0549424970626111,1.0,0.75,0.9,0.2,0.1,0.75,0.5,1.0,0.85
0.05,1.0525611686303855,1.139498917414169,-0.0806241525059177,0.772360387774639,0.770497311827957,0.9231608327886216,-0.2176349965823649,0.0982918341130396,0.2868421052631579,0.0247368421052631,1.0,2.362886015822891,0.0,0.1500192754613807,0.84375,0.4136526555881394,0.770497311827957,0.4300973444118605,0.073252688172043,0.1,0.2736842105263157,5.70057475041711,1.75561386900186,0.0677860783131679,0.5,0.85,0.95,0.05,0.0,0.4,0.5,0.8,0.95
0.06,1.0636643278785254,1.1733851918781473,-0.1012842427920297,0.0180493799314303,0.3627352150537635,0.0401020921609919,0.0145067698259188,0.971045947640004,0.2907801418439716,0.03,1.0,2.6833277405195757,0.0,0.100273855577047,0.4532930107526882,0.5336805555555556,0.3679435483870968,-0.0803875448028674,0.0853494623655913,0.7,0.374561403508772,5.794165382882731,4.454382772547897,0.0576530085788389,0.5,0.9,0.9,0.1,0.05,0.4,0.5,1.0,0.9
0.15,1.1758032307683588,3.6672617090242903,-0.2526360072791846,0.3185377033147337,0.5898193760262725,0.8852894918843432,0.1352177234530174,0.2837519723749654,0.2127450980392156,0.0741176470588235,1.0,3.7291298118484337,0.0,0.0995096596214243,0.6952380952380953,0.4364424553940682,0.58752052545156,0.2587956398440271,0.1077175697865353,0.1,0.4333333333333333,6.522293431394865,0.3976259535263202,0.0916421931537576,1.0,0.85,0.9,0.1,0.05,0.2,1.0,1.0,0.9
0.1,1.1108463380245348,1.2935712858964676,-0.1761351736592789,0.1869427422490804,0.6583333333333333,0.0910532682277803,-0.0239538239538238,0.7302706877106901,0.2361111111111111,0.05,1.0,3.419921829015179,0.0,0.1037199374699374,0.7546296296296297,0.6142112635438554,0.6564814814814814,0.1404183660857743,0.0981481481481482,0.4,0.2333333333333334,5.796186511773088,4.315986427763785,0.0607204063998553,1.0,0.85,0.9,0.1,0.1,0.1,1.0,1.0,0.9
0.12,1.1360520780869567,12.41814842641302,-0.2076108044539024,0.000601496798153,0.3708812260536399,0.0467335969778533,0.0117079889807161,0.8568519362039648,0.1638257575757575,0.06,1.0,4.002823037963034,0.0,0.0627009871441689,0.5083333333333333,0.6127658221408221,0.3708812260536399,-0.1044324888074887,0.1374521072796934,0.2,0.5460784313725489,5.2120190906802355,2.2287692461583495,0.0828344798342726,1.0,0.85,1.0,0.0,0.1,0.1,1.0,1.0,1.0
0.07,1.0751259241083349,1.636743215031448,-0.1347689422324811,0.3261120837430552,0.4086021505376344,0.4914827696752139,-0.1217308037584535,0.3304982713574306,0.2999231950844854,0.0346236559139784,1.0,2.624245176308691,0.0,0.1427724346825729,0.4551971326164875,0.5369971264367815,0.4086021505376344,-0.081799993820294,0.046594982078853,0.4,0.3809941520467836,3.2087433256895523,6.3326921162225585,0.0432811528344778,0.5,0.85,0.9,0.1,0.2,0.6,0.5,1.0,0.9
0.1,1.110873906216808,3.4629286258572516,-0.2434246073564008,0.2691434032241886,0.4064814814814815,0.3198602532344895,-0.0733044733044733,0.5348357228349991,0.225,0.05,1.0,3.047776495830909,0.0,0.0740038961038961,0.4851851851851851,0.4878223317403425,0.4037037037037037,-0.0026371465551573,0.0814814814814813,1.0,0.461111111111111,4.968449137228053,23.811526750501137,0.0306480125404707,0.5,0.85,0.2,0.8,0.1,0.9,0.5,1.0,0.2
0.13,1.148935890056888,4.028442267847051,-0.2392189100783341,0.5164043859338856,0.689080459770115,1.4301503604136134,0.1912570188432259,0.0428874719432829,0.2822723253757736,0.0642528735632183,1.0,3.5341288728997577,0.0,0.1664190292466155,0.7735632183908047,0.6036008230452675,0.689080459770115,0.1699623953455371,0.0844827586206896,0.1,0.2558823529411766,4.554383059167338,3.89638773149122,0.0589465425769129,0.5,0.85,0.9,0.1,0.0,0.3,0.5,1.0,0.9
0.11,1.123401748912547,4.793254216114922,-0.1983943367203666,0.0916784266811716,0.6590996168582376,0.1919190121665154,0.0464560975286204,0.6633507215851306,0.2936670071501532,0.0543820224719101,1.0,3.6347866229575407,0.0060966116994885,0.1380815082091895,0.7319923371647509,0.4494663382594417,0.6590996168582376,0.2825259989053091,0.0728927203065132,0.1,0.2418300653594771,5.387154689661978,4.419045564276805,0.0671737853686886,1.0,0.85,0.9,0.1,0.05,0.15,0.5,1.0,0.8
0.13,1.1492564977302642,31.268567405843992,-0.2323600495351425,0.5101678026764033,0.5396551724137931,1.0421119249549553,-0.1476110096799753,0.0878044957303664,0.168656056587091,0.0642528735632183,1.0,3.966049719888777,0.0,0.077449613604786,0.6,0.5842666650972176,0.5373563218390803,0.0157333349027823,0.0626436781609196,1.0,0.4950980392156862,5.616739068508951,4.3923294310247005,0.085764982355126,1.0,0.9,0.95,0.05,0.05,0.35,1.0,1.0,0.95
0.07,1.0751635946761682,2.4957458363504803,-0.1281222641016146,0.1130409853615478,0.6200716845878135,0.0861780433962431,0.0282482494464061,0.8288322897925319,0.2465437788018433,0.0346236559139784,1.0,2.997021254883573,0.0,0.1154404545787034,0.6756272401433693,0.2930555555555555,0.6200716845878135,0.3825716845878137,0.0555555555555558,0.1,0.4230994152046783,4.783693053123206,6.554302415954565,0.0466488853556428,0.0,0.85,1.0,0.0,0.05,0.35,0.0,1.0,1.0
0.14,1.1622193420722915,2.588023812512329,-0.2425199431303781,0.589463519959737,0.7523809523809524,1.5948375403263608,0.205462311774604,0.0263294678057396,0.2861295681063123,0.07,1.0,3.580371144609852,0.0,0.2022816909004616,0.8027093596059114,0.5152709359605911,0.747208538587849,0.2874384236453202,0.0555008210180624,0.1,0.3058823529411762,6.9400895125643975,2.529167685901541,0.0886979555394251,0.5,0.85,0.95,0.05,0.0,0.2,0.5,1.0,0.95
0.08,1.0868495257831468,1.6874702239161647,-0.14955724947687,0.4631192070476521,0.6211469534050179,0.8723691069260685,0.1843591191417278,0.1581576295122158,0.248641304347826,0.04,1.0,3.189930818435985,0.0,0.1047020986260116,0.7205495818399044,0.274702380952381,0.6175627240143369,0.4458472008875234,0.1029868578255674,0.1,0.392982456140351,4.424143025441346,6.789047853836626,0.0487905175064659,0.5,0.85,0.9,0.1,0.0,0.3,0.5,1.0,0.9
0.08,1.0867194031116474,1.740963855421706,-0.1415869688113082,0.41284743573187,0.4908004778972521,0.3782757900461934,0.0945793337097685,0.4805365508733382,0.2595108695652174,0.04,1.0,3.3015825769937113,0.0,0.1274727319781667,0.5538829151732377,0.3602678571428572,0.4908004778972521,0.1936150580303805,0.0630824372759856,0.1,0.4039473684210526,4.645434887594655,4.04697771574747,0.059630228428292,0.5,0.85,1.0,0.0,0.05,0.3,0.5,1.0,1.0
0.06,1.063717629032544,2.7590560649331968,-0.1094942023612715,0.4045955995133448,0.7589045698924731,0.7097577878584259,0.1624297688127475,0.2282325871205069,0.3421985815602836,0.03,1.0,2.8793347372117784,0.0,0.2134378204537779,0.7642809139784946,0.6255660048763497,0.7589045698924731,0.1387149091021449,0.0053763440860215,0.4,0.3789473684210526,4.050565381466691,6.191263017419871,0.047671421552205,0.5,0.85,0.9,0.1,0.0,0.3,0.5,1.0,0.9
0.07,1.075122343143632,2.304045458400493,-0.1270925486470613,0.2120644684066777,0.6577060931899642,0.2847961540096176,0.0759670437089792,0.5253724212754978,0.2676651305683564,0.0346236559139784,1.0,2.8812820434932154,0.0,0.125440045617465,0.6953405017921147,0.2066648629148629,0.6612903225806451,0.4886756388772517,0.0340501792114695,0.1,0.3371345029239766,5.031133844690379,5.786989554231276,0.0570060707418595,1.0,0.9,0.9,0.1,0.05,0.3,1.0,1.0,0.9
0.08,1.086831801740252,1.7130566641744722,-0.1369426429524285,0.2856621922273304,0.5056152927120668,0.3803240930869287,0.0966967814793902,0.4306650028378536,0.2228260869565217,0.04,1.0,2.9497761395351003,0.0,0.0926261881234707,0.5851851851851851,0.2795698924731182,0.5056152927120668,0.3056152927120669,0.0795698924731183,0.1,0.4846491228070174,5.298862912013924,3.494242146375231,0.0670912766950399,0.0,0.85,0.9,0.1,0.05,0.3,0.0,1.0,0.9
0.16,1.189909250379119,4.909623430962411,-0.349818298723064,0.5891068495462969,0.5750000000000001,1.4879883788769837,-0.1846784168212738,0.0327064291165087,0.1599702380952381,0.08,1.0,4.158469933155734,0.0,0.0783784335703978,0.6892857142857144,0.492129376228993,0.5750000000000001,0.1971563380567213,0.1142857142857143,0.1,0.476531862745098,5.1147439991271195,13.002053435041798,0.0419940994336365,0.5,0.9,1.0,0.0,0.0,0.3,0.5,1.0,1.0
0.16,1.190033249164855,1.566286897980249,-0.3155997617297807,0.0036634643353484,0.7511904761904762,0.1120867507320398,0.0244666048237477,0.7207706140920553,0.2261904761904761,0.08,1.0,4.163616705264248,0.0,0.1525774646980004,0.778968253968254,0.6071123321123322,0.7511904761904762,0.1718559218559218,0.0277777777777777,0.4,0.4583333333333333,3.964977675650972,5.144687882447471,0.0602544564852029,0.5,0.85,0.9,0.1,0.05,0.35,0.5,1.0,0.9
0.17,1.2043962321836323,4.907826892995769,-0.3317468118967959,0.0839152754978581,0.7584068195179307,0.0976709953482722,0.0214363949303709,0.8007045102697115,0.265946137491141,0.0839759036144578,1.0,4.250721251301714,0.0,0.1497331833061812,0.8123456790123459,0.4686507936507936,0.7564226925338037,0.3436948853615523,0.0559229864785422,0.1,0.2569852941176471,6.010377730629653,9.963592352915024,0.0719267759003522,0.5,0.8,0.9,0.1,0.0,0.3,0.5,1.0,0.9
0.15,1.1763117395487892,31.933322995814063,-0.2841543143381848,0.357755436578297,0.601888341543514,0.6074592985686702,0.0968678380443088,0.3821643087020132,0.2715686274509804,0.0741176470588235,1.0,3.332237614429951,0.0,0.1439228418640184,0.68440065681445,0.4775356827080965,0.601888341543514,0.2068649741063534,0.0825123152709359,0.1,0.2647058823529413,5.486552214960279,4.976561841103507,0.0675736480218702,0.5,0.7,0.4,0.7,0.2,0.95,0.5,1.0,0.4
0.07,1.0751787802151769,1.8548515165951736,-0.1289382858308911,0.5554157023182602,0.546594982078853,0.9727482745717944,0.194186765615337,0.1701618258383406,0.3398617511520737,0.0346236559139784,1.0,3.144305844668271,0.0,0.1797632812655854,0.618279569892473,0.2372950865720609,0.546594982078853,0.380984483320412,0.0716845878136199,0.1,0.1198830409356724,4.1244018897944175,5.800915966782002,0.0535102817083888,0.5,0.85,0.9,0.1,0.0,0.35,0.5,1.0,0.9
0.1,1.1109405388449487,1.9940621589314476,-0.1902857006207221,0.075953725563824,0.3916666666666666,0.1882546723853241,0.0473304473304473,0.7345483512433503,0.1972222222222222,0.0488888888888888,1.0,3.604353046370125,0.0,0.0627752044252044,0.512962962962963,0.5966269841269841,0.3981481481481481,-0.0836640211640211,0.1148148148148148,0.4,0.5111111111111112,5.2842366443252144,6.488707326317648,0.0567963939819208,0.0,0.8,0.9,0.1,0.0,0.3,0.0,1.0,0.9
0.1,1.1104131921592733,1.3370546020864151,-0.1668141654677091,0.0632482202870704,0.424074074074074,0.0630832189350017,0.0170274170274169,0.8496012131209383,0.2166666666666666,0.05,1.0,3.3915669509105726,0.0,0.0748327801827801,0.6083333333333334,0.5456144687512875,0.424074074074074,0.0627188645820459,0.1842592592592593,1.0,0.2777777777777779,6.216599569039641,2.0286220924150182,0.0811295563024329,1.0,0.85,0.9,0.1,0.0,0.2,1.0,1.0,0.9
0.13,1.148799144565095,1.960703678318484,-0.2915887076580623,0.2571728784663445,0.5396551724137931,0.4101261672889644,0.0822510822510823,0.4792638661499175,0.254420866489832,0.0642528735632183,1.0,3.634793982814133,0.0,0.1373178545592339,0.6166666666666667,0.393103448275862,0.5402298850574713,0.2235632183908046,0.0764367816091954,0.1,0.392483660130719,3.8268199083184102,11.958362559765863,0.0463002760676042,0.5,0.8,0.9,0.1,0.05,0.4,0.5,1.0,0.9
0.09,1.098662143974306,4.689699296225606,-0.1955786394682768,0.5594796569227113,0.457347670250896,1.2171957797799962,0.2111063539634969,0.0635278838853584,0.2194749694749694,0.0445054945054945,1.0,3.0535551146466826,0.0,0.1083022295165152,0.519115890083632,0.6015946502057613,0.457347670250896,-0.0824787601221292,0.0617682198327359,0.2,0.4049707602339181,3.3093685109529853,10.395943979288925,0.0329319056479882,1.0,0.85,0.9,0.1,0.05,0.2,1.0,1.0,0.9
0.11,1.123468971522006,9.411195700851009,-0.2105194254626532,0.7286965886197238,0.6920817369093232,1.8328776797104471,0.2214955626600161,0.0242184424312843,0.264555669050051,0.0543820224719101,1.0,3.55641818120199,0.0060971984798915,0.1368144762966008,0.7566411238825032,0.5216820987654321,0.6920817369093232,0.234959025117071,0.0645593869731799,0.1,0.2419934640522876,5.128737359335925,6.965461415554115,0.0549424970626111,0.5,0.85,0.9,0.1,0.0,0.3,0.5,1.0,0.9
0.08,1.0863772446141249,1.5420954685028363,-0.136326129590619,0.4711048380203765,0.6021505376344086,0.7507919909832609,0.151750423489554,0.2248869805371292,0.21875,0.04,1.0,2.773834057951493,0.0,0.1008769174665914,0.717562724014337,0.7453055904668808,0.5931899641577061,-0.0277428664525438,0.1243727598566308,0.7,0.3345029239766081,5.755934809217836,3.5196378679519853,0.0670912766950399,0.5,0.85,0.9,0.1,0.05,0.4,0.5,1.0,0.9
0.08,1.0866195247134784,1.0659973434708934,-0.1281194364311972,0.21330305369951,0.5021505376344085,0.3508503339642737,-0.086250705815923,0.5005331287302062,0.2228260869565217,0.04,1.0,3.1478093240884704,0.0,0.1127302489177489,0.5818399044205496,0.3621346248918551,0.5021505376344085,0.2197052795286944,0.079689366786141,0.1,0.4507309941520468,7.220650863044328,1.9560260972416224,0.0948491160598595,0.0,0.85,0.9,0.1,0.1,0.85,0.0,1.0,0.9
0.1,1.1104800920959577,1.391234567901205,-0.1946277692969031,0.0620909776449385,0.3805555555555555,0.0558727377610351,0.0158730158730157,0.913047506938682,0.15,0.05,1.0,3.427103254420127,0.0,0.0434497354497354,0.4814814814814815,0.6542990153668685,0.3768518518518518,-0.1728175338853869,0.1046296296296297,0.2,0.6083333333333334,3.634340990326609,6.320309319385755,0.0490956089269843,1.0,0.9,0.1,0.9,0.05,0.3,1.0,0.8,0.1
0.09,1.0986161033901327,2.1747398175510426,-0.1677413793717685,0.3772920972131452,0.3762246117084826,0.4471191048689358,0.0906553763696622,0.4884829131392835,0.1865079365079365,0.0445054945054945,1.0,2.861617801153113,0.0,0.0666974216259931,0.4640382317801672,0.5211170848267622,0.3762246117084826,-0.0570788530465949,0.0878136200716845,1.0,0.3956140350877193,4.491872720136026,5.089283697310606,0.0471991731839621,0.5,0.85,0.8,0.1,0.1,0.6,0.5,1.0,0.85
0.12,1.1357137892472342,1.4110337558594426,-0.2091080840679817,0.2857247484384534,0.6110153256704981,0.4753639715529609,-0.0927292404565131,0.3756111019674522,0.2168560606060606,0.06,1.0,3.551337725694996,0.0,0.1098723353666535,0.7163793103448276,0.4625779901765565,0.6110153256704981,0.2538013201682711,0.1053639846743295,0.1,0.3745098039215687,4.987129125765444,2.1382162907391216,0.0696346025287315,0.5,0.85,0.9,0.1,0.15,0.65,0.5,1.0,0.9
0.1,1.1109058761838206,3.90269096302578,-0.1813927434663513,0.2533039862972359,0.6101851851851852,0.318177200364473,0.0793650793650793,0.501207185819845,0.2166666666666666,0.05,1.0,3.639929765806254,0.0,0.1119190476190476,0.6666666666666666,0.2104166666666667,0.6138888888888889,0.4562499999999999,0.0527777777777777,0.1,0.411111111111111,4.794936491694757,4.046171475735467,0.0607204063998553,0.5,0.85,0.85,0.1,0.05,0.4,0.5,1.0,0.85
0.09,1.0985824140549216,3.056253669994151,-0.1699326275291595,0.6802814732750846,0.6056152927120669,1.401280377521094,0.2191776477490765,0.07164994005503,0.3202075702075702,0.0445054945054945,1.0,3.3327291543949045,0.0,0.1968487464916036,0.6388291517323775,0.8257808499743984,0.6020310633213859,-0.1869516982420208,0.0367980884109916,0.4,0.345029239766082,4.788226175631976,6.9513597735455335,0.0583679071161173,0.5,0.75,0.85,0.2,0.05,0.85,0.5,1.0,0.85
0.1,1.1109359960724705,1.3307819462411974,-0.1760154743739828,0.0675229673847359,0.4870370370370371,0.0606470438921644,-0.0168831168831168,0.6130523046862348,0.2722222222222222,0.05,1.0,3.6086120725783335,0.0,0.098022631072631,0.5685185185185185,0.361090369042878,0.4925925925925926,0.2074281494756405,0.0759259259259259,0.1,0.4083333333333332,5.018287726802126,3.5775605269836177,0.0687220861567861,0.0,0.85,1.0,0.0,0.2,0.85,0.0,1.0,1.0
0.09,1.0987683077662198,1.940221757994605,-0.2057783744233217,0.2936185926508047,0.5763440860215053,0.2958407171178162,-0.0743542172113599,0.5305641332545099,0.2899877899877899,0.0445054945054945,1.0,2.9769096639483807,0.0,0.1588520870663727,0.6345280764635602,0.0,0.5946236559139785,0.0,0.0399044205495817,0.0,0.4223684210526314,3.1488059719063086,14.321275548142944,0.0364350269410982,0.5,0.85,0.9,0.1,0.05,0.6,0.5,1.0,0.9
0.07,1.0751586698370148,3.7454334330758097,-0.1201194097862239,0.1033341558703156,0.5931899641577061,0.0431665210776969,-0.0145031619685997,0.9515113122206093,0.271505376344086,0.0346236559139784,1.0,3.017315861429359,0.0,0.1377005472765841,0.6505376344086021,0.0,0.5931899641577061,0.0,0.057347670250896,0.0,0.3410818713450293,5.055320302497401,4.3307551398356665,0.0641334536836957,0.0,0.8,0.9,0.05,0.1,0.4,0.0,1.0,0.95
0.16,1.1900216640152903,2.685190700048932,-0.2753716645415673,0.0174359473998992,0.5115079365079365,0.049595608589576,-0.0115182436611007,0.917599049296896,0.1443452380952381,0.08,1.0,4.321534998164572,0.0,0.0672763863121005,0.6373015873015873,0.6639194139194139,0.5115079365079365,-0.0266178266178266,0.1257936507936508,1.0,0.5640012254901962,6.328004359300067,0.9200491202217916,0.0844542390708133,1.0,0.85,0.95,0.05,0.05,0.2,1.0,1.0,0.95
0.07,1.0749878427909796,1.3097260852155337,-0.1215476288341821,0.4678478546269483,0.8422939068100358,0.6418185418625842,0.149819458575219,0.2451027825623656,0.3360215053763441,0.0346236559139784,1.0,2.498290719067496,0.0,0.2002682286991042,0.9193548387096774,0.5577586206896551,0.8369175627240143,0.3615962180200223,0.082437275985663,0.2,0.2435672514619882,5.4861573861884665,3.992763060605203,0.0570060707418595,0.5,0.85,0.9,0.1,0.0,0.35,0.5,1.0,0.9
0.11,1.1233212298446318,2.7990383255550872,-0.205000356899546,0.0422217583973095,0.4806194125159642,0.0340660761439589,0.0093522412214954,0.9868112011018508,0.2487231869254341,0.0543820224719101,1.0,3.5271775887754666,0.0,0.0938336340200487,0.562962962962963,0.5861409796893667,0.4806194125159642,-0.0231780167264037,0.0823435504469988,0.7,0.2862745098039216,4.6473739915234145,5.339854829307363,0.0589673695777138,0.5,0.8,0.9,0.8,0.05,0.85,0.0,1.0,0.2
0.09,1.0987703868361565,2.3614527564751993,-0.1705336607494656,0.0051505371658809,0.5741935483870967,0.0400080559761234,0.0125430125430125,0.9855805674527032,0.2762515262515262,0.0445054945054945,1.0,3.0175034252217108,0.0,0.1089066119066119,0.6365591397849463,0.5809788654060066,0.5741935483870967,0.0555802743789396,0.0623655913978495,0.4,0.2926900584795321,4.251620756262309,7.307776707198579,0.0545981623470728,1.0,0.9,0.9,0.1,0.0,0.2,1.0,1.0,0.9
0.12,1.135687871686605,2.157294236375877,-0.2110694751880619,0.073314517927069,0.5908045977011495,0.1764550299773872,0.0403384494293585,0.7422013825720635,0.1903409090909091,0.06,1.0,3.8144367086997906,0.0,0.0804690820543093,0.6704980842911876,0.6420167028620867,0.5908045977011495,0.0284813814291009,0.0796934865900381,0.7,0.3665032679738562,5.921324112213961,3.29086668877256,0.0696346025287315,0.0,0.9,1.0,0.0,0.05,0.3,0.0,1.0,1.0
0.12,1.1360602514849822,1.3344272910788997,-0.1931436711736907,0.2528146107346844,0.7271072796934867,0.2892709345251508,-0.0602617079889807,0.5452788328220812,0.2234848484848484,0.06,1.0,3.4999854123602776,0.0,0.1048185835629017,0.83544061302682,0.4927088299168388,0.7271072796934867,0.3427317831099812,0.1083333333333333,0.1,0.3666666666666666,7.867533385933419,0.0925243762405152,0.1158845047361942,0.5,0.8,0.1,0.8,0.1,0.95,0.5,1.0,0.1
0.12,1.1360376634078884,2.1364382743693286,-0.2195327140201302,0.0857030167031813,0.3102490421455939,0.0829785710339566,0.0214974419519874,0.8402216856080589,0.1420454545454545,0.0586363636363636,1.0,3.7373111554430256,0.0,0.0443200675587038,0.4135057471264367,0.4608058608058608,0.3102490421455939,-0.047300113679424,0.1032567049808428,0.7,0.6379084967320262,4.943730432527285,4.723927618896815,0.0653506794188505,0.5,0.9,0.0,0.9,0.05,0.9,0.5,1.0,0.0
0.09,1.0987234795021188,8.133281066248596,-0.1627895929864249,0.1461474549005615,0.4005973715651134,0.2649814926335133,0.062413776699491,0.5549646831158788,0.2158119658119658,0.0445054945054945,1.0,3.3563434120205264,0.0,0.0728909899624185,0.5169653524492234,0.2582133256528418,0.4005973715651134,0.2587520267963816,0.1163679808841099,0.1,0.3502923976608186,4.711295480386268,3.9871761019878775,0.0583679071161173,0.5,0.8,0.8,0.1,0.15,0.6,0.5,1.0,0.85
0.08,1.086625841599126,1.3788799201131734,-0.1433554813045847,0.288596418439148,0.6849462365591398,0.6613822765874501,-0.1427159796725013,0.1779115458249199,0.25,0.04,1.0,2.9426344720794964,0.0,0.1068483789760963,0.7252090800477897,0.3686977299880525,0.6849462365591398,0.3565113500597372,0.0402628434886499,0.1,0.2099415204678363,6.134551025817523,9.435723644185575,0.0523584158460523,0.5,0.85,0.9,0.1,0.15,0.45,0.5,1.0,0.9
0.05,1.0525630963164,1.2970749542961628,-0.0902186521414525,0.1513370753598408,0.4939516129032258,0.1855199512973,0.0642515379357482,0.6808303345590465,0.1973684210526315,0.0247368421052631,1.0,1.7878384245041912,0.0,0.0793909546593756,0.5571236559139785,0.4104502688172043,0.4887432795698925,0.1466733870967742,0.068380376344086,0.1,0.5210526315789472,4.16329140782525,5.9947006855101534,0.045159410617762,1.0,0.9,0.95,0.05,0.05,0.05,1.0,1.0,0.95
0.14,1.1618159236376404,1.5337162837162837,-0.2655934055303297,0.2181351315675325,0.7000821018062399,0.3439562111239729,0.0618932562454155,0.4353868211583754,0.2246677740863787,0.07,1.0,3.990602213628352,0.0,0.1335787957889286,0.7684729064039408,0.3732829572867887,0.7000821018062399,0.3951899491171521,0.0683908045977009,0.1,0.4277777777777778,4.87462976701327,5.822135701909399,0.0654184157173083,0.5,0.85,0.9,0.1,0.05,0.4,0.5,1.0,0.9
0.1,1.0619983100971695,1.181250000000002,-0.2807457852346031,0.1194765897911884,0.437037037037037,0.144969169170651,-0.0382559774964838,0.6457079910631933,0.2305555555555555,0.05,1.0,3.811184655117959,0.0,0.0692291484025263,0.4888888888888889,0.1829741379310344,0.4407407407407407,0.3059147509578543,0.0481481481481481,0.1,0.3666666666666666,8.614000787527312,24.518996982171245,0.0235683168809805,0.5,0.85,0.9,0.1,0.05,0.4,0.5,1.0,0.9
0.08,1.0582143647552176,1.0486322188449824,-0.2530233416009562,0.2496400493290013,0.5641577060931899,0.6937344911632881,-0.1492845349477161,0.201158130526051,0.2581521739130435,0.04,1.0,2.961103349354872,0.0,0.0755872808920614,0.5819593787335723,0.3835125448028674,0.5641577060931899,0.1984468339307049,0.0178016726403823,0.1,0.3388888888888889,4.127301423507632,31.807489206906276,0.0122209553117665,0.5,0.85,0.9,0.1,0.05,0.4,0.5,1.0,0.9
0.06,1.0481255981231654,1.0390624999999996,-0.1543510631111271,0.4417006756790941,0.592741935483871,1.079122833053595,-0.2113295627973785,0.1135531495849679,0.3608156028368794,0.03,1.0,2.7154645716507466,0.0,0.0924672267854105,0.5984543010752689,0.7242424242424242,0.5981182795698925,-0.1257881231671553,0.0003360215053763,0.7,0.1548245614035086,5.062390241237794,24.86387628742368,0.022762175355611,0.5,0.85,0.9,0.1,0.05,0.3,0.5,1.0,0.9
0.08,1.0318297301184025,1.0597345132743328,-0.1577513762099101,0.6518162267773062,0.548984468339307,1.1842832799521708,-0.2089295542102366,0.112037704496014,0.2622282608695652,0.0391304347826087,1.0,3.039767146556178,0.0,0.0861324129715478,0.5583034647550776,0.4027507415647015,0.5436081242532855,0.1555527231903761,0.0146953405017921,0.7,0.4473684210526314,18.63473294499823,9.85350875664124,0.0487905175064659,0.5,0.85,0.9,0.1,0.05,0.3,0.5,1.0,0.9
0.09,1.0411078083085623,1.0735294117647096,-0.1799376520129119,1.459017951177927,0.8132616487455196,2.8293691097499987,-0.3517719973416175,0.0013502874874493,0.3257020757020756,0.0445054945054945,1.0,3.322158961838323,0.0054515417166533,0.1330684073527706,0.8242532855436081,0.1623998606757227,0.8132616487455196,0.6618534248678853,0.0109916367980884,0.1,0.1406432748538011,18.71964443659188,8.293553110475848,0.0508756409397451,0.5,0.9,1.0,0.0,0.05,0.45,0.5,1.0,1.0
0.09,1.0573968783445966,1.4092827004219328,-0.1906873127133383,0.3610014810183862,0.5777777777777777,0.1602768706630124,-0.0467844391895023,0.749452951928611,0.2744200244200244,0.0445054945054945,1.0,3.4177567303566527,0.0,0.0477552383379386,0.6475507765830347,0.4832455300127714,0.5816009557945042,0.1643052465702633,0.0659498207885305,0.2,0.2861111111111111,9.832911458572186,9.702547253335435,0.0435676323416385,0.0,0.9,0.9,0.1,0.3,0.75,0.0,0.8,0.9
0.12,1.0920587025893775,1.165289256198349,-0.3057713094388914,0.9183865748524508,0.6253831417624521,2.473726492001412,-0.2698504027617952,0.0021289261851918,0.3295454545454545,0.06,1.0,3.6072483401842046,0.0,0.0799184724957985,0.6138888888888889,0.5080645161290323,0.6253831417624521,0.1058243727598566,-0.0114942528735632,1.0,0.1905228758169935,5.367775858863136,18.00089795399001,0.0291329463937031,0.5,0.85,0.8,0.2,0.05,0.3,0.5,1.0,0.85
0.12,1.068706352182771,1.2820512820512775,-0.2667686494229024,0.7613098459277401,0.5887931034482757,1.1989574691483686,-0.1787974683544303,0.066381589209034,0.2471590909090909,0.06,1.0,3.7031261113842167,0.0,0.0857890908975302,0.6200191570881226,0.5262151950138603,0.5887931034482757,0.0938039620742623,0.0312260536398468,0.7,0.4333333333333333,10.615185547997326,14.554570050321177,0.0487560444110453,0.5,0.85,0.95,0.05,0.0,0.3,0.5,1.0,0.95
0.11,1.0794339026424442,1.0867924528301884,-0.2172034140794831,0.4145955184510012,0.6946679438058748,0.7533037509493372,-0.1415807915594574,0.1442015278937812,0.2334014300306435,0.0543820224719101,1.0,3.6556251534928745,0.0060968133861432,0.0786024262244637,0.7380268199233716,0.6998722860791826,0.7003192848020433,0.0381545338441889,0.0377075351213282,0.7,0.3679738562091504,10.390181378624648,6.293704934692919,0.0509680969903173,0.5,0.8,0.9,0.1,0.05,0.85,0.5,1.0,0.9
0.16,1.1049620255396433,1.2205882352941158,-0.5248853365441315,1.0784588845293133,0.7722222222222221,3.3402096214494983,-0.2968655816757082,0.0004900490560288,0.3229166666666667,0.08,1.0,4.213821852235509,0.0,0.0935747733858516,0.7809523809523808,0.3777777777777777,0.769047619047619,0.4031746031746031,0.0119047619047618,0.1,0.144485294117647,5.236497673672587,34.955845584752986,0.0120959868875789,0.5,0.9,0.95,0.0,0.0,0.2,0.5,1.0,0.95
0.11,1.0641115768190492,1.3966942148760366,-0.2725914711197035,0.1254181095288989,0.445434227330779,0.0124703958735589,-0.003529822474496,0.938506038704532,0.2155260469867211,0.0543820224719101,1.0,3.479489403651907,0.0060967950501656,0.0467940166980954,0.5394316730523627,0.3375661375661375,0.4417305236270754,0.2018655354862251,0.0977011494252873,0.1,0.4122549019607844,9.180258004305818,22.23295966785717,0.0281146035632238,0.5,0.85,0.9,0.1,0.15,0.6,0.5,1.0,0.9
0.12,1.0876232933287988,1.3192019950124696,-0.5683041790282601,0.1598044340152326,0.6560344827586208,0.8060233256005286,-0.1241848868431146,0.1694036391436334,0.2755681818181818,0.06,1.0,3.694928090912687,0.0,0.0511800039225115,0.6588122605363985,0.721577380952381,0.638888888888889,-0.0627651204159824,0.0199233716475095,1.0,0.4983660130718956,2.7370537771814756,73.50907984993275,0.0035026255340517,0.5,0.9,1.0,0.0,0.05,0.4,0.5,1.0,1.0
0.15,1.097620390789272,1.3459119496855303,-0.2992464011538374,0.061706573407358,0.4183908045977011,0.0213937860866254,-0.0051625713576568,0.9115740317929624,0.1568627450980392,0.0741176470588235,1.0,4.09389980500343,0.0,0.0321901233613361,0.4886699507389163,0.4417898193760263,0.4160919540229885,0.0468801313628899,0.0725779967159277,0.7,0.527450980392157,20.332149877688185,7.381576173195661,0.0722580940439051,0.0,0.6,0.9,0.8,0.25,0.9,1.0,1.0,0.1
0.12,1.085459850370174,1.3967741935483915,-0.3217254990013005,0.4648566222979109,0.7159003831417623,1.417611710096362,-0.1953394706559263,0.0296220057017846,0.3494318181818182,0.06,1.0,3.6135241026321743,0.0,0.0935362453137653,0.7360153256704981,0.7090086869007891,0.7243295019157087,0.0270066387697089,0.0116858237547894,1.0,0.2591503267973856,6.4227565654373455,22.306962962702325,0.025345986565698,0.5,0.85,0.85,0.15,0.1,0.4,0.5,1.0,0.85
0.15,1.0597411044583698,1.2461059190031216,-0.259495472635519,0.3090305776447796,0.6111658456486043,1.09079631414455,-0.1532886572350457,0.0919665684462451,0.2480392156862745,0.0741176470588235,1.0,4.316112692466846,0.0,0.0460926127078875,0.5949096880131363,0.4468938149972632,0.6111658456486043,0.148015873015873,-0.016256157635468,0.2,0.3215686274509804,19.3694865451469,2.8603671986232415,0.096658936272643,0.5,0.85,0.9,0.1,0.15,0.6,0.5,1.0,0.9
0.08,1.0424918609227187,1.068965517241378,-0.1455631562756498,0.611465318769352,0.6783751493428913,0.9043248299522838,-0.1736378646119978,0.1121572949033103,0.3002717391304347,0.04,1.0,2.9869014809767824,0.0,0.075301917459556,0.7183990442054958,0.0,0.6765830346475509,0.0,0.0418160095579449,0.0,0.4045321637426901,17.63229245415459,4.736093381048444,0.059630228428292,0.5,0.85,0.9,0.1,0.05,0.4,0.5,1.0,0.9
0.05,1.0378040047069663,1.087962962962964,-0.2322984521398226,0.8986293439649387,0.6515456989247311,1.3033583711724597,-0.2804796802131912,0.058627728845965,0.3184210526315789,0.0247368421052631,1.0,2.5984254907071143,0.0,0.0981533998228283,0.6515456989247311,0.0,0.6515456989247311,0.0,0.0,0.0,0.2526315789473684,1.7035687021387746,79.39893837470171,0.0025971943486423,0.5,0.85,0.95,0.05,0.0,0.2,0.5,1.0,0.95
0.13,1.0959303599815005,1.2227979274611451,-0.3346589691780215,0.5245334144815874,0.560344827586207,1.1633773285359748,-0.1675900121993531,0.0565159389901845,0.2035809018567639,0.0642528735632183,1.0,3.6085380303415935,0.0,0.0847998579550649,0.6155172413793104,0.4154077723043241,0.5649425287356321,0.2001094690749863,0.0505747126436783,0.4,0.5624183006535948,7.660712567626563,16.77886571695423,0.0223528464331383,0.5,0.85,1.0,0.0,0.05,0.3,0.5,1.0,1.0
0.09,1.0408548704547924,1.1351351351351364,-0.1736096701110283,0.0763230877246558,0.6139784946236558,0.6470274920735486,-0.1269686712724687,0.2450049329274983,0.2738095238095238,0.0445054945054945,1.0,3.4887860052548687,0.0,0.0549703249007273,0.6437275985663082,0.5935105363984674,0.6028673835125448,0.0502170621678408,0.0408602150537634,0.7,0.337719298245614,18.311270691683156,7.204860959147034,0.0583679071161173,0.5,0.85,0.9,0.1,0.05,0.4,0.5,1.0,0.9
0.11,1.0647336664922138,1.094017094017097,-0.2611008562752825,0.2352889548555655,0.4613026819923371,0.4340133917643245,-0.0930942191075885,0.3106354443446448,0.2773237997957099,0.0543820224719101,1.0,3.2423771595466695,0.0,0.0737178791734283,0.4901979565772669,0.6562467997951869,0.464176245210728,-0.1660488432179199,0.0260217113665389,0.1,0.3887254901960786,10.74535623712764,17.418868436789406,0.0431657517557805,0.5,0.8,0.9,0.1,0.05,0.85,0.5,1.0,0.9
0.06,1.0410593101925485,1.0904872389791194,-0.1673407329855099,0.522322711848101,0.4314516129032258,0.6632865675371524,-0.1580482987700871,0.2091959513859513,0.2721631205673759,0.0293617021276595,1.0,2.6529165963074157,0.0043781788053891,0.0550608512607691,0.4264112903225807,0.7154013250787444,0.4366599462365592,-0.2889900347561637,-0.0102486559139785,0.1,0.268421052631579,6.793306389226398,32.9570329334601,0.0198073504161179,0.5,0.85,0.8,0.2,0.0,0.3,0.5,1.0,0.8
0.17,1.0982350912757717,1.2903225806451684,-0.5021729113693372,0.3117511567268596,0.5553203997648443,1.0052008627022733,-0.1312113681830823,0.0886137409754369,0.1943656980864634,0.0839759036144578,1.0,4.062285559624392,0.0078671246706361,0.0377845911088179,0.5863168724279836,0.3451940035273368,0.5577013521457966,0.2411228689006467,0.0286155202821869,0.2,0.4682598039215687,8.733610702066313,27.404268246378805,0.0297712260519362,0.5,0.85,0.9,0.1,0.05,0.3,0.5,1.0,0.9
0.08,1.0540321752420998,1.2721712538226295,-0.1349126549638546,0.3285132026991575,0.6285543608124253,0.599977491041777,-0.1234177215189873,0.274250068659217,0.2826086956521739,0.04,1.0,2.944818381790731,0.0,0.0850261485250637,0.6698924731182796,0.4724537037037037,0.6213859020310634,0.1974387694145759,0.0485065710872162,0.1,0.3276315789473685,18.718760882456426,2.4380096962639985,0.0948491160598595,0.5,0.9,0.9,0.1,0.1,0.6,0.5,0.8,0.9
0.1,1.05325291628679,1.0962099125364464,-0.2009685288103595,0.5830480084868064,0.6972222222222223,1.6493865264040906,-0.2364275668073137,0.0277366738572707,0.3194444444444444,0.05,1.0,3.0761848919004895,0.0,0.0683428504600122,0.7074074074074074,0.3185638363613892,0.6907407407407408,0.3888435710460182,0.0166666666666666,0.1,0.2055555555555555,19.90510691150973,8.021556327157464,0.0646951927574513,0.5,0.85,0.9,0.1,0.05,0.45,0.5,1.0,0.9
0.13,1.0763311565740543,1.2857142857142834,-0.2941960702119397,0.1113533402928394,0.6339080459770116,0.8787591769093633,-0.1438964062272661,0.1304229304352238,0.2413793103448275,0.0642528735632183,1.0,3.586023279578151,0.0,0.0564175176008324,0.621264367816092,0.4499999999999999,0.5971264367816093,0.171264367816092,0.0241379310344826,0.2,0.3911764705882353,10.565231371163522,13.173666851137074,0.0421885433667969,0.5,0.85,0.9,0.1,0.0,0.3,0.5,1.0,0.9
0.17,1.098608975811737,1.329411764705886,-0.3708068242197511,0.1208169313173147,0.2631540270429159,0.2519893610627635,0.0486144129758049,0.7724580716976139,0.1676116229624379,0.0839759036144578,1.0,4.365197124876054,0.0078665541895251,0.016329881416099,0.3742210464432686,0.4342298647854203,0.2652116402116402,-0.0600088183421516,0.1090094062316284,0.7,0.557843137254902,20.40408914541017,10.512818621943753,0.062136765933098,0.5,0.8,0.2,0.8,0.15,0.95,0.5,1.0,0.2
0.09,1.053753664310013,1.189473684210523,-0.3342745496225729,0.7614546347707865,0.7353643966547193,1.21778419796506,-0.1996414274895287,0.0393753612216077,0.3128815628815629,0.0435164835164835,1.0,3.130851958959792,0.0109103313309908,0.0733533755137831,0.7722819593787337,0.6058542413381124,0.7391875746714457,0.1664277180406213,0.0330943847072879,0.7,0.097953216374269,7.117909335165555,52.62873392438103,0.0127383559472523,0.5,0.8,0.9,0.1,0.05,0.9,0.5,1.0,0.9
0.14,1.0721137982866715,1.2040133779264153,-0.3979945626141061,0.9363606717233252,0.6225779967159278,1.6241562643142566,-0.2079355734051053,0.0217052845615016,0.2383720930232558,0.0683720930232558,1.0,3.9290873454152977,0.0,0.0569064486945428,0.6444170771756978,0.7204382565895359,0.6273399014778326,-0.076021179413838,0.0170771756978652,0.7,0.3571895424836603,11.15057601081953,26.454801822510035,0.0271080885842348,0.5,0.85,0.95,0.0,0.05,0.45,0.5,0.8,0.95
0.09,1.0567376638805217,1.0677506775067689,-0.2557062139620454,0.4999699374747913,0.5927120669056153,1.1252046846831234,-0.1853448942056537,0.0765659039425085,0.2667887667887668,0.0445054945054945,1.0,3.1650858317841166,0.005451721923431,0.0758168903472987,0.6221027479091994,0.7220131421744326,0.5964157706093189,-0.0999103942652331,0.0256869772998804,0.7,0.457017543859649,6.6593668983099,27.348580271040717,0.0193182712855034,0.5,0.85,0.9,0.1,0.0,0.3,0.5,1.0,0.9
0.09,1.0495309195100235,1.2000000000000066,-0.3255685573816551,0.6013019080983097,0.6222222222222222,1.1245619162053837,-0.1732121605539326,0.0827493973898748,0.25,0.0445054945054945,1.0,3.123035759411171,0.0,0.1217941474601643,0.6403823178016727,0.6628272669220945,0.6222222222222222,-0.0224449491204218,0.0181600955794504,0.7,0.3508771929824562,5.972995541016086,49.80999135160516,0.0095022256089006,0.5,0.85,0.95,0.05,0.1,0.6,0.5,1.0,0.95
0.05,1.0316036860659286,1.060240963855425,-0.0997524445191699,0.8238516823662597,0.5463709677419355,1.1433173652063506,-0.243970686209194,0.0875368918829678,0.431578947368421,0.0247368421052631,1.0,1.9701645100202765,0.0039749527612713,0.1556742028769877,0.5621639784946236,0.4988239247311828,0.5567876344086021,0.0633400537634408,0.0053763440860215,0.7,0.1210526315789474,10.306666185296663,9.05900130973281,0.0420868370060494,0.5,0.85,0.9,0.1,0.05,0.4,0.5,1.0,0.9
0.1,1.0690069991251097,1.0838150289017303,-0.2280607425001979,0.4348422841775857,0.5777777777777777,0.2283432559044902,-0.0586497890295358,0.444648082351517,0.2249999999999999,0.05,1.0,3.4452213348520555,0.0,0.0544362581205598,0.6361111111111111,0.4375149342891278,0.5768518518518518,0.1985961768219832,0.0592592592592592,0.1,0.4111111111111112,8.483066874678856,14.223614543161949,0.0342499855238878,0.5,0.85,0.6,0.3,0.1,0.85,0.5,1.0,0.6
0.16,1.0823292876560144,1.330960854092524,-0.5343434422826112,0.8798543349850699,0.5896825396825397,1.2262583869915369,-0.1500527426160338,0.0834962242119236,0.15625,0.08,1.0,4.336038708666402,0.0,0.0464186107962664,0.5976190476190476,0.5725722571600707,0.6083333333333333,0.0250467904589769,-0.0107142857142856,1.0,0.5803308823529412,8.112283616120878,34.98763159775987,0.0203899148159701,0.5,0.85,0.85,0.15,0.1,0.85,0.5,1.0,0.85
0.06,1.0290055248618784,1.0210526315789432,-0.1590697003818322,0.4148716430235734,0.516633064516129,0.4682310678912024,0.1352006463775922,0.2925483424002423,0.2570921985815603,0.03,1.0,2.784417412295487,0.0,0.1202009801392396,0.5542674731182796,0.0,0.5005040322580645,0.0,0.0537634408602151,0.0,0.4374269005847953,10.464429443106557,26.954155750472538,0.022762175355611,0.5,0.85,0.9,0.1,0.0,0.3,0.5,1.0,0.9
0.16,1.096748760868247,1.2292358803986665,-0.332409719410113,0.7321639882650796,0.6809523809523809,2.3614872819508537,-0.2430681133212779,0.0059415332323032,0.2938988095238095,0.08,1.0,3.859146688589296,0.0,0.1021767935988105,0.7214285714285715,0.5564713064713064,0.6765873015873015,0.1649572649572651,0.04484126984127,0.0765225004750592,0.2742647058823528,20.102989170458777,9.8704455973404,0.0697414239356773,0.5,0.9,0.9,0.0,0.0,0.2,0.5,1.0,0.9
0.09,1.0653898664324384,1.124999999999999,-0.3577831049991777,0.0821838056222757,0.509199522102748,0.2046451599051977,-0.0526112424846602,0.6601075724358163,0.2686202686202686,0.0445054945054945,1.0,3.4050795044187643,0.0,0.0913078165805994,0.578494623655914,0.446178955453149,0.527479091995221,0.1323156682027649,0.0510155316606929,0.1,0.4779239766081872,3.735862193637296,58.832504373804085,0.0095022256089006,0.5,0.85,0.9,0.1,0.1,0.4,0.5,1.0,0.9
0.05,1.0328164897569498,1.2061068702290036,-0.1158699850287918,0.5485564095641561,0.6147513440860215,0.8786255119006894,-0.223850766155896,0.1172488606659237,0.3605263157894737,0.0247368421052631,1.0,2.566915241884703,0.0039751078993087,0.1117310096165108,0.53125,0.3923611111111111,0.5210013440860215,0.1388888888888889,0.0102486559139785,0.7,0.2473684210526314,5.870177741733084,22.100676317853775,0.0420868370060494,0.5,0.8,0.9,0.7,0.05,0.3,0.0,1.0,0.3
0.1,1.0638869392671155,1.2339832869080751,-0.328691768132666,0.9417267018393676,0.7037037037037037,2.073802767185602,-0.2717299578059072,0.015539831238665,0.3388888888888888,0.05,1.0,2.8978852920299247,0.0,0.1394416706753242,0.724074074074074,0.6138888888888889,0.7064814814814815,0.110185185185185,0.0175925925925924,0.4,0.2166666666666666,5.585842383919112,35.120340298132746,0.0098802368470764,0.5,0.8,0.7,0.3,0.05,0.6,0.5,1.0,0.7
0.08,1.061298749766748,1.158469945355189,-0.2071784884697018,0.8223162833083697,0.5542413381123059,0.95450656393237,-0.183957072096863,0.0816468377838129,0.3165760869565217,0.0391304347826087,1.0,2.7944221064226515,0.0,0.1311990814780538,0.5884109916367981,0.0,0.5542413381123059,0.0,0.0341696535244921,0.0,0.1662280701754386,5.517643566294414,24.887267254613732,0.0185324324347793,0.5,0.85,0.9,0.1,0.05,0.4,0.5,1.0,0.9
0.11,1.0709524999007842,1.0858725761772878,-0.2285825310906233,0.1689875550472698,0.5516922094508301,0.3396065439757546,0.0733892760631489,0.4179486304708534,0.1894790602655771,0.0543820224719101,1.0,3.6427936320405983,0.0060969784173861,0.0812211070715174,0.6102171136653896,0.6950716845878135,0.5544699872286079,-0.0848545709224239,0.0557471264367817,0.7,0.6060457516339869,10.12374680675154,9.667147607934451,0.0630440151397919,0.5,0.85,0.9,0.1,0.1,0.6,0.5,1.0,0.9
0.08,1.0496601366912512,1.1522388059701507,-0.2520266599904541,0.0491316519502669,0.2646356033452807,0.0305461339679481,-0.0099752339020363,0.9898578979279476,0.1929347826086956,0.0391304347826087,1.0,2.8808856962610467,0.0051116915646543,0.0164797110855071,0.341816009557945,0.6555555555555556,0.2646356033452807,-0.3137395459976105,0.0771804062126643,0.2,0.4008771929824561,6.617571776691748,37.612449378693576,0.0122209553117665,0.5,0.85,0.2,0.8,0.1,0.95,0.5,1.0,0.2
0.07,1.0480098521687915,1.0362116991643493,-0.220436361765663,0.8818296514476122,0.6308243727598567,1.0858929298218178,-0.2159676447140718,0.0631503752751751,0.2354070660522273,0.0346236559139784,1.0,2.6795200450893892,0.0,0.0817830582008206,0.6236559139784946,0.3842443249701314,0.6093189964157707,0.2394115890083631,0.0143369175627239,0.2,0.3652046783625731,4.732903693700542,39.34161234854501,0.0177245068464802,0.5,0.85,0.95,0.05,0.05,0.4,0.5,1.0,0.95
0.09,1.0583309124785878,1.23875432525952,-0.347390772257361,0.4302400390412718,0.4335722819593787,0.8965713599539012,-0.1571073090060432,0.1051389717106366,0.3037240537240537,0.0445054945054945,1.0,2.975351878204252,0.0,0.062076932593477,0.4408602150537634,0.4654185867895545,0.4372759856630824,-0.0245583717357911,0.003584229390681,0.7,0.3257309941520468,4.2250953027263565,55.48138875244688,0.0095022256089006,0.5,0.85,0.9,0.1,0.1,0.4,0.5,1.0,0.9
0.12,1.078901283325885,1.1966666666666617,-0.2504081028059675,0.3025979925792042,0.4590996168582375,0.6800795980235427,-0.1227943996931337,0.1918520570251286,0.2168560606060606,0.06,1.0,3.732088251282601,0.0,0.0432366043003789,0.4617816091954023,0.5551459293394777,0.4590996168582375,-0.0933643201440754,0.0026819923371647,1.0,0.5241830065359476,10.327258524753782,8.722747935210112,0.0407647213157113,0.5,0.8,0.9,0.1,0.05,0.4,0.5,1.0,0.9
0.1,1.0581309786607809,1.1176470588235303,-0.2261828574853197,0.029459182987414,0.4759259259259258,0.0062750943015979,-0.00182841068917,0.7650369404897863,0.2055555555555555,0.0488888888888888,1.0,3.2859879456645484,0.0,0.054865519488564,0.5462962962962963,0.266179031696273,0.4685185185185185,0.2801172646000232,0.0777777777777777,0.1,0.6944444444444445,9.745792534670672,17.50711244586272,0.0453164130222303,1.0,0.85,0.0,0.9,0.05,0.95,1.0,1.0,0.1
0.06,1.028040113650474,1.0593220338983007,-0.107853939302756,0.2073989917801293,0.6278561827956989,0.0171672804570113,-0.0065984379208187,0.9826263268320788,0.2854609929078014,0.03,1.0,2.3885454475092796,0.0,0.041925501526155,0.6809475806451614,0.7140046296296297,0.6278561827956989,-0.0330570489844683,0.0530913978494624,1.0,0.3070175438596492,18.6467615706562,5.001233696748262,0.0680265236094512,0.5,0.75,0.1,0.8,0.2,0.95,0.5,1.0,0.1
0.09,1.0519433087369243,1.115942028985508,-0.2462363085331542,0.6564358070698968,0.5563918757467144,1.1144961949113723,-0.1803217879167246,0.089358500303353,0.2329059829059829,0.0445054945054945,1.0,3.3159800096589005,0.0,0.0528664601039166,0.5377538829151732,0.5839513039179335,0.5747909199522102,-0.0461974210027602,-0.0370370370370369,0.2,0.295029239766082,9.500093477920538,29.72196751871133,0.0260471519333878,0.5,0.85,0.9,0.1,0.0,0.3,0.5,1.0,0.9
0.1,1.0669551969151534,1.2495088408644384,-0.2074880113896267,0.90295255986573,0.4888888888888889,1.7219415084807912,-0.2264416315049225,0.0208732925186947,0.2861111111111111,0.05,1.0,3.4984557129460607,0.0,0.0642506101524238,0.4972222222222222,0.6059587813620072,0.474074074074074,-0.108736559139785,0.0231481481481481,0.4,0.3166666666666666,9.464900185531844,9.760427313366147,0.0453164130222303,0.5,0.9,0.95,0.0,0.0,0.2,0.5,1.0,1.0
0.1,1.071419326447671,1.278625954198477,-0.3500717711506675,0.9889900053880342,0.7481481481481483,2.583123825593243,-0.291420534458509,0.0048646304012159,0.3472222222222222,0.0488888888888888,1.0,3.566562702451723,0.0,0.1223103168188202,0.7444444444444445,0.5223214285714286,0.7342592592592593,0.2221230158730158,0.0101851851851851,0.4,0.1805555555555555,3.2852019531312195,40.91028676404782,0.0098802368470764,0.5,0.9,1.0,0.0,0.05,0.6,0.5,1.0,1.0
0.09,1.060438589164062,1.1062801932367194,-0.2136825210446837,0.0528036147713479,0.736678614097969,0.2305309625873151,-0.0581443872583113,0.5590355451318858,0.3415750915750916,0.0445054945054945,1.0,3.1276188641520015,0.0054514925724516,0.1091105451638437,0.7474313022700119,0.4289127837514934,0.7218637992831541,0.3185185185185184,0.0255675029868577,0.1,0.383625730994152,8.138903504446297,18.17468867926606,0.0294695942240536,0.5,0.85,0.9,0.1,0.05,0.4,0.5,1.0,0.9
0.07,1.0144273213726678,1.0873786407767,-0.1478831084198115,0.9092261561208996,0.6845878136200717,1.959553363213113,0.1874634557256828,0.0204829975719864,0.3218125960061444,0.0346236559139784,1.0,3.201534155458962,0.0,0.0783538382452875,0.7204301075268816,0.3921146953405017,0.6881720430107526,0.3283154121863799,0.032258064516129,0.1,0.2763157894736843,18.463053485646373,14.055835514903537,0.0789658179595127,0.5,0.85,0.9,0.1,0.05,0.4,0.5,1.0,0.9
0.05,1.0081161217497754,1.031963470319634,-0.086983513081563,0.2653056529442708,0.488239247311828,0.2419477643098492,-0.0427843803056026,0.5961521844866038,0.3078947368421052,0.0247368421052631,1.0,2.276757331954618,0.0,0.0209817072224538,0.4623655913978495,0.1163245356793744,0.488239247311828,0.3460410557184751,-0.0258736559139785,0.1,0.3789473684210527,18.85817879006781,9.234077646395818,0.1202386630645188,0.0,0.8,0.3,0.7,0.0,0.3,0.0,1.0,0.3
0.09,1.0259557268797015,1.1984732824427484,-0.1753119618715013,0.3925758374993306,0.4624850657108721,1.238107211112922,0.1378628539918862,0.0726410033860448,0.3495115995115995,0.0435164835164835,1.0,3.5494765255937137,0.0218382801185884,0.090762873402556,0.5538829151732377,0.2473715651135005,0.4660692951015532,0.3065113500597372,0.0878136200716845,0.1211832728374631,0.1900584795321636,14.089933702380886,7.786983527038641,0.082049574813573,0.5,0.8,0.9,0.1,0.15,0.75,0.5,1.0,0.9
0.04,1.009013605442177,1.0195530726256976,-0.0711715081902539,0.2511386359894197,0.375,0.0170951638731863,0.0044354838709678,0.8054272828164586,0.3307291666666667,0.0195833333333333,1.0,2.4498624519445533,0.0070740536926776,0.0397297570778097,0.5,0.5,0.5,0.0,0.0,1.0,0.0,0.0,8.102847916920414,0.0978107605135947,0.0,0.85,0.95,0.05,0.0,0.2,0.0,1.0,0.95
0.09,1.023976023976024,1.2129380053908354,-0.1461581531407902,0.0077153962654832,0.6371565113500597,0.1037516859785769,0.0156918350466737,0.7177895405061461,0.2716727716727717,0.0445054945054945,1.0,3.3755608481678507,0.0054520987771758,0.0405682286061995,0.6698924731182796,0.6735961768219831,0.6299880525686977,-0.0037037037037035,0.0399044205495818,0.7,0.4238304093567251,18.133441783619155,2.5417437485024834,0.156349745265194,0.5,0.75,0.65,0.35,0.1,0.8,0.5,1.0,0.65
0.09,1.0240616037303647,1.4246575342465766,-0.1670264989870076,0.0497449966879803,0.6540023894862604,0.0365332309965356,-0.0073890267438655,0.6820898284765962,0.2493894993894994,0.0435164835164835,1.0,3.413351871417849,0.0054551000094281,0.0417595430534298,0.6573476702508961,0.8055139528929852,0.6577060931899642,-0.1481662826420891,-0.000358422939068,0.3758250874886983,0.2654970760233919,16.8088644608567,5.5707579847328415,0.082049574813573,0.5,0.8,0.1,0.8,0.1,0.95,0.5,1.0,0.1
0.09,1.019636646432352,1.1069767441860467,-0.1382113428983331,0.6740100439495501,0.5739545997610515,2.045091844579388,0.1900271771239512,0.0399646986646379,0.2902930402930402,0.0445054945054945,1.0,3.346824825552416,0.0,0.0837806112828629,0.6034647550776583,0.5072238186462324,0.5739545997610515,0.0962409364314258,0.0295101553166068,0.7,0.2327485380116957,19.326623363096473,2.9593703529721083,0.1782431600642325,0.5,0.9,0.95,0.05,0.15,0.85,0.5,1.0,0.95
0.1,1.0254377090567726,1.190625,-0.1812564484957994,0.3781681712011152,0.5675925925925925,0.8812102353380771,0.0969175627240144,0.1678284445846581,0.2861111111111111,0.05,1.0,3.140048974125236,0.0,0.0557784298604108,0.6185185185185186,0.3603386077524009,0.5638888888888889,0.2581799107661177,0.0546296296296296,0.1,0.4499999999999999,18.289587394804443,5.773776627281936,0.1467554390427079,0.5,0.85,0.9,0.1,0.0,0.3,0.5,1.0,0.9
0.05,1.0097871563597889,1.0447058823529418,-0.0723310781392867,0.0606112071445544,0.5381384408602151,0.1858049934363208,0.0415619694397283,0.7159541016156523,0.3605263157894737,0.0247368421052631,1.0,2.5859823735611456,0.0,0.0933353929549779,0.5589717741935484,0.0,0.5381384408602151,0.0,0.0208333333333332,0.0,0.3684210526315788,19.67054275315788,2.781064374249614,0.1512290156630149,0.5,0.8,0.6,0.4,0.15,0.8,0.5,1.0,0.6
0.09,1.0240408380546788,1.1595744680851066,-0.1480799335503542,0.2233024134076059,0.4432497013142174,0.0885592719451309,-0.0151798022765765,0.5835920237243433,0.2506105006105006,0.0445054945054945,1.0,3.2159092581058935,0.0,0.0177130905421232,0.3992831541218637,0.6062909405512298,0.4395459976105138,-0.207007786429366,-0.04026284348865,0.1,0.5634502923976608,17.317606041204858,3.5360993955955085,0.1511197180052813,1.0,0.6,0.8,0.8,0.25,0.95,0.0,0.8,0.2
0.08,1.0112437068145073,1.095238095238095,-0.0890089459362217,0.0885082655574936,0.2553166069295101,0.0056673561664629,0.0010518934081347,0.7993513947333482,0.2296195652173913,0.04,1.0,2.8405342201103445,0.0,0.0312993676376753,0.2373954599761051,0.7886904761904763,0.2516129032258064,-0.5512950162143712,-0.0142174432497012,0.1,0.7340643274853802,20.857072248499456,0.5846616848483874,0.3443568977002769,0.0,0.85,0.95,0.05,0.05,0.3,0.0,1.0,0.95
0.1,1.024677439559063,1.1807228915662655,-0.179770726275422,0.0072408731681197,0.3925925925925926,0.164791237217379,-0.0248745519713261,0.7915374750016111,0.2722222222222222,0.05,1.0,3.5933937671380862,0.0,0.0413537475922268,0.3759259259259259,0.517547274749722,0.3851851851851851,-0.141621348823796,-0.0092592592592591,0.7,0.3777777777777777,18.117518970861084,5.48817813134122,0.0984932761501543,0.0,0.7,0.2,0.8,0.15,0.8,0.0,1.0,0.2
0.12,1.0382857277498634,1.1691919191919196,-0.2154298123579887,0.297057533881866,0.7388888888888889,0.0239676825568467,0.0046432062561095,0.97461059957248,0.3541666666666667,0.06,1.0,3.355793374101281,0.0,0.067853844741514,0.7357279693486589,0.4884920634920635,0.7388888888888889,0.2472359058565953,-0.00316091954023,0.2,0.2766339869281045,19.57986326953946,4.603888053392638,0.0965909240930027,0.5,0.85,0.9,0.1,0.05,0.4,0.5,1.0,0.9
0.12,1.0262498695334514,1.081081081081081,-0.1930891561711973,0.3399274868647694,0.386111111111111,0.2994368343314797,-0.039516129032258,0.5382477775257629,0.2083333333333333,0.06,1.0,3.7163984487372175,0.0,0.0236164281273622,0.3811302681992337,0.3208812260536398,0.3832375478927203,0.0602490421455938,-0.0021072796934866,1.0,0.5424836601307188,17.410845891186643,3.468218135256797,0.17571078479045,0.5,0.8,0.2,0.8,0.05,0.9,0.5,1.0,0.2
0.08,1.017225021539658,1.0520833333333326,-0.1212995271509165,0.0048608053830167,0.3590203106332139,0.0171416046313233,0.0034361851332397,0.893845445748042,0.2567934782608695,0.04,1.0,3.1079941966675784,0.0,0.0197486441670086,0.4562724014336918,0.5884109916367981,0.3554360812425328,-0.1321385902031063,0.1008363201911589,0.4,0.6568713450292398,19.41169687177857,2.7697576228329286,0.2740890886017931,0.5,0.7,0.1,0.8,0.2,0.95,0.5,1.0,0.1
0.03,1.008482475473769,1.0071942446043165,-0.0493243816887332,0.876610061904308,0.4921085858585858,0.8795228701001947,-0.1684292207072386,0.0914777445750026,0.4261168384879725,0.0148453608247422,1.0,2.0379015943240453,0.0030470045489866,0.0826685207030133,0.5,0.5,0.5,0.0,0.0,1.0,0.0,0.0,4.348373965059244,0.1122471607465531,0.5,0.9,0.95,0.05,0.05,0.9,0.5,0.8,0.95
0.07,1.0175080510879189,1.115089514066497,-0.1137008409292463,0.436364478505348,0.4336917562724014,0.8174739476210945,-0.1041771963728259,0.2064072106636107,0.357910906298003,0.0338709677419354,1.0,2.710343710121502,0.0095156068886183,0.0718780932047463,0.4480286738351254,0.3219310035842294,0.4301075268817204,0.126097670250896,0.0179211469534049,0.7,0.2988304093567251,15.70488543316636,3.6134260635072497,0.1244204741555941,0.5,0.85,0.9,0.1,0.15,0.6,0.5,1.0,0.9
0.11,1.0340802953635375,1.209580838323354,-0.2014954016368886,0.0008171640518794,0.3183908045977011,0.1381409728517402,0.0206464792909156,0.7535034676164175,0.2364657814096016,0.0543820224719101,1.0,3.7533093690078,0.0,0.0382180891816237,0.3707215836526181,0.2777259777259777,0.3118135376756066,0.0929956059266404,0.0589080459770115,0.7,0.5183006535947714,15.94638763293426,5.265444872135841,0.0886707414159945,0.5,0.8,0.2,0.8,0.1,0.95,0.5,1.0,0.2
0.15,1.028138581649353,1.3669064748201447,-0.2490496250213907,0.8240015522958196,0.6779967159277503,2.276465511756588,0.1426691967109424,0.0029892862702629,0.3205882352941177,0.0741176470588235,1.0,4.064324742264897,0.0072950386308717,0.0844499512978884,0.7177339901477833,0.3173762323067878,0.6779146141215108,0.4003577578409954,0.0398193760262725,0.1,0.2862745098039215,19.215257061766817,4.466093649197701,0.1950717540485712,0.5,0.85,0.9,0.1,0.2,0.8,0.5,1.0,0.9
0.07,1.017755895944782,1.0530973451327432,-0.1116996155404448,0.4266822649490676,0.568100358422939,0.6325247626567775,0.0947624002774887,0.1619068407339918,0.2630568356374808,0.0346236559139784,1.0,3.138540686872783,0.0,0.0471392616200705,0.6057347670250895,0.0,0.5752688172043011,0.0,0.0304659498207884,0.0,0.3966374269005847,20.2597304846142,3.1928419371040464,0.1681431701861383,0.5,0.85,0.9,0.1,0.0,0.3,0.5,1.0,0.9
0.15,1.038923432083075,1.2474226804123707,-0.249539131564876,0.552596066472763,0.6377668308702792,0.448871023134235,-0.0478937381404176,0.3982161241238398,0.2813725490196078,0.0741176470588235,1.0,4.241566067195228,0.0,0.0449688003706002,0.6327586206896552,0.5953582260033873,0.6376847290640394,0.0374003946862678,-0.0049261083743842,0.7,0.4039215686274511,20.992642197620977,3.153235438283171,0.1693277890587539,0.5,0.8,0.2,0.8,0.15,0.95,0.5,1.0,0.3
0.14,1.023079966589001,1.22289156626506,-0.2284877069483739,0.373285174849493,0.6028735632183908,0.4774408538586049,0.0479798521058836,0.3179543353244927,0.2720099667774086,0.07,1.0,3.4199612052696664,0.0,0.0462245435630044,0.602216748768473,0.5966329104321936,0.6052545155993432,0.0055838383362794,-0.0030377668308702,1.0,0.3872549019607844,18.340324041007317,4.950187044270912,0.1885795378712353,0.5,0.85,0.9,0.1,0.05,0.4,0.5,1.0,0.9
0.09,1.0221692754718543,1.110588235294118,-0.1527844664238964,0.2034956024614518,0.5491039426523298,0.2257637743774901,-0.0438063728386309,0.7586900175399225,0.21001221001221,0.0445054945054945,1.0,3.182895441461932,0.0054518038415106,0.0462670024733579,0.5599761051373955,0.0,0.5528076463560334,0.0,0.007168458781362,0.0,0.6140350877192983,18.013328261498692,5.229281642384059,0.1459802352103512,0.5,0.8,0.8,0.2,0.05,0.85,0.5,1.0,0.8
0.1,1.0279293897821704,1.1153846153846152,-0.1708435635894443,0.3728696109925692,0.5185185185185185,0.433283170597815,-0.0637992831541219,0.5616868391968461,0.2611111111111111,0.05,1.0,3.19391521470349,0.0,0.0346664853684728,0.537962962962963,0.3563609772174844,0.5185185185185185,0.1816019857454785,0.0194444444444444,0.1,0.4222222222222224,19.133117108188543,4.177774694990454,0.1265313555456286,0.5,0.8,0.2,0.8,0.15,0.95,0.5,1.0,0.2
0.1,1.0256353574876025,1.1461318051575933,-0.1615537288812223,0.1835299161188998,0.2861111111111111,0.2632251750631995,0.0377777777777778,0.8812382331453928,0.1972222222222222,0.0488888888888888,1.0,3.07797674384174,0.0,0.0307915814587593,0.324074074074074,0.1858711325340913,0.2861111111111111,0.1382029415399827,0.0379629629629629,0.4,0.6361111111111111,19.86530373661938,2.484431516511078,0.1628491879542152,0.5,0.8,0.8,0.1,0.0,0.3,0.5,1.0,0.8
0.08,1.0211630110928542,1.130548302872063,-0.1343678828398165,0.4644427131993542,0.5297491039426523,0.7282515040227586,-0.1071178120617111,0.3309890089111436,0.2894021739130434,0.04,1.0,2.956623808771051,0.0,0.0709847076366147,0.5313022700119474,0.4254480286738351,0.5297491039426523,0.1058542413381122,0.0015531660692951,0.4,0.5988304093567252,18.4269589315788,3.9920689812941,0.13025890221056,0.5,0.8,0.5,0.6,0.05,0.85,0.5,1.0,0.4
0.09,1.0201358332567922,1.1306818181818183,-0.1632165240940111,0.0166758959887204,0.4741935483870967,0.2294356856934806,-0.0366142817755722,0.7678766379329006,0.2564102564102564,0.0445054945054945,1.0,2.5746468078850757,0.0,0.0440863409782661,0.4667861409796893,0.5042269187986651,0.4777777777777777,-0.0374407778189757,-0.0109916367980883,1.0,0.5301169590643275,17.80423056165146,8.205233281313037,0.1215381503903065,0.5,0.8,0.2,0.8,0.15,0.95,0.5,1.0,0.2
0.1,1.0208725674827368,1.0082191780821912,-0.1588525309228956,0.170317281351871,0.5731481481481482,0.1959166222109284,0.0281720430107528,0.3608789197291755,0.2277777777777778,0.05,1.0,3.392551654521768,0.0,0.0361541473682069,0.612037037037037,0.3866071428571428,0.562037037037037,0.2254298941798941,0.05,0.7,0.3777777777777775,19.111779311740385,4.444847396470996,0.1798341549537923,1.0,0.6,0.1,0.8,0.1,0.3,0.5,1.0,0.2
0.08,1.020894540548677,1.031180400890869,-0.1407270774839282,0.0759991362304375,0.317921146953405,0.1801837697280325,0.0290673211781206,0.6982821681474236,0.2635869565217391,0.04,1.0,2.832574310857752,0.0,0.0371320676004421,0.4372759856630824,0.4913978494623656,0.314336917562724,-0.0541218637992831,0.1229390681003583,0.6579050194284821,0.5426900584795322,19.72175608444923,5.478964261931786,0.0948491160598595,0.5,0.7,0.2,0.8,0.2,0.95,0.5,1.0,0.2
0.09,1.0142610497850286,1.1657754010695194,-0.1209425804385702,0.5124576741595419,0.5020310633213859,0.831974002640283,-0.0959313088345346,0.2306240398165878,0.2445054945054945,0.0435164835164835,1.0,3.350888544829544,0.0,0.0451743000074057,0.5019115890083632,0.3914990421455939,0.4910394265232975,0.1104125468627693,0.0108721624850656,0.4,0.4491228070175439,19.73172964080148,2.4522445436641824,0.2631618646550512,0.5,0.85,0.9,0.1,0.15,0.6,0.5,1.0,0.9
0.07,1.0151309214957316,1.1443298969072164,-0.1339775024027867,0.0740693451108139,0.2347670250896057,0.0265199213635227,-0.0062732272929983,0.8711869135690009,0.2146697388632872,0.0338709677419354,1.0,2.9305861691914927,0.0,0.012724666354236,0.3028673835125448,0.6829823775388292,0.2365591397849462,-0.3801149940262844,0.0663082437275985,0.1,0.5543859649122806,18.638807389089795,10.827335032527262,0.0789658179595127,0.0,0.75,0.85,0.1,0.05,0.4,0.0,1.0,0.85
0.11,1.036034227065543,1.0775862068965518,-0.1938908871533129,0.3312319188912268,0.4621647509578544,0.4471787515673361,0.0593825167221325,0.3160097672459542,0.2331460674157303,0.0543820224719101,1.0,3.2340818205366464,0.0060967033727593,0.028602491551242,0.6085249042145594,0.4899744572158366,0.4649425287356322,0.1185504469987228,0.1435823754789272,0.2,0.5851307189542482,20.391280295560787,5.199432636403843,0.1214498606917018,0.5,0.8,0.8,0.1,0.05,0.9,0.5,1.0,0.8
0.12,1.0261426950982002,1.2115384615384606,-0.2307930610124735,0.2544111478802998,0.4568007662835249,0.4955575926924122,0.0542033235581622,0.6558573403829648,0.1884469696969696,0.06,1.0,3.383472354058549,0.0,0.0326033663859848,0.5252873563218391,0.5682862073543077,0.4596743295019156,-0.0429988510324685,0.0656130268199234,0.7,0.5879084967320263,19.055179470388396,9.440216076529184,0.1208916522650863,0.5,0.85,0.85,0.1,0.1,0.85,0.5,0.8,0.85
0.1,1.0214656539685352,1.1909814323607422,-0.1556287586720897,0.2685450914500826,0.5018518518518519,0.5480739816439419,0.0721863799283153,0.4725735215368875,0.2805555555555555,0.0488888888888888,1.0,3.644455237386545,0.0057820896892819,0.0474643003737105,0.549074074074074,0.5901785714285714,0.5018518518518519,-0.0411044973544973,0.0472222222222221,0.7,0.4638888888888889,20.12883032232408,3.333690041019519,0.1857114575982124,0.5,0.8,0.8,0.1,0.05,0.85,0.5,1.0,0.8
0.13,1.0178426109241965,1.129337539432176,-0.1752812322073234,0.3384289402233413,0.4586206896551724,0.5056032960176482,0.0630444083169334,0.1843206096236997,0.2214854111405835,0.0642528735632183,1.0,3.669183311016606,0.0067078826842103,0.042222069671317,0.4839080459770115,0.6113811728395061,0.4586206896551724,-0.1274731268624945,0.0252873563218391,0.4,0.5356209150326798,18.843685604165746,2.9414609770598252,0.2998744246944334,0.5,0.85,0.85,0.15,0.05,0.85,0.5,1.0,0.85
0.08,1.013439968023868,1.2229729729729737,-0.1163962889020666,0.2638754333930773,0.2320191158900836,0.4336017875838083,-0.0696704067321178,0.4270695021573246,0.248641304347826,0.04,1.0,3.2766166081332164,0.0,0.036738471035038,0.2209080047789725,0.699975281176616,0.2320191158900836,-0.4790672763976434,-0.0111111111111111,0.1,0.8330409356725146,18.092137523086496,3.309194508957554,0.2901024814517316,0.5,0.8,0.2,0.8,0.15,0.95,0.5,1.0,0.2
0.09,1.0154518638524204,1.0886075949367098,-0.1290011732024942,0.403536898593924,0.5618876941457587,0.8501692652860322,0.0946709204773721,0.1586873764182838,0.286019536019536,0.0435164835164835,1.0,3.0824626926955156,0.0,0.0476119788601361,0.5945041816009558,0.622860791826309,0.5618876941457586,-0.0283566102253532,0.0326164874551971,1.0,0.4505847953216374,18.98007307942435,3.5394555963640215,0.1839785203712004,0.5,0.85,0.9,0.1,0.05,0.4,0.5,1.0,0.9
0.09,1.0224082940055594,1.3418530351437703,-0.1517934576365043,0.2891055462376209,0.3168458781362007,0.3814288334437066,0.0559376107763203,0.5270166493165864,0.2295482295482295,0.0445054945054945,1.0,2.929364396872397,0.0,0.0298270368555448,0.4016726403823177,0.22862439747868,0.3168458781362007,0.1730482429036376,0.084826762246117,0.1,0.5795321637426901,16.632205163402034,3.9548289496033857,0.1168821929663763,0.5,0.8,0.3,0.8,0.1,0.95,0.5,1.0,0.3
0.08,1.0229023778590205,1.0668693009118535,-0.1348265374981294,0.1231548046420668,0.6089605734767024,0.5555799024654118,0.0823632538569424,0.229803221199332,0.3179347826086957,0.0391304347826087,1.0,3.239213093553328,0.0204608505755219,0.0843761987506521,0.6863799283154122,0.4903053523743179,0.6125448028673834,0.1960745759410942,0.0738351254480287,0.4,0.2764619883040935,18.259414284770735,3.358646928216883,0.1120075131586016,0.5,0.8,0.9,0.1,0.05,0.85,0.5,1.0,0.9
0.09,1.0146990624054846,1.1104972375690605,-0.1571093225962645,0.4001703916382598,0.6935483870967741,0.8371794548322834,-0.0983733112765372,0.1465864242543322,0.4136141636141637,0.0445054945054945,1.0,3.2861804662495606,0.0109058693764851,0.0803545607526471,0.6823178016726404,0.5126642771804062,0.6898446833930705,0.1696535244922342,-0.00752688172043,0.1,0.098830409356725,17.24905746057961,8.071684985662426,0.112298100188212,0.5,0.9,0.9,0.1,0.05,0.4,0.5,0.8,0.9
0.05,1.013502089321514,1.0593406593406594,-0.0810443645415535,0.4229494845906226,0.440524193548387,0.1778738398224366,-0.0405432937181663,0.8680557198936337,0.3368421052631579,0.0247368421052631,1.0,2.28427113896071,0.0039749885607446,0.04282160778526,0.5307459677419355,0.0,0.4353158602150537,0.0,0.0954301075268817,0.0,0.4105263157894736,16.75753903025691,4.936059416568097,0.1202386630645188,0.5,0.9,0.1,0.9,0.05,0.95,0.5,1.0,0.1
0.07,1.0118016165377393,1.0682261208576993,-0.0874183412120028,0.550845530099549,0.4193548387096774,0.6798536491527835,-0.0842475595857489,0.402146999299605,0.3329493087557603,0.0331182795698924,1.0,2.6081212421992817,0.0047577748268893,0.0653344808982899,0.3942652329749104,0.0,0.4121863799283154,0.0,-0.017921146953405,0.0,0.3198830409356724,19.016364602895376,1.4677384981255788,0.3094875595251594,0.5,0.9,0.9,0.1,0.05,0.4,0.5,1.0,0.9
0.1,1.0270495214315438,1.093023255813954,-0.1677034101409504,0.1799517268646001,0.5972222222222222,0.5342720061337488,-0.0724731182795699,0.3919150270266208,0.2833333333333333,0.0488888888888888,1.0,3.4634451801994293,0.0115652930053934,0.0568027970033143,0.5898148148148148,0.4093253968253967,0.6,0.180489417989418,-0.0101851851851851,0.2,0.3,18.228694912408372,3.619352564676273,0.1467554390427079,0.5,0.85,0.7,0.4,0.05,0.9,0.5,1.0,0.6
0.11,1.0408103517004452,1.137349397590362,-0.1818705318877187,0.4565256000090918,0.5208812260536398,0.7366323900337869,0.0901051105472998,0.3377502352854712,0.2551072522982635,0.0531460674157303,1.0,3.520917593240694,0.00610041043478,0.0483954260005326,0.6343550446998723,0.5760240655401946,0.5181034482758621,0.0583309791596776,0.1162515964240101,0.7,0.4709150326797388,20.166520825758916,1.782918194440719,0.1580180359376581,0.5,0.85,0.9,0.1,0.2,0.75,0.5,1.0,0.9
0.13,1.0273935767122817,1.4358974358974363,-0.211387167226166,0.339123947553963,0.6908045977011494,0.0952766101920257,0.0138102164798495,0.8939821845456368,0.349027409372237,0.0642528735632183,1.0,3.5524247960105675,0.0067077412948972,0.0567535157363763,0.7465517241379311,0.48108324625566,0.6879310344827587,0.265468477882271,0.0586206896551724,0.1,0.1852941176470588,19.43741647391842,4.5116925848659,0.1759862567685323,0.5,0.8,0.8,0.2,0.05,0.4,0.5,1.0,0.8
0.11,1.0179071900685617,1.297297297297296,-0.1551757662403554,0.1844314704108939,0.6768837803320561,0.5736019485042919,0.0611090974990939,0.1770628501085568,0.3544433094994892,0.0543820224719101,1.0,3.61958362756887,0.0121981766605633,0.0903850556011526,0.6920498084291187,0.5759369488536156,0.6768837803320561,0.1161128595755031,0.0151660280970625,0.4,0.30718954248366,18.761761312638228,2.4218409711982787,0.2697733292097824,0.5,0.8,0.9,0.1,0.05,0.85,0.5,1.0,0.9
0.15,1.017338480911066,1.0843989769820963,-0.1751291566601496,0.2201047314652641,0.5761083743842365,0.0579191299675469,0.0097153700189752,0.8696250309524733,0.2156862745098039,0.0741176470588235,1.0,4.055879691519441,0.0,0.026545671240328,0.5830870279146141,0.5133542085154988,0.5738095238095239,0.0697328193991152,0.0092775041050902,0.2,0.4313725490196077,20.285777831465136,2.3840140163900365,0.3037141565369671,0.5,0.8,0.1,0.85,0.15,0.95,0.5,1.0,0.1
0.05,1.013635263426835,1.0694444444444444,-0.0826652602734223,0.5180482922589678,0.7573924731182796,0.3170122704133631,-0.0656706281833615,0.7577177067679179,0.3894736842105263,0.0242105263157894,1.0,2.557558733510754,0.0079523887488363,0.0718446282863869,0.7525201612903226,0.7316868279569894,0.7573924731182796,0.0208333333333332,-0.0048723118279569,1.0,0.0736842105263158,18.507804601955307,4.050174003048092,0.1202386630645188,0.0,0.8,0.1,0.8,0.15,0.95,0.0,1.0,0.1
0.08,1.013328700056081,1.0780141843971631,-0.1122164827775247,0.168781115050581,0.2831541218637992,0.2472036935062214,-0.0422159887798037,0.5935343118437361,0.1997282608695652,0.04,1.0,3.274299141987057,0.0,0.0219842845005907,0.3069295101553166,0.5347091605712295,0.2831541218637992,-0.2277796504159129,0.0237753882915173,0.2,0.6652046783625731,20.260876088933745,3.355311491791044,0.170669461317231,0.5,0.8,0.2,0.8,0.15,0.9,0.5,1.0,0.2
0.11,1.0273818782696675,1.1258278145695355,-0.2033313639452751,0.0807732905277882,0.4505108556832695,0.3226601991887835,-0.0432501894625853,0.3489240562144329,0.2640449438202247,0.0543820224719101,1.0,3.6480112361273584,0.0121989477105916,0.0395242516592125,0.4679438058748403,0.6494252873563219,0.4440293742017879,-0.1814814814814815,0.0239144316730524,0.4,0.3209150326797384,17.36439287360675,6.179141435700588,0.1264223259520071,0.5,0.85,0.2,0.8,0.05,0.95,0.5,1.0,0.2
0.09,0.9988692046739538,1.1020408163265307,0.0085963941229327,0.4347612670088909,0.3608124253285543,0.6354858509575344,-0.0817352582058464,0.231740399270441,0.278998778998779,0.0425274725274725,1.0,2.868279346035095,0.0109220700685134,0.0347291870919531,0.346594982078853,0.6010257024265645,0.3536439665471922,-0.2544307203477114,-0.0070489844683392,0.2,0.3687134502923976,19.03859685411168,-0.6090833257152233,0.3214992070499108,0.5,0.85,0.85,0.15,0.15,0.6,0.5,1.0,0.85
0.05,0.9981167608286252,1.103448275862069,0.0109331516047527,1.017781983273868,0.5498991935483871,1.1586569135664715,-0.1442724458204334,0.0384762618275222,0.431578947368421,0.0247368421052631,1.0,1.9609474957722384,0.0039770785387255,0.0801018771013908,0.5551075268817204,0.0,0.5551075268817204,0.0,0.0,0.0,0.0368421052631579,19.93853672944268,-0.7150045498645983,0.2848161699887707,0.5,0.8,0.8,0.2,0.05,0.3,0.5,1.0,0.8
0.09,1.0026860047127577,1.1578947368421049,-0.1155530650055891,0.5583009001388995,0.654599761051374,1.265524865284649,0.1384759031817855,0.1521513766653167,0.318070818070818,0.0415384615384615,1.0,3.373515973615338,0.0054634903245778,0.075733344785876,0.6768219832735962,0.621743295019157,0.6473118279569892,0.0550786882544391,0.029510155316607,0.7,0.2698830409356724,17.861248500725864,9.773531384610312,0.1077836838796578,0.5,0.8,0.9,0.1,0.1,0.6,0.5,1.0,0.9
0.08,0.9964178164426162,1.25,0.020196404328547,0.0629833011492066,0.6308243727598566,0.5486726470473476,0.0812020460358056,0.1688335173095561,0.3627717391304348,0.037391304347826,1.0,2.9896424440522225,0.0051195895213786,0.0753562583010774,0.6400238948626046,0.5624850657108722,0.6308243727598566,0.0775388291517323,0.0091995221027479,0.5065551690490403,0.320175438596491,19.91593593462016,-0.4903532960433723,0.2664067193691003,0.5,0.85,0.75,0.25,0.05,0.9,0.5,1.0,0.75
0.13,0.9982250405813372,1.283018867924528,0.0151918359787923,0.0218604580065453,0.5678160919540229,0.4691524285594093,0.0611119779476777,0.2745909732501482,0.3072502210433244,0.0627586206896551,1.0,3.64294836454513,0.0,0.0606511597261262,0.5614942528735631,0.3228106185002737,0.5649425287356321,0.2386836343732894,-0.0034482758620689,0.2,0.3467320261437908,21.235597103324046,-0.9602911430323022,0.4273674003217994,0.5,0.8,0.1,0.85,0.1,0.95,0.5,1.0,0.1
0.11,0.999676733638314,1.1555555555555552,-0.0189594628134887,0.617125856929414,0.6097381864623244,0.1860097553802134,-0.027458991768311,0.7224945724949905,0.3056690500510725,0.0543820224719101,1.0,3.5082081529169695,0.0244187792493152,0.0653946952278373,0.6079821200510855,0.647294760197986,0.6126117496807152,-0.0393126401469005,-0.0046296296296296,1.0,0.2859477124183007,19.959759839517137,0.206147554748596,0.3030128812523897,0.5,0.8,0.8,0.2,0.05,0.4,0.5,1.0,0.8
0.1,1.0031450969347038,1.2500000000000004,-0.13010303845097,0.0162169117030529,0.7175925925925926,0.1904294164842546,0.0294117647058823,0.7070064337704788,0.3527777777777778,0.0466666666666666,1.0,3.4460655458754124,0.0115884035760012,0.0497703727622851,0.7175925925925926,0.0,0.7175925925925926,0.0,0.0,0.0,0.2611111111111113,16.484732298381665,10.46171114108922,0.1364768486710987,0.5,0.8,0.8,0.2,0.05,0.9,0.5,1.0,0.8
0.07,0.9963994415460355,1.1228070175438596,0.0182134559522079,0.4109971225834879,0.4910394265232975,0.0919374414876501,-0.018071744826963,0.8595244089874463,0.3006912442396313,0.0338709677419354,1.0,2.9431084898650512,0.0047582613932671,0.0575257178037601,0.489247311827957,0.6161784699048325,0.4910394265232975,-0.1269311580768755,-0.0017921146953405,0.7,0.4279239766081871,19.65361131050116,-0.2517739411040209,0.2612007705454884,1.0,0.85,0.7,0.3,0.2,0.75,1.0,1.0,0.7
0.09,0.9998514254898831,1.1153846153846152,-0.0193966690462342,0.2203585597042024,0.3419354838709678,0.7224982497555079,0.0892767363355599,0.1876554596559823,0.3055555555555556,0.0445054945054945,1.0,3.40053311323581,0.0109115133536009,0.0743677137716403,0.3419354838709678,0.6763290229885057,0.3419354838709678,-0.3343935391175379,0.0,0.1,0.4236842105263156,20.827725704635338,-0.3069203764781667,0.3505162158555575,0.5,0.8,0.7,0.3,0.1,0.6,0.5,1.0,0.7
0.09,1.004043911666325,1.1428571428571428,-0.0628851801104609,0.0800107159389173,0.5383512544802868,0.2469684981369016,-0.043596925949867,0.7062122082107822,0.2597680097680098,0.0445054945054945,1.0,3.1304903441629013,0.010914009996822,0.0520646996732825,0.5309438470728792,0.7382232462877624,0.5383512544802868,-0.2072793992148831,-0.0074074074074075,0.1,0.3722222222222221,19.426330225436818,1.120092005939413,0.1898269280081871,0.5,0.85,0.2,0.8,0.05,0.9,0.5,1.0,0.2
0.1,0.996437808032011,1.4687500000000009,0.02683299624333,0.2814215811818533,0.512037037037037,0.0064994475784509,0.0013071895424836,0.9677193154636684,0.2944444444444444,0.05,1.0,3.0763726612007916,0.0,0.0394262175975709,0.5009259259259259,0.6517191620639897,0.5185185185185185,-0.1507932361380638,-0.0175925925925926,0.4,0.1444444444444445,20.41461401915453,-0.1557221403556523,0.223558178369131,0.5,0.85,0.9,0.1,0.0,0.3,0.5,1.0,0.9
0.12,0.9989530622927936,1.0833333333333333,-0.0063155437738025,0.6124370399586881,0.3462643678160919,0.7085002053720117,-0.0753119429590017,0.1346952698412146,0.2149621212121212,0.0586363636363636,1.0,3.709503964787492,0.0064111697473573,0.0284797611532705,0.3349616858237548,0.399504740717199,0.3462643678160919,-0.0645430548934442,-0.0113026819923371,1.0,0.5212418300653596,19.30686131169822,-0.611805040079755,0.2973518888443784,0.5,0.8,0.8,0.2,0.05,0.4,0.5,1.0,0.8
0.1,1.0010505778178,1.12,-0.0349973030158997,0.4339244520539601,0.5805555555555555,0.9004132381719053,0.1032679738562091,0.1173250660133273,0.3027777777777777,0.05,1.0,3.4708758273526135,0.0,0.0580402090202236,0.5851851851851851,0.5689747868001483,0.5787037037037036,0.0162103983850367,0.0064814814814815,1.0,0.3722222222222222,20.364058490730656,0.1817489856315646,0.3456956344401236,0.5,0.85,0.9,0.1,0.1,0.8,0.5,1.0,0.9
0.08,1.0060362173038229,1.0576923076923073,-0.0521442760037707,1.026628915277101,0.6739545997610513,0.901036462072958,-0.1029411764705882,0.0744161787075016,0.3641304347826086,0.04,1.0,2.463992305939673,0.0,0.0547978889852223,0.6632019115890084,0.7797619047619048,0.6739545997610513,-0.1165599931728963,-0.0107526881720428,0.7,0.2461988304093568,20.74323722324358,-0.5521933431440447,0.3070669405954246,0.5,0.8,0.4,0.6,0.05,0.9,0.5,1.0,0.4
0.13,1.0013398208871027,1.414634146341463,-0.019600637163171,0.4224290998869926,0.4385057471264368,0.4841982982255102,-0.0570551828158318,0.1923147102111342,0.2110963748894783,0.0642528735632183,1.0,3.4604329809940673,0.0134292787654147,0.0257765416643804,0.4017241379310345,0.5437229437229437,0.4379310344827585,-0.1419988057919092,-0.036206896551724,0.7,0.4401960784313724,19.943355840578167,-0.5263718581933583,0.327456073711711,0.5,0.8,0.7,0.3,0.15,0.6,0.5,0.8,0.7
0.05,1.003420191432297,1.137931034482759,-0.0379349818222386,0.2984442008043934,0.5403225806451614,0.1831753581000879,-0.0352941176470588,0.7256702650887616,0.3552631578947368,0.0247368421052631,1.0,1.903791578480169,0.0079548982144391,0.069018861840373,0.535114247311828,0.0,0.5455309139784946,0.0,-0.0104166666666666,0.0,0.2210526315789474,19.125785183035863,0.4177917568089553,0.2092574832862171,0.5,0.85,0.75,0.2,0.1,0.4,0.5,1.0,0.8
0.07,1.0017162271023785,1.103448275862069,-0.0813053534134327,0.2130997009829194,0.3637992831541218,0.3618480524398887,0.0613535736875394,0.2316658749308753,0.2980030721966206,0.0331182795698924,1.0,3.1712759774699992,0.0,0.0289734634497065,0.3655913978494623,0.8538074712643677,0.3691756272401433,-0.4882160734149054,-0.003584229390681,0.1,0.3616959064327485,18.218923508992795,9.789116026845738,0.1681431701861383,0.5,0.8,0.2,0.8,0.1,0.95,0.5,1.0,0.2
0.07,0.9966501616321428,1.0666666666666669,-0.0044277289547375,0.0093152482851437,0.3207885304659498,0.0913019389117661,0.0168970814132105,0.9674034316733368,0.271121351766513,0.0346236559139784,1.0,2.546258492787526,0.0238009741107864,0.0365178216750329,0.3351254480286738,0.0,0.3154121863799283,0.0,0.0197132616487455,0.0,0.6209064327485381,19.399184088542754,0.1501410398240126,0.2924323928798953,0.5,0.7,0.1,0.8,0.15,0.85,0.5,1.0,0.1
0.11,0.9984642988257314,1.365853658536585,-0.0079105052532457,0.4347640897128387,0.5351213282247765,0.7108438877065544,0.0895872138436579,0.3214008797386097,0.2688968335035751,0.0543820224719101,1.0,3.506897192457751,0.0183081233957469,0.0569941254493744,0.5313218390804597,0.341602809706258,0.5378991060025543,0.1897190293742017,-0.0065772669220945,0.2,0.3552287581699345,20.523407668046627,0.0157053216171489,0.3210473365082304,0.5,0.85,0.8,0.2,0.1,0.4,0.5,1.0,0.8
0.09,1.0033024971513549,1.2682926829268288,-0.0559033962232365,0.0312965588683561,0.1973715651135006,0.1947328392009619,0.0268620268620268,0.7377378643639829,0.2313797313797314,0.0445054945054945,1.0,3.1898412326096337,0.0054549030554489,0.0217440587714086,0.2009557945041815,0.2193843193843193,0.2046594982078853,-0.0184285248801377,-0.0037037037037037,1.0,0.5508771929824561,19.834481531560662,0.4674776971757906,0.2343528193818043,0.5,0.8,0.3,0.7,0.05,0.9,0.5,0.8,0.3
0.07,1.0004117140672537,1.0612244897959184,-0.0104700470275605,0.7504078814335798,0.6075268817204301,0.7208515673508255,-0.0956898888587692,0.2629228090158869,0.3206605222734255,0.0338709677419354,1.0,2.961648457719334,0.0142857031792438,0.0579316828417224,0.5949820788530465,0.6788125976112628,0.6075268817204301,-0.0838305187582162,-0.0125448028673835,1.0,0.3929824561403507,20.07122284504337,-0.6471365400712541,0.347145201150277,0.5,0.85,0.85,0.15,0.0,0.3,0.5,1.0,0.85
0.12,0.9992163009404388,1.3555555555555552,-0.0089419599773859,0.6350793029711009,0.4460727969348659,0.7119926010996502,-0.0831105169340463,0.2195082786353429,0.1808712121212121,0.0572727272727272,1.0,3.469318645374942,0.0064145155415319,0.0279562463647654,0.4485632183908046,0.5523200381376132,0.4546934865900383,-0.1037568197468086,-0.0061302681992337,0.7,0.5771241830065359,19.911551462141286,-0.2941176971409289,0.3340717404545705,1.0,0.85,0.1,0.8,0.0,0.9,1.0,0.8,0.1
0.09,0.9994196917918632,1.1707317073170724,-0.0883306876735519,0.4550795635038825,0.5694145758661887,0.2738997655775582,-0.0442433383609854,0.577564289078832,0.333028083028083,0.0445054945054945,1.0,3.305552044067685,0.038253785290039,0.0875641641683761,0.5614097968936679,0.6304358237547892,0.5694145758661887,-0.0690260268611213,-0.0080047789725208,0.7,0.2339181286549707,16.71804694978661,9.295851297616537,0.1898269280081871,1.0,0.85,0.1,0.8,0.05,0.95,1.0,0.8,0.1
0.14,1.0007427198981411,1.311111111111111,-0.0313087519293341,0.1144601367384308,0.4871100164203612,0.034148116746543,-0.0056673832323625,0.9720091445382192,0.2196843853820597,0.07,1.0,3.9476375309478735,0.0,0.0298122051033747,0.5233990147783251,0.5821018062397373,0.4871100164203612,-0.0587027914614122,0.0362889983579638,0.7,0.5369281045751635,20.322567857667483,0.1271200589180416,0.3299834604515559,0.5,0.85,0.85,0.1,0.05,0.4,0.5,1.0,0.85
0.09,1.005272754151678,1.2142857142857142,-0.0511614474221023,0.3348546166947865,0.5149342891278376,0.2206216037402385,-0.0375637434460964,0.5588523595408208,0.2457264957264957,0.0445054945054945,1.0,3.228470095468231,0.0109116447131627,0.0562540258078581,0.4967741935483871,0.7872257053291536,0.5149342891278376,-0.2904515117807665,-0.0181600955794504,0.1,0.6831871345029239,20.328733033872417,-0.2770901621689687,0.2484073547621114,0.5,0.85,0.9,0.1,0.0,0.3,0.5,1.0,0.9
0.12,1.0038038884192728,1.270833333333334,-0.0578046338442152,0.1069710911586954,0.7968390804597701,0.3370770475528648,0.0450089126559714,0.4199822037840199,0.3229166666666667,0.0545454545454545,1.0,3.8178622796375983,0.0,0.0900976529481977,0.8027777777777777,0.4934952874020974,0.7968390804597701,0.3092824903756803,0.0059386973180075,0.4,0.1464052287581699,18.927237215466903,0.7126378683816981,0.2490564267978769,0.5,0.8,0.8,0.2,0.05,0.9,0.5,1.0,0.8
0.14,0.9974114553373328,1.125,0.0097607450325293,0.1023241419789317,0.6188834154351396,0.3047186806244663,0.0384991205784639,0.4551346584927264,0.2433554817275747,0.0683720930232558,1.0,3.926678346232696,0.0,0.05861227274756,0.6117405582922824,0.6223864258347017,0.6188834154351396,-0.0106458675424193,-0.0071428571428572,1.0,0.4274509803921567,21.35922472509638,-0.6738914743671924,0.3712962550508045,0.5,0.8,0.2,0.8,0.1,0.95,0.5,1.0,0.2
0.05,1.0006999480683694,1.0612244897959189,-0.011555925659854,0.1693854517960907,0.46875,0.0669636595914918,-0.01671826625387,0.7987101718135923,0.3342105263157895,0.0242105263157894,1.0,1.8576327867915017,0.0039782384046517,0.0327674822182966,0.4265793010752688,0.4978718637992831,0.457997311827957,-0.0712925627240143,-0.0314180107526881,1.0,0.4105263157894736,18.72864661871405,0.1324042945335275,0.2618589852798218,0.5,0.8,0.2,0.8,0.05,0.9,0.5,0.8,0.2
0.09,1.002119967637209,1.0333333333333334,-0.0337313624959659,0.0496750730894949,0.2646356033452807,0.1406936227725981,0.0225526107879049,0.2143171780152002,0.2594627594627594,0.0445054945054945,1.0,3.350605516510249,0.0109117760774687,0.031766493727698,0.2351254480286738,0.694508744855967,0.2755077658303465,-0.4593832968272932,-0.0403823178016726,0.1,0.3330409356725146,20.420185489538564,-0.0467543692388012,0.2950781025941639,0.5,0.9,0.2,0.8,0.05,0.95,0.5,0.8,0.2
0.14,1.005468808527488,1.3636363636363635,-0.1890898661809492,0.2517491261297873,0.7339901477832512,0.6870634868667653,0.0691811608364275,0.1818141330959846,0.2857142857142857,0.0683720930232558,1.0,3.721881105532605,0.0070092248833981,0.0704029515288278,0.7195402298850575,0.570442054958184,0.7339901477832512,0.1490981749268735,-0.0144499178981937,0.1,0.276470588235294,19.306131589286533,9.82051021928795,0.2153486462584249,0.5,0.85,0.9,0.1,0.1,0.85,0.5,1.0,0.9
0.1,1.0076759758288425,1.0731707317073171,-0.1797959338526098,0.2909024059039348,0.625,0.4940715811220648,-0.0686274509803921,0.0630482529269934,0.3972222222222222,0.0488888888888888,1.0,3.3686684888696794,0.0115811622770033,0.064757319144776,0.5935185185185187,0.3906554019457245,0.6222222222222222,0.2028631165727941,-0.0287037037037035,0.0765225004750592,0.1388888888888889,17.955907906324327,13.411594410143133,0.2104164901127962,0.5,0.8,0.3,0.8,0.15,0.9,0.5,1.0,0.3
0.08,1.0005149709409251,1.0961538461538465,-0.0970929402634523,0.0904297346844874,0.525089605734767,0.1458851137513198,0.0239769820971867,0.6117748942629123,0.28125,0.04,1.0,3.147101832014908,0.0,0.0278230984014494,0.5252090800477897,0.3997610513739546,0.5467144563918757,0.125448028673835,-0.021505376344086,0.2,0.5359649122807018,18.752010836480288,8.715488716528371,0.1600200036503171,0.5,0.9,0.1,0.9,0.0,0.9,0.5,1.0,0.1
0.05,0.9992477736526654,1.1739130434782608,-0.0032652780460245,0.0335550297743986,0.6149193548387096,0.5746322972445447,0.096594427244582,0.3674566559971414,0.4552631578947368,0.0247368421052631,1.0,2.69752185609948,0.0198977148539146,0.091882296108943,0.6255040322580645,0.0,0.6256720430107526,0.0,-0.0001680107526881,0.0,0.0157894736842105,18.826296640312616,-0.2974199771615793,0.2848161699887707,0.5,0.8,0.8,0.1,0.0,0.3,0.5,1.0,0.8
0.12,1.005004170141785,1.3111111111111111,-0.0846866494233301,0.2697443444778424,0.7280651340996168,0.7732097666972101,0.0915775401069518,0.2032918060837542,0.2945075757575757,0.0586363636363636,1.0,3.575217305652969,0.0128274442681216,0.0880903376887443,0.7448275862068966,0.3943336511467768,0.7393678160919541,0.3504939350601198,0.0054597701149424,0.1,0.3228758169934638,18.81660054669088,0.6590257610590289,0.2804424001615672,0.5,0.85,0.85,0.1,0.2,0.85,0.5,1.0,0.85
0.1,1.0031409501374169,1.0,-0.038195168848879,1.1104820565365534,0.7259259259259259,0.9999544056765836,-0.1183006535947712,0.0309145079419861,0.3,0.0488888888888888,1.0,3.4000848764342644,0.0,0.0679203234735052,0.712037037037037,0.5555555555555555,0.7259259259259259,0.1564814814814815,-0.0138888888888888,0.2,0.1722222222222219,20.628700268369283,-0.532912376826717,0.355874120934971,0.5,0.8,0.7,0.3,0.05,0.4,0.5,1.0,0.7
0.09,1.0000449346201277,1.1666666666666667,-0.00802303738486,0.5220526279795201,0.5933094384707288,0.0678205766606618,-0.0132155426273073,0.9903139254936912,0.3183760683760684,0.0425274725274725,1.0,3.0680488982908356,0.0,0.0485741744552069,0.5461170848267622,0.7367084826762246,0.5897252090800478,-0.1905913978494623,-0.0436081242532855,0.2,0.2777777777777777,19.46999040431497,-0.388669422402903,0.2708241992361264,0.5,0.85,0.2,0.8,0.05,0.9,0.5,1.0,0.2
0.11,1.0106656020076423,1.2941176470588232,-0.0905950091199529,0.3939285395560807,0.5538314176245211,1.103651306659708,0.1247972120410983,0.1505337730277365,0.34244126659857,0.0543820224719101,1.0,3.56165003773234,0.0305456790190801,0.0819218188801354,0.5778097062579821,0.584893136864463,0.540676883780332,-0.0070834306064808,0.0371328224776501,1.0,0.3151960784313725,20.31216300715944,0.1747247868894312,0.246957644961015,1.0,0.85,0.1,0.8,0.0,0.9,1.0,1.0,0.1
0.1,0.9982830512631836,1.1578947368421049,0.0157157138569494,0.0857557715858397,0.6990740740740741,0.2089202063733683,0.0300653594771242,0.5058101492210673,0.2888888888888889,0.0488888888888888,1.0,3.132103529133073,0.0115688796773237,0.0752146873360402,0.674074074074074,0.6962805393839876,0.6722222222222222,-0.0222064653099135,0.0018518518518518,1.0,0.3055555555555554,20.4930016157152,-0.9981928529470276,0.3886248861814219,0.5,0.8,0.85,0.15,0.05,0.6,0.5,1.0,0.85
0.07,1.006243640943583,1.11764705882353,-0.0887107464869103,0.5964948069502902,0.4480286738351254,0.1639110815095733,-0.031264118550646,0.5953636128762176,0.3463901689708141,0.0338709677419354,1.0,3.1098479247696753,0.0047577319017277,0.0722837351557737,0.4498207885304659,0.4677419354838709,0.4695340501792114,-0.017921146953405,-0.0197132616487454,1.0,0.2698830409356725,18.94483080888523,5.717495535625337,0.220136011740535,0.5,0.8,0.2,0.8,0.15,0.95,0.5,0.8,0.2
0.11,0.9997846768194808,1.0625,-0.001941442530959,0.0725494904915731,0.4950830140485312,0.2909110334006611,-0.0389352881091149,0.5482971196416909,0.2826864147088866,0.0531460674157303,1.0,3.157650729268691,0.0122119674575146,0.0463759142870202,0.48470625798212,0.0,0.4950830140485312,0.0,-0.0103767560664111,0.0,0.2026143790849671,19.698655752750884,-0.131233428254156,0.3119010114745237,0.5,0.8,0.2,0.8,0.15,0.95,0.5,0.8,0.2
0.12,1.0102307764178264,1.1632653061224485,-0.1854385153857163,0.5968322072253741,0.6281609195402299,0.3848963559733667,0.0501336898395722,0.2616387336975934,0.315340909090909,0.0586363636363636,1.0,3.660885683511751,0.0064127162845279,0.0417337215891027,0.611111111111111,0.5879464285714286,0.6280651340996168,0.0231646825396824,-0.0169540229885057,1.0,0.2192810457516339,20.794948390716726,9.234577820505493,0.1697948483075147,0.5,0.8,0.2,0.8,0.05,0.9,0.5,1.0,0.2
0.11,1.0010654784967066,1.1538461538461535,-0.007897902413031,0.2242274483876022,0.3694763729246488,0.2236358990636652,-0.0394159706783632,0.6123859946787993,0.1897344228804903,0.0519101123595505,1.0,3.541300760132587,0.0061080845697963,0.0340007184832692,0.3528097062579821,0.5835437192118227,0.3694763729246488,-0.2307340129538406,-0.0166666666666667,0.1,0.5843137254901961,19.50128482618938,-0.5536710068525359,0.2943686619507687,0.5,0.85,0.3,0.75,0.0,0.9,0.5,1.0,0.3
0.1,0.99906191369606,1.068181818181818,-0.0278905095288054,0.5305681498169749,0.7037037037037037,0.3562189635050819,-0.0509803921568627,0.3739974246470654,0.2861111111111111,0.05,1.0,3.564865547303756,0.0,0.0668410441826945,0.724074074074074,0.3954741379310345,0.7111111111111111,0.3285999361430395,0.0129629629629628,0.1,0.3333333333333333,20.539679573472228,1.006209699825602,0.2591131035603004,0.5,0.8,0.7,0.3,0.05,0.9,0.5,1.0,0.7
0.12,1.0022794314829715,1.169811320754717,-0.0281176831983837,0.2035174482910837,0.6098659003831418,0.0332208890096844,0.0053475935828876,0.9744132419201054,0.1922348484848484,0.0586363636363636,1.0,3.6566582685465536,0.0064107253249682,0.0327569931235649,0.5932950191570882,0.5184255940528342,0.6098659003831418,0.0748694251042539,-0.0165708812260536,0.2,0.561111111111111,20.69141868729574,-0.5681512616105366,0.3151918425227835,0.5,0.8,0.8,0.2,0.05,0.9,0.5,1.0,0.8
0.14,1.0070967474964825,1.0909090909090908,-0.0645839456924871,0.6209411116921421,0.5761904761904763,0.4051723372570657,-0.0459253468829391,0.2907704535970223,0.3019102990033223,0.07,1.0,3.4710360979904067,0.0,0.0662784790157457,0.5834154351395732,0.5147130647130647,0.5780788177339901,0.0687023704265085,0.0053366174055831,0.4,0.3676470588235293,20.81420899488588,-0.6046019501145032,0.3824584080046163,0.5,0.85,0.8,0.2,0.05,0.85,0.5,1.0,0.8
0.07,1.00067489736993,1.304347826086956,-0.0223745971567387,0.0862286714171913,0.5519713261648745,0.3387811459082041,0.0650582813770668,0.5365449441436647,0.3821044546850998,0.0338709677419354,1.0,2.6133000441512193,0.004757760518373,0.0800021204069843,0.514336917562724,0.5568697729988052,0.5519713261648745,-0.0425328554360812,-0.0376344086021505,1.0,0.3400584795321637,20.253451579034326,0.3246478829125601,0.2612007705454884,1.0,0.85,0.8,0.1,0.05,0.65,1.0,0.8,0.8
0.08,1.0012041817949606,1.073170731707317,-0.0984629604643787,0.2452940157640325,0.4130227001194743,0.1771976229496739,-0.0326086956521738,0.4977525507091127,0.2798913043478261,0.04,1.0,2.935583359053002,0.0,0.0238818223116272,0.4236559139784946,0.62731159621802,0.4130227001194743,-0.2036556822395254,0.0106332138590202,0.1,0.2907894736842104,15.89679391130516,10.712055109928029,0.1398398579687884,0.5,0.8,0.2,0.8,0.1,0.95,0.5,1.0,0.2
0.11,0.9978369528931328,1.1320754716981136,0.0285119268892005,0.3944385947828854,0.6060025542784163,0.134777486216047,-0.0201886679084299,0.8460632910449215,0.2581716036772217,0.0531460674157303,1.0,3.454149720259142,0.03670061332938,0.0556542464340207,0.6247126436781608,0.2934582091670214,0.6060025542784163,0.3312544345111394,0.0187100893997445,0.1,0.3500000000000001,18.085484311456547,-0.8926902705012076,0.3712531625083437,0.5,0.9,0.2,0.8,0.05,0.9,0.5,0.8,0.2
0.06,1.0021159045491947,1.0624999999999998,-0.025478811956965,0.2021226344538235,0.4499327956989247,0.6191286583083975,0.1022110972048393,0.1965459797520871,0.375886524822695,0.0287234042553191,1.0,2.661778107019588,0.0043819175986804,0.0683899965596378,0.4133064516129032,0.1746117084826762,0.4499327956989247,0.238694743130227,-0.0366263440860215,0.2,0.2707602339181287,18.299603193138985,0.5410222437193895,0.2278404939021251,0.5,0.8,0.85,0.15,0.05,0.65,0.5,1.0,0.85
0.06,1.00005668720003,1.0612244897959182,-0.0168852959206069,0.3312541946890682,0.5806451612903226,1.1991004408329624,0.1508135168961202,0.0196177687180894,0.4671985815602837,0.03,1.0,2.0648598854618987,0.0,0.1112171116293493,0.6127352150537634,0.0,0.5860215053763441,0.0,0.0267137096774192,0.0,0.1380116959064328,20.11041874534674,0.3534240138948559,0.2622910242477778,0.5,0.8,0.8,0.2,0.1,0.6,0.5,1.0,0.8
0.09,0.9992249410296388,1.4365468567820645,0.0013642281793375,0.331720040910813,0.4751493428912783,0.4161976266113535,-0.0564926692288501,0.5795462332541723,0.2597680097680097,0.0435164835164835,1.0,3.105828750599132,0.0054574322525588,0.0374786434681106,0.4608124253285543,0.4365035224323322,0.4787335722819593,0.0243089028962221,-0.0179211469534049,1.0,0.3552631578947368,20.379111108915865,0.3337433745872609,0.2631618646550512,1.0,0.85,0.1,0.8,0.05,0.85,1.0,0.8,0.2
0.1,1.0048293481647448,1.136545281442665,-0.0600227002270656,0.0586018387190853,0.2342592592592592,0.0617873946853433,0.0092769816332231,0.9404663603566664,0.2166666666666666,0.05,1.0,3.613378312017015,0.0,0.0115770708013678,0.2462962962962962,0.7539511494252874,0.2342592592592592,-0.5076548531289912,0.0120370370370369,0.1,0.6055555555555555,22.14793965675946,-0.8435210902967416,0.3456956344401236,1.0,0.9,0.1,0.9,0.05,0.95,1.0,0.8,0.1
0.1,1.0054467017190398,1.1426578092233577,-0.0570895855613651,0.2260854317509141,0.4703703703703703,0.3453342306684949,0.0476362470226033,0.1493144131406147,0.3027777777777777,0.0477777777777777,1.0,3.6034887274327487,0.005788677338852,0.0300422992959735,0.5027777777777778,0.615661434515717,0.4703703703703703,-0.1128836567379392,0.0324074074074074,0.4,0.4166666666666666,20.793463032555316,-0.7987836577639604,0.3456956344401236,1.0,0.8,0.1,0.8,0.15,0.95,1.0,1.0,0.1
0.04,1.001826221951411,1.0,-0.0193717942867632,0.0168474390580889,0.46875,0.0537654411997236,-0.014780689251613,1.0,0.40625,0.0195833333333333,1.0,2.3273288015032696,0.0177127044825214,0.0429043662587777,0.5,0.5,0.5,0.0,0.0,1.0,0.0,0.0,-0.4880597186223667,0.2257355131993065,0.0,0.85,0.95,0.0,0.05,0.15,0.0,0.8,0.95
0.12,1.0066364461718451,1.2729021987706317,-0.0931078788016485,0.0908199998160505,0.563984674329502,0.305064404449696,-0.0319300510633687,0.6597951698671034,0.2670454545454545,0.0586363636363636,1.0,3.4958631965539393,0.0192503438266883,0.0481564641615197,0.5728927203065134,0.5233835655137101,0.5612068965517242,0.0495091547928032,0.0116858237547892,0.4,0.4924836601307188,19.357949026034593,0.1019708866734458,0.3151918425227835,1.0,0.85,0.9,0.1,0.05,0.15,1.0,0.8,0.9
0.06,1.0014889429237168,1.146123594716379,-0.0325746438999465,0.069794028320062,0.1451612903225806,0.0064033956929019,-0.0012899625203751,0.8930708163500196,0.2367021276595744,0.03,1.0,3.05154112779047,0.0,0.0168429250490296,0.1396169354838709,0.1290322580645161,0.1397849462365591,0.0105846774193548,-0.0001680107526881,1.0,0.531578947368421,18.309817064885344,1.0211539990226628,0.1916795248277593,0.0,0.8,1.0,0.0,0.1,0.2,0.0,0.8,1.0
0.1,1.0023456331087597,1.243104230770283,-0.0294781392924466,0.6131579280455438,0.5564814814814815,0.9875951084669408,0.1095135770823434,0.0817361846370228,0.2611111111111111,0.0466666666666666,1.0,3.5655021784965353,0.0,0.0506875656843863,0.5546296296296297,0.3636739417989418,0.5527777777777778,0.1909556878306879,0.0018518518518518,0.2,0.4555555555555556,20.159782880450607,-0.2376555556456776,0.2826137809313401,1.0,0.9,0.0,0.9,0.0,0.85,1.0,0.8,0.0
0.11,1.005791364654118,1.2306537341251809,-0.0609302774638437,0.0990345752060026,0.4628352490421456,0.0916258890099807,-0.013581848034543,0.817047174473198,0.2374872318692543,0.0519101123595505,1.0,3.6548984604258754,0.0122217042818961,0.0282430795297797,0.4666347381864623,0.5384377703621307,0.4628352490421456,-0.0718030321756683,0.0037994891443167,0.2,0.4656862745098038,19.53414085860123,-0.6593762756379715,0.3210473365082304,1.0,0.9,0.9,0.1,0.0,0.1,1.0,0.8,0.9
0.09,1.0038738483503231,1.0,-0.0489786983515681,0.2375314059671826,0.5261648745519713,0.3350218779754926,-0.0485513824620811,0.6129471313582651,0.3012820512820512,0.0425274725274725,1.0,3.3152050633342833,0.016395123013211,0.0482480876108608,0.5266427718040622,0.425733024691358,0.529868578255675,0.1009097471127041,-0.0032258064516128,0.7,0.3725146198830409,19.260808896666617,-0.632054395576501,0.2950781025941639,1.0,0.8,0.1,0.85,0.05,0.9,1.0,0.8,0.1
0.11,1.0027975339877435,1.3331524618669766,-0.0384828525201504,0.0950889659261036,0.604661558109834,0.3876834245893759,0.0492247880834862,0.1552817291173793,0.3577630234933605,0.0519101123595505,1.0,3.458640280724006,0.0,0.0477307014648262,0.605683269476373,0.1478323946065881,0.604661558109834,0.4578508748697848,0.0010217113665389,0.1,0.2199346405228758,20.39354147662251,-0.7203496038340957,0.3712531625083437,1.0,0.8,0.1,0.8,0.1,0.95,1.0,1.0,0.1
0.12,1.0062345712090028,1.513527773224863,-0.0756391106371809,0.089388886880499,0.2569923371647509,0.0933837671316726,0.011720710259952,0.8444267834479684,0.2130681818181818,0.0572727272727272,1.0,3.527251394368916,0.0128427175786846,0.0213393352899766,0.2768199233716475,0.4289910600255428,0.2598659003831417,-0.1521711366538953,0.0169540229885057,0.2682858836771173,0.5243464052287581,20.18322356266593,-0.8788280091140477,0.3541218274234582,1.0,0.8,0.1,0.9,0.05,0.9,1.0,1.0,0.1
0.07,0.9997328872421444,1.083435031767337,0.0038369469423315,0.0096345050912794,0.5770609318996415,0.0703990236581412,-0.0136328236793725,0.9367980224694822,0.3529185867895545,0.0338709677419354,1.0,3.0612838867992513,0.0190492111765068,0.0456283667177688,0.5663082437275985,0.6998922413793104,0.5806451612903225,-0.1335839976517119,-0.014336917562724,0.4,0.2157894736842106,19.6131029023696,-0.5752530773655367,0.2686825971366592,1.0,0.8,0.0,0.85,0.15,0.85,1.0,0.6,0.1
0.07,1.0045661553996832,1.0612976803487126,-0.0519890710255308,0.3933037751522192,0.4139784946236558,0.6814208013315697,-0.0797590167682928,0.1079149363639618,0.3214285714285714,0.0346236559139784,1.0,2.757014270100967,0.0285807070028071,0.0278692299435128,0.4336917562724013,0.4203464006022404,0.4175627240143369,0.0133453556701609,0.0161290322580644,1.0,0.3631578947368422,20.134589289089774,-0.9965299417294208,0.3008277361717584,1.0,0.85,0.95,0.1,0.1,0.1,1.0,0.8,0.95
0.13,1.0096671569047708,1.035751673527503,-0.105489388363196,0.2176730752230418,0.5804597701149424,0.3906283442981064,-0.0471080158368258,0.3005802553781083,0.2413793103448276,0.0642528735632183,1.0,3.461434459238313,0.0201537718364373,0.0349344372578897,0.5798850574712643,0.4184627200756233,0.5781609195402299,0.161422337395641,0.0017241379310344,0.1,0.5826797385620914,21.60869319401448,-1.3965971162964317,0.5716182257004105,1.0,0.9,0.9,0.1,0.05,0.15,1.0,1.0,0.9
0.05,1.0025661353375048,1.0,-0.0351517958813942,0.4290008836357107,0.6774193548387096,0.5088752460092146,0.0925560641663367,0.289305970097339,0.3657894736842105,0.0247368421052631,1.0,2.2531595872514414,0.0199005893289376,0.0587865357744313,0.6303763440860215,0.5470837406321277,0.6720430107526881,0.0832926034538937,-0.0416666666666666,1.0,0.1947368421052631,19.0965800178804,-0.2233399017763027,0.240823717300155,1.0,0.8,0.9,0.1,0.05,0.2,1.0,0.6,0.9
0.09,1.0118067608604555,1.4544916637882943,-0.4176455558475531,1.0409002022840417,0.6924731182795698,1.7891427420263877,0.1598697315274546,0.0058120265305033,0.3577533577533577,0.0435164835164835,1.0,3.2536827237766586,0.0054573829488816,0.0721941809304606,0.6850657108721624,0.6512791991101224,0.6887694145758662,0.0337865117620399,-0.0037037037037037,1.0,0.221783625730994,10.637284838137225,72.893365352024,0.0031337791488195,0.5,0.8,0.9,0.1,0.05,0.6,0.5,0.8,0.9
0.08,1.0020675622595585,1.0667535275315063,-0.0241819680338142,0.9219974922356318,0.8037037037037038,1.611560751548151,0.1567761404317513,0.0207550458144088,0.3464673913043478,0.0382608695652173,1.0,3.3513488418928277,0.0,0.0593839716965135,0.7965352449223416,0.5155612717834631,0.8090800477897252,0.2809739731388785,-0.0125448028673835,0.1,0.1739766081871346,20.10207111560765,-0.5234333250842158,0.3443568977002769,1.0,0.8,0.1,0.8,0.15,0.95,1.0,0.6,0.1
0.09,1.0005468222272624,1.1893888251481075,-0.0226278646831177,0.280737946920321,0.5062126642771804,0.3879332376556264,-0.0511869397315146,0.300282288773076,0.289072039072039,0.0435164835164835,1.0,3.245716971999902,0.0054587804040533,0.0328011714630442,0.5060931899641578,0.3562126642771804,0.5136200716845878,0.1498805256869773,-0.00752688172043,0.4,0.444298245614035,20.159511369709858,0.1701099453383729,0.3124273325234697,0.5,0.6,0.2,0.8,0.25,0.9,1.0,1.0,0.2
0.09,1.0011583473655534,1.0,-0.0253829832647514,0.4777580741237138,0.7010752688172043,1.184362659744465,-0.1268004872041671,0.1483631464031782,0.3357753357753357,0.0445054945054945,1.0,3.6263817952357353,0.0109148316357026,0.0575819224611683,0.6898446833930705,0.3551027516544757,0.7010752688172043,0.3347419317385947,-0.0112305854241337,0.1,0.234795321637427,20.323028877760464,-0.6796149849092461,0.3124273325234697,0.5,0.85,0.95,0.05,0.0,0.2,0.5,0.8,0.95
0.06,0.9987538115570576,1.2306537341251809,0.0122274423515294,0.0713837017649004,0.3921370967741935,0.1110918012147705,0.0243474005220689,0.9942097416575766,0.2304964539007092,0.0287234042553191,1.0,2.916574288749186,0.0131522825664663,0.0267189826844167,0.3654233870967742,0.1545698924731182,0.3921370967741935,0.2108534946236559,-0.0267137096774193,0.2,0.5539473684210526,20.196235651161945,-0.4585416545796605,0.2622910242477778,1.0,0.8,0.1,0.9,0.15,0.95,1.0,1.0,0.1
0.1,1.0006147603671438,1.0,-0.0214113190879893,0.1360157214831008,0.3685185185185185,0.0156016274414617,-0.0031676489024455,0.9313286826472112,0.2277777777777777,0.0488888888888888,1.0,3.3787965520092524,0.0057862522795599,0.0319111036905853,0.3583333333333333,0.6327277221604252,0.3722222222222222,-0.2743943888270918,-0.0138888888888888,0.1,0.3944444444444446,20.11048712967433,-0.3372696017704841,0.3170520754166312,1.0,0.8,0.1,0.9,0.05,0.2,1.0,1.0,0.1
0.07,0.9990158180158354,1.3740086910679854,0.0088435047472768,0.2558716091496723,0.7132616487455197,0.4035786396989553,-0.0702581369924427,0.3052299985641785,0.2983870967741935,0.0346236559139784,1.0,2.65142347020211,0.0095197018584208,0.0635916321260231,0.7132616487455197,0.3793794802867383,0.7132616487455197,0.3338821684587813,0.0,0.1,0.4216374269005848,19.144034397763196,-0.1490290192749608,0.2331553508349968,0.5,0.6,0.8,0.6,0.15,0.85,1.0,0.8,0.4
0.12,0.9975881160493448,1.1708943709047297,0.01187778960529,0.3513724210900724,0.6649425287356322,0.548279047517095,-0.0569852474638017,0.3700897022164007,0.2244318181818182,0.0586363636363636,1.0,3.567775192834736,0.0128310444761767,0.0339727283228154,0.6252873563218391,0.4852614015572858,0.6649425287356322,0.1400259547645532,-0.0396551724137931,0.1,0.5398692810457515,20.51910213122771,-0.7406829699338608,0.4230421986895617,1.0,0.9,0.1,0.9,0.05,0.9,1.0,1.0,0.1
0.09,1.0055048194714824,1.2798542615523594,-0.077584691737081,0.5630818117994336,0.4661887694145759,0.8703953277593622,0.0923565594439281,0.1450097989475556,0.2506105006105006,0.0445054945054945,1.0,2.9392225171384707,0.0218620786888009,0.0322051981469757,0.4771804062126643,0.3849029786182178,0.4661887694145759,0.0922774275944464,0.0109916367980884,1.0,0.4400584795321636,20.6508785553285,-0.3782218976425904,0.3827003850982275,0.5,0.8,0.3,0.7,0.15,0.85,1.0,1.0,0.4
0.1,0.9989556129540158,1.2123723201457033,0.0040320814328066,0.3682180216569833,0.4388888888888889,0.6091589655442643,-0.0723738230634934,0.1493144131406147,0.3472222222222222,0.0488888888888888,1.0,3.453114921550992,0.0115731322884771,0.0455825690369401,0.4796296296296296,0.4801587301587302,0.4388888888888889,-0.0005291005291005,0.0407407407407407,1.0,0.2277777777777777,19.447073738668713,-0.6953829772035935,0.2745779676034576,1.0,0.8,0.9,0.1,0.0,0.3,1.0,0.6,0.9
0.09,1.0003717372567171,1.1576918720876188,0.0022092319696172,0.2981830882613852,0.7340501792114695,0.2403456310965578,0.0376762502821065,0.6214307638628598,0.3287545787545787,0.0445054945054945,1.0,3.2759437535092575,0.0109120716645049,0.0553763270898914,0.7378733572281959,0.4996910147076999,0.7340501792114695,0.238182342520496,0.0038231780167263,0.1,0.1105263157894737,20.222658922623,-0.5226554728643604,0.2950781025941639,0.5,0.85,0.9,0.1,0.0,0.2,0.5,0.8,0.9
0.11,1.0034043209093588,1.2976111190636892,-0.034037153618988,0.4690752569948236,0.6432630906768837,0.7082095223368987,0.0774358321434172,0.2384956148696542,0.2561287027579162,0.0543820224719101,1.0,3.382824689908926,0.0305404228489818,0.0351217848098052,0.6239144316730523,0.3883128520225294,0.6432630906768837,0.2356015796505228,-0.0193486590038314,0.1,0.4212418300653594,20.145903307635567,-0.5396325407179523,0.2859552312100065,0.5,0.7,0.9,0.8,0.1,0.9,1.0,0.8,0.4
0.08,0.9964492957005738,1.1893890297093503,0.0392112124114086,0.082215345917765,0.4701314217443249,0.0545609762520879,-0.0100852464173571,0.6983725694612379,0.2676630434782608,0.0391304347826087,1.0,3.145356983469038,0.0102339056057689,0.0341649915794052,0.4630824372759856,0.4986111111111111,0.4701314217443249,-0.0355286738351254,-0.0070489844683392,1.0,0.3929824561403509,20.352894617516917,0.0446699013025622,0.2901024814517316,1.0,0.8,0.1,0.85,0.15,0.95,1.0,0.8,0.1
0.18,0.9990525704631514,1.3428921461130072,0.0600602645028695,0.1778626092499753,0.5901675485008818,0.1956394583985568,-0.0244191865792634,0.4784572656802389,0.2574525745257452,0.0878048780487804,1.0,4.189144032346647,0.0163308316536339,0.0405332933801288,0.5903145208700765,0.416899093527446,0.5880364491475603,0.1734154273426305,0.0022780717225162,0.1,0.3662377450980393,20.461447223082672,0.553583811883867,0.2884559327679805,0.5,0.8,0.2,0.8,0.15,0.95,0.5,1.0,0.2
0.07,0.998059171189718,1.0,0.0157031492894125,0.3604429402586592,0.3387096774193548,0.4872376415666422,-0.0607490913644675,0.5599640242503404,0.2964669738863287,0.0338709677419354,1.0,2.293267780265796,0.0238175430379714,0.0375377492775571,0.3548387096774193,0.3737373737373737,0.3387096774193548,-0.0188986640599543,0.0161290322580645,0.7,0.5270467836257311,19.280925090008132,-0.7624170282913632,0.3276715305984524,0.5,0.6,0.8,0.8,0.3,0.9,1.0,0.8,0.2
0.13,1.004294388225606,1.055615809003287,-0.0616172134020491,0.0666421484809882,0.4764367816091954,0.1950664199695678,0.0253607193103022,0.8335786573633955,0.2471264367816092,0.0597701149425287,1.0,3.4544444511171712,0.0,0.0297349643567615,0.4758620689655172,0.6563455320399765,0.4793103448275861,-0.1804834630744592,-0.0034482758620689,0.1,0.4375816993464053,20.86716759121336,-0.2598650522073829,0.3371825068991433,1.0,0.9,0.0,0.9,0.05,0.8,1.0,0.8,0.0
0.08,1.000806166175723,1.1789864035704196,-0.0038994437675581,0.5872871715876489,0.4874551971326165,1.1425237272498452,-0.1135711427552083,0.0496459029555092,0.3736413043478261,0.0391304347826087,1.0,2.709898709272359,0.0204720033381168,0.0577519385550727,0.4910394265232975,0.5050925925925925,0.4874551971326165,-0.014053166069295,0.003584229390681,1.0,0.2187134502923976,20.205151497936185,-0.5895434937426507,0.2664067193691003,1.0,0.9,0.95,0.05,0.05,0.6,1.0,0.6,0.95
0.15,1.0013943206035236,1.2861131873770018,-0.0351734772459405,0.1069554884894035,0.6491789819376027,0.2508989522641619,0.0333072275137907,0.3591075442551167,0.3186274509803922,0.0723529411764705,1.0,4.013245606878629,0.0439927469434385,0.0398606127926386,0.6541050903119868,0.5754850088183422,0.6491789819376027,0.0786200814936446,0.0049261083743841,0.2,0.2509803921568627,17.702884738820746,0.0396472288038056,0.2609584585935647,1.0,0.8,0.0,0.9,0.0,0.85,1.0,1.0,0.1
0.16,1.0000817845560748,1.2068674844326484,-0.0079919919653203,0.1878938333470149,0.4404761904761904,0.3562656434102285,0.0379288053987198,0.2163130276866318,0.2321428571428571,0.0742857142857142,1.0,3.8770599213976102,0.0076120101253278,0.0237261343286652,0.4321428571428571,0.5059929250542278,0.4452380952380952,-0.0738500679113706,-0.0130952380952381,0.7,0.358517156862745,18.26232910018044,0.0558328600831425,0.2536344556121662,1.0,0.85,0.1,0.8,0.0,0.3,1.0,1.0,0.2
0.15,0.998693245928146,1.333727879698719,0.0052054919038568,0.0315745863356526,0.4157635467980295,0.0453750897200087,-0.0063574159664844,0.8469071601097427,0.1715686274509804,0.0741176470588235,1.0,3.972292921132029,0.0586623574447086,0.0090927545369206,0.4253694581280788,0.5549105912009137,0.4205254515599343,-0.1295411330728348,0.0048440065681444,0.1,0.5156862745098039,20.202426953632628,0.6386521322218073,0.2859821417468397,1.0,0.85,0.1,0.9,0.1,0.95,1.0,0.8,0.1
0.16,1.000740786935472,1.4411089252115554,-0.0154530493425178,0.0979404211964463,0.3031746031746031,0.2179959301602076,0.0260255598934857,0.3844587123260684,0.175595238095238,0.0742857142857142,1.0,3.99246741356646,0.0076107137389898,0.0173718881227312,0.2936507936507936,0.569243400277883,0.3079365079365079,-0.2755926066270893,-0.0142857142857142,0.2,0.5612132352941176,19.13327213432976,-0.7502357303678568,0.3240345853742732,1.0,0.9,0.95,0.0,0.05,0.1,1.0,0.8,0.95
0.09,1.0035746853062064,1.0454949179054651,-0.0460629872503365,0.7428421196804853,0.5289127837514934,1.2248440391729614,-0.1151913186537928,0.0807319963626527,0.2951770451770452,0.0445054945054945,1.0,3.124169223735811,0.0163709164105907,0.0484747177406057,0.5362007168458781,0.5068068356374807,0.5289127837514934,0.0293938812083973,0.0072879330943846,1.0,0.4874269005847952,21.37198801266434,-0.6855575738316642,0.3715773937770473,0.5,0.85,0.95,0.05,0.05,0.6,0.5,0.8,0.95
0.13,1.0011120747126894,1.2976110650053592,-0.0170511812301939,0.0031947172060775,0.407471264367816,0.0287461745665736,-0.0051690836671165,0.8136367484756104,0.2245800176834659,0.0642528735632183,1.0,4.07926158110796,0.0201583386287612,0.0105596569227092,0.4091954022988506,0.5410840577321853,0.4097701149425288,-0.1318886554333346,-0.0005747126436781,0.2,0.6777777777777777,21.810582601771255,-0.3508368517363984,0.3180059911720682,1.0,0.8,1.0,0.0,0.05,0.2,1.0,0.8,1.0
0.08,1.0036933498839489,1.2219208685209513,-0.0470557942088105,0.0365082339966697,0.3887694145758661,0.0466268421478887,0.008797633208978,1.0,0.21875,0.0382608695652173,1.0,2.95063130548937,0.0153605280376724,0.028851791979371,0.4303464755077659,0.6129629629629629,0.3887694145758661,-0.182616487455197,0.0415770609318997,0.4,0.5157894736842106,19.06792258383604,-0.6305321884203532,0.2819836406510497,0.0,0.85,0.1,0.8,0.05,0.9,1.0,1.0,0.1
0.12,0.9988053420117208,1.2324551624402849,0.0002031258907312,0.3290994024906102,0.3853448275862068,0.5334301331988821,-0.0617770455645669,0.296114254302411,0.2017045454545454,0.06,1.0,3.976054184675219,0.0,0.019303078446186,0.3652298850574713,0.4357906492222398,0.3853448275862068,-0.0705607641647685,-0.0201149425287355,1.0,0.5155228758169935,20.155666305238174,-0.8116359857448305,0.4361140988065473,0.5,0.8,0.9,0.7,0.05,0.95,1.0,1.0,0.8
0.08,0.9988106381341956,1.0,0.0068351139802258,0.1644606049111634,0.513142174432497,0.2035751123651154,0.0316010361687887,0.6043898447616535,0.3722826086956522,0.04,1.0,2.870080756225615,0.0,0.0396415410655335,0.4982078853046595,0.5854166666666666,0.513142174432497,-0.0872087813620071,-0.0149342891278375,0.7,0.2526315789473683,19.987085072673896,-0.8834059315296199,0.3544942002186779,1.0,0.8,0.1,0.8,0.1,0.9,1.0,1.0,0.2
0.07,1.000539676370876,1.1576918720876188,-0.0071137325353448,0.2311710301684169,0.528673835125448,0.158073741135617,0.0287564358298566,0.5704418253117467,0.304147465437788,0.0346236559139784,1.0,2.838960572533311,0.0095183553760609,0.045769555893783,0.514336917562724,0.6588485663082437,0.528673835125448,-0.1445116487455197,-0.0143369175627239,0.4,0.3570175438596491,19.26042422751391,-0.3015746482053565,0.3094875595251594,1.0,0.8,0.1,0.8,0.1,0.95,1.0,0.8,0.2
0.07,0.9998278630238708,1.077009723076089,-3.1820463809333066e-05,0.2215043004731469,0.456989247311828,0.3357232418209261,-0.0477920736509557,0.4656864095308183,0.2546082949308755,0.0346236559139784,1.0,2.8873516073500793,0.0,0.0408338162197429,0.449820788530466,0.0,0.456989247311828,0.0,-0.007168458781362,0.0,0.617251461988304,21.084614628625037,-0.9782940993958866,0.3681067420104899,0.5,0.8,0.9,0.1,0.15,0.8,0.5,0.6,0.9
0.17,1.007945514312968,1.5168350083606,-0.1168521986600106,0.3141790690160397,0.5414462081128747,0.4826192671899248,-0.0462278493041601,0.4913112484238419,0.2510630758327427,0.0839759036144578,1.0,4.1083727944616015,0.0157535883144703,0.0347678465893702,0.5465314520870076,0.4912161203348943,0.5414462081128747,0.0553153317521132,0.0050852439741329,0.4,0.3444240196078432,20.034452799452612,-0.373947411231323,0.3670247681831681,1.0,0.9,0.2,0.7,0.0,0.85,1.0,0.8,0.2
0.12,1.0031080645357016,1.0,-0.0359616880475605,0.3123933402622642,0.6570881226053639,0.5976553383299018,0.0687473845836998,0.1796601357626481,0.3001893939393939,0.0586363636363636,1.0,3.6599905000417823,0.0192522041452437,0.0699163659449845,0.6483716475095785,0.6514041514041514,0.6570881226053639,-0.0030325038945728,-0.0087164750957853,1.0,0.3908496732026143,19.904307408222827,-0.3972185190374353,0.3439414160374818,1.0,0.8,0.9,0.1,0.05,0.2,1.0,1.0,0.9
0.06,1.0016221673268324,1.0,-0.024387525059713,0.3079262131348875,0.3093077956989247,0.3791080469865647,-0.0726098067200695,0.5373326868588267,0.3023049645390071,0.0287234042553191,1.0,2.609436382615455,0.0087665254888116,0.033070812063892,0.3146841397849462,0.2942129629629629,0.3093077956989247,0.0204711768219832,0.0053763440860215,1.0,0.4988304093567252,18.843977651888352,-0.8100282287932488,0.2935092170682394,1.0,0.8,0.9,0.1,0.0,0.2,1.0,0.8,0.9
0.1,1.003671087526434,1.1893888251481075,-0.0530958168184143,0.0949382681792346,0.4037037037037037,0.0905256650602217,0.014913910999154,0.7346503019688932,0.2555555555555555,0.0477777777777777,1.0,3.6493231633308856,0.0231787682373642,0.0221237589714128,0.4175925925925925,0.4298768178634697,0.4037037037037037,-0.0122842252708771,0.0138888888888888,1.0,0.2888888888888891,19.168573180889624,-0.6613908546261897,0.3080718577756169,1.0,0.85,1.0,0.0,0.1,0.1,1.0,0.8,1.0
0.12,1.0043771866505382,1.2729021601898465,-0.0538045246362893,0.0253167247586934,0.3655172413793103,0.0305635754821806,0.0047303710384037,0.4872012369574753,0.2083333333333333,0.0559090909090909,1.0,3.599527097812501,0.0128525149488917,0.0229437400708512,0.3823754789272031,0.6444975441391212,0.3655172413793103,-0.2621220652119181,0.0168582375478927,0.1,0.519281045751634,19.36954380011862,-0.296675325916357,0.3061491464503254,0.5,0.8,0.9,0.1,0.0,0.2,0.5,0.8,0.9
0.08,1.0048571013864962,1.249728803893492,-0.0613231826506573,0.2529343795313463,0.4653524492234169,0.3846187322194459,-0.0567982546599837,0.3569721384662727,0.2595108695652174,0.0382608695652173,1.0,2.936400161977479,0.0153610374718251,0.0293037317724433,0.5413381123058542,0.3032072673340749,0.4690561529271206,0.2381308449717792,0.0722819593787335,0.1,0.5184210526315788,20.41439594112817,-0.7973339913275428,0.3872685713064434,1.0,0.85,0.9,0.1,0.05,0.15,1.0,0.8,0.9
0.06,0.9984359764890324,1.0,0.0141685808454443,0.6307552605754707,0.6706989247311829,0.8753346893478726,0.1275364028404493,0.1528192092464865,0.2916666666666666,0.0293617021276595,1.0,2.414438115002163,0.0043824845189089,0.0496540243442249,0.6814516129032259,0.5489844683393071,0.6759072580645161,0.1324671445639187,0.0055443548387097,0.7,0.2789473684210525,20.1610554827054,-0.7099076166533975,0.3196171013576067,1.0,0.8,0.0,0.9,0.1,0.85,1.0,0.8,0.0
0.13,1.085351324258186,1.4183037036421138,-0.2639791200655761,0.1675023094485756,0.6321839080459769,0.2600103556849207,-0.0330498816693938,0.4922641310182075,0.2718832891246684,0.0642528735632183,1.0,3.733162080460248,0.0067144773068816,0.0348385807411982,0.6787356321839081,0.5729200875752599,0.6327586206896552,0.1058155446086481,0.0459770114942529,0.4,0.4372549019607843,9.907105571696254,7.891723933753385,0.0676500699857268,0.5,0.85,0.9,0.1,0.1,0.85,0.5,0.8,0.9
0.15,1.1281998482593645,1.4287458609537738,-0.3657432741122339,0.1298803578655828,0.4729064039408867,0.1093214285679617,0.0131907604027282,0.7137474014229871,0.1813725490196078,0.0723529411764705,1.0,3.9074960628484576,0.0219730242771822,0.0178085056936455,0.5270935960591133,0.4492945326278659,0.4728243021346469,0.0777990634312474,0.0542692939244663,0.7,0.372549019607843,4.261296169878085,12.829666299904895,0.0279908203963345,1.0,0.8,0.9,0.8,0.15,0.1,0.5,1.0,0.2
0.13,1.1029183966173324,1.3876127359251291,-0.3165035730421475,0.1440393653073092,0.5522988505747125,0.213193215159506,0.0286441023426993,0.5799430939207748,0.2431476569407603,0.0612643678160919,1.0,3.6339895947949503,0.0337212597926002,0.0248455438203334,0.6063218390804598,0.2551359241014413,0.5522988505747125,0.3511859149790184,0.0540229885057472,0.1,0.4006535947712417,6.721316105734166,15.869005315137066,0.0301470913280666,0.5,0.6,0.8,0.8,0.25,0.9,1.0,0.8,0.2
0.03,1.021327041991012,1.0,-0.0785097274830999,1.2260437854376487,0.7095959595959597,1.6747827204271537,0.2636692237026358,0.0441805813234384,0.3831615120274914,0.0145360824742268,1.0,2.0070912851012253,0.0091591231291754,0.0908588194880691,0.5,0.5,0.5,0.0,0.0,1.0,0.0,0.0,21.57846624774253,0.0139940781851177,1.0,0.9,0.3,0.7,0.1,0.75,1.0,0.8,0.3
0.13,1.0967862304735698,1.5173865457659823,-0.3920309559844739,0.2882256657895768,0.4574712643678161,0.4839705009571033,0.0441985041708705,0.1861104891298889,0.231211317418214,0.0597701149425287,1.0,3.835429246460206,0.0,0.0357021749560572,0.5057471264367815,0.603394260655415,0.4597701149425288,-0.0976471342186334,0.0459770114942527,0.4,0.6712418300653594,4.425635149824711,31.462237703937028,0.0185225277637568,1.0,0.8,0.8,0.2,0.05,0.2,1.0,1.0,0.8
0.15,1.127428584559309,1.2077305797258453,-0.4868757012997085,0.0057256357437949,0.3951559934318555,0.0801495494551147,-0.0099514203030233,0.9154347266212022,0.1568627450980392,0.0723529411764705,1.0,3.9501579851381066,0.0146360523738807,0.0101104684260747,0.4986863711001641,0.4180373390050809,0.3904761904761905,0.0806490320950832,0.1082101806239736,0.7,0.5764705882352941,4.393929169281925,35.15725147532093,0.0238540556078454,1.0,0.85,1.0,0.0,0.05,0.15,1.0,1.0,1.0
0.12,1.0675881719113742,1.2858887119726954,-0.2377216351349504,0.4277353500611666,0.553831417624521,0.7065740560388233,0.0802619996504842,0.1679146582205533,0.2329545454545454,0.06,1.0,3.773421206331864,0.0,0.0236235242339176,0.6198275862068965,0.3552910052910052,0.5509578544061302,0.2645365809158912,0.0688697318007662,0.1,0.5225490196078431,17.25875284155936,7.045099405760645,0.0569479151484015,1.0,0.8,0.1,0.85,0.05,0.9,1.0,1.0,0.15
0.04,1.0295542348710631,1.0612916048603795,-0.1084153666746754,0.6063978045658086,0.7552083333333334,0.8039303476732045,0.1268592114718478,0.0800830940837575,0.4244791666666666,0.02,1.0,2.1291420686476488,0.0,0.0564756004658,0.5,0.5,0.5,0.0,0.0,1.0,0.0,0.0,26.669661215133903,0.0202854822906104,0.5,0.8,0.9,0.1,0.05,0.85,0.5,0.8,0.9
0.1,1.0798581183375968,1.180544430908277,-0.3261784951179454,0.7421303515676028,0.7250000000000001,1.386631970453193,-0.1275504093297622,0.1064596584577738,0.2888888888888888,0.0488888888888888,1.0,3.205719289598565,0.0173711143615831,0.0789854038138085,0.7564814814814814,0.5891227546399961,0.7138888888888889,0.1673587268414853,0.0425925925925925,0.7,0.2638888888888889,4.051139121489244,39.250707645509344,0.0132455219503661,1.0,0.8,0.7,0.3,0.1,0.4,1.0,0.8,0.7
0.12,1.0923555162033172,1.1137069870904237,-0.2697218309559108,0.0038172299694539,0.4600574712643677,0.0632535978548157,0.0098267742558775,0.8031526318135442,0.2178030303030303,0.0586363636363636,1.0,3.709045842321208,0.0064164519172587,0.0165708095252945,0.5479885057471264,0.5516226141921359,0.4629310344827586,-0.0036341084450094,0.0850574712643678,1.0,0.5045751633986928,6.676180132777454,11.460915566305577,0.0291329463937031,0.5,0.7,0.8,0.7,0.1,0.85,1.0,0.8,0.3
0.06,1.04200904730891,1.0732491617853803,-0.2424376359311022,0.5156625188316222,0.5863575268817204,0.7691941003826798,0.0894087394340972,0.1591649827035984,0.400709219858156,0.0280851063829787,1.0,2.728116132072019,0.0,0.0602459194503045,0.6186155913978495,0.3192204301075268,0.5861895161290323,0.2993951612903227,0.0324260752688172,0.1,0.199269005847953,3.315941387108983,64.01294046978599,0.0055093893102748,1.0,0.85,0.85,0.1,0.0,0.6,1.0,0.8,0.85
0.05,1.040328074608603,1.132025062221823,-0.1009434129941144,0.3822677586957165,0.2970430107526882,0.4949714140659391,0.0839355151328467,0.3373134086499329,0.3736842105263157,0.0247368421052631,1.0,2.4747460087547406,0.0119506453633959,0.0440682094291668,0.3336693548387097,0.0,0.2970430107526882,0.0,0.0366263440860215,0.0,0.1210526315789474,5.814655627704199,8.224404215096143,0.0301582933050924,1.0,0.8,0.9,0.1,0.1,0.75,1.0,1.0,0.9
0.07,1.044112288209942,1.222026322597193,-0.2142895268615872,0.3230895587213128,0.4498207885304659,0.357641598555341,0.0491850689357137,0.51668864204701,0.2807219662058371,0.0346236559139784,1.0,2.6652459568154994,0.0381453455759365,0.0287896069116196,0.4767025089605735,0.5848491636798089,0.4516129032258064,-0.1081466547192354,0.025089605734767,0.7,0.508625730994152,5.540287592671423,32.03363633987106,0.01469020085871,0.5,0.9,0.3,0.7,0.05,0.9,0.5,0.8,0.3
0.1,1.0625619779797346,1.3169921982968749,-0.26867938331727,0.1161987353521484,0.5935185185185184,0.1005689948159622,0.0167079505195153,0.9862494996122528,0.2,0.0477777777777777,1.0,3.4567310018359603,0.0057931516254548,0.02711513030027,0.6555555555555554,0.5657407407407408,0.5796296296296296,0.0898148148148146,0.0759259259259258,0.7,0.5944444444444446,8.638351415581928,22.70478701864068,0.0235683168809805,1.0,0.8,0.1,0.8,0.1,0.95,1.0,0.8,0.1
0.05,1.0359839749010806,1.1320372244011745,-0.108835145656728,0.0337442273787386,0.6859879032258065,0.0072068214950376,-0.0018849153335348,0.6578837354969194,0.4868421052631578,0.0247368421052631,1.0,2.728559010772935,0.0359010037662962,0.0414559613510961,0.6917002688172044,0.6207233626588465,0.6911962365591399,0.0709769061583578,0.0005040322580645,1.0,0.131578947368421,6.810036464871105,12.906191994159078,0.0243994503073078,1.0,0.85,0.1,0.9,0.0,0.9,1.0,1.0,0.2
0.13,1.0721310042206451,1.4784224149190994,-0.2920640338952003,0.1603297414759047,0.3988505747126436,0.2102005412539736,0.0287684265046292,0.9754701933351784,0.2270114942528735,0.0642528735632183,1.0,3.666621388161804,0.0268982744282751,0.0143914490195906,0.4017241379310345,0.3333001768346595,0.4011494252873563,0.0684239610963749,0.0005747126436781,0.7,0.4382352941176469,9.956428918495009,12.505037355123273,0.0504629900119737,1.0,0.85,0.2,0.7,0.05,0.9,1.0,0.8,0.2
0.09,1.071324445939751,1.3440170905974544,-0.1916703710780636,0.0963045333145283,0.7362007168458781,0.1248305347468935,-0.0213006306377697,0.7088648533242425,0.3269230769230769,0.0435164835164835,1.0,3.1668575099354004,0.0,0.0326991603949677,0.7547192353643966,0.5921744324970132,0.7324970131421744,0.1625448028673833,0.0222222222222221,0.1,0.3453216374269006,5.474179535324124,10.836042312443745,0.0364350269410982,1.0,0.6,0.8,0.7,0.3,0.2,0.5,1.0,0.4
0.09,1.0704109420591206,1.2443166427447772,-0.2044425111557219,0.3320925968213551,0.4636798088410991,0.4583996459038628,0.0581896824758759,0.4848134059279614,0.3131868131868132,0.0445054945054945,1.0,3.0512253137286502,0.0109192387852498,0.037311067840515,0.5001194743130227,0.6775665642601126,0.4672640382317801,-0.1774470899470899,0.0328554360812425,0.4,0.383625730994152,5.325954207868826,13.17447852843895,0.0294695942240536,0.5,0.75,0.2,0.8,0.1,0.9,1.0,0.8,0.2
0.1,1.0648164631233876,1.2002404366459725,-0.2318581818248546,0.1929903411153405,0.3361111111111111,0.2767931469505087,-0.0416786298159904,0.5931540252340164,0.2027777777777778,0.05,1.0,3.4146049300295447,0.0,0.0240682544024514,0.4222222222222222,0.5753326741647098,0.3416666666666666,-0.1531104519424875,0.0805555555555556,0.4,0.7583333333333333,8.450077544304655,18.635963168849585,0.0378946856234191,1.0,0.85,0.3,0.7,0.05,0.2,1.0,0.8,0.4
0.15,1.0969191091180004,1.399902339999996,-0.5227330540183921,0.4151589570895719,0.6074712643678161,0.8770949374032201,0.084431161318806,0.1371180099961242,0.2264705882352941,0.0741176470588235,1.0,4.147843750518037,0.0587420597029909,0.0549882339760785,0.6093596059113301,0.4447960697070819,0.5979474548440066,0.1645635362042481,0.0114121510673235,0.1,0.3098039215686275,3.782944861605401,40.228196912679245,0.0157227976369537,0.5,0.85,0.95,0.0,0.1,0.85,0.5,1.0,0.95
0.06,1.0382834613883856,1.0526879384594066,-0.1386447798296437,0.2113734219115849,0.4731182795698925,0.2197780569249618,0.0470270484471155,0.7660534937844505,0.2367021276595745,0.0287234042553191,1.0,2.2675763232588846,0.0396315853477459,0.0278508000186661,0.5317540322580645,0.0,0.4837029569892473,0.0,0.0480510752688171,0.0,0.5226608187134503,7.655808544195179,14.893465386119844,0.0318302195145139,1.0,0.8,0.1,0.85,0.05,0.85,1.0,0.8,0.1
0.13,1.0984723290487417,1.1817778309223947,-0.2916037792743879,0.1838808265931603,0.4505747126436781,0.3215758072839578,-0.0445849887741099,0.6155121984507611,0.2040229885057471,0.0627586206896551,1.0,3.2328201452252023,0.0134456790103949,0.0242003597506694,0.5672413793103448,0.3700602079912424,0.4477011494252874,0.1971811713191023,0.1195402298850574,0.4,0.5941176470588235,7.534344391212448,11.953146131566,0.0381265557249737,1.0,0.85,0.2,0.8,0.05,0.2,1.0,0.8,0.2
0.07,1.0562140533823814,1.1882796637696575,-0.1711882807118963,0.7460970360114721,0.682795698924731,1.199576276968095,-0.1248628406145095,0.0745439841664097,0.3486943164362518,0.0346236559139784,1.0,2.7039904321970956,0.0238134513857944,0.0538243789416208,0.7275985663082438,0.2620330459770115,0.6738351254480287,0.4655655203312323,0.0537634408602151,0.1,0.1421052631578947,6.899706511536092,20.785653088573543,0.0207925618879037,1.0,0.85,0.75,0.25,0.0,0.4,1.0,1.0,0.75
0.13,1.0956478903696545,1.3794308308475822,-0.3295766454455551,0.3521181423311155,0.5908045977011495,0.4629819706689729,0.0498619912927337,0.246788064956179,0.2148541114058355,0.0627586206896551,1.0,3.777557227171273,0.0269449569873453,0.0272001300954815,0.617816091954023,0.4306584362139917,0.5902298850574713,0.1871576557400312,0.0275862068965516,0.1,0.4143790849673201,4.916096124891348,16.805609171303484,0.0262273564287986,0.5,0.75,0.85,0.7,0.1,0.95,1.0,0.8,0.2
0.08,1.0623130809879082,1.0714161157127582,-0.1548758853488565,0.4770652814071088,0.5879330943847073,0.6809881010771414,-0.086710193822396,0.0876686231598677,0.342391304347826,0.0391304347826087,1.0,3.0322463785451363,0.0051210097942296,0.042656936120184,0.6388291517323775,0.4414351851851852,0.5915173237753882,0.1973939665471923,0.0473118279569892,0.2,0.2476608187134501,8.616446706211686,7.649362167916388,0.0559712700324313,0.5,0.8,0.9,0.8,0.05,0.95,1.0,0.8,0.4
0.16,1.1247668574102805,1.925161759495987,-0.5633102153555667,0.3167216923750992,0.5226190476190476,0.6541634502425038,0.0638983401892775,0.1337041245289823,0.25,0.08,1.0,3.987957239355183,0.0,0.0371144989873509,0.5924603174603175,0.5702107279693487,0.5226190476190476,0.0222495894909687,0.0698412698412698,0.7,0.4956495098039215,5.559603129688916,41.63971212984457,0.0120959868875789,1.0,0.85,0.85,0.1,0.0,0.3,1.0,1.0,0.85
0.15,1.1188287879561,1.5758472707381217,-0.3318621844139131,0.195613938242128,0.3816091954022989,0.3509958239211186,-0.0401158364760325,0.5053611005941736,0.1990196078431372,0.0723529411764705,1.0,4.012672465010975,0.0146447656865982,0.0311624609291397,0.4003284072249589,0.4715467328370553,0.3792282430213465,-0.0712183256120964,0.0211001642036124,0.4,0.5588235294117647,6.340616287608862,9.48909571995143,0.0406993848076735,0.5,0.9,0.9,0.1,0.15,0.8,0.5,0.8,0.9
0.08,1.0531283575739296,1.1137069870904237,-0.2885358084174925,0.2938453812074088,0.6866188769414575,0.4303491463315302,0.0606008366966449,0.5293994168647038,0.3627717391304348,0.04,1.0,2.9155554911118933,0.0,0.0488869254660537,0.7379928315412186,0.0,0.691995221027479,0.0,0.0459976105137396,0.0,0.1464912280701753,3.875393137793491,51.13243871540463,0.0122209553117665,1.0,0.8,0.9,0.1,0.05,0.3,1.0,1.0,0.9
0.05,1.0369813630939206,1.1706068025571803,-0.1164812002469797,0.06748710261488,0.2888104838709677,0.0318714624488391,-0.0081123563719487,0.8993168047465148,0.3184210526315789,0.0242105263157894,1.0,2.1713133433207457,0.0039838007005634,0.0156553450268483,0.362399193548387,0.7254704301075269,0.2836021505376344,-0.3630712365591398,0.0787970430107526,0.1,0.4263157894736842,5.1326377539397114,17.255131862659606,0.0301582933050924,1.0,0.8,0.8,0.1,0.1,0.15,1.0,0.8,0.8
0.12,1.0836271939896556,1.2955604806356351,-0.3009557611462332,0.6749535693150993,0.5983716475095786,1.744137430362212,-0.1134264369919897,0.0555451506948461,0.2888257575757575,0.0572727272727272,1.0,3.498093591480921,0.0192857239285786,0.0447669963620231,0.6670498084291188,0.5706349206349207,0.5872605363984674,0.096414887794198,0.0797892720306513,0.7,0.3398692810457514,6.943766660712099,22.964152954701195,0.0291329463937031,0.5,0.85,0.9,0.1,0.05,0.9,0.5,0.8,0.9
0.14,1.0878246536629812,1.6667616382111754,-0.3418936401755328,0.2589924495218946,0.5235632183908047,0.4173592219300754,0.0455816245446023,0.2723378144470016,0.2533222591362126,0.0683720930232558,1.0,3.9635615680536342,0.0351445838474091,0.0282565591430976,0.5897372742200329,0.4629629629629629,0.5378489326765189,0.1267743112570699,0.0518883415435139,0.1,0.4352941176470587,7.634296080928432,18.936700691000404,0.0478642745710229,0.5,0.75,0.8,0.4,0.1,0.9,1.0,0.8,0.7
0.11,1.0901405021554464,1.4166242759072978,-0.2418774527281608,0.0686492321392962,0.4652298850574712,0.140723237274316,-0.0195402419120859,0.5969529119612875,0.2750255362614913,0.0531460674157303,1.0,3.2801626628937877,0.0061114984490311,0.0163843418978125,0.5981162196679438,0.6968854282536151,0.4631864623243933,-0.0987692085856712,0.1349297573435504,1.0,0.3264705882352939,6.521237278479454,11.45895991561036,0.0318109259846293,1.0,0.85,0.3,0.6,0.05,0.2,1.0,0.8,0.3
0.11,1.095004741997919,1.1794350129331763,-0.2221621935450946,0.3184273927982958,0.5413793103448276,0.4224928815860939,-0.0575998413002351,0.473949069850937,0.2446373850868233,0.0531460674157303,1.0,3.754527497085925,0.0,0.0312044082049814,0.6236270753512133,0.6275814985492404,0.535823754789272,-0.003954423198027,0.0878033205619412,1.0,0.4307189542483658,6.229360869577853,7.727961448652994,0.0470429172329446,1.0,0.7,0.9,0.8,0.15,0.2,0.5,1.0,0.2
0.14,1.0953573344495673,1.3500488304607356,-0.3504801996143305,0.3229281105264139,0.4318555008210181,0.4561441961973109,0.0485138362218114,0.2553613070908057,0.2113787375415282,0.07,1.0,4.149751687163206,0.0,0.0201459706090422,0.4747947454844006,0.3994810744810744,0.4352216748768472,0.0753136710033262,0.0395730706075534,0.7,0.5859477124183008,7.172524131897955,15.67773912521684,0.0271080885842348,1.0,0.8,0.9,0.1,0.1,0.2,1.0,0.6,0.9
0.1,1.0674325262935265,1.1820334443158187,-0.2532325171072989,0.1149491594119907,0.2749999999999999,0.1377003707052981,0.0210821496368337,0.8137899838107132,0.2638888888888889,0.0488888888888888,1.0,3.413133102891906,0.011594010031935,0.0176034450073634,0.3148148148148147,0.6137992831541219,0.2749999999999999,-0.2989844683393071,0.0398148148148148,0.1,0.3222222222222223,4.714452397074218,16.64942788849391,0.0200887124825478,1.0,0.85,0.1,0.9,0.1,0.95,1.0,0.8,0.1
0.09,1.0735057646795194,1.1578857223436745,-0.2108821639657265,0.7111404182486099,0.7538829151732377,1.7556887600675426,-0.1511444882956483,0.0250723379117616,0.3586691086691086,0.0435164835164835,1.0,3.0059588553904955,0.0273306528446559,0.0504691203234501,0.7869772998805257,0.2521232439335887,0.7428912783751493,0.5348540559469369,0.0440860215053763,0.1,0.1827485380116957,5.312438313828748,15.516148742246102,0.0294695942240536,0.5,0.8,0.85,0.15,0.05,0.85,0.5,1.0,0.85
0.1,1.0724930024744388,1.1555073243469454,-0.3249695606872835,0.0846324001235051,0.3037037037037037,0.1070531913033575,-0.0163208022849287,0.9954162844241846,0.1972222222222222,0.0477777777777777,1.0,3.294948457505494,0.0057920495690949,0.0070817654764945,0.4296296296296296,0.5818452380952381,0.3037037037037037,-0.1522156084656085,0.1259259259259258,0.7,0.561111111111111,4.524087996980699,44.37620319858633,0.0200887124825478,1.0,0.9,0.9,0.1,0.05,0.1,1.0,1.0,0.9
0.06,1.0509090558142724,1.164851086732818,-0.1373955367696382,0.6975134270375279,0.8461021505376345,0.8115578976498713,0.1290808708335751,0.1257093205824351,0.4069148936170212,0.0293617021276595,1.0,2.525731494160393,0.0219320312075616,0.0566528716019359,0.8780241935483871,0.7183012924948408,0.8408938172043011,0.1597229010535463,0.037130376344086,0.1211832728374631,0.1236842105263157,6.025343453113267,14.463723898561245,0.0257504143162493,1.0,0.85,0.9,0.1,0.05,0.2,1.0,0.8,0.9
0.08,1.056496411283352,1.1081562669251557,-0.1808855274899654,0.1330617651449397,0.4545997610513739,0.2184832909791568,-0.0355773346872335,0.974660422018088,0.3546195652173913,0.04,1.0,3.1517972519870647,0.0,0.0432990195896283,0.4688172043010752,0.366991756646929,0.4545997610513739,0.1018254476541462,0.0142174432497013,0.4,0.3719298245614034,5.745370563075899,12.089196551762129,0.0249859416120602,1.0,0.85,0.9,0.1,0.0,0.2,1.0,0.8,0.9
0.09,1.0725388222051868,1.1819089827525353,-0.1929538545477567,0.3523837142258336,0.5545997610513739,0.5973351979620325,-0.0762257067344879,0.2284165435981262,0.3369963369963369,0.0445054945054945,1.0,2.9607255596345254,0.0492680124364105,0.0589124547917835,0.6347670250896057,0.5036962365591398,0.5620071684587813,0.1310707885304659,0.0727598566308244,1.0,0.1301169590643274,6.542398984031143,11.559980642186558,0.0435676323416385,0.5,0.8,0.4,0.7,0.05,0.9,0.5,1.0,0.4
0.06,1.0409471163310124,1.1231626004165791,-0.1386327136295353,0.0239895243074743,0.3723118279569892,0.0428086708934436,0.008733931941816,0.9042715739677216,0.2952127659574468,0.03,1.0,2.5562125370350266,0.0,0.0203145147615662,0.5161290322580645,0.5309139784946236,0.3778561827956989,-0.0147849462365591,0.1382728494623655,1.0,0.421345029239766,7.938432796286906,22.113460658923323,0.0318302195145139,1.0,0.8,0.1,0.8,0.1,0.9,1.0,0.6,0.1
0.09,1.0580819951459726,1.20846474718775,-0.3093128536106038,0.0304045015685299,0.3170848267622461,0.0341250827163364,0.0062026970189955,0.9519783692472568,0.2237484737484737,0.0425274725274725,1.0,3.443500723074024,0.0,0.0136574807039102,0.4551971326164874,0.5754778972520908,0.3206690561529271,-0.1202807646356033,0.1345280764635603,0.4,0.447953216374269,6.478868963906569,49.63251301054105,0.0095022256089006,1.0,0.85,0.9,0.1,0.1,0.1,1.0,0.8,0.9
0.1,1.0664375359593052,1.2749786349999943,-0.2072407272796295,0.3772110826896019,0.549074074074074,0.5967736600292763,0.062980555628144,0.4245592023797921,0.2527777777777777,0.0488888888888888,1.0,3.209359037641088,0.0057880664252047,0.0276239585227271,0.5953703703703703,0.2240205166234087,0.5462962962962963,0.3713498537469616,0.049074074074074,0.1,0.5111111111111111,9.26791813635877,10.164054312562046,0.0415831399192814,1.0,0.85,0.1,0.9,0.05,0.4,1.0,0.8,0.1
0.09,1.065163290880838,1.291622156341745,-0.2156166572322408,0.0263810780537209,0.4261648745519713,0.0358897275856033,0.0062063231925711,0.8850783331579537,0.2405372405372405,0.0445054945054945,1.0,3.1788690012104155,0.0163940833841839,0.0169102219508054,0.4848267622461171,0.6819014319014318,0.4297491039426523,-0.1970746696553147,0.0550776583034647,0.1,0.5175438596491226,7.338940582969533,17.9334209496494,0.0329319056479882,1.0,0.85,0.1,0.8,0.05,0.15,1.0,0.8,0.1
0.13,1.0958531906261657,1.4064097646089595,-0.2708931452525749,0.4162681430180002,0.6545977011494254,0.6703399234173564,0.0721598418796006,0.2187238652243439,0.2413793103448276,0.0627586206896551,1.0,4.027768024482557,0.0134423047490859,0.0435507545797395,0.6896551724137931,0.2825235629895128,0.654022988505747,0.4071316094242803,0.0356321839080461,0.1,0.4330065359477123,8.30153457982708,9.537954755291215,0.0546779681471031,1.0,0.85,0.9,0.1,0.0,0.3,1.0,1.0,0.9
0.13,1.079267125385294,1.2306536453565189,-0.3509384122976025,0.2931073147198575,0.5448275862068965,0.4774209585195901,0.0611969432077519,0.246788064956179,0.2095490716180371,0.0642528735632183,1.0,3.623619907507951,0.0336465761507667,0.0209326605994503,0.5614942528735632,0.3797390987046159,0.542528735632184,0.1817551541689473,0.0189655172413792,0.1,0.599673202614379,7.394689069831641,20.906932762567585,0.0262273564287986,0.5,0.85,0.85,0.1,0.1,0.65,0.5,0.8,0.9
0.09,1.0639549118022904,1.1109453464712162,-0.2224314668641218,0.2253718492230859,0.427479091995221,0.338820025741586,-0.0486443664457116,0.5311097531471883,0.2521367521367521,0.0445054945054945,1.0,3.0406938858741,0.0382737844901419,0.0178593711483799,0.4636798088410991,0.460913360524039,0.427479091995221,0.00276644831706,0.0362007168458781,0.7,0.3494152046783626,4.846683406090502,19.428533106327983,0.0260471519333878,1.0,0.85,1.0,0.0,0.05,0.15,1.0,1.0,1.0
0.14,1.1037485314180215,1.1891784863452075,-0.3744005244143631,0.1283867852777013,0.6466338259441708,0.2233475471076255,0.0273790468000171,1.0,0.2728405315614618,0.0683720930232558,1.0,3.620953985144407,0.0281049218129298,0.0199568978418751,0.6580459770114943,0.2819368131868132,0.6385057471264369,0.376109163824681,0.0195402298850573,0.1,0.3441176470588236,6.3635504724793,22.983459598381796,0.023102635078072,1.0,0.85,0.5,0.3,0.05,0.4,1.0,0.8,0.5
0.14,1.12154115931705,1.2753715512986223,-0.3131351143349401,0.0995540322067363,0.5077175697865354,0.1603332365070022,0.0215444526702909,0.7095059352037268,0.1785714285714285,0.0683720930232558,1.0,3.7250150795097614,0.0280905288380132,0.0181606196156577,0.5866995073891625,0.4051724137931034,0.5117405582922824,0.1815270935960591,0.0749589490968801,0.1,0.5908496732026143,6.857848254973999,11.126825870664232,0.0478642745710229,1.0,0.7,0.9,0.8,0.2,0.1,0.5,1.0,0.2
0.1,1.0703364617726177,1.093864462710268,-0.2752181442478534,0.4690841235310441,0.4166666666666667,0.9445581337225404,-0.1063219150404468,0.0991933558131261,0.2527777777777777,0.0466666666666666,1.0,3.4052953180754213,0.0116070765589397,0.0354010826950173,0.462037037037037,0.6284060846560847,0.4138888888888889,-0.1663690476190477,0.0481481481481481,0.4,0.3666666666666666,5.033837754092696,23.25075523503429,0.0166480687396419,1.0,0.8,0.1,0.9,0.1,0.85,1.0,0.8,0.1
