modelo,acc_direta,acc_hierarquica,delta_acc,recall_MCAR_direta,recall_MAR_direta,recall_MNAR_direta,recall_MCAR_hier,recall_MAR_hier,recall_MNAR_hier,delta_recall_MNAR,acc_level1,cv_logo,cv_groupkfold
RandomForest,0.7566666666666667,0.74,-0.01666666666666672,0.5352112676056338,0.9230769230769231,0.696969696969697,0.5915492957746479,0.9230769230769231,0.6060606060606061,-0.09090909090909094,0.7866666666666666,0.7791666666666667,0.7633333333333333
GradientBoosting,0.75,0.7366666666666667,-0.013333333333333308,0.49295774647887325,0.9307692307692308,0.696969696969697,0.5633802816901409,0.9307692307692308,0.6060606060606061,-0.09090909090909094,0.78,0.7508333333333334,0.7375
LogisticRegression,0.7633333333333333,0.66,-0.10333333333333328,0.4084507042253521,0.9307692307692308,0.797979797979798,0.7323943661971831,0.9230769230769231,0.26262626262626265,-0.5353535353535354,0.7066666666666667,0.77,0.7666666666666667
SVM_RBF,0.76,0.7366666666666667,-0.023333333333333317,0.5070422535211268,0.8923076923076924,0.7676767676767676,0.7464788732394366,0.8846153846153846,0.5353535353535354,-0.23232323232323226,0.78,0.7808333333333334,0.7725
KNN,0.7133333333333334,0.6933333333333334,-0.020000000000000018,0.5774647887323944,0.8846153846153846,0.5858585858585859,0.676056338028169,0.8692307692307693,0.47474747474747475,-0.1111111111111111,0.7533333333333333,0.74,0.7258333333333333
MLP,0.7466666666666667,0.76,0.013333333333333308,0.5211267605633803,0.9230769230769231,0.6767676767676768,0.5352112676056338,0.9307692307692308,0.696969696969697,0.02020202020202022,0.8,0.7483333333333333,0.7458333333333333
NaiveBayes,0.7066666666666667,0.5866666666666667,-0.12,0.4647887323943662,0.8153846153846154,0.7373737373737373,0.8873239436619719,0.8384615384615385,0.04040404040404041,-0.6969696969696969,0.5966666666666667,0.58,0.5791666666666667
