modelo,cv_logo_acc,cv_groupkfold_acc,delta
RandomForest,0.7791666666666667,0.7633333333333333,0.015833333333333366
GradientBoosting,0.7508333333333334,0.7375,0.013333333333333308
LogisticRegression,0.77,0.7666666666666667,0.0033333333333332993
SVM_RBF,0.7808333333333334,0.7725,0.008333333333333415
KNN,0.74,0.7258333333333333,0.01416666666666666
MLP,0.7483333333333333,0.7458333333333333,0.0024999999999999467
NaiveBayes,0.58,0.5791666666666667,0.0008333333333332416
