{
  "timestamp": "2026-04-20T21:37:13.872041",
  "model_name": "none",
  "data_type": "sintetico",
  "experiment": "step08_flash_sc",
  "abordagem": "apenas ML (baseline)",
  "n_samples": 1200,
  "n_features": 25,
  "n_train": 900,
  "n_test": 300,
  "seed": 42,
  "best_model_direct": "LogisticRegression",
  "best_acc_direct": 0.7633333333333333,
  "best_model_hier": "MLP",
  "best_acc_hier": 0.76,
  "results_per_model": {
    "RandomForest": {
      "acc_direta": 0.7566666666666667,
      "acc_hierarquica": 0.74,
      "recall_MNAR_direta": 0.696969696969697,
      "recall_MNAR_hier": 0.6060606060606061
    },
    "GradientBoosting": {
      "acc_direta": 0.75,
      "acc_hierarquica": 0.7366666666666667,
      "recall_MNAR_direta": 0.696969696969697,
      "recall_MNAR_hier": 0.6060606060606061
    },
    "LogisticRegression": {
      "acc_direta": 0.7633333333333333,
      "acc_hierarquica": 0.66,
      "recall_MNAR_direta": 0.797979797979798,
      "recall_MNAR_hier": 0.26262626262626265
    },
    "SVM_RBF": {
      "acc_direta": 0.76,
      "acc_hierarquica": 0.7366666666666667,
      "recall_MNAR_direta": 0.7676767676767676,
      "recall_MNAR_hier": 0.5353535353535354
    },
    "KNN": {
      "acc_direta": 0.7133333333333334,
      "acc_hierarquica": 0.6933333333333334,
      "recall_MNAR_direta": 0.5858585858585859,
      "recall_MNAR_hier": 0.47474747474747475
    },
    "MLP": {
      "acc_direta": 0.7466666666666667,
      "acc_hierarquica": 0.76,
      "recall_MNAR_direta": 0.6767676767676768,
      "recall_MNAR_hier": 0.696969696969697
    },
    "NaiveBayes": {
      "acc_direta": 0.7066666666666667,
      "acc_hierarquica": 0.5866666666666667,
      "recall_MNAR_direta": 0.7373737373737373,
      "recall_MNAR_hier": 0.04040404040404041
    }
  },
  "cv_logo": {
    "RandomForest": 0.7791666666666667,
    "GradientBoosting": 0.7508333333333334,
    "LogisticRegression": 0.77,
    "SVM_RBF": 0.7808333333333334,
    "KNN": 0.74,
    "MLP": 0.7483333333333333,
    "NaiveBayes": 0.58
  },
  "cv_groupkfold": {
    "RandomForest": 0.7633333333333333,
    "GradientBoosting": 0.7375,
    "LogisticRegression": 0.7666666666666667,
    "SVM_RBF": 0.7725,
    "KNN": 0.7258333333333333,
    "MLP": 0.7458333333333333,
    "NaiveBayes": 0.5791666666666667
  }
}