data_type,seed,modelo,accuracy,recall_mnar
sintetico,42,RandomForest,0.7566666666666667,0.696969696969697
sintetico,42,GradientBoosting,0.75,0.696969696969697
sintetico,123,RandomForest,0.7666666666666667,0.7894736842105263
sintetico,123,GradientBoosting,0.7533333333333333,0.7368421052631579
sintetico,456,RandomForest,0.74,0.6842105263157895
sintetico,456,GradientBoosting,0.7333333333333333,0.7157894736842105
