,acc_baseline,acc_llm,acc_ensemble,n_low_conf,pct_low_conf
RandomForest,0.77,0.7533333333333333,0.75,97.0,32.33333333333333
GradientBoosting,0.74,0.76,0.7533333333333333,31.0,10.333333333333334
LogisticRegression,0.7766666666666666,0.76,0.77,63.0,21.0
SVM_RBF,0.77,0.77,0.78,59.0,19.666666666666664
KNN,0.7233333333333334,0.73,0.74,20.0,6.666666666666667
MLP,0.7866666666666666,0.7233333333333334,0.78,11.0,3.6666666666666665
NaiveBayes,0.72,0.7066666666666667,0.7166666666666667,30.0,10.0
