,acc_baseline,acc_llm,acc_ensemble,n_low_conf,pct_low_conf
RandomForest,0.39746835443037976,0.9367088607594937,0.6759493670886076,178.0,45.063291139240505
GradientBoosting,0.4151898734177215,0.9291139240506329,0.4911392405063291,59.0,14.936708860759493
LogisticRegression,0.5392405063291139,0.9215189873417722,0.7063291139240506,139.0,35.189873417721515
SVM_RBF,0.44556962025316454,0.8430379746835444,0.6050632911392405,108.0,27.341772151898734
KNN,0.4,0.8278481012658228,0.5063291139240507,66.0,16.70886075949367
MLP,0.4379746835443038,0.8962025316455696,0.4582278481012658,16.0,4.050632911392405
NaiveBayes,0.549367088607595,0.8329113924050633,0.5721518987341773,17.0,4.30379746835443
