modelo,acc_direta,acc_hierarquica,delta_acc,recall_MCAR_direta,recall_MAR_direta,recall_MNAR_direta,recall_MCAR_hier,recall_MAR_hier,recall_MNAR_hier,delta_recall_MNAR,acc_level1,cv_logo,cv_groupkfold
RandomForest,0.40759493670886077,0.4582278481012658,0.050632911392405056,0.5263157894736842,0.41333333333333333,0.32666666666666666,0.5157894736842106,0.49333333333333335,0.38666666666666666,0.06,0.6784810126582278,0.398311048557354,0.4123856439127375
GradientBoosting,0.4050632911392405,0.4759493670886076,0.07088607594936708,0.5473684210526316,0.4,0.32,0.5473684210526316,0.5666666666666667,0.34,0.020000000000000018,0.6455696202531646,0.39338494018296977,0.36593947923997183
LogisticRegression,0.5518987341772152,0.5164556962025316,-0.03544303797468362,0.5684210526315789,0.6,0.49333333333333335,0.6736842105263158,0.52,0.41333333333333333,-0.08000000000000002,0.739240506329114,0.4454609429978888,0.4243490499648135
SVM_RBF,0.44556962025316454,0.47848101265822784,0.0329113924050633,0.6105263157894737,0.44666666666666666,0.34,0.6210526315789474,0.49333333333333335,0.37333333333333335,0.033333333333333326,0.6911392405063291,0.3194933145672062,0.3391977480647431
KNN,0.4151898734177215,0.4,-0.015189873417721489,0.5894736842105263,0.37333333333333335,0.3466666666666667,0.631578947368421,0.32,0.3333333333333333,-0.013333333333333364,0.6227848101265823,0.35467980295566504,0.386347642505278
MLP,0.44050632911392407,0.4430379746835443,0.002531645569620211,0.6210526315789474,0.4533333333333333,0.31333333333333335,0.5894736842105263,0.4866666666666667,0.30666666666666664,-0.00666666666666671,0.6784810126582278,0.34412385643912735,0.34412385643912735
NaiveBayes,0.5392405063291139,0.5392405063291139,0.0,0.42105263157894735,0.4533333333333333,0.7,0.42105263157894735,0.4533333333333333,0.7,0.0,0.8329113924050633,0.43912737508796623,0.4637579169598874
