{
  "timestamp": "2026-04-20T23:18:49.596756",
  "model_name": "none",
  "data_type": "real",
  "experiment": "step09_flash_sc_neutral",
  "abordagem": "apenas ML (baseline)",
  "n_samples": 1421,
  "n_features": 25,
  "n_train": 1026,
  "n_test": 395,
  "seed": 42,
  "best_model_direct": "LogisticRegression",
  "best_acc_direct": 0.5518987341772152,
  "best_model_hier": "NaiveBayes",
  "best_acc_hier": 0.5392405063291139,
  "results_per_model": {
    "RandomForest": {
      "acc_direta": 0.40759493670886077,
      "acc_hierarquica": 0.4582278481012658,
      "recall_MNAR_direta": 0.32666666666666666,
      "recall_MNAR_hier": 0.38666666666666666
    },
    "GradientBoosting": {
      "acc_direta": 0.4050632911392405,
      "acc_hierarquica": 0.4759493670886076,
      "recall_MNAR_direta": 0.32,
      "recall_MNAR_hier": 0.34
    },
    "LogisticRegression": {
      "acc_direta": 0.5518987341772152,
      "acc_hierarquica": 0.5164556962025316,
      "recall_MNAR_direta": 0.49333333333333335,
      "recall_MNAR_hier": 0.41333333333333333
    },
    "SVM_RBF": {
      "acc_direta": 0.44556962025316454,
      "acc_hierarquica": 0.47848101265822784,
      "recall_MNAR_direta": 0.34,
      "recall_MNAR_hier": 0.37333333333333335
    },
    "KNN": {
      "acc_direta": 0.4151898734177215,
      "acc_hierarquica": 0.4,
      "recall_MNAR_direta": 0.3466666666666667,
      "recall_MNAR_hier": 0.3333333333333333
    },
    "MLP": {
      "acc_direta": 0.44050632911392407,
      "acc_hierarquica": 0.4430379746835443,
      "recall_MNAR_direta": 0.31333333333333335,
      "recall_MNAR_hier": 0.30666666666666664
    },
    "NaiveBayes": {
      "acc_direta": 0.5392405063291139,
      "acc_hierarquica": 0.5392405063291139,
      "recall_MNAR_direta": 0.7,
      "recall_MNAR_hier": 0.7
    }
  },
  "cv_logo": {
    "RandomForest": 0.398311048557354,
    "GradientBoosting": 0.39338494018296977,
    "LogisticRegression": 0.4454609429978888,
    "SVM_RBF": 0.3194933145672062,
    "KNN": 0.35467980295566504,
    "MLP": 0.34412385643912735,
    "NaiveBayes": 0.43912737508796623
  },
  "cv_groupkfold": {
    "RandomForest": 0.4123856439127375,
    "GradientBoosting": 0.36593947923997183,
    "LogisticRegression": 0.4243490499648135,
    "SVM_RBF": 0.3391977480647431,
    "KNN": 0.386347642505278,
    "MLP": 0.34412385643912735,
    "NaiveBayes": 0.4637579169598874
  }
}