X0_missing_rate,X0_obs_vs_full_ratio,X0_iqr_ratio,X0_obs_skew_diff,coef_X1_abs,auc_mask_from_Xobs,log_pval_X1_mask,X1_mean_diff,X1_mannwhitney_pval,little_proxy_score,X0_ks_obs_vs_imputed,X0_tail_missing_ratio,mask_entropy,X0_censoring_score,X0_mean_shift_X1_to_X4,mechdetect_auc_complete,mechdetect_auc_shuffled,mechdetect_auc_excluded,mechdetect_delta_complete_shuffled,mechdetect_delta_complete_excluded,mechdetect_mwu_pvalue,caafe_auc_self_delta,caafe_kl_density,caafe_kurtosis_excess,caafe_cond_entropy_X0_mask,llm_ctx_domain_prior,llm_ctx_domain_confidence,llm_ctx_stats_consistency,llm_ctx_surprise,llm_ctx_confidence_delta,llm_ctx_counter_strength,llm_ctx_cause_type,llm_ctx_n_causes,llm_ctx_stats_agreement
0.04,0.9952551787987506,1.0072463768115942,0.0538603319559048,0.1005119781920235,0.6197916666666666,0.812633233677017,0.2377421128559265,0.1075031187577579,0.5364583333333334,0.02,1.0,1.9684392788407163,0.0,0.1919386673065325,0.5,0.5,0.5,0.0,0.0,1.0,0.0,0.0,0.1327436282885812,0.2257355131993065,0.5,0.9,0.95,0.05,0.05,0.6,0.5,0.8,0.95
0.09,0.992823164768866,1.2028985507246386,0.0955375820158781,0.4566132076348349,0.7968936678614099,1.8888151651782876,0.2821998789740725,0.0194563074250674,0.5,0.0445054945054945,1.0,2.7725613589060143,0.0,0.1899669662281229,0.8482676224611708,0.6193834900731452,0.7931899641577062,0.2288841323880256,0.0550776583034646,0.1,0.0688596491228069,19.702364799994747,-0.2146132035358907,0.3036255322569677,0.5,0.95,0.95,0.0,0.0,0.3,0.5,0.8,1.0
0.09,0.990668437935392,1.1620553359683798,0.1147094635090949,1.0285656709861706,0.6401433691756272,1.827109380510764,0.2776509535094343,0.0149734295597382,0.4462759462759462,0.0445054945054945,1.0,3.361700305085886,0.0054514106684023,0.172555123659481,0.6908004778972522,0.6665430725497465,0.643847072879331,0.0242574053475056,0.0469534050179212,1.0,0.2979532163742691,20.23991011888752,-0.1669985269203504,0.3405237479640617,0.5,0.95,0.95,0.0,0.0,0.2,0.5,1.0,1.0
0.05,0.9972393213555024,1.0555555555555558,0.0408898996925375,0.4479895102131146,0.6901881720430106,1.2454119416256977,0.2804066736702696,0.0462851226231033,0.5552631578947369,0.0247368421052631,1.0,2.357135055838902,0.003975143702974,0.2273775227714533,0.7014448924731184,0.7506720430107526,0.6901881720430106,-0.0492271505376342,0.0112567204301077,1.0,0.131578947368421,19.161156431801626,0.0170207041119683,0.2546499336950821,0.5,0.95,1.0,0.0,0.0,0.1,0.5,1.0,1.0
0.03,0.9968741793661956,1.0212765957446812,0.0377477796671158,0.606388326100398,0.65625,1.0867903431455093,0.3359911916183841,0.0915546152726762,0.4914089347079037,0.0148453608247422,1.0,1.712946901524414,0.0030467210373664,0.2209956883162641,0.5,0.5,0.5,0.0,0.0,1.0,0.0,0.0,0.1004115986849405,0.2610974657394437,0.5,0.95,0.95,0.0,0.0,0.2,0.5,0.8,1.0
0.03,0.9972438806020776,1.008403361344538,0.0332749632582534,0.8413422512007103,0.8131313131313131,1.4624366208287598,0.4431391919993784,0.0355963680658338,0.7087628865979382,0.0148453608247422,1.0,1.667568558276424,0.0,0.2936860319513016,0.5,0.5,0.5,0.0,0.0,1.0,0.0,0.0,-0.254697238068049,0.2924268678475954,0.5,0.95,0.95,0.05,0.05,0.4,0.5,1.0,0.95
0.08,0.9930954910076554,1.053333333333332,0.1216776102956997,0.4887990918623631,0.6412186379928316,1.0215240963589771,0.1865617275318447,0.0910442461732544,0.4755434782608695,0.0382608695652173,1.0,3.300599929116883,0.0,0.1282992251456787,0.5860215053763441,0.5107440142162365,0.6448028673835126,0.0752774911601076,-0.0587813620071684,1.0,0.163888888888889,19.636915546192498,2.0942841829927934,0.1761464439782173,0.5,0.95,0.95,0.05,0.1,0.9,0.5,0.8,0.95
0.06,0.9955290922628554,1.0505050505050506,0.0677228818394802,0.2224566492246698,0.4361559139784947,0.1682558151071963,0.0577860545812811,0.8960685365820231,0.2535460992907801,0.03,1.0,2.3695483538732547,0.0,0.0406716105874213,0.338877688172043,0.6184027777777777,0.4415322580645162,-0.2795250896057347,-0.1026545698924731,0.4,0.3847953216374268,20.363131475069245,0.3530546621880011,0.3385805801309896,0.0,0.8,0.9,0.1,0.05,0.9,0.0,0.8,0.9
0.05,0.9976783054881736,1.0739549839228302,0.0299237393217896,0.1636760808557381,0.5623319892473119,0.4093380807382626,0.1230048444353718,0.4766386822094201,0.381578947368421,0.0247368421052631,1.0,2.0233719162032906,0.0,0.0806106332867007,0.5940860215053764,0.0,0.5569556451612904,0.0,0.037130376344086,0.0,0.2421052631578948,21.243247620344277,-0.1015353429023,0.2476418159025596,0.5,0.9,0.9,0.1,0.05,0.9,0.5,1.0,0.9
0.03,0.9968598999182716,1.0491803278688523,0.0375032294831718,0.2060677795148163,0.6723484848484849,0.561009321711975,-0.2131970660833422,0.3171943099619322,0.4304123711340206,0.0148453608247422,1.0,2.041087596613486,0.0,0.1644946872430163,0.5,0.5,0.5,0.0,0.0,1.0,0.0,0.0,0.0872963124131263,0.2401935834314981,0.5,0.7,0.9,0.6,0.15,0.9,0.0,0.8,0.4
0.1,0.994246157186556,1.1538461538461542,0.0844582307169931,0.9096876802541924,0.8018518518518518,3.165794497267509,0.3766720272443477,0.0013207221803356,0.5472222222222222,0.0488888888888888,1.0,3.3371113486106396,0.0,0.2528679399343047,0.9314814814814816,0.7203703703703704,0.8018518518518518,0.211111111111111,0.1296296296296296,0.1,0.1055555555555554,20.307113391506544,-0.1963774425406019,0.3456956344401236,0.5,0.95,0.95,0.05,0.0,0.2,0.5,0.8,0.95
0.01,0.9992834086083008,1.0161812297734627,0.0094683544177973,0.4827751768895565,0.5,0.511191911952157,0.3385663464653153,0.3864453594385301,0.6515151515151515,0.0049494949494949,1.0,0.7994837793045324,0.0017411039178681,0.1835894552519115,0.5,0.5,0.5,0.0,0.0,1.0,0.0,0.0,-0.1894868474520459,0.2171031685531994,0.0,0.9,1.0,0.0,0.0,0.1,0.0,1.0,1.0
0.01,0.9987916882436624,1.012987012987013,0.0107861230398799,0.72215040822634,0.5,0.4167103041366862,-0.3030092811570439,0.5559009481664383,0.7196969696969697,0.0049494949494949,1.0,0.6628442045368051,0.0034821869348185,0.2448915627875153,0.5,0.5,0.5,0.0,0.0,1.0,0.0,0.0,-0.6360397794697157,0.2171031685531994,0.0,0.9,0.8,0.1,0.0,0.1,0.0,1.0,0.8
0.06,0.991873356682229,1.0816326530612244,0.0916536408289425,0.0092263808992668,0.3400537634408602,0.0594969441397948,-0.0226574979990084,0.9248363693002984,0.1906028368794326,0.03,1.0,2.6377496492551997,0.0,0.0229559076372368,0.594758064516129,0.2527777777777777,0.3400537634408602,0.3419802867383512,0.2547043010752687,0.1,0.6138888888888888,19.582662314647784,0.6162295670215183,0.1649213263564441,0.0,0.9,1.0,0.0,0.0,0.15,0.0,0.8,1.0
0.02,0.9975037699236248,1.0057306590257875,0.0257852332075365,0.1476111027584527,0.8877551020408164,0.8484910017797842,0.3552272389421192,0.1796358530527096,0.8112244897959184,0.0097959183673469,1.0,1.097373389359961,0.0049501523454484,0.3003422803470126,0.5,0.5,0.5,0.0,0.0,1.0,0.0,0.0,-0.4031521972998457,0.2304243096623153,0.5,0.95,1.0,0.0,0.0,0.1,0.5,0.8,1.0
0.09,0.9906500237130303,1.1149825783972125,0.1173610714825267,0.3503342876831847,0.3849462365591398,0.567302018632377,0.1293728817141929,0.214749479261443,0.394078144078144,0.0445054945054945,1.0,3.447461932504525,0.0272854357743849,0.1182751003096121,0.3091995221027479,0.6466547192353643,0.3813620071684587,-0.3374551971326164,-0.0721624850657108,0.1,0.1211988304093565,19.17264433378211,0.1233086573108623,0.2950781025941639,0.5,0.95,0.95,0.05,0.0,0.2,0.5,0.8,0.95
0.07,0.9929919997164904,1.026819923371648,0.0955482050981688,0.2415415432721669,0.578853046594982,0.4996142226203948,0.1259554841005614,0.2797979305826537,0.3544546850998464,0.0346236559139784,1.0,2.6123129598406587,0.0,0.1119534578045805,0.5609318996415771,0.6881720430107526,0.578853046594982,-0.1272401433691755,-0.0179211469534049,0.7,0.1866959064327484,19.630284376961328,0.5632590723744615,0.2842857965034611,0.5,0.9,0.9,0.1,0.05,0.4,0.5,1.0,0.9
0.06,0.9956810524773866,1.1821862348178147,0.0709788224627792,0.1302046778748688,0.3422379032258065,0.4458749494882267,-0.1229813131201311,0.4547637307754859,0.349290780141844,0.03,1.0,1.9160002493690005,0.0,0.0850973901563731,0.4490927419354838,0.2820900537634409,0.3422379032258065,0.1670026881720429,0.1068548387096773,0.4,0.2359649122807017,18.531541932191917,0.4582706684119109,0.2697559464879411,0.5,0.85,0.9,0.1,0.25,0.75,0.5,1.0,0.9
0.05,0.9987327355267168,1.0155763239875395,0.0237692519417892,0.1604648499029379,0.3612231182795699,0.1188317128033875,0.0453265886312603,0.9621562166600016,0.3526315789473684,0.0247368421052631,1.0,2.3949599338217555,0.0039748811652261,0.043908760808865,0.2258064516129032,0.0,0.3612231182795699,0.0,-0.1354166666666667,0.0,0.0789473684210525,19.51088331143884,-0.5230428566624314,0.2848161699887707,1.0,0.85,0.1,0.9,0.1,0.1,0.0,1.0,0.1
0.07,0.9914603592295168,1.0266666666666673,0.0887956036379159,0.6531001114960949,0.3010752688172043,0.7475954389971049,0.174286926191864,0.2214672488609794,0.3279569892473118,0.0346236559139784,1.0,3.2066800907760427,0.0047544301492078,0.1046870641467836,0.2741935483870967,0.4632616487455196,0.3010752688172043,-0.1890681003584229,-0.0268817204301075,0.4,0.2780701754385966,18.78397127097902,-0.2904809054002757,0.3008277361717584,0.5,0.95,1.0,0.0,0.05,0.35,0.5,0.8,1.0
0.08,0.9926067737128622,1.0694444444444446,0.0904058503470576,0.3479625154077363,0.8188769414575866,2.653521980414956,0.3741671225214185,0.003692760154256,0.6589673913043479,0.04,1.0,3.0157042408465453,0.0,0.2840613296873938,0.9344086021505376,0.7561244630210147,0.8188769414575866,0.178284139129523,0.115531660692951,0.1,0.079093567251462,20.960260834972157,-0.2370879258683604,0.2589253848731839,0.5,0.95,0.95,0.0,0.0,0.1,0.5,0.8,1.0
0.11,0.9898553174327814,1.3137254901960795,0.1559112270183633,0.5095038966627627,0.4147828863346105,0.8321359900994584,0.1491925458756485,0.1520984854323732,0.3312053115423902,0.0543820224719101,1.0,3.4693968914532483,0.0060969417426184,0.0976668774976315,0.3819604086845466,0.4630056323604711,0.4147828863346105,-0.0810452236759244,-0.0328224776500638,1.0,0.3995098039215685,19.949736802980887,0.7702728971218029,0.3030128812523897,0.5,0.95,0.95,0.05,0.1,0.6,0.5,0.8,0.95
0.09,0.9884869688516252,1.224913494809688,0.1195262008587597,0.8876952157010054,0.6835125448028673,1.7437513496996684,0.2744100621311861,0.0154767166572711,0.4493284493284493,0.0435164835164835,1.0,3.0896432544874384,0.0054539678152875,0.1891711650659753,0.7236559139784946,0.2444828469022017,0.6835125448028673,0.4791730670762928,0.0401433691756273,0.1,0.1997076023391811,20.198246248543967,-0.2053461533319382,0.1898269280081871,0.5,0.95,0.95,0.05,0.0,0.2,0.5,0.8,0.95
0.05,0.995651185516942,1.0827067669172936,0.0596052330296559,0.9239220708351282,0.655241935483871,1.631975673569235,0.318448187444299,0.0176754593685257,0.6421052631578947,0.0247368421052631,1.0,2.251371645422187,0.0159052552864904,0.2117211100749171,0.6399529569892474,0.9739583333333334,0.655241935483871,-0.334005376344086,-0.0152889784946236,0.4,0.063157894736842,18.56586078327614,0.1350714425992545,0.2277181651394121,0.5,0.9,1.0,0.0,0.05,0.15,0.5,0.8,1.0
0.03,0.997051927423329,1.0647482014388496,0.0370965425434285,0.5382572130710127,0.7329545454545454,0.6086023745348889,0.2291289370094739,0.3739523804881386,0.513745704467354,0.0148453608247422,1.0,1.5962331307703863,0.0,0.1467764174763059,0.5,0.5,0.5,0.0,0.0,1.0,0.0,0.0,-0.0845667142908452,0.2210860791948539,0.5,0.9,0.9,0.1,0.0,0.2,0.5,0.8,0.9
0.08,0.989230821331295,1.1784615384615384,0.1111470725374964,0.3567475239477384,0.6739545997610513,0.8471122675384813,0.1817361793750745,0.1388135346546507,0.389945652173913,0.04,1.0,3.082325625473063,0.0,0.1499238775681614,0.6021505376344086,0.5724910394265232,0.6739545997610513,0.0296594982078853,-0.0718040621266427,1.0,0.3055555555555554,20.00505815946226,-0.2451395080466922,0.2901024814517316,0.5,0.95,0.95,0.0,0.0,0.2,0.5,0.8,1.0
0.07,0.9938492357648318,1.0657439446366774,0.0810657261762903,1.2243708722638558,0.6792114695340502,1.8184577209091597,0.3173790393420482,0.0129254748527648,0.4316436251920122,0.0338709677419354,1.0,2.898419662304367,0.0,0.1721082069824595,0.6774193548387096,0.3023477264300401,0.6792114695340502,0.3750716284086695,-0.0017921146953405,0.1,0.1757309941520469,20.72667226567059,0.0365259499711179,0.3372357664894009,0.5,0.95,0.95,0.05,0.0,0.2,0.5,0.8,0.95
0.05,0.9937232119279288,1.0242424242424246,0.0699476835436889,0.3904049073181493,0.337029569892473,0.0032546131988351,0.0014483517468347,1.0,0.3710526315789474,0.0247368421052631,1.0,2.448099920316876,0.0119271500796675,0.0384261275710445,0.4338037634408602,0.0,0.337029569892473,0.0,0.0967741935483871,0.0,0.1052631578947368,18.902744659442185,-0.0607768847001031,0.3191033575976437,0.5,0.8,0.1,0.9,0.15,0.9,0.5,0.8,0.1
0.07,0.9927467441009128,1.160493827160494,0.0772241535657596,0.0175566597095383,0.6272401433691756,1.002655042501391,0.2130711198550479,0.102115212300903,0.4573732718894009,0.0346236559139784,1.0,2.9795552325309633,0.0047543159259196,0.1715268714650505,0.6021505376344086,0.3457912457912457,0.6164874551971326,0.2563592918431628,-0.0143369175627239,0.2,0.2782163742690058,20.25940366385102,-0.6530686144272235,0.3008277361717584,0.5,0.95,0.95,0.05,0.0,0.2,0.5,1.0,0.95
0.04,0.997113745544708,1.0304054054054053,0.0386291026258984,0.1873426321380887,0.359375,0.2554594900393405,0.0947329368082489,0.6664927823355893,0.421875,0.02,1.0,2.296807228914179,0.0,0.0991556751084741,0.5,0.5,0.5,0.0,0.0,1.0,0.0,0.0,-0.3951489468641185,0.3072395697980135,0.5,0.9,0.8,0.1,0.25,0.75,0.5,1.0,0.8
0.07,0.9947215856787512,1.0871080139372815,0.075128810125275,0.2822799323423834,0.8673835125448028,0.6763614408006029,0.157831376773339,0.1521232170265185,0.5456989247311828,0.0346236559139784,1.0,2.609783064770038,0.0047543444809698,0.1918128821085295,0.9336917562724016,0.0,0.8727598566308243,0.0,0.0609318996415771,0.0,0.1007309941520465,20.617808466533308,-0.0511339594819113,0.2842857965034611,0.5,0.95,0.95,0.0,0.0,0.2,0.5,0.8,1.0
0.02,0.9986562389929192,1.0336700336700335,0.0200177862008866,0.3415733602066838,0.0714285714285714,0.0833298118865294,0.0523887068780782,0.94111849896166,0.4668367346938775,0.0095918367346938,1.0,1.5222641689397538,0.0024752247768594,0.0426254882706164,0.5,0.5,0.5,0.0,0.0,1.0,0.0,0.0,0.0653218381404356,0.22414490178678,0.0,0.9,1.0,0.0,0.05,0.9,0.0,0.8,1.0
0.09,0.994872895699342,1.2319391634980998,0.0868150908178301,0.6568646418082992,0.6816009557945041,0.4635854395341438,0.1096940404952892,0.4407800401516784,0.3253968253968254,0.0445054945054945,1.0,3.2057710866672715,0.0,0.0738601047477518,0.6522102747909199,0.4285543608124253,0.6887694145758662,0.2236559139784945,-0.0365591397849462,0.1,0.2383040935672515,20.0575187158183,0.1517932154599299,0.2556927650014323,0.5,0.95,0.1,0.9,0.0,0.95,0.5,0.8,0.1
0.08,0.9884747018731048,1.0740740740740753,0.1175690436565142,0.0088843359828165,0.6778972520908004,0.5891531222806198,0.1337164226986875,0.1719805126388406,0.373641304347826,0.04,1.0,3.111043489726235,0.0,0.1098737100107669,0.5948626045400239,0.6188172043010752,0.6778972520908004,-0.0239545997610513,-0.0830346475507765,0.7,0.2526315789473684,19.44666556622559,-0.4255762164136172,0.2589253848731839,0.5,0.95,0.95,0.05,0.15,0.6,0.5,0.8,0.95
0.08,0.9957714704180102,1.1255411255411252,0.089416952898947,0.3098000021876483,0.847431302270012,2.331875994164112,0.3227315399390458,0.0054998863964123,0.6453804347826088,0.0391304347826087,1.0,3.422502215422031,0.0,0.2481302411697818,0.9421744324970132,0.3157407407407407,0.847431302270012,0.6264336917562725,0.0947431302270013,0.1,0.0614035087719297,20.269786769612605,0.9118247004647384,0.2819836406510497,0.5,0.95,0.95,0.0,0.1,0.6,0.5,0.8,1.0
0.04,0.99802671523983,1.0341880341880352,0.0421955746065967,0.2949996803019388,0.6770833333333334,0.5767638356258922,-0.188000583356983,0.271600450774203,0.4479166666666666,0.02,1.0,1.8603228709762016,0.0,0.184538929612601,0.5,0.5,0.5,0.0,0.0,1.0,0.0,0.0,1.0728692617998856,0.2076220868171629,0.5,0.85,0.9,0.1,0.05,0.4,0.5,1.0,0.9
0.06,0.9931553546992103,1.0584958217270188,0.0711574523734821,0.6951052344885797,0.7765456989247311,0.1896599525648677,-0.0665679421352811,0.4814644866171764,0.3359929078014184,0.03,1.0,2.7993190698428165,0.0,0.044850941507082,0.7073252688172044,0.6820601851851852,0.7713373655913979,0.0252650836320191,-0.0640120967741935,1.0,0.2195906432748536,20.646330386695613,-0.6808032940062607,0.3019276695575132,0.0,0.85,1.0,0.0,0.0,0.2,0.0,1.0,1.0
0.09,0.9936701160033592,1.1250000000000009,0.1066447504746228,0.0255868841698757,0.4512544802867382,0.2867465512357436,-0.0769946321455167,0.3727613991321098,0.3031135531135531,0.0445054945054945,1.0,3.191914639445768,0.0,0.0591788151566867,0.5393070489844684,0.7137992831541219,0.4512544802867382,-0.1744922341696535,0.0880525686977301,0.4,0.4334795321637428,19.03554941130876,0.720210530942861,0.3405237479640617,1.0,0.6,0.2,0.8,0.25,0.2,0.0,1.0,0.2
0.09,0.995762974342456,1.1784232365145229,0.0884241950714919,0.1368275431190315,0.5906810035842294,0.6283599007866881,0.1313277426700944,0.201689469646586,0.4023199023199023,0.0445054945054945,1.0,3.5240519943177033,0.0054516727743557,0.1208701728170206,0.6456391875746714,0.6368566618566619,0.5942652329749104,0.0087825257180095,0.051373954599761,1.0,0.1383040935672514,19.78828493583915,0.6375797521864164,0.2708241992361264,0.5,0.9,0.9,0.1,0.05,0.9,0.5,1.0,0.9
0.05,0.9953211149383396,1.0379008746355682,0.0560048300959152,0.3158452026666083,0.6478494623655914,1.3422959282696505,0.3245164277641413,0.0847201752681386,0.5710526315789474,0.0247368421052631,1.0,2.74198946196695,0.0,0.2505359376966429,0.8062836021505376,0.0,0.6586021505376344,0.0,0.1476814516129032,0.0,0.0736842105263156,20.00325787325368,-0.7485079303119715,0.3381782912522156,0.5,0.95,0.95,0.05,0.0,0.1,0.5,0.8,0.95
0.07,0.9931133027799476,1.0619469026548671,0.0758563411363014,0.5344308621450092,0.3512544802867383,0.6342746496011725,0.1505735265931298,0.2982046303032892,0.3383256528417818,0.0346236559139784,1.0,2.6888666150508667,0.0047545872196725,0.0893932971811197,0.3136200716845878,0.3645310633213859,0.3476702508960573,-0.050910991636798,-0.0340501792114695,1.0,0.0425438596491228,20.57590631469825,-0.6474922206072624,0.3681067420104899,0.5,0.95,0.95,0.05,0.1,0.3,0.5,0.8,0.95
0.08,0.9918655324725876,1.136718749999999,0.1012955208764351,0.0804974990148206,0.7025089605734767,1.2154867967628542,0.2189961358597969,0.1079936614181442,0.4347826086956521,0.0391304347826087,1.0,3.0162803405970147,0.0,0.167823300177437,0.7396654719235364,0.2868812569521691,0.7062126642771803,0.4527842149713673,0.033452807646356,0.1,0.3052631578947369,18.59781145854616,-0.0355996479425271,0.3070669405954246,0.5,0.95,0.95,0.05,0.0,0.2,0.5,1.0,0.95
0.07,0.9944764394822692,1.113043478260869,0.0843641135577315,0.3887347882765978,0.7813620071684587,1.9538951139546183,0.3150449575040894,0.0134238904480897,0.5614439324116743,0.0346236559139784,1.0,2.8512359175720876,0.0,0.2221781886215271,0.8942652329749103,0.3210648148148148,0.7813620071684587,0.5732004181600956,0.1129032258064516,0.1,0.0538011695906434,18.796655684025108,0.2867797420270301,0.2612007705454884,0.5,0.95,1.0,0.0,0.0,0.2,0.5,0.8,1.0
0.06,0.994222229842097,1.07749077490775,0.0749948776193082,0.7924518462251391,0.7046370967741936,0.5670713064734964,0.1538801122568031,0.3417611250759806,0.3297872340425532,0.0293617021276595,1.0,2.7808772855659685,0.0,0.0772600745014525,0.6302083333333334,0.5651881720430109,0.6992607526881721,0.0650201612903225,-0.0690524193548387,0.7,0.3249999999999999,18.629303257361,-0.2653412525158196,0.2853513427612196,0.5,0.85,0.8,0.2,0.05,0.4,0.5,0.8,0.8
0.12,0.988330087328014,1.1412639405204463,0.1548488602967042,0.6388453888834486,0.6699233716475096,1.5397870070851891,0.2125972500523157,0.0444219059369764,0.4630681818181818,0.06,1.0,3.711789007485432,0.0,0.1444575492175466,0.6986590038314177,0.2788609240222143,0.6727969348659003,0.4197980798092033,0.0258620689655173,0.1,0.1803921568627452,20.253738438723037,0.2263784297259947,0.3340717404545705,0.5,0.95,0.95,0.05,0.0,0.95,0.5,0.8,0.95
0.05,0.995265079818058,1.0279720279720277,0.0590347164797734,0.8491634766379319,0.7552083333333334,1.8944320421304353,0.3807078949857853,0.0119127458639594,0.6499999999999999,0.0247368421052631,1.0,2.1566269724433917,0.0,0.280292699301588,0.8551747311827956,0.7576599326599327,0.7552083333333334,0.0975147985228629,0.0999663978494622,0.7,0.0894736842105263,19.39871606377173,0.0930889913292722,0.2476418159025596,0.5,0.95,1.0,0.0,0.0,0.15,0.5,1.0,1.0
0.05,0.9944942193620432,1.0840336134453787,0.0713347938293098,0.4853160997544866,0.6733870967741935,1.2378764300500795,0.2603931311582333,0.0620045120452819,0.518421052631579,0.0247368421052631,1.0,2.390048036980301,0.0079505022395493,0.1963125324950749,0.778393817204301,0.0,0.6629704301075269,0.0,0.1154233870967741,0.0,0.2842105263157896,18.9487157754208,1.0705277134343767,0.2692808552773781,0.5,0.95,1.0,0.0,0.05,0.4,0.5,0.6,1.0
0.06,0.9964535097821674,1.0541516245487368,0.0594046949475196,0.1184343795519512,0.5952620967741935,0.5446521365802328,0.1399605571512052,0.2040847048103502,0.4867021276595745,0.03,1.0,1.388631208186806,0.0,0.118282668351429,0.5268817204301075,0.5274305555555555,0.5952620967741935,-0.000548835125448,-0.068380376344086,1.0,0.1438596491228069,20.60669601709231,0.0873833338873186,0.3289281772934881,0.5,0.95,0.95,0.05,0.05,0.6,0.5,0.8,0.95
0.05,0.9955356118162828,1.043478260869565,0.0651606990690971,0.1180845511476822,0.2103494623655914,0.1924030919293978,0.0712604991809767,0.4198827026376905,0.413157894736842,0.0247368421052631,1.0,2.198635454156258,0.0,0.0885737529225935,0.2153897849462366,0.0,0.2103494623655914,0.0,0.0050403225806451,0.0,0.1368421052631578,18.06597530358139,0.7717499147540066,0.2277181651394121,0.0,0.85,0.85,0.1,0.0,0.2,0.0,1.0,0.85
0.06,0.9969365958967106,1.0781758957654717,0.0469587311955936,0.4838472175557026,0.7049731182795699,1.5300191688231044,0.306661104815731,0.042893185637996,0.5345744680851063,0.03,1.0,2.476708266203251,0.0,0.2240879699903297,0.8010752688172044,0.6434027777777778,0.7049731182795699,0.1576724910394266,0.0961021505376344,0.7,0.0,20.7563152268531,-0.2506634030615764,0.2697559464879411,0.5,0.95,0.95,0.05,0.0,0.2,0.5,0.8,0.95
0.04,0.9925525756669762,1.0377922784121807,0.0408988927275863,0.2790405162915248,0.7604166666666666,0.6879057996402735,-0.2115018880269921,0.3743722893166712,0.4583333333333333,0.02,1.0,1.9591010307917145,0.0,0.1091704145193902,0.5,0.5,0.5,0.0,0.0,1.0,0.0,0.0,-1.4909642748320773,0.3256060944026408,0.5,0.9,1.0,0.0,0.0,0.2,0.5,1.0,1.0
0.02,0.9966336737725694,1.007579859231185,0.0190732363135895,0.0681987535142619,0.2448979591836734,0.1758989091847939,-0.1013916587351997,0.7582608845724571,0.4438775510204081,0.0097959183673469,1.0,1.6969583942397477,0.0,0.0786319907852135,0.5,0.5,0.5,0.0,0.0,1.0,0.0,0.0,-1.4571030824955722,0.3263570012036245,0.5,0.85,0.6,0.4,0.05,0.3,0.5,0.8,0.6
0.03,0.9940994526448382,1.0917404972849385,0.0353100728707823,0.879836589671342,0.7657828282828283,1.2676430300589288,-0.3706725688284845,0.1694297619393066,0.6305841924398625,0.0148453608247422,1.0,1.2308573570650088,0.0030465015988424,0.1725091516979082,0.5,0.5,0.5,0.0,0.0,1.0,0.0,0.0,-1.3899300564528396,0.3390425024625939,0.5,0.9,0.95,0.05,0.05,0.3,0.5,0.8,0.95
0.03,0.9932805119439548,1.0049423393739705,0.0373462793218388,0.7678854585564314,0.670770202020202,1.3068478895454214,-0.3695186955429187,0.0753763754055903,0.5841924398625429,0.0148453608247422,1.0,2.0128339089921248,0.0060932043378934,0.1958771077785271,0.5,0.5,0.5,0.0,0.0,1.0,0.0,0.0,-1.4628074778314364,0.3849672827540301,0.5,0.95,1.0,0.0,0.0,0.15,0.5,0.8,1.0
0.03,0.9947283058901824,1.0076422303990944,0.0331639990045578,0.8714020867499038,0.6281565656565656,1.2400906871160706,-0.3662314813821514,0.1959335105562962,0.679553264604811,0.0148453608247422,1.0,2.1751163277873653,0.0030465015988424,0.1914533375662163,0.5,0.5,0.5,0.0,0.0,1.0,0.0,0.0,-1.379702985332239,0.3390425024625939,0.5,0.9,1.0,0.0,0.0,0.2,0.5,0.8,1.0
0.02,0.996788965601906,1.009559748427673,0.0163269842208011,0.1458123424512037,0.7040816326530612,0.1777739234796063,-0.1121208581815093,0.7582573709790497,0.5739795918367347,0.01,1.0,1.5759443640204556,0.0,0.1319802443369155,0.5,0.5,0.5,0.0,0.0,1.0,0.0,0.0,-1.6499746744149533,0.4307170782773865,0.0,0.85,0.75,0.25,0.05,0.3,0.0,0.8,0.8
0.04,0.9920691868535586,1.0648081100651698,0.0587096614516883,1.0396967949688147,0.90625,2.4519929984136293,-0.4449885496484092,0.0163436758617591,0.6848958333333334,0.02,1.0,2.278375842044423,0.0,0.2179786833201882,0.5,0.5,0.5,0.0,0.0,1.0,0.0,0.0,-0.6034481883749607,0.3162454859545631,0.5,0.95,1.0,0.0,0.0,0.95,0.5,0.8,1.0
0.04,0.9966277113501172,1.015324602953469,0.0245336839561679,0.8281050852010021,0.7291666666666666,1.6047735872172624,-0.3747891243338694,0.0800785651363954,0.6458333333333334,0.02,1.0,1.686386617471492,0.0,0.2044124184066521,0.5,0.5,0.5,0.0,0.0,1.0,0.0,0.0,-1.4083814266171375,0.4177582086023494,0.5,0.9,1.0,0.0,0.0,0.2,0.5,0.8,1.0
0.01,1.001051836804454,1.0024125452352228,-0.0052091245198226,0.3460104260242655,0.5,0.3693411056601688,-0.2487298488622867,0.7031426516685375,0.6262626262626263,0.0049494949494949,1.0,1.024756731619342,0.0,0.1281229617767035,0.5,0.5,0.5,0.0,0.0,1.0,0.0,0.0,-1.4977408838447737,0.4195105953140551,0.0,0.9,0.9,0.1,0.0,0.1,0.0,1.0,0.9
0.01,0.9979497022988462,1.0054945054945057,0.0121488034518129,0.5742606800880634,0.5,0.6228189314454434,-0.3944558631437829,0.4057161336061914,0.7601010101010102,0.0049494949494949,1.0,0.9176905627193148,0.0017409680765794,0.2076144517063006,0.5,0.5,0.5,0.0,0.0,1.0,0.0,0.0,-1.2539866286772363,0.2735979775277437,0.5,0.9,1.0,0.0,0.05,0.15,0.5,0.6,1.0
0.03,0.9939918170760178,1.0032967032967033,0.0323052877860279,0.6766598443553895,0.8257575757575758,1.2268075790120827,-0.3753116303080366,0.058849748621976,0.6176975945017181,0.0148453608247422,1.0,2.151262547917614,0.0,0.2071341382483658,0.5,0.5,0.5,0.0,0.0,1.0,0.0,0.0,-1.5901566058537884,0.3496648731356774,0.5,0.95,0.95,0.0,0.0,0.2,0.5,0.8,1.0
0.01,1.0012088527434708,1.0047632390025216,-0.0058460349776468,0.4633344550331444,0.5,0.3898227205395791,-0.2754156836552069,0.6276722649613194,0.7297979797979798,0.0049494949494949,1.0,1.0384149666205282,0.0,0.1698945975880956,0.5,0.5,0.5,0.0,0.0,1.0,0.0,0.0,-1.5857328533723556,0.4016240609394006,0.5,0.9,0.9,0.1,0.05,0.4,0.5,1.0,0.9
0.03,0.9937036260419412,1.0,0.0303268580351362,0.6963459381439989,0.5984848484848485,1.0324236498496349,-0.3387742059014467,0.1104165448255005,0.5352233676975946,0.0148453608247422,1.0,1.234532113421713,0.0,0.1736989181698048,0.5,0.5,0.5,0.0,0.0,1.0,0.0,0.0,-1.591284132155078,0.3390425024625939,0.5,0.9,0.95,0.05,0.05,0.9,0.5,0.8,0.95
0.01,0.9984841467555396,1.0021715526601518,0.0096884667033847,0.5519454950396053,0.5,0.566909224551449,-0.3682148320782319,0.4459679872973756,0.7525252525252525,0.0049494949494949,1.0,0.9314763563174628,0.0,0.2027672446286488,0.5,0.5,0.5,0.0,0.0,1.0,0.0,0.0,-1.364261159063023,0.2735979775277437,0.5,0.9,0.9,0.1,0.15,0.65,0.5,0.8,0.9
0.01,0.9979585957454432,1.0069118053635608,0.0109725838291785,0.5255478246827239,0.5,0.5038716684413796,-0.3439221464479245,0.4459611638344669,0.7601010101010102,0.0049494949494949,1.0,1.0648830448252895,0.0,0.1898625309827469,0.5,0.5,0.5,0.0,0.0,1.0,0.0,0.0,-1.4419812480726986,0.2735979775277437,0.5,0.9,0.95,0.05,0.05,0.4,0.5,0.6,0.95
0.02,0.9974213826490916,1.0081383519837237,0.0147652364491226,0.7933143818117517,1.0,0.7999478472253772,-0.3379866751354785,0.3558500494559083,0.6989795918367346,0.01,1.0,1.6849565849002393,0.0,0.1832185125341593,0.5,0.5,0.5,0.0,0.0,1.0,0.0,0.0,-1.5188180045893698,0.4307170782773865,0.5,0.95,0.95,0.0,0.0,0.1,0.5,0.8,1.0
0.05,0.9916987976444857,1.1071428571428572,0.0591270717757905,0.9133785213432596,0.5845094086021505,1.6855441971598084,-0.3337382809971669,0.0413248790070666,0.5473684210526316,0.0247368421052631,1.0,2.2909662441177097,0.0,0.1951219714112235,0.9479166666666666,0.0,0.5841733870967741,0.0,0.3637432795698925,0.0,0.0368421052631576,19.867570918750257,-1.1719284773372258,0.3482882408419132,0.5,0.95,0.95,0.05,0.05,0.3,0.5,0.8,0.95
0.02,1.0052363932376558,1.0034071550255534,-0.02257564602807,0.6144024034164924,0.9897959183673468,0.5991212976793495,-0.2646448987314158,0.5301029536060985,0.7142857142857144,0.01,1.0,1.1820268189941705,0.0,0.1658713247903486,0.5,0.5,0.5,0.0,0.0,1.0,0.0,0.0,-1.5457883120584048,0.3368300415694317,0.5,0.9,0.95,0.05,0.05,0.2,0.5,0.8,0.95
0.07,0.9881675370593832,1.0311436796650093,0.0618577590815318,1.1395741438594968,0.7473118279569894,1.617969064624914,-0.2899646759873003,0.17670219481694,0.5076804915514592,0.0346236559139784,1.0,3.1155188987837676,0.0,0.1372021793452477,0.9301075268817204,0.6836133512544803,0.7473118279569894,0.24649417562724,0.182795698924731,0.2,0.0558479532163742,21.217891743265707,-1.6429154348087216,0.4288221816154821,0.5,0.9,0.9,0.1,0.05,0.4,0.5,0.8,0.9
0.02,0.9966599932066782,1.015435501653804,0.0187827508902915,0.4520062001319707,0.7448979591836735,0.9733998070377624,-0.389408161334726,0.0870458994914543,0.6581632653061225,0.0097959183673469,1.0,0.6639385909492508,0.0,0.2459388760500543,0.5,0.5,0.5,0.0,0.0,1.0,0.0,0.0,-1.5414949308749797,0.3068989318915591,0.5,0.9,0.95,0.05,0.05,0.2,0.5,0.8,0.95
0.01,0.997765253434904,1.0030138637733577,0.0140393164457114,0.3687280235054999,0.5,0.0590575606687271,0.052072135602549,0.8624805631649801,0.6464646464646465,0.0049494949494949,1.0,0.6082998478669839,0.0,0.1140442816641084,0.5,0.5,0.5,0.0,0.0,1.0,0.0,0.0,-1.0875243796502114,0.2654785194949848,0.0,0.95,1.0,0.0,0.0,0.1,0.0,0.8,1.0
0.02,0.9944218004513984,1.003529115200403,0.0288048017528438,0.7628734502172353,0.6122448979591837,0.9330765698965148,-0.3751416563219744,0.2841502209473476,0.6122448979591837,0.01,1.0,1.5964529602516058,0.0,0.1700953433124937,0.5,0.5,0.5,0.0,0.0,1.0,0.0,0.0,-1.4040846842185162,0.3068989318915591,0.5,0.9,0.9,0.1,0.0,0.4,0.5,0.8,0.9
0.04,0.9924428934515698,1.0447761194029852,0.0466193926814797,0.9728312218808888,0.9479166666666666,1.5841083137240035,-0.3477083530413395,0.1237717123656588,0.671875,0.02,1.0,2.003744965258816,0.0,0.1781488305958035,0.5,0.5,0.5,0.0,0.0,1.0,0.0,0.0,-1.3074341516213623,0.2742829578320253,0.5,0.9,1.0,0.0,0.05,0.1,0.5,0.8,1.0
0.03,0.9948649983819404,1.0281612368856985,0.0301792610167269,0.2247700225806493,0.6063762626262627,0.5109795122876114,-0.2014727122540075,0.4074019598365936,0.4656357388316151,0.0148453608247422,1.0,1.617387836613736,0.0030464741723606,0.1240035534275622,0.5,0.5,0.5,0.0,0.0,1.0,0.0,0.0,-1.4051462706717774,0.3192090563972978,0.5,0.9,0.95,0.05,0.05,0.35,0.5,1.0,0.95
0.01,0.9977530941473683,1.0010101010101011,0.0120357982456906,0.3715301022707902,0.5,0.5531478040323101,-0.3658159496774576,0.5103916240050157,0.744949494949495,0.0049494949494949,1.0,1.024756731619342,0.0,0.2257625761862222,0.5,0.5,0.5,0.0,0.0,1.0,0.0,0.0,-1.4704593449592582,0.2910364130811009,0.5,0.75,0.85,0.15,0.2,0.95,0.0,1.0,0.85
0.05,0.9897059441735332,1.0543259557344065,0.0546064693658162,0.2142653758188193,0.2363911290322581,0.0095920171001444,0.0042539420161414,0.6295317621710045,0.3263157894736842,0.0247368421052631,1.0,2.4545768099997933,0.003974630609531,0.0133246007176307,0.3802083333333333,0.4845430107526882,0.2363911290322581,-0.1043346774193548,0.1438172043010752,0.7,0.4105263157894736,20.350634873344585,-1.6120316664742882,0.4193714356684172,0.5,0.85,0.9,0.1,0.0,0.3,0.5,0.8,0.9
0.02,0.9961917828711444,1.0077499354172044,0.021300343690342,0.5136558379538603,0.8571428571428572,0.9026161859516288,-0.3673030180760224,0.252245955615207,0.75,0.01,1.0,1.6260932012106064,0.0,0.2161955998177441,0.5,0.5,0.5,0.0,0.0,1.0,0.0,0.0,-1.542030768294986,0.3368300415694317,0.5,0.9,0.9,0.1,0.2,0.85,0.5,0.8,0.9
0.01,0.9983393396349634,1.003781194857575,0.0089752810860844,0.374355297331078,0.5,0.4782230646532189,-0.3228023303702048,0.5559021336014293,0.7146464646464648,0.0049494949494949,1.0,0.1614405421090121,0.0,0.1819612605424146,0.5,0.5,0.5,0.0,0.0,1.0,0.0,0.0,-1.5321693131535947,0.2910364130811009,0.0,0.95,0.9,0.0,0.0,0.05,0.0,1.0,1.0
0.01,0.9982457363260376,1.006392694063927,0.0094214764271048,0.5750242804256848,0.5,0.4763274997713996,-0.3051764451821211,0.5558985772681461,0.7121212121212122,0.0049494949494949,1.0,0.9899060111770472,0.0,0.1725969844316819,0.5,0.5,0.5,0.0,0.0,1.0,0.0,0.0,-1.450270041659567,0.2296405888715788,0.0,0.95,1.0,0.0,0.0,0.1,0.0,1.0,1.0
0.05,0.990483449353691,1.04247572815534,0.0581311789355797,1.0931619535723285,0.7775537634408601,1.938009859401362,-0.3683518464119811,0.0382724617381056,0.5789473684210527,0.0247368421052631,1.0,2.232434573018383,0.0,0.178911726210993,0.9946236559139784,0.7723454301075269,0.7721774193548386,0.2222782258064516,0.2224462365591398,0.0765225004750592,0.1473684210526317,20.31917693401177,-1.4008347630899318,0.3284597517854178,0.5,0.95,0.95,0.05,0.0,0.2,0.5,0.6,0.95
0.02,0.998161103609258,1.0043196544276456,0.0130539867465694,0.5931078113709446,0.8775510204081632,0.8891931182960253,-0.3583904945953406,0.2625976062907101,0.7193877551020409,0.0097959183673469,1.0,1.6709358551290192,0.0,0.2122482244450338,0.5,0.5,0.5,0.0,0.0,1.0,0.0,0.0,-1.3978273663350942,0.2978247800236863,0.0,0.9,0.1,0.8,0.05,0.95,0.0,1.0,0.1
0.04,0.9928177882723336,1.0295485636114912,0.0436508007375576,0.0478980180767279,0.5,0.099805868726949,-0.0441385433418471,0.9649230867335368,0.359375,0.0195833333333333,1.0,2.0341632729088523,0.0,0.0479162769235145,0.5,0.5,0.5,0.0,0.0,1.0,0.0,0.0,-1.4029186771108468,0.4177582086023494,0.0,0.85,0.95,0.05,0.0,0.15,0.0,1.0,0.95
0.02,0.996535686670209,1.0494354592615196,0.0221943586748081,0.4934538263108673,0.826530612244898,1.1409171186759135,-0.4092772100799454,0.082598882672179,0.7653061224489796,0.01,1.0,1.415736361117527,0.0,0.2611222669794716,0.5,0.5,0.5,0.0,0.0,1.0,0.0,0.0,-1.2924053472588477,0.3068989318915591,0.5,0.9,0.9,0.1,0.05,0.6,0.5,0.8,0.9
0.04,0.994676174425629,1.0296495956873315,0.039822518144334,1.009791270888055,0.9270833333333334,1.796240160940158,-0.3825220532589159,0.0311769972861214,0.7109374999999999,0.02,1.0,1.9852342823367508,0.0,0.19694966179088,0.5,0.5,0.5,0.0,0.0,1.0,0.0,0.0,-1.1884859413141595,0.3672391053155955,0.5,0.95,0.95,0.0,0.0,0.95,0.5,0.8,1.0
0.04,0.9931941740863174,1.023645615085304,0.0444521726108858,0.93277783624229,0.6875,1.3330664876274396,-0.3335318914956012,0.1237705852142922,0.6223958333333334,0.0195833333333333,1.0,2.402275110014279,0.0,0.182255347467015,0.5,0.5,0.5,0.0,0.0,1.0,0.0,0.0,-1.3035169128281878,0.3256060944026408,0.5,0.95,1.0,0.0,0.0,0.15,0.5,0.8,1.0
0.04,0.9933751186972266,1.0215648327343103,0.040436115162289,0.9759314438148324,0.9947916666666666,1.4857353531473134,-0.3665147179390156,0.1467228493806386,0.6744791666666666,0.02,1.0,2.088697832989211,0.0,0.2060832829276347,0.5,0.5,0.5,0.0,0.0,1.0,0.0,0.0,-1.493335384541547,0.3788967922965065,0.5,0.95,1.0,0.0,0.0,0.1,0.5,0.6,1.0
0.04,0.9932948606360764,1.0082776185928048,0.0413445767009622,0.9507403478361224,0.921875,1.4799447544473865,-0.3415860609213887,0.0634828969715895,0.6588541666666666,0.02,1.0,1.145135943338646,0.0,0.1799153271051913,0.5,0.5,0.5,0.0,0.0,1.0,0.0,0.0,-1.3653516890152355,0.3162454859545631,0.5,0.9,1.0,0.0,0.0,0.3,0.5,0.8,1.0
0.01,0.9969115578642374,1.0121326503100565,0.0149009808992474,0.5136042881186618,0.5,0.569560711635818,-0.3952551720974765,0.3864410845904252,0.75,0.0049494949494949,1.0,0.9899060111770472,0.0,0.2089572698047132,0.5,0.5,0.5,0.0,0.0,1.0,0.0,0.0,-1.5644483529991238,0.3853683052925148,0.5,0.9,1.0,0.0,0.05,0.1,0.5,0.8,1.0
0.01,0.9979129637474964,1.000496770988574,0.0099357874741326,0.411831753762092,0.5,0.4510674707877863,-0.2999773537092617,0.652435451794332,0.6919191919191919,0.0049494949494949,1.0,0.7125734613239687,0.0,0.1688268743013068,0.5,0.5,0.5,0.0,0.0,1.0,0.0,0.0,-1.626454055020128,0.2910364130811009,0.0,0.95,0.95,0.05,0.0,0.05,0.0,1.0,0.95
0.04,0.9915126275541268,1.034814605151429,0.0475471067654741,0.8932418363862772,0.875,1.4784790369887968,-0.3435356754327878,0.1174569511455434,0.6640625,0.02,1.0,2.148250387938462,0.0,0.1879532718876638,0.5,0.5,0.5,0.0,0.0,1.0,0.0,0.0,-1.5002823554112608,0.4040847147228497,0.5,0.9,0.9,0.1,0.05,0.2,0.5,0.8,0.9
0.02,0.9968128254731516,1.0181488203266784,0.0209792911895455,0.7691445762501379,1.0,0.9551710160484068,-0.3641416930029981,0.1877530006042559,0.7755102040816327,0.0097959183673469,1.0,1.230620962226795,0.0,0.2006375306434151,0.5,0.5,0.5,0.0,0.0,1.0,0.0,0.0,-1.320392175375125,0.3595436030455559,0.5,0.9,0.9,0.1,0.05,0.6,0.5,0.8,0.9
0.01,0.997614906638964,1.010355443604814,0.0134308554437554,0.3662135682908329,0.5,0.0968114380651766,0.0846990384404063,0.9723641164014474,0.6262626262626263,0.0049494949494949,1.0,0.9445435888934436,0.0,0.1212862541457569,0.5,0.5,0.5,0.0,0.0,1.0,0.0,0.0,-1.3925116251938443,0.2735979775277437,0.0,0.9,1.0,0.0,0.0,0.1,0.0,1.0,1.0
0.02,0.9957026157957448,1.0097560975609752,0.0230072661837214,0.6280059026518828,0.4285714285714286,0.8514761667318543,-0.3347973566495938,0.2841588903697289,0.6198979591836735,0.01,1.0,1.6359398544308876,0.0,0.1653981485523205,0.5,0.5,0.5,0.0,0.0,1.0,0.0,0.0,-1.432925161288919,0.289137359460853,0.5,0.9,1.0,0.0,0.0,0.3,0.5,0.8,1.0
0.01,0.9985192476102204,1.0,0.0098907905497619,0.4392088855496998,0.5,0.5858128408556017,-0.3822884984553701,0.3864425095494128,0.7727272727272727,0.0049494949494949,1.0,1.0701372645902985,0.0,0.223668978835648,0.5,0.5,0.5,0.0,0.0,1.0,0.0,0.0,-1.2972564495655523,0.2577123091591796,0.5,0.85,0.9,0.1,0.15,0.65,0.5,0.8,0.9
0.05,0.9904933113925792,1.0675627874071456,0.0661392376149982,0.5890052497581262,0.6821236559139785,1.513947860342595,-0.2959452125726292,0.0713881663266582,0.5421052631578948,0.0247368421052631,1.0,2.5820466026888607,0.0,0.1539131957946072,0.953125,0.0,0.6873319892473119,0.0,0.2657930107526881,0.0,0.1052631578947368,20.599049530351728,-0.9777958823283028,0.3284597517854178,0.5,0.95,0.95,0.05,0.0,0.3,0.5,0.8,0.95
0.02,0.9975778190063906,1.0154329808516718,0.0142179894795344,0.5952176123729548,0.6938775510204083,0.8451989523669363,-0.3247877809718155,0.2324300856915728,0.6198979591836735,0.01,1.0,1.6556464833848867,0.0,0.166560125575668,0.5,0.5,0.5,0.0,0.0,1.0,0.0,0.0,-1.5816664292108689,0.5411340426841155,0.5,0.95,1.0,0.0,0.0,0.2,0.5,0.8,1.0
0.02,0.996024234334275,1.0182592818015823,0.025702368614126,0.665704574554942,0.6938775510204082,1.2190226540694002,-0.444450450693947,0.0783298277875717,0.635204081632653,0.01,1.0,1.5592438595478857,0.0,0.236232807745407,0.5,0.5,0.5,0.0,0.0,1.0,0.0,0.0,-1.1611665204507202,0.3163958834918626,0.5,0.95,1.0,0.0,0.0,0.2,0.5,0.8,1.0
0.02,0.9995851744677744,1.004847831941826,0.0021542471195592,0.7163969309657366,0.979591836734694,0.684877337929526,-0.3042792275362515,0.4236021562903541,0.6709183673469388,0.01,1.0,0.3824933611389767,0.0,0.1712844920153631,0.5,0.5,0.5,0.0,0.0,1.0,0.0,0.0,-1.5746678788109834,0.5137292013324988,0.5,0.95,0.95,0.05,0.0,0.1,0.5,0.8,0.95
0.08,0.9999208766863156,1.3124999999999996,0.0215478340128134,0.5889999453308977,0.3965352449223416,0.3897251694059752,-0.0442278860569714,0.3723644080937401,0.2554347826086956,0.0382608695652173,1.0,3.151160078489131,0.0308419868758631,0.0393449473282735,0.3839904420549582,0.6917204451926674,0.3965352449223416,-0.3077300031377092,-0.0125448028673834,0.1,0.4660818713450294,19.845678627882723,-0.0131175798261691,0.3443568977002769,0.5,0.8,0.9,0.1,0.15,0.75,0.5,1.0,0.9
0.07,0.9988184950208004,1.0,0.0209835970478327,0.1201617146846533,0.4354838709677419,0.0995207518171555,0.0162084856189418,0.749884089397065,0.2403993855606759,0.0338709677419354,1.0,2.852997456909741,0.0335089156955582,0.0525492795105736,0.4318996415770609,0.315162037037037,0.4318996415770609,0.1167376045400238,0.0,0.7,0.5505847953216374,19.817234796923664,-0.5203034249049221,0.2763735818638145,0.5,0.8,0.8,0.1,0.05,0.4,0.5,1.0,0.8
0.08,0.9964625066842168,1.0,0.0428718853622762,0.5552498855570932,0.6081242532855436,1.025728760980596,0.0953898050974512,0.0396329683897795,0.3111413043478261,0.037391304347826,1.0,3.0395124951025534,0.0308378641166317,0.0653765951351693,0.6205495818399044,0.3491435088209282,0.6099163679808841,0.2714060730189762,0.0106332138590202,0.4,0.2888888888888887,19.187248167443855,-0.2971030249977011,0.2445254367516372,0.5,0.8,0.9,0.1,0.05,0.4,0.5,1.0,0.9
0.1,1.006091157319891,1.0,-0.0769554628418993,0.4683447229695596,0.2481481481481481,0.5878432715026386,0.0567049808429119,0.4028386056804658,0.2055555555555555,0.0477777777777777,1.0,3.5885880265555956,0.0760035104538586,0.0173282594596279,0.2898148148148148,0.4481481481481481,0.2481481481481481,-0.1583333333333333,0.0416666666666666,0.4,0.5750000000000001,18.13980525960671,-0.1900801814254062,0.2826137809313401,0.5,0.7,0.8,0.2,0.05,0.8,0.5,1.0,0.8
0.09,1.005598175409496,1.0,-0.0526681993032674,0.1858734065699386,0.4922341696535244,0.3609047967355959,0.0307355479769272,0.470460971396701,0.2408424908424908,0.0435164835164835,1.0,3.0335652856279616,0.0549279554959572,0.0503941508266708,0.5292712066905615,0.7084229390681003,0.481242532855436,-0.1791517323775387,0.0480286738351254,0.2,0.3593567251461987,19.113752400871867,-0.5020687172542018,0.4062920061167553,0.5,0.75,0.85,0.15,0.05,0.85,0.5,1.0,0.85
0.07,1.0040589617603075,1.0,-0.0449735479145425,0.5437333703029863,0.3333333333333333,0.7173846430253753,0.080036018856931,0.0848251250461203,0.3590629800307219,0.0338709677419354,1.0,2.3523829949158723,0.028669083707314,0.0592429142913178,0.3315412186379928,0.0,0.3279569892473118,0.0,0.003584229390681,0.0,0.1903508771929823,20.050857533290593,-0.8493215430759808,0.4427678974905083,1.0,0.75,0.85,0.2,0.05,0.85,0.5,1.0,0.7
0.12,0.9944525673002492,1.0,0.071717907039098,0.7012293402847377,0.4154214559386973,0.5191306095258555,0.0453239289446184,0.27505586256139,0.1941287878787879,0.0572727272727272,1.0,3.619076038540098,0.01931548405781,0.0309087048488095,0.4264367816091954,0.0,0.4182950191570881,0.0,0.0081417624521072,0.0,0.5741830065359478,20.997738714272476,-0.7603864658337729,0.3151918425227835,0.5,0.8,0.4,0.7,0.1,0.9,0.5,1.0,0.4
0.07,1.0053163848582964,1.0,-0.0609340603458993,0.2574642476017105,0.4551971326164874,0.4951511619711057,0.0557232904285184,0.5063956742096548,0.3072196620583717,0.0338709677419354,1.0,3.016169224820066,0.0382583004872663,0.0470588755433011,0.5734767025089605,0.4262626262626263,0.4587813620071684,0.1472140762463342,0.1146953405017921,0.4,0.3461988304093566,19.501018408257817,-0.4939527617633414,0.3184291442125138,0.5,0.85,0.85,0.15,0.1,0.6,0.5,1.0,0.85
0.08,0.9994430963841044,1.3125,0.0052466933981225,0.437584592062233,0.5778972520908005,0.5354983853505726,-0.0494752623688156,0.3256446842869231,0.2622282608695652,0.0347826086956521,1.0,2.971096481832922,0.0102912374661804,0.0462273753911386,0.5562724014336918,0.1915901928068224,0.5762246117084827,0.3646822086268694,-0.0199522102747908,0.1,0.4406432748538013,18.7243615353064,-0.5906345353265041,0.2740890886017931,0.5,0.85,0.4,0.7,0.05,0.95,0.5,1.0,0.3
0.04,0.999074074074074,1.0,0.0101252680759894,0.3588871351104364,0.46875,0.1204582864600326,-0.0251436781609194,0.5779593219728735,0.3229166666666667,0.02,1.0,2.2093110180936195,0.0,0.0423159328717524,0.5,0.5,0.5,0.0,0.0,1.0,0.0,0.0,-0.530117126152926,0.4040847147228497,0.0,0.85,0.95,0.05,0.0,0.15,0.0,1.0,0.95
0.07,0.9971596672753094,1.0,0.0220941162980947,0.0593242799239584,0.3584229390681003,0.098772786657209,0.0120239419460776,0.770144718689248,0.2369431643625192,0.0346236559139784,1.0,3.089899730104546,0.0381959125091358,0.0301610446688518,0.2849462365591398,0.336566091954023,0.3584229390681003,-0.0516198553948831,-0.0734767025089605,0.7,0.316374269005848,19.96378945569699,-0.8313815547004109,0.3681067420104899,0.5,0.7,0.9,0.1,0.05,0.6,0.5,0.8,0.9
0.06,1.000181851245681,1.0,-0.0087803732918142,0.6973071229939958,0.8783602150537635,1.3319023641559429,0.1134751773049645,0.0571042238575905,0.4902482269503546,0.03,1.0,2.947863163352943,0.0,0.1412699690735932,0.8835685483870966,0.6769675925925925,0.8891129032258065,0.2066009557945041,-0.0055443548387098,0.7,0.0801169590643273,20.62237192474754,-0.631475490731841,0.2853513427612196,0.5,0.85,0.9,0.1,0.0,0.3,0.5,1.0,0.9
0.09,1.0001794938274065,1.0,0.0009286284936691,0.3980271349288308,0.6072879330943848,0.7570660160733681,-0.0690076207317585,0.2928244306953593,0.2503052503052503,0.0415384615384615,1.0,2.7410320459543955,0.0054764310025552,0.0409968302826462,0.6146953405017921,0.63805256869773,0.5965352449223417,-0.0233572281959378,0.0181600955794504,1.0,0.2377192982456141,20.438010289154796,-0.8739167364772946,0.4319426785053086,0.5,0.85,0.5,0.6,0.0,0.9,0.5,1.0,0.5
0.08,1.0039827414537006,1.05,-0.0394666620348908,0.8583049842337238,0.6689366786140981,1.2979672760521843,0.1017616191904048,0.038139243519369,0.3519021739130434,0.037391304347826,1.0,3.1910989440544975,0.0102636479716389,0.0794656761705513,0.7356033452807645,0.1407845738490899,0.6615292712066906,0.5948187714316746,0.0740740740740739,0.1,0.1415204678362572,20.32136332852232,-0.8597895600722048,0.4243167421451549,0.5,0.75,0.9,0.1,0.1,0.6,0.5,1.0,0.85
0.07,0.9968637992831542,1.0,0.042160902891298,0.3994891474355546,0.4695340501792115,0.4955860190421895,-0.0552995391705069,0.5825875369820831,0.2519201228878648,0.0331182795698924,1.0,2.8090787607630814,0.0190977827380017,0.0518170320722182,0.46415770609319,0.3931393678160919,0.460573476702509,0.071018338277098,0.003584229390681,1.0,0.5326023391812864,19.94446332346275,-0.5526049212394359,0.3094875595251594,1.0,0.6,0.1,0.8,0.0,0.4,0.0,1.0,0.1
0.12,1.00587211831231,1.0625,-0.0477795757482127,0.9278828025952138,0.5459770114942528,1.7152589176456547,0.1031870428422153,0.0259953137203221,0.2537878787878788,0.0586363636363636,1.0,3.981740085769841,0.0645517666084327,0.0541753349107542,0.6194444444444445,0.3365079365079365,0.5376436781609195,0.282936507936508,0.0818007662835249,0.1,0.4026143790849672,19.459371509523177,-0.2433136383287268,0.2804424001615672,0.5,0.8,0.9,0.1,0.05,0.85,0.5,1.0,0.9
0.06,1.000460864889776,1.0,0.004657344605415,0.0937298410280757,0.5300739247311829,0.3691382998181798,0.049523110785033,0.511751946369777,0.3519503546099291,0.0261702127659574,1.0,2.541383119510326,0.0265028233274425,0.0913352322552189,0.5139448924731184,0.0,0.5248655913978495,0.0,-0.0109206989247311,0.0,0.2207602339181286,17.533666445136625,0.0681077139400549,0.19737270704972,0.5,0.8,0.9,0.1,0.05,0.4,0.5,1.0,0.9
0.07,0.9959689219934484,1.0,0.0565936695629029,0.2392781037549771,0.6666666666666666,0.1072895467985665,-0.0142486360506381,0.8599498332822458,0.3183563748079877,0.0338709677419354,1.0,2.821309404517107,0.0047747638256654,0.0686267615810615,0.6594982078853046,0.5432571684587814,0.6666666666666666,0.1162410394265232,-0.007168458781362,0.4,0.2932748538011696,21.383574256146613,-0.6265885305373189,0.3008277361717584,0.5,0.8,0.9,0.1,0.1,0.6,0.5,1.0,0.9
0.09,0.9950926935659764,1.4285714285714286,0.0397718952158221,0.2916006294868168,0.493189964157706,0.653230304990399,0.0589448865310935,0.4903669283478922,0.2536630036630036,0.0445054945054945,1.0,3.348768331418087,0.0714144033095331,0.0618461497849817,0.456152927120669,0.5133852428624398,0.493189964157706,-0.0572323157417707,-0.037037037037037,0.6579050194284821,0.334795321637427,18.780343144127556,-0.2946073152875481,0.3827003850982275,0.5,0.8,0.8,0.2,0.05,0.9,0.5,1.0,0.8
0.08,0.9982253771073648,1.3124999999999996,0.0340357256945795,0.0520937515567798,0.3732377538829152,0.0410007767120104,0.0052473763118441,0.9439563595932624,0.2309782608695652,0.0365217391304347,1.0,3.114892911589662,0.0051336745106535,0.0213755669242612,0.3712066905615292,0.258795326537262,0.3732377538829152,0.1124113640242672,-0.0020310633213859,0.4,0.5415204678362573,20.039109059093764,-0.2000069009152238,0.2445254367516372,0.0,0.8,0.1,0.85,0.05,0.9,0.0,1.0,0.1
0.15,1.0064603876232574,1.2500000000000002,-0.0510014494259907,0.2325004543692016,0.4142857142857143,0.0834552688152494,-0.0083840432724813,0.7528978509643154,0.1901960784313725,0.0705882352941176,1.0,3.5219621707772637,0.0589967613787118,0.0249366233722029,0.4034482758620689,0.6296428571428572,0.4119047619047619,-0.2261945812807882,-0.008456486042693,0.0765225004750592,0.4470588235294117,19.27516050195837,-0.244140600423218,0.3037141565369671,1.0,0.7,0.9,0.8,0.15,0.3,0.5,1.0,0.2
0.12,0.9946871310507672,1.1764705882352942,0.0810869128326967,0.6612615117172338,0.6732758620689655,0.6436283495814292,0.0504179728317658,0.2585160078576247,0.2537878787878788,0.0545454545454545,1.0,3.5777979430104176,0.0064506052286908,0.0532713967633349,0.6872605363984675,0.4784725532778925,0.6732758620689655,0.2087879831205749,0.013984674329502,0.1,0.3366013071895423,20.500738376458727,-0.8194947027345707,0.3754987912070968,0.5,0.8,0.8,0.1,0.05,0.4,0.5,1.0,0.8
0.07,1.0057042911374794,1.0,-0.0497528890593099,0.1193407841180401,0.1827956989247311,0.0525303281862749,-0.0084750251602311,0.9405623062535476,0.216973886328725,0.0346236559139784,1.0,2.7996308069853466,0.0429810769639381,0.0072861909212788,0.2634408602150537,0.3731783912540309,0.1810035842293907,-0.1097375310389771,0.082437275985663,1.0,0.5347953216374268,19.694667262102517,-0.822018354212942,0.2924323928798953,0.0,0.85,0.1,0.85,0.05,0.95,0.0,1.0,0.1
0.02,0.9993490829727762,1.0,0.0072430038088425,0.357737307143152,0.9081632653061223,0.1994201512985062,0.0499648135116115,0.5526331796449788,0.5714285714285714,0.0095918367346938,1.0,1.159311112138122,0.0149103277563324,0.115710718675997,0.5,0.5,0.5,0.0,0.0,1.0,0.0,0.0,-0.5906446094323545,0.2369032288918771,0.5,0.7,0.8,0.7,0.15,0.9,0.0,1.0,0.3
0.07,1.00054345716393,1.0,-6.501205893882922e-05,0.1045264022148827,0.4372759856630824,0.1763473894460397,-0.0228825679326235,0.8017426051853564,0.2576804915514593,0.0316129032258064,1.0,3.209928526491135,0.0095651564100748,0.0438686734641891,0.4193548387096774,0.5200231481481481,0.4408602150537634,-0.1006683094384706,-0.021505376344086,0.7,0.4242690058479533,19.5441541913476,-0.8965205299489099,0.4427678974905083,0.5,0.85,0.85,0.15,0.05,0.3,0.5,1.0,0.85
0.1,0.9974160206718344,1.0,0.0337796997420483,1.0388673560455832,0.762962962962963,1.910943794385899,0.1157088122605364,0.0420537657729122,0.3222222222222222,0.0477777777777777,1.0,3.174481672139294,0.0058057033355671,0.0878428971893024,0.737037037037037,0.5738907428006427,0.762037037037037,0.1631462942363943,-0.0249999999999999,0.1,0.2166666666666665,21.3324926136268,-0.6466615725380289,0.3886248861814219,0.5,0.8,0.9,0.1,0.15,0.6,0.5,1.0,0.9
0.04,0.9982261801332176,1.0,0.0224244526208108,0.3591795378647295,0.1041666666666666,0.2274392578041932,-0.0423850574712644,0.7908080061607867,0.3307291666666667,0.0195833333333333,1.0,2.3168211557281393,0.0177597852578631,0.0522251058027316,0.5,0.5,0.5,0.0,0.0,1.0,0.0,0.0,-0.3309326137716741,0.2257355131993065,0.0,0.85,0.75,0.15,0.0,0.1,0.0,1.0,0.8
0.06,1.0011398176291793,1.1875,-0.0139229744391592,1.1440872052778286,0.7242943548387096,1.3770416744186962,0.1211787723159696,0.0364088091560589,0.3111702127659574,0.0287234042553191,1.0,2.2699531780192106,0.0308090335306734,0.0687057526001836,0.7348790322580646,0.8405017921146953,0.7190860215053764,-0.1056227598566307,0.0157930107526882,0.4,0.2926900584795322,19.43261093074953,-0.6615550589732857,0.2550315866361627,0.5,0.8,0.8,0.2,0.05,0.85,0.5,1.0,0.8
0.1,1.0019841269841272,1.0,-0.0153997073180519,0.2398910205221825,0.7018518518518517,0.2338964436421768,-0.0226053639846742,0.5520996986590854,0.2361111111111111,0.0477777777777777,1.0,3.1698332250657764,0.0348836737646698,0.0738227991411515,0.6611111111111111,0.4277880772875211,0.6990740740740741,0.23332303382359,-0.0379629629629629,0.1,0.3805555555555555,19.924354899010098,0.1310113630559568,0.3263044008033975,0.5,0.8,0.9,0.1,0.05,0.4,0.5,1.0,0.9
0.09,1.0049779280548512,1.0,-0.047319722574893,0.2461146697288737,0.2794504181600956,0.3202901141241859,-0.0321670666498251,0.5410131301379646,0.213980463980464,0.0425274725274725,1.0,2.7931619294562298,0.0273868061635571,0.020300000401945,0.2608124253285543,0.4397988505747126,0.2794504181600956,-0.1789864252461582,-0.0186379928315412,0.7,0.4204678362573101,19.7458541181009,-0.5847213151286286,0.2556927650014323,1.0,0.6,0.2,0.8,0.25,0.9,0.5,1.0,0.2
0.09,0.998354695212366,1.0,0.0348097655640731,0.3139996998676884,0.5234169653524492,0.016473494423336,0.0021893814997263,0.9468448612751202,0.289072039072039,0.0425274725274725,1.0,2.9558552201280843,0.0219364117229422,0.0602010466433504,0.5305854241338112,0.6765830346475509,0.5234169653524492,-0.1459976105137397,0.0071684587813619,0.2,0.3105263157894736,20.234662252422144,0.3354171178526464,0.2080974553828208,0.5,0.8,0.9,0.1,0.05,0.85,0.5,1.0,0.9
0.08,1.004689235325573,1.05,-0.0454024520458962,0.1437669662954265,0.351373954599761,0.1043290107841275,-0.0157421289355322,0.754821365606407,0.2432065217391304,0.0347826086956521,1.0,2.9596210425749776,0.0257872869464185,0.0219351928787247,0.3443249701314217,0.4491564701520207,0.351373954599761,-0.104831500020599,-0.0070489844683392,0.7,0.4251461988304093,17.88770383344415,-0.4780747567228953,0.251634796097221,0.5,0.85,0.3,0.7,0.0,0.9,0.5,1.0,0.3
0.08,0.9970578620464204,1.0,0.0324494602805516,0.4588098125661566,0.5389486260454002,0.9297753329613876,0.0788980509745128,0.1474746223522441,0.3029891304347826,0.0391304347826087,1.0,3.098956869647735,0.0307966339448776,0.048046047883904,0.529868578255675,0.4559116611049314,0.5425328554360812,0.0739569171507436,-0.0126642771804061,0.4,0.2923976608187133,20.271059339911307,-0.4389877495158063,0.3251032451229303,0.5,0.8,0.9,0.1,0.05,0.6,0.5,1.0,0.9
0.1,1.0026041666666663,1.1999999999999995,-0.0172324783561064,0.0454150472222392,0.362037037037037,0.0926303327401567,0.0130268199233717,0.7643994881121248,0.1916666666666666,0.0488888888888888,1.0,3.4214486814677585,0.0174098760114829,0.0296903161618904,0.3555555555555554,0.5038533482977927,0.3583333333333333,-0.1482977927422372,-0.0027777777777778,0.2,0.4777777777777776,21.336336029220693,-0.9089806513527012,0.5529672898626304,0.5,0.7,0.1,0.8,0.2,0.9,0.5,1.0,0.1
0.09,0.999000999000999,1.0,0.0072396894765637,0.2258634992097592,0.351373954599761,0.3560130309828184,-0.0356616563513114,0.4245909189054515,0.2048229548229548,0.0425274725274725,1.0,2.945254774228179,0.0164216756857165,0.0268134222824266,0.343847072879331,0.2944925444925445,0.351373954599761,0.0493545283867864,-0.00752688172043,1.0,0.4736842105263157,20.352078063427395,-0.7875026178643645,0.2786900817869301,0.5,0.8,0.7,0.2,0.05,0.85,0.5,1.0,0.8
0.06,0.998523510259711,1.1499999999999997,0.0108927050629147,0.4262262769010426,0.6607862903225806,0.517167595760791,0.0597945707997064,0.6201479506443023,0.3723404255319148,0.03,1.0,2.347479245345428,0.0,0.0791456507897427,0.6449932795698925,0.0,0.6607862903225806,0.0,-0.0157930107526881,0.0,0.3725146198830408,21.796485111318695,-0.8096554047015374,0.3486004021641645,0.0,0.9,0.2,0.8,0.0,0.95,0.0,1.0,0.2
0.05,0.9989258861439312,1.0,0.0193443884857128,0.2896111687295981,0.4529569892473118,0.1169322854549489,0.0174228675136116,0.7027739207138267,0.3657894736842105,0.0242105263157894,1.0,2.417681279118604,0.0160269993872084,0.04478729629257,0.4632056451612903,0.2750336021505377,0.4529569892473118,0.1881720430107526,0.0102486559139785,0.2,0.1421052631578948,20.456444339722896,-0.207770168033071,0.2692808552773781,0.0,0.85,0.1,0.8,0.0,0.9,0.0,1.0,0.1
0.06,0.998087497011714,1.1764705882352942,0.0234352709335194,0.0509041977668638,0.2852822580645162,0.0804034712036059,0.0132061628760088,0.6779415078681359,0.301418439716312,0.0274468085106383,1.0,2.181901187466642,0.0264172050347301,0.0555841649298741,0.2422715053763441,0.3596064814814815,0.2852822580645162,-0.1173349761051374,-0.043010752688172,0.7,0.2948830409356726,18.528786817133184,-0.2086212734766857,0.2152282818998848,0.0,0.85,0.9,0.8,0.05,0.1,0.5,1.0,0.2
0.06,0.9956841069130008,1.0,0.046625112376146,0.7572222319420026,0.5883736559139785,0.6897714538061557,0.0816825629738321,0.2974392268004378,0.3049645390070922,0.0293617021276595,1.0,2.1007412490436375,0.0307687205004334,0.082822347273305,0.5989583333333334,0.0,0.59375,0.0,0.0052083333333333,0.0,0.2602339181286549,19.83380118666149,-0.8117759510245213,0.2774383562571264,0.0,0.8,0.2,0.8,0.05,0.85,0.0,1.0,0.2
0.06,0.9997085397843194,1.1428571428571428,0.0129039720459231,0.0094295291773361,0.7291666666666666,0.0419773399581511,0.0075813157251161,0.9419072617722544,0.37677304964539,0.0280851063829787,1.0,2.743339156892807,0.0043938028865756,0.0885848455690442,0.7132056451612904,0.6627314814814814,0.7291666666666666,0.0504741636798089,-0.0159610215053762,0.4,0.2605263157894738,20.31822935432043,-0.4817470340304948,0.3289281772934881,0.5,0.85,0.9,0.1,0.1,0.6,0.5,1.0,0.9
0.01,0.9999816010744972,1.0,0.0019986367005467,0.481659776570696,0.5,0.5461947580762022,-0.1267850923023337,0.1976525665870863,0.7323232323232323,0.0044444444444444,1.0,0.5482606262930859,0.0069997336783244,0.1153697581054112,0.5,0.5,0.5,0.0,0.0,1.0,0.0,0.0,-0.148099672253319,0.1891428748350105,0.0,0.9,0.8,0.1,0.05,0.05,0.0,1.0,0.8
0.1,1.0014619883040938,1.0,-0.0256195018484451,0.2216095427460121,0.6925925925925926,0.2819218026760376,-0.0348659003831418,0.8132103366018177,0.2888888888888888,0.05,1.0,3.622876367784011,0.0,0.0826286974149645,0.6685185185185185,0.7113865657772468,0.6898148148148148,-0.0428680472587282,-0.0212962962962962,1.0,0.2527777777777777,19.75507140142226,-0.3160153049140453,0.3773118468524671,0.5,0.75,0.2,0.8,0.15,0.95,0.5,1.0,0.2
0.04,0.9997331503507166,1.0625000000000002,0.0134173959361056,0.1088294775605098,0.84375,0.3243417176178851,-0.054956896551724,0.3632680158045273,0.3619791666666667,0.0179166666666666,1.0,1.9656735110884245,0.0071125554331614,0.0818718413693897,0.5,0.5,0.5,0.0,0.0,1.0,0.0,0.0,0.3913255488742648,0.1801960727748421,0.5,0.8,0.9,0.1,0.05,0.4,0.5,1.0,0.9
0.07,1.005251312828207,1.0,-0.0513785160139726,0.4272142304424978,0.5806451612903225,0.158504085251984,0.021876158694846,0.892083619040294,0.3026113671274961,0.0338709677419354,1.0,2.6936463285720915,0.0143367598703799,0.0699395370562954,0.7329749103942652,0.2666666666666666,0.586021505376344,0.4663082437275985,0.1469534050179212,0.1,0.306140350877193,20.849987471441946,-0.8289061139139706,0.5676914981117361,0.5,0.7,0.8,0.7,0.15,0.9,0.0,1.0,0.2
0.04,0.998653500897666,1.1428571428571428,0.0161297881340846,0.9741104151929773,0.6822916666666666,0.5924747707873701,-0.0890804597701149,0.2815032762453742,0.4036458333333333,0.02,1.0,1.9031830340314968,0.0,0.0642179662725699,0.5,0.5,0.5,0.0,0.0,1.0,0.0,0.0,-0.5988888431622703,0.2453422184723139,0.5,0.7,0.8,0.7,0.15,0.85,0.0,0.8,0.2
0.07,1.000812253423068,1.0,-0.0132112041812475,0.6834516217775249,0.7007168458781362,0.4800855854937231,-0.0506912442396312,0.5546817741752519,0.3087557603686636,0.0346236559139784,1.0,2.7412574497931312,0.0430391495629974,0.0662832758073244,0.6989247311827956,0.6422416367980884,0.6953405017921147,0.0566830943847072,0.0035842293906809,0.7,0.31359649122807,19.760371245192157,-0.6940173518340345,0.3681067420104899,0.0,0.9,0.1,0.85,0.0,0.95,0.0,1.0,0.1
0.03,0.9991921834128326,1.0,0.0056585565230621,0.3613133804566211,0.401199494949495,0.1641909951509266,-0.0350752458822135,0.5560140095830496,0.4072164948453608,0.0148453608247422,1.0,1.8661785963502928,0.030588821758368,0.0778495890239023,0.5,0.5,0.5,0.0,0.0,1.0,0.0,0.0,-0.6021604436590322,0.2685259320615931,0.0,0.75,0.25,0.65,0.05,0.85,0.0,1.0,0.3
0.08,1.0021799685115658,1.2499999999999998,-0.0237071193445924,0.5484818472382285,0.6823178016726404,0.1202726553667754,0.0185532233883057,0.9289488878563336,0.2269021739130434,0.04,1.0,2.8870102761440832,0.0,0.0445977486893426,0.6716845878136201,0.6243353070939278,0.6913978494623656,0.0473492807196922,-0.0197132616487455,1.0,0.3961988304093568,22.549473824774857,-0.7222283851860265,0.4114230576902744,0.5,0.75,0.4,0.6,0.1,0.85,0.5,1.0,0.4
0.08,1.0039827414537008,1.0,-0.0324854787673291,0.5501259671024358,0.6660692951015532,0.5989561384116651,0.0614692653673164,0.1488805962982893,0.3546195652173913,0.0391304347826087,1.0,2.225602186462757,0.0256600525132341,0.0964741774718798,0.6608124253285544,0.4414337690025955,0.6697729988052569,0.2193786563259589,-0.0089605734767024,0.4,0.1774853801169589,20.61014592723059,-0.3345175973952359,0.3345676608134979,0.5,0.85,0.9,0.1,0.1,0.85,0.5,1.0,0.9
0.04,0.9998406628425752,1.0,-0.0007292364210122,0.2334128627849779,0.3697916666666667,0.0746779082926672,0.0150862068965517,0.7307086309015676,0.2708333333333333,0.02,1.0,2.378261096626336,0.0,0.0581004583533721,0.5,0.5,0.5,0.0,0.0,1.0,0.0,0.0,-0.4521230637760864,0.2901907763221537,0.0,0.85,0.75,0.15,0.0,0.15,0.0,1.0,0.8
0.08,1.025356718858499,1.088,-0.1279187255656038,0.189516232525555,0.4654719235364397,0.0825972901497713,0.0161613272311211,0.8634800132916589,0.2826086956521739,0.04,1.0,3.094875134822486,0.0,0.0372046363890989,0.5629629629629629,0.0,0.4691756272401434,0.0,0.0937873357228194,0.0,0.1777777777777778,19.48584700036735,2.2381109479078116,0.1447532103821769,0.5,0.6,0.2,0.8,0.25,0.9,0.5,1.0,0.2
0.13,1.0465453690847044,1.091836734693877,-0.2021440038769962,0.7317736829442503,0.6971264367816091,0.7402209961640462,-0.0793708408953416,0.089971578119282,0.3348806366047746,0.0642528735632183,1.0,3.837381184583299,0.006710186569364,0.0727542985985953,0.7448275862068966,0.6058798429766171,0.7068965517241379,0.1389477432302794,0.0379310344827586,0.0765225004750592,0.2117647058823529,21.54291653079746,-0.5489974100444015,0.5520375340159691,0.5,0.7,0.5,0.5,0.15,0.9,0.5,1.0,0.5
0.1,1.0292369859757544,1.1860465116279069,-0.1470179049984796,0.264180614065288,0.7194444444444444,0.5751375933511763,0.0701754385964912,0.3164939317212707,0.4111111111111111,0.0488888888888888,1.0,3.063628671911676,0.005782020098914,0.1378011568321863,0.7287037037037037,0.6958333333333334,0.7194444444444444,0.0328703703703703,0.0092592592592593,0.7,0.1305555555555555,20.063651273593873,1.1108259967638938,0.1798341549537923,0.5,0.85,0.8,0.2,0.1,0.6,0.5,1.0,0.85
0.11,1.0345453276571983,1.1910112359550558,-0.1591896708336944,0.1639328584881212,0.3784802043422733,0.1779736295144332,-0.0249556475458308,0.5733389785212928,0.3072012257405516,0.0543820224719101,1.0,3.595008793863041,0.0,0.0372690456654594,0.5294061302681993,0.6342037890424987,0.3784802043422733,-0.1047976587742994,0.1509259259259259,0.4,0.1830065359477124,19.16244143729416,-0.2102746538603956,0.4057483896751569,0.5,0.8,0.0,0.8,0.1,0.95,0.5,1.0,0.0
0.09,1.028534762587756,1.3859649122807014,-0.138404077916324,0.0424774594628761,0.6712066905615292,0.18094308917594,-0.0288863183600026,0.6163997541006961,0.3021978021978022,0.0445054945054945,1.0,3.1797269166728346,0.0,0.072134814689519,0.7114695340501793,0.8617297254150703,0.6712066905615292,-0.150260191364891,0.0402628434886501,0.2,0.1277777777777777,19.51962150036749,1.192222730773766,0.1511197180052813,0.5,0.7,0.3,0.7,0.25,0.95,0.5,1.0,0.3
0.1,1.041349568746829,1.1982758620689653,-0.1677807688688843,0.1005775610833292,0.6953703703703704,0.430559153863062,-0.0604678362573099,0.2950665093052861,0.3805555555555555,0.0466666666666666,1.0,3.257170493035298,0.0057905811385016,0.0844538208197952,0.7962962962962963,0.6097222222222222,0.6953703703703704,0.1865740740740741,0.1009259259259258,0.2,0.061111111111111,18.924600513159735,2.322826181681643,0.1075577578317106,0.5,0.8,0.9,0.1,0.2,0.7,0.5,0.8,0.9
0.12,1.0282548679484989,1.1935483870967745,-0.1840113113312667,0.6005179937520306,0.6049808429118774,0.8577162201120323,0.0738437001594896,0.1255137703564803,0.3446969696969696,0.06,1.0,3.443569735000424,0.0,0.07816047070349,0.6102490421455938,0.5179232804232804,0.6077586206896551,0.0923257617223134,0.0024904214559386,0.7,0.2382352941176471,20.1656788933214,1.762675628525539,0.3867429059478012,0.5,0.8,0.9,0.1,0.1,0.8,0.5,1.0,0.9
0.08,1.0215192181851338,1.1585365853658536,-0.1113387044404601,0.5951731871972279,0.7734767025089605,0.4735815118213384,0.0649313501144165,0.2490553156195467,0.4035326086956522,0.04,1.0,3.1899240561002395,0.0,0.1387130382916709,0.7807646356033454,0.8566469290607222,0.7770609318996415,-0.0758822934573767,0.0037037037037038,0.7,0.1010233918128654,19.806814659530417,0.3683225898666249,0.3159426717112412,0.0,0.7,0.5,0.3,0.05,0.4,0.0,1.0,0.5
0.12,1.0310135784519086,1.443298969072165,-0.1751028184007903,0.0916626778859334,0.6748084291187739,0.1203716026660484,-0.0180821371610844,0.95761727277511,0.3181818181818182,0.06,1.0,3.730050014149941,0.0,0.0856785107600483,0.7226053639846742,0.3696428571428571,0.6720306513409962,0.3529625068418171,0.050574712643678,0.1,0.1666666666666666,20.46203371792297,0.697041070927011,0.1878751019588835,0.5,0.6,0.1,0.9,0.35,0.9,0.5,1.0,0.1
0.08,1.0287948131197555,1.1505376344086025,-0.1232962853693511,0.2230429810556656,0.6473118279569893,0.1505277204598678,-0.0286899313501143,0.5624669506842246,0.3953804347826086,0.04,1.0,3.24367629165791,0.0,0.10099932560461,0.6690561529271207,0.5805737084414782,0.6473118279569893,0.0884824444856425,0.0217443249701314,1.0,0.2267543859649122,19.30838685178196,0.940767034982239,0.1761464439782173,0.0,0.85,0.9,0.1,0.1,0.85,0.0,1.0,0.9
0.1,1.024402328750155,1.523809523809523,-0.1328431628241502,0.0419151657402051,0.712037037037037,0.0523264154342402,-0.0081286549707602,0.6450721707877367,0.3249999999999999,0.05,1.0,3.287823322501458,0.0,0.0898314994959864,0.7166666666666668,0.0,0.712037037037037,0.0,0.0046296296296297,0.0,0.2444444444444443,21.11986626071844,0.03909135848876,0.3664043747423107,0.5,0.8,0.3,0.7,0.15,0.95,0.5,0.8,0.3
0.11,1.0317230265840631,1.0857142857142856,-0.1500124079657431,0.1541705724042565,0.4435823754789272,0.2363987086562633,0.0325896457179721,0.60776287156259,0.3725740551583248,0.0543820224719101,1.0,3.665080314079405,0.0,0.10197216837312,0.475095785440613,0.6144955300127714,0.446455938697318,-0.1393997445721583,0.028639846743295,0.4,0.192156862745098,21.657186337183457,-0.7167312329371658,0.5051230586560055,0.5,0.7,0.2,0.8,0.15,0.9,0.5,1.0,0.2
0.08,1.019149607772075,1.2099999999999995,-0.1135389951574237,0.0090683503245946,0.4120669056152927,0.0152915568012133,-0.003175057208238,0.8037581768821532,0.2622282608695652,0.04,1.0,2.8938121770782876,0.0,0.0466201252880466,0.5413381123058542,0.4109916367980884,0.4084826762246117,0.1303464755077657,0.1328554360812424,0.4,0.5573099415204679,20.480722689787147,1.0463135386666655,0.181730208406458,0.0,0.85,0.9,0.1,0.05,0.25,0.0,1.0,0.9
0.11,1.035717967219874,1.0635838150289016,-0.1642542091616909,0.0718370189474239,0.6288952745849298,0.0618208627449103,-0.0102628890919843,0.9867809656333348,0.3406537282941777,0.0543820224719101,1.0,3.0023877793619143,0.024414951439061,0.0633998511979177,0.7551404853128991,0.5845536005213424,0.6231481481481481,0.1705868847915567,0.131992337164751,0.2,0.2098039215686273,18.61003186498056,0.1365058458991841,0.3401783918132811,0.5,0.85,0.8,0.2,0.0,0.9,0.5,0.8,0.85
0.1,1.0282485875706215,1.1472081218274113,-0.1314461889864682,0.0099937112617394,0.436111111111111,0.0121496338024926,0.0021637426900583,1.0,0.2861111111111111,0.0488888888888888,1.0,3.5159924221904,0.0,0.0619118095112223,0.5685185185185185,0.526241679467486,0.436111111111111,0.0422768390510325,0.1324074074074074,0.7,0.1888888888888888,20.459318490661644,-0.5530181873962556,0.4125984252687805,1.0,0.85,0.9,0.8,0.0,0.85,0.5,0.8,0.1
0.09,1.0326515589673484,1.164556962025316,-0.1394741127631338,0.2130124861673357,0.7240143369175627,0.3777000884779806,0.0519439624702781,0.3747676300083217,0.3424908424908425,0.0445054945054945,1.0,3.1535366277832586,0.0109103313309908,0.157799819351179,0.7205495818399044,0.4679227470558116,0.7204301075268816,0.2526268347840927,0.0001194743130227,0.1,0.1543859649122807,19.0689423566649,0.1393432345321779,0.1839785203712004,0.0,0.8,0.2,0.8,0.05,0.85,0.0,1.0,0.2
0.11,1.037908925103482,1.3517241379310343,-0.174897106946519,0.0436337881516688,0.380779054916986,0.000859189454487,0.0001397774313209,0.9340073100310644,0.1866700715015322,0.0543820224719101,1.0,3.41707133812342,0.0060999145448439,0.0206748415103323,0.589463601532567,0.7187375547590601,0.3779054916985951,-0.129273953226493,0.2115581098339718,0.1,0.3673202614379085,18.243847243422568,1.3358880102168902,0.131474123129855,0.0,0.8,0.1,0.9,0.1,0.9,0.0,1.0,0.1
0.14,1.0531800584230102,1.1386138613861387,-0.2173665287751854,0.5137155252450235,0.7088669950738916,0.2869700179648667,-0.0387917468088827,0.7052313053985104,0.2807308970099668,0.0683720930232558,1.0,3.952675925356388,0.0,0.0908633655442472,0.7391625615763546,0.7384934858053137,0.7041871921182267,0.0006690757710409,0.0349753694581279,1.0,0.2075163398692812,20.92264579245582,-0.7676631294910012,0.4881588082900388,0.5,0.8,0.8,0.2,0.05,0.4,0.5,1.0,0.8
0.11,1.0321787115218404,1.2359550561797747,-0.1612924233740471,0.431501090219753,0.5833333333333334,0.4637947244750851,-0.0549540347293156,0.3979903247610006,0.2875383043922369,0.0543820224719101,1.0,3.777412400663061,0.0060985744106265,0.0742860522604438,0.6963282247765007,0.577681894718185,0.5833333333333334,0.1186463300583157,0.1129948914431673,0.7,0.2117647058823528,20.525830932633948,1.0194870635442186,0.1525281917646468,1.0,0.6,0.8,0.7,0.15,0.85,0.5,1.0,0.2
0.08,1.0344630834189203,1.1953125,-0.13116635456766,0.6737921161123345,0.7124253285543608,0.6439725644549521,-0.0819794050343248,0.1427608945468816,0.3817934782608695,0.0391304347826087,1.0,3.3051781542889067,0.0255949390286834,0.1168473204424274,0.815173237753883,0.4904017857142857,0.6998805256869773,0.3247714520395972,0.1152927120669056,0.1,0.3812865497076023,16.741272774949014,1.7686519669711505,0.1209879399642208,0.5,0.7,0.8,0.2,0.05,0.8,0.5,1.0,0.8
0.05,1.0172914300138836,1.0760869565217388,-0.076050768353487,0.0791260820681348,0.6154233870967741,0.1208047297220285,-0.0258725761772853,0.8927504247012472,0.4105263157894736,0.0247368421052631,1.0,2.703928282525725,0.0,0.0915174407589206,0.72059811827957,0.8230429292929293,0.6154233870967741,-0.1024448110133593,0.1051747311827958,0.4,0.0421052631578948,18.872599917674396,1.3210935775411183,0.1330560468152856,1.0,0.7,0.2,0.8,0.15,0.9,0.5,1.0,0.2
0.13,1.0512114834601478,1.2413793103448276,-0.2071361988979323,0.159456221824935,0.7017241379310345,0.0170609490601275,-0.0027874726604307,0.8251196946704008,0.2946507515473032,0.0642528735632183,1.0,3.881727843162615,0.0,0.0922318411858523,0.7436781609195403,0.6641360431683012,0.7017241379310345,0.0795421177512391,0.0419540229885058,0.7,0.1980392156862742,20.263066200311087,0.3584404407195571,0.1524708439626892,0.5,0.7,0.8,0.2,0.15,0.9,0.5,1.0,0.8
0.13,1.0461953824469457,1.2655367231638417,-0.2045395520647175,0.1619507988172163,0.4362068965517241,0.0196216014808781,-0.0028805435339011,0.8613396610221633,0.2250221043324491,0.0642528735632183,1.0,3.737580667301043,0.0067110157402324,0.0654395175332818,0.5281609195402298,0.4676011264720942,0.4385057471264368,0.0605597930681355,0.089655172413793,1.0,0.338562091503268,21.164926690396957,1.12882853147061,0.1759862567685323,0.0,0.85,0.1,0.9,0.05,0.95,0.0,1.0,0.1
0.11,1.0284244283967423,1.663366336633663,-0.1573515825679594,0.1932470558094398,0.6227650063856961,0.2639923132204754,-0.0334766948013548,0.5584570420208494,0.3255873340143003,0.0543820224719101,1.0,3.7902359966308614,0.0,0.0967321143927475,0.690676883780332,0.6128335385878488,0.6227650063856961,0.0778433451924831,0.0679118773946358,0.7,0.2893790849673202,20.088559847850295,0.2494854847945928,0.393822861045279,0.0,0.8,0.1,0.9,0.05,0.9,0.0,1.0,0.1
0.11,1.0304858902071077,1.1891891891891897,-0.1553009805712166,0.4124348594652788,0.6748722860791826,0.8986651346319521,0.0698510832750926,0.1688691997904907,0.3536772216547497,0.0543820224719101,1.0,3.4956581098142867,0.0183077372327964,0.090882555834955,0.6598659003831419,0.675514403292181,0.6756066411238825,-0.0156485029090391,-0.0157407407407406,0.7,0.2022875816993463,20.176085008243515,0.8115743040507186,0.1750832335645615,0.5,0.85,0.9,0.1,0.1,0.6,0.5,1.0,0.9
0.1,1.0326863288799264,1.1158536585365852,-0.1490835902234697,0.0392380155269472,0.6814814814814815,0.2595164966724694,0.0378362573099414,0.4134669592848078,0.3694444444444444,0.0488888888888888,1.0,3.506250930835487,0.0057828901591547,0.1161097671112716,0.7018518518518518,0.2696759259259259,0.6814814814814815,0.4321759259259259,0.0203703703703703,0.1,0.2055555555555556,17.18513206710946,0.2800999535414261,0.3456956344401236,0.5,0.7,0.8,0.2,0.05,0.3,0.5,1.0,0.8
0.07,1.0228775291270615,1.157894736842105,-0.1044471908371913,0.0435230161791861,0.5376344086021505,0.0574798439623065,-0.0114156358638531,0.9029597721710948,0.3102918586789555,0.0346236559139784,1.0,2.404280382242735,0.0142768886518548,0.0944983797166784,0.6308243727598566,0.1726515830346475,0.532258064516129,0.458172789725209,0.0985663082437275,0.2,0.1099415204678362,18.50744812894679,0.32120108936242,0.1244204741555941,0.5,0.75,0.85,0.15,0.05,0.85,0.5,1.0,0.85
0.11,1.0366176691521245,1.057471264367816,-0.1757254990283556,0.3919708663231004,0.6030012771392081,0.2251887025269007,0.0277888285576044,0.5920894990767138,0.2834525025536261,0.0543820224719101,1.0,3.519635703754747,0.0183077923974362,0.0623491949793637,0.656992337164751,0.6707501280081924,0.6030012771392081,-0.0137577908434414,0.0539910600255428,1.0,0.2859477124183005,18.317008516279728,1.6827833559391898,0.1636047956550991,0.5,0.75,0.85,0.15,0.0,0.4,0.5,1.0,0.85
0.08,1.0255801061218022,1.0232558139534884,-0.1224832151261583,0.204132981742708,0.6311827956989247,0.014678216976296,-0.0028604118993135,0.8284591979558996,0.297554347826087,0.0382608695652173,1.0,2.970344316471642,0.0051156898559101,0.0560255284988084,0.6799283154121865,0.331305617352614,0.6403823178016727,0.3486226980595724,0.0395459976105138,0.1,0.4394736842105264,19.688512644859102,0.9682831250389116,0.1447532103821769,0.5,0.7,0.8,0.1,0.05,0.4,0.5,1.0,0.8
0.06,1.01190841740315,1.0930232558139534,-0.0819444880286066,0.6296861362601629,0.6182795698924731,0.7999429330555968,-0.1110862262038074,0.1478016132602726,0.3847517730496453,0.0293617021276595,1.0,2.7053628694044973,0.0175278285764616,0.0945134955031346,0.6342405913978495,0.1715277777777778,0.6182795698924731,0.4627128136200716,0.0159610215053763,0.1,0.1973684210526315,19.147780776528435,2.697387105662963,0.1453102742153341,0.5,0.8,0.9,0.1,0.05,0.85,0.5,0.6,0.9
0.16,1.0431731747817234,1.1428571428571437,-0.2381986419614525,0.184215576148845,0.594047619047619,0.091913215504095,-0.0118577694235589,0.7164405427543042,0.3303571428571428,0.08,1.0,4.384198470463495,0.0,0.0803565357497102,0.6428571428571429,0.4106407995296884,0.594047619047619,0.2322163433274545,0.0488095238095238,0.1,0.1818014705882353,20.54895151113984,0.414715914046373,0.3995240767278127,0.5,0.8,0.8,0.2,0.1,0.9,0.5,1.0,0.8
0.05,1.0179463792505423,1.0217391304347825,-0.0779076259162918,0.6312049231495778,0.821404569892473,0.4283151038938322,-0.0752908587257616,0.3337130112710039,0.4552631578947368,0.0247368421052631,1.0,2.428369425900361,0.0159093660485888,0.1696246818392095,0.8266129032258065,0.0,0.8266129032258064,0.0,1.1102230246251563e-16,0.0,0.1999999999999999,18.57269199017085,1.7988581170495062,0.1287106632361924,0.5,0.85,0.2,0.8,0.0,0.3,0.0,1.0,0.3
0.14,1.047230550481678,1.3636363636363635,-0.2228737207965403,0.3699965603946102,0.5982758620689655,0.3111899194235413,0.0356356006294807,0.3892032077889827,0.242109634551495,0.0683720930232558,1.0,3.825469188302503,0.0070089922074686,0.0480191888398083,0.6794745484400657,0.566056020177884,0.6097701149425286,0.1134185282621816,0.069704433497537,0.4,0.2658496732026145,19.71111617135776,0.7966965146564231,0.1822008167137735,0.5,0.75,0.7,0.3,0.05,0.3,0.5,1.0,0.7
0.11,1.0282531253521163,1.19626168224299,-0.1778542740211863,0.3984858664153003,0.4303320561941251,0.7676321777583576,0.0763184775012095,0.1925316886040735,0.276046986721144,0.0543820224719101,1.0,2.764137753430155,0.0183096682919436,0.0645872439502408,0.4200510855683269,0.2847030209933436,0.4273627075351213,0.1353480645749832,-0.0073116219667944,0.2,0.2522875816993464,18.237245383944575,3.1069449982254316,0.1580180359376581,0.5,0.7,0.2,0.8,0.05,0.8,0.0,1.0,0.2
0.11,1.0359851445865946,1.6785714285714275,-0.1717808350604361,0.4483658202409751,0.4575031928480204,0.4098724277495538,-0.0507284554593838,0.3763628769808768,0.3388661899897854,0.0531460674157303,1.0,3.617336766647961,0.0122089478743454,0.1082282542532958,0.5336526181353768,0.3347803776683087,0.4575031928480204,0.198872240467068,0.0761494252873563,0.2,0.1970588235294117,19.34935501371009,1.4709798019187312,0.147131948306801,0.5,0.6,0.4,0.8,0.25,0.9,0.5,1.0,0.4
0.11,1.03498562519965,1.365853658536585,-0.1774876782131735,0.0565781772031229,0.6187420178799489,0.2244941410691687,0.0340465566367401,0.7033489731538382,0.2786006128702758,0.0543820224719101,1.0,3.552596481162325,0.0122015189337419,0.1047488509338948,0.6645913154533843,0.4842692154520112,0.6224457215836526,0.1803221000013731,0.0421455938697317,0.1,0.1830065359477123,19.958471597919896,1.8082914932030167,0.1214498606917018,0.5,0.85,0.85,0.15,0.15,0.6,0.5,1.0,0.85
0.1,1.0306367358463926,1.272727272727273,-0.1550287788885074,0.4685454958297322,0.8796296296296297,0.9263368197351036,0.0895906432748538,0.0320886068689382,0.4444444444444444,0.05,1.0,3.4319782227908666,0.0,0.1395405505197817,0.8722222222222222,0.3221084770114942,0.8787037037037037,0.5501137452107281,-0.0064814814814814,0.1,0.0527777777777774,20.66826223684656,1.5976214151189891,0.174067365849232,0.5,0.8,0.9,0.1,0.05,0.85,0.5,1.0,0.9
0.12,1.0372034375535588,1.18348623853211,-0.1993487221334005,0.6738083173363679,0.7229885057471265,1.2841078182437011,-0.1016746411483254,0.0351424109578649,0.3314393939393939,0.0586363636363636,1.0,3.436874923045767,0.0192429660010949,0.067556498588421,0.7513409961685823,0.5077380952380952,0.7201149425287356,0.2436029009304871,0.0312260536398466,0.1,0.1879084967320259,18.31685259708778,3.048639550845512,0.131142671895822,0.5,0.85,0.9,0.1,0.2,0.8,0.5,1.0,0.9
0.07,1.034649793372792,1.07103825136612,-0.1131923919469104,0.4420662681646782,0.8028673835125448,0.5262088522478355,-0.0877597218853587,0.2283508705391935,0.4197388632872504,0.0346236559139784,1.0,3.1085561905640975,0.0,0.1147994049165048,0.9014336917562724,0.3839605734767025,0.8154121863799283,0.5174731182795698,0.086021505376344,0.1,0.000438596491228,16.668390259109962,1.5237176143863005,0.1578100856111984,0.5,0.75,0.85,0.15,0.05,0.85,0.5,1.0,0.85
0.08,1.0271088009398308,1.1193181818181817,-0.1231649124757972,0.4879838717131957,0.7703703703703703,0.6846257811007834,0.088129290617849,0.1751184562305014,0.3532608695652174,0.0391304347826087,1.0,3.229373525060924,0.0051144893835291,0.1129721271774077,0.7381123058542413,0.4744922341696535,0.7667861409796893,0.2636200716845877,-0.028673835125448,0.1,0.1688596491228068,21.04875602902313,1.4031650217615566,0.1600200036503171,0.0,0.9,0.0,0.9,0.05,0.95,0.0,1.0,0.0
0.08,1.0206498058160465,1.0669856459330145,-0.0970162045864593,0.478930416264353,0.6094384707287933,0.8790646312381251,0.1198798627002289,0.0778777738290907,0.3328804347826086,0.0391304347826087,1.0,3.3580168549671514,0.0,0.101011065838502,0.6512544802867383,0.4588410991636798,0.6094384707287933,0.1924133811230584,0.0418160095579449,0.4,0.2461988304093566,20.012686356117,-0.8618140648245909,0.4520079468501749,0.5,0.85,0.85,0.8,0.1,0.6,0.0,1.0,0.2
0.09,1.024712483584703,1.0588235294117647,-0.1287981242575491,0.7759330543052927,0.7326164874551971,0.9481269124938352,0.1053724053724053,0.0622081399737274,0.3867521367521367,0.0445054945054945,1.0,3.2131785054731683,0.0,0.1132722044950731,0.7549581839904421,0.0,0.7326164874551971,0.0,0.0223416965352449,0.0,0.2277777777777778,19.973059183992937,0.5471246024319107,0.3124273325234697,0.5,0.8,0.9,0.1,0.05,0.9,0.5,1.0,0.9
0.09,1.0295778987367772,1.116564417177914,-0.1470461609333853,0.070739122009744,0.8491039426523296,0.2916230458197105,-0.0419253261358524,0.641996375904275,0.3867521367521367,0.0445054945054945,1.0,3.203097862529798,0.01090993740881,0.1095138244465187,0.8897252090800478,0.6488445881226054,0.8416965352449224,0.2408806209574424,0.0480286738351254,0.2,0.1777777777777777,18.818097753070376,2.921465885984037,0.1215381503903065,0.5,0.9,0.9,0.1,0.1,0.6,0.5,1.0,0.9
0.05,1.022185746055279,1.0952380952380951,-0.0787620405927238,0.2701633093305565,0.3251008064516129,0.2561248126602334,-0.0493628808864266,0.4952225863355801,0.4184210526315789,0.0242105263157894,1.0,1.9436201298975109,0.0,0.1206273870453004,0.4554771505376344,0.6530577956989247,0.3251008064516129,-0.1975806451612903,0.1303763440860215,0.2,0.2421052631578948,18.91334334336125,0.9433663651607458,0.1161072426141292,0.0,0.8,0.2,0.8,0.05,0.9,0.0,1.0,0.2
0.08,1.0321012847096511,1.1885245901639343,-0.1281936515853092,0.0760166564592168,0.8075268817204301,0.1526768218615856,-0.0276029748283754,0.7746341146880134,0.4157608695652174,0.04,1.0,3.087645180640828,0.0,0.1077985145017144,0.9017921146953406,0.2001736111111111,0.8075268817204301,0.7016185035842295,0.0942652329749105,0.1,0.0938596491228069,16.446580091781094,1.2457005646725126,0.1548401503300298,0.5,0.8,0.9,0.1,0.05,0.9,0.5,0.8,0.9
0.04,1.0127537907992803,1.2093023255813953,-0.0599977082098619,0.671924400203441,0.6979166666666666,0.8663792230578405,-0.1153508771929824,0.1140131988320312,0.4114583333333333,0.0191666666666666,1.0,2.27713265654679,0.007078390655673,0.1108473116132055,0.5,0.5,0.5,0.0,0.0,1.0,0.0,0.0,1.017547305398038,0.2901907763221537,0.5,0.7,0.8,0.2,0.05,0.85,0.5,1.0,0.8
0.09,1.0231685501112613,1.1599999999999997,-0.138800955872931,0.0308347562569015,0.5028673835125448,0.1384279770879448,0.0208469892680419,0.7951466364356387,0.253052503052503,0.0445054945054945,1.0,3.150800799597061,0.0163730856842229,0.0692484891899572,0.5102747909199522,0.4527809779825908,0.5102747909199522,0.0574938129373613,0.0,0.7,0.3766081871345029,19.862946336767827,1.8355273752182537,0.1359607073791276,0.5,0.85,0.85,0.15,0.1,0.45,0.5,1.0,0.85
0.08,1.0326364099949008,1.5359999999999998,-0.1292280095630271,0.0526270604924054,0.5660692951015531,0.0584638847457112,-0.010812356979405,0.7357084531435844,0.3315217391304347,0.04,1.0,2.711222483071858,0.0,0.0737366394100796,0.6379928315412187,0.3895833333333333,0.5660692951015531,0.2484094982078853,0.0719235364396655,0.1,0.2730994152046783,20.98870971304385,1.5912239358514348,0.1255859324155551,0.0,0.7,0.8,0.1,0.05,0.4,0.0,1.0,0.8
0.09,1.018121546300147,1.074074074074074,-0.1124379492707139,0.2325145183670668,0.6664277180406213,0.1046054094316305,-0.0169847696163484,0.8894090700719669,0.3852258852258852,0.0445054945054945,1.0,3.44701746475397,0.0054534921759362,0.1016140386251443,0.6636798088410991,0.3724879495736004,0.6701314217443249,0.2911918592674987,-0.0064516129032258,0.1,0.1198830409356725,20.731357042708616,-0.0528842706444181,0.3308583700705382,0.0,0.85,0.1,0.9,0.1,0.95,0.0,1.0,0.1
0.08,1.0228741487362738,1.3719008264462809,-0.121815449001724,0.223266459839364,0.4626045400238949,0.2168136430937639,-0.0346395881006865,0.628499446758052,0.25,0.04,1.0,2.319162358699379,0.0,0.0789543834388231,0.6027479091995221,0.1502189933259176,0.4589008363201912,0.4525289158736044,0.1438470728793309,0.0765225004750592,0.2543859649122806,19.701969941301247,1.7489447042378714,0.13025890221056,1.0,0.85,0.9,0.1,0.05,0.1,1.0,1.0,0.9
0.02,1.020408163265306,1.0,-0.0322185906891572,0.3769463686287473,0.846938775510204,0.0298455107718056,0.0192743764172335,0.8031420097913425,0.673469387755102,0.0089795918367346,1.0,1.5305595935602438,0.1215475827744013,0.2695578231292517,0.5,0.5,0.5,0.0,0.0,1.0,0.0,0.0,-1.4734011287706543,0.1055932201779092,0.5,0.8,0.9,0.1,0.15,0.6,0.5,1.0,0.9
0.03,1.0309278350515465,1.0,-0.0495728784366006,0.4127145717737451,0.1764520202020202,0.5334454467524447,0.1974035891561665,0.1961866233844116,0.3573883161512027,0.0145360824742268,1.0,1.630982462924668,0.1577243076563441,0.1420389461626575,0.5,0.5,0.5,0.0,0.0,1.0,0.0,0.0,-1.610576457302706,0.1237685486736148,0.5,0.9,0.8,0.1,0.25,0.7,0.5,0.8,0.8
0.06,1.0638297872340423,1.125,-0.0952605598948709,0.3810263880531976,0.4162466397849462,0.4623474537376107,-0.1268715524034672,0.4911373554266409,0.2304964539007092,0.0274468085106383,1.0,2.0355647256920273,0.2090445096026808,0.0716115051221434,0.6118111559139785,0.0,0.4269993279569892,0.0,0.1848118279569892,0.0,0.3973684210526316,9.811124087516566,-1.126379871799409,0.1360251239749277,0.0,0.8,0.1,0.9,0.15,0.95,0.0,1.0,0.1
0.03,1.0309278350515465,1.0,-0.0459003796010073,0.9558184983871824,0.6070075757575758,0.8735381758726175,-0.2760595647193585,0.1086346780459666,0.2809278350515464,0.0114432989690721,1.0,1.998057025252772,0.1303573670909395,0.1111111111111111,0.5,0.5,0.5,0.0,0.0,1.0,0.0,0.0,-0.0800514431081618,0.09775803902776,1.0,0.9,0.95,0.05,0.0,0.4,1.0,0.8,0.95
0.03,1.0309278350515465,1.103448275862069,-0.0469644975047098,0.1048867110673831,0.4671717171717171,0.1926836305574976,-0.0843833524245895,0.4595569218911074,0.3316151202749141,0.0132989690721649,1.0,1.4407810890216577,0.1462436884819893,0.1108247422680412,0.5,0.5,0.5,0.0,0.0,1.0,0.0,0.0,-1.1233579851701605,0.1012928678506258,1.0,0.85,1.0,0.8,0.1,0.1,0.0,1.0,0.1
0.03,1.0309278350515465,1.0,-0.0462804171130919,0.3297085412298339,0.4217171717171717,0.1158089174272932,0.0511645666284841,0.8938026277666806,0.2809278350515464,0.0114432989690721,1.0,1.6410162688571808,0.1305939652865355,0.1109201985490645,0.5,0.5,0.5,0.0,0.0,1.0,0.0,0.0,-0.3574563684639416,0.0874783515172172,0.0,0.85,0.75,0.25,0.0,0.2,0.0,1.0,0.8
0.03,1.0309278350515465,1.0,-0.0477090781611503,0.3609881906199494,0.6025883838383838,0.0677065231595484,-0.0351279114165711,1.0,0.4338487972508591,0.0136082474226804,1.0,2.084743015169946,0.1484153238778528,0.1246659030164184,0.5,0.5,0.5,0.0,0.0,1.0,0.0,0.0,-1.289584669201155,0.1160217501575775,0.0,0.9,0.9,0.1,0.05,0.3,0.0,1.0,0.9
0.03,1.0309278350515465,1.0,-0.0463529964361477,0.1310367777218088,0.4763257575757575,0.3924836189441231,-0.1569301260022909,0.4546580264389231,0.3608247422680412,0.0108247422680412,1.0,1.953229791915835,0.1254410886549327,0.1819396716303932,0.5,0.5,0.5,0.0,0.0,1.0,0.0,0.0,-0.0623396513923761,0.0874783515172172,1.0,0.9,0.9,0.1,0.05,0.4,1.0,1.0,0.9
0.02,1.020408163265306,1.0,-0.0303614555068156,0.8705555931085338,0.8418367346938775,0.9693907888233182,-0.3956916099773243,0.0537101282773217,0.5051020408163265,0.0087755102040816,1.0,1.6201671049330095,0.1182850730275433,0.2471655328798186,0.5,0.5,0.5,0.0,0.0,1.0,0.0,0.0,-0.4530452482883493,0.0922101594585371,1.0,0.9,0.95,0.05,0.05,0.6,1.0,1.0,0.95
0.03,1.0309278350515465,1.0,-0.0474772817537164,0.9682836138190368,0.8628472222222223,1.211089731478292,-0.3222604047346316,0.0412572806492605,0.461340206185567,0.0117525773195876,1.0,2.029389343723704,0.1335886553174072,0.2030355097365406,0.5,0.5,0.5,0.0,0.0,1.0,0.0,0.0,-1.2360166037267684,0.1012928678506258,1.0,0.9,0.95,0.05,0.1,0.6,1.0,0.6,0.95
0.02,1.020408163265306,1.0,-0.030878341119682,0.8473791467100134,0.8520408163265306,0.9305828010952736,-0.3560090702947845,0.069175560991498,0.4872448979591837,0.0073469387755102,1.0,0.819543771947365,0.1041982608674874,0.2295918367346938,0.5,0.5,0.5,0.0,0.0,1.0,0.0,0.0,-0.6277043959947912,0.0796513437074667,1.0,0.9,0.95,0.05,0.0,0.4,1.0,0.8,0.95
0.02,1.020408163265306,1.08,-0.0310743886316475,0.0146634248226012,0.2244897959183673,0.0700551139950313,-0.0476190476190476,0.7747710587278929,0.298469387755102,0.0079591836734693,1.0,0.5856666617281954,0.1100256661004587,0.076814058956916,0.5,0.5,0.5,0.0,0.0,1.0,0.0,0.0,-0.9589143954130614,0.0889972256331716,1.0,0.9,1.0,0.0,0.0,0.2,1.0,0.8,1.0
0.04,1.0416666666666663,1.0,-0.0622289977551204,0.3247527004715092,0.2604166666666667,0.1315415572464133,-0.0567129629629629,0.7089387017354016,0.2291666666666666,0.015,1.0,2.323951792961466,0.1487044791289828,0.0387731481481481,0.5,0.5,0.5,0.0,0.0,1.0,0.0,0.0,-0.4867998708662786,0.0905905900520283,1.0,0.85,0.9,0.8,0.0,0.2,0.5,1.0,0.1
0.01,1.0101010101010102,1.04,-0.0153505195939736,0.2264123352336055,0.5,0.248384633056227,-0.1829405162738496,0.5392358447511312,0.5732323232323232,0.0046464646464646,1.0,0.3224933614275158,0.087693586632568,0.1846240179573512,0.5,0.5,0.5,0.0,0.0,1.0,0.0,0.0,-1.0019625698727068,0.0918169293966194,0.0,0.9,0.9,0.1,0.05,0.1,0.0,1.0,0.9
0.01,1.0101010101010102,1.0303030303030305,-0.0157137531836452,0.0441728794196161,0.5,0.1959781068907294,0.1638608305274972,0.4841850899351508,0.7626262626262627,0.004040404040404,1.0,0.4073407449681775,0.0794409425083572,0.3389450056116723,0.5,0.5,0.5,0.0,0.0,1.0,0.0,0.0,-1.2548804028792262,0.0859132312719215,0.0,0.9,0.9,0.1,0.0,0.1,0.0,1.0,0.9
0.02,1.020408163265306,1.0,-0.0319991301756709,0.0351707682202243,0.4387755102040816,0.2087190235707894,0.1077097505668934,0.6546773739903589,0.4336734693877551,0.0095918367346938,1.0,1.541697063322072,0.1268966842202719,0.1771541950113379,0.5,0.5,0.5,0.0,0.0,1.0,0.0,0.0,-1.3865881143938132,0.1162401996699034,0.0,0.85,0.9,0.1,0.0,0.2,0.0,1.0,0.9
0.01,1.0101010101010102,1.0769230769230769,-0.0152065211977405,0.0612028072512992,0.5,0.1739452805431317,-0.1358024691358025,0.6989694906109459,0.4646464646464646,0.0039393939393939,1.0,1.0689707756200586,0.0774567337069317,0.1823793490460157,0.5,0.5,0.5,0.0,0.0,1.0,0.0,0.0,-0.0299393885674614,0.0719553338451007,0.0,0.9,0.9,0.0,0.05,0.1,0.0,1.0,1.0
0.02,1.020408163265306,1.0,-0.0314750670267844,0.2842186412125768,0.3928571428571429,0.357315956913616,-0.18140589569161,0.5081311457127746,0.3545918367346938,0.0087755102040816,1.0,1.1140670259732324,0.1186769092586973,0.1678004535147392,0.5,0.5,0.5,0.0,0.0,1.0,0.0,0.0,-1.2368745626255118,0.0987919532544048,0.0,0.85,0.8,0.1,0.1,0.85,0.0,0.8,0.85
0.03,1.0309278350515465,1.0,-0.0464266811383777,0.2677596731967893,0.4359217171717171,0.1392411183270652,0.0626193203512791,0.4537978407428948,0.2147766323024054,0.0123711340206185,1.0,1.8994660074001195,0.1380848359786446,0.0621420389461626,0.5,0.5,0.5,0.0,0.0,1.0,0.0,0.0,-0.7449367157802058,0.0908524433250958,1.0,0.7,0.2,0.8,0.15,0.2,0.5,1.0,0.2
0.03,1.0309278350515465,1.0,-0.046731361501747,0.2180324129585408,0.4835858585858585,0.4024693197547662,-0.1580756013745705,0.4424563128996791,0.352233676975945,0.012061855670103,1.0,1.2864114427130169,0.1355858622425849,0.1837533409698358,0.5,0.5,0.5,0.0,0.0,1.0,0.0,0.0,-0.9091084606649598,0.0942784645715858,0.0,0.85,0.1,0.8,0.1,0.95,0.0,1.0,0.1
0.01,1.0101010101010102,1.0,-0.0151608144899362,0.284984809884563,0.5,0.0552872711862954,-0.0460157126823793,0.91597740455427,0.7070707070707071,0.0042424242424242,1.0,0.9314763563174628,0.0818764692940616,0.2239057239057239,0.5,0.5,0.5,0.0,0.0,1.0,0.0,0.0,-0.5661043807735666,0.083033000965197,0.0,0.9,0.9,0.1,0.0,0.1,0.0,1.0,0.9
0.01,1.0101010101010102,1.0,-0.0149573177109243,0.5781118883466382,0.5,0.6770920500824282,0.404040404040404,0.2409080286157876,0.6969696969696969,0.0043434343434343,1.0,1.04963089027451,0.083117196100385,0.2379349046015712,0.5,0.5,0.5,0.0,0.0,1.0,0.0,0.0,-0.1757881417198992,0.0888406826652821,0.5,0.85,0.9,0.1,0.0,0.9,0.5,1.0,0.9
0.01,1.0101010101010102,1.1578947368421053,-0.0152705972929799,0.2109473001969206,0.5,0.3061527569374079,-0.1762065095398428,0.4074032315988167,0.5782828282828283,0.0043434343434343,1.0,1.0584435884677557,0.0833689045907178,0.2435465768799102,0.5,0.5,0.5,0.0,0.0,1.0,0.0,0.0,-0.8579345422853524,0.0948436257789135,0.0,0.95,0.95,0.0,0.0,0.05,0.0,0.8,0.95
0.03,1.0309278350515465,1.0,-0.0462450521753712,0.1312924771362821,0.7774621212121212,0.2184249172214962,0.1084383352424589,0.7512002681764356,0.4261168384879725,0.0114432989690721,1.0,2.0247761018959007,0.1305986998777099,0.1638029782359679,0.5,0.5,0.5,0.0,0.0,1.0,0.0,0.0,-0.4248123339289504,0.0942784645715858,1.0,0.85,0.95,0.15,0.1,0.1,0.5,0.8,0.85
0.02,1.0204081632653064,1.0,-0.0303977578098897,0.5721364517998316,0.8061224489795917,0.6827334558911459,-0.2947845804988662,0.1640689640396615,0.4668367346938775,0.0079591836734693,1.0,1.2569982561549502,0.1101520360838374,0.2193877551020407,0.5,0.5,0.5,0.0,0.0,1.0,0.0,0.0,-0.2790005622511131,0.0922101594585371,1.0,0.9,0.95,0.05,0.05,0.1,1.0,0.8,0.95
0.01,1.0101010101010102,1.0,-0.0151502696561389,0.1391364968246441,0.5,0.0921749774210886,0.0763187429854095,0.550785793696833,0.5732323232323232,0.0042424242424242,1.0,0.4073407449681775,0.0816827824542721,0.0892255892255892,0.5,0.5,0.5,0.0,0.0,1.0,0.0,0.0,-0.4664249353903988,0.077408276805509,0.0,0.9,1.0,0.0,0.05,0.1,0.0,1.0,1.0
0.02,1.020408163265306,1.0,-0.0301278589553313,0.0439757812536289,0.2959183673469387,0.1935760871703399,0.1145124716553288,0.2836865861304856,0.5841836734693877,0.0087755102040816,1.0,1.1836381999111536,0.1182456205589288,0.1904761904761904,0.5,0.5,0.5,0.0,0.0,1.0,0.0,0.0,-0.368326474843542,0.1055932201779092,0.5,0.85,0.8,0.15,0.1,0.85,0.5,1.0,0.85
0.01,1.0101010101010102,1.1578947368421053,-0.0153492508001981,0.648160625515917,0.5,0.8628917008259699,0.44668911335578,0.1704100570567873,0.7095959595959596,0.0042424242424242,1.0,0.8188557998458228,0.0818659977788276,0.2488776655443322,0.5,0.5,0.5,0.0,0.0,1.0,0.0,0.0,-0.90654796356193,0.0888406826652821,0.5,0.8,0.9,0.8,0.05,0.85,0.0,1.0,0.2
0.03,1.0309278350515465,1.3333333333333333,-0.0463299804160751,0.0319777682068327,0.6295770202020202,0.309948827625376,-0.1237113402061855,0.557402526256209,0.3711340206185567,0.0123711340206185,1.0,1.6720411676437197,0.138150859934408,0.195303550973654,0.5,0.5,0.5,0.0,0.0,1.0,0.0,0.0,-0.7629753216760453,0.1048847345810114,0.5,0.75,0.85,0.65,0.1,0.85,0.0,1.0,0.3
0.06,1.0638297872340423,1.692307692307692,-0.0949082063641431,0.0852856091396608,0.3350974462365592,0.0020718079289665,-0.0007880220646177,0.727407618787941,0.2189716312056737,0.0197872340425531,1.0,2.353187482801947,0.1662791527531486,0.0385145784081954,0.6885920698924731,0.397148908439231,0.3350974462365592,0.2914431614532421,0.3534946236559139,0.4,0.0,7.091427630119281,-0.6941253725136587,0.1018404741532254,1.0,0.9,1.0,0.0,0.05,0.1,1.0,0.8,1.0
0.01,1.01010101010101,1.0,-0.015043592133052,0.2290566905684839,0.5,0.2914975015627449,-0.2098765432098766,0.4737429581804153,0.4924242424242424,0.0042424242424242,1.0,1.0384149666205282,0.0818109345100166,0.1902356902356902,0.5,0.5,0.5,0.0,0.0,1.0,0.0,0.0,0.0809063041414961,0.083033000965197,0.0,0.9,0.9,0.1,0.0,0.1,0.0,1.0,0.9
0.03,1.0309278350515465,1.1428571428571428,-0.0467512176332947,0.1845588995638429,0.163510101010101,0.0246492921157036,-0.0126002290950744,0.8452899524367024,0.2714776632302405,0.0102061855670103,1.0,1.671316134594098,0.120815732578171,0.0495418098510882,0.5,0.5,0.5,0.0,0.0,1.0,0.0,0.0,-0.690113368822753,0.0776524810426783,1.0,0.85,0.95,0.05,0.1,0.6,1.0,1.0,0.95
0.04,1.0416666666666667,1.2352941176470589,-0.0616090453312111,0.1136184726246648,0.6770833333333334,0.2469368388613182,-0.0983796296296297,0.508053495790991,0.3671875,0.0191666666666666,1.0,1.4645615836178574,0.1779823276427033,0.1316550925925926,0.5,0.5,0.5,0.0,0.0,1.0,0.0,0.0,-0.9143550572494924,0.1333202824202823,1.0,0.9,0.9,0.1,0.05,0.1,1.0,1.0,0.9
0.06,1.0638297872340423,1.4736842105263157,-0.0943664081633093,0.2821507333151433,0.3499663978494623,0.2524579621463448,-0.078408195429472,0.565561168967595,0.3093971631205673,0.0274468085106383,1.0,2.699491617823508,0.2092825417681268,0.0480693459416863,0.585013440860215,0.6140046296296297,0.3445900537634408,-0.0289911887694146,0.2404233870967742,0.7,0.2252923976608187,9.892669535214765,-1.035943846843539,0.1453102742153341,1.0,0.7,0.9,0.8,0.05,0.6,0.0,1.0,0.2
0.04,1.0416666666666667,1.1875,-0.0623904892428699,0.7556219843303439,0.7552083333333334,1.0711461160141469,-0.2662037037037038,0.0608332822078937,0.3984375,0.0158333333333333,1.0,2.276809836679387,0.154916999382571,0.1979166666666666,0.5,0.5,0.5,0.0,0.0,1.0,0.0,0.0,-0.823254239357416,0.1015046454400258,0.5,0.85,0.9,0.8,0.2,0.85,0.0,1.0,0.2
0.02,1.0204081632653064,1.222222222222222,-0.0308769637004614,0.500184494495893,0.7397959183673469,0.592589739374508,-0.2698412698412698,0.2304942839553372,0.4183673469387755,0.0081632653061224,1.0,1.501604943398137,0.1122240189336228,0.1870748299319727,0.5,0.5,0.5,0.0,0.0,1.0,0.0,0.0,-0.8807895615066208,0.0987919532544048,0.5,0.75,0.85,0.7,0.05,0.85,0.0,1.0,0.3
0.01,1.01010101010101,1.0769230769230769,-0.0153674323439767,0.6581444845129688,0.5,0.7077415146672777,-0.398428731762065,0.1413760153130901,0.547979797979798,0.0034343434343434,1.0,0.2747433136279715,0.0702034774067341,0.2612233445566778,0.5,0.5,0.5,0.0,0.0,1.0,0.0,0.0,-0.2707864847429837,0.0640759781628102,1.0,0.9,0.95,0.05,0.05,0.6,1.0,0.8,0.95
0.03,1.0201515859046664,1.12,-0.0455175757328182,0.2376165843730256,0.6714015151515151,0.1591048626417109,0.0698739977090492,0.5922229290292982,0.3144329896907216,0.0148453608247422,1.0,1.8147661930697812,0.0162580504495818,0.0923062237495227,0.5,0.5,0.5,0.0,0.0,1.0,0.0,0.0,-1.0846693258374578,0.1277454530482268,1.0,0.65,0.85,0.7,0.2,0.15,0.0,0.8,0.4
0.04,1.0416666666666667,1.12,-0.0631229969594081,0.9752401122799657,0.8541666666666666,1.3390346155383854,-0.3379629629629629,0.023106827963066,0.4635416666666667,0.01625,1.0,2.0806358632791397,0.1575462475438406,0.2407407407407407,0.5,0.5,0.5,0.0,0.0,1.0,0.0,0.0,-1.107010202303736,0.1129431225355994,1.0,0.9,0.95,0.05,0.05,0.4,1.0,1.0,0.95
0.02,1.020408163265306,1.1538461538461535,-0.0304732325213679,0.1794313917195656,0.2908163265306122,0.3098879112808079,-0.155328798185941,0.5417362548662912,0.3698979591836734,0.0077551020408163,1.0,1.0110456598587796,0.1078921204613452,0.177437641723356,0.5,0.5,0.5,0.0,0.0,1.0,0.0,0.0,-0.0872966175082226,0.0858341147952806,1.0,0.6,0.8,0.8,0.25,0.85,0.0,1.0,0.2
0.03,1.0309278350515465,1.1764705882352942,-0.0466339783085589,0.1224003945432948,0.3011363636363636,0.0035585673158364,0.0019091256204658,0.9918520505853918,0.2689003436426116,0.0108247422680412,1.0,2.0060965257485335,0.1256945374530726,0.0636693394425353,0.5,0.5,0.5,0.0,0.0,1.0,0.0,0.0,-0.7534893973204295,0.0942784645715858,1.0,0.85,0.95,0.05,0.05,0.1,1.0,0.8,0.95
0.01,1.0101010101010102,1.0769230769230769,-0.0152651352370265,0.3674426791318362,0.5,0.751739097348239,0.4343434343434343,0.2320900184510412,0.7424242424242424,0.0038383838383838,1.0,1.024756731619342,0.0760625643712213,0.4464085297418631,0.5,0.5,0.5,0.0,0.0,1.0,0.0,0.0,-0.1902634050590381,0.0692900627053303,0.5,0.7,0.8,0.7,0.25,0.95,0.0,1.0,0.3
0.01,1.01010101010101,1.0,-0.0156771338117183,0.0760395955935837,0.5,0.2097152987019895,0.1560044893378226,0.3811224457449707,0.8434343434343434,0.0045454545454545,1.0,0.5790188868909918,0.0867354631368978,0.3782267115600449,0.5,0.5,0.5,0.0,0.0,1.0,0.0,0.0,-1.2680586515847814,0.0888406826652821,0.0,0.9,0.5,0.1,0.05,0.1,0.0,1.0,0.5
0.03,1.0309278350515465,1.0,-0.0462101486643642,0.5336488269653266,0.6467803030303031,0.2519280488359313,-0.1092019854906453,0.6757225320767608,0.4132302405498281,0.012061855670103,1.0,1.840654274764437,0.1355138581246685,0.1550210003818251,0.5,0.5,0.5,0.0,0.0,1.0,0.0,0.0,-0.547895720018015,0.0908524433250958,1.0,0.9,0.9,0.1,0.0,0.4,1.0,0.8,0.9
0.02,1.0204081632653064,1.222222222222222,-0.0306080017989089,0.5922101688205545,0.6326530612244898,0.7393914368964424,-0.3106575963718821,0.1498334081101194,0.4795918367346939,0.0093877551020408,1.0,1.2293173785261762,0.1244932641854356,0.2335600907029479,0.5,0.5,0.5,0.0,0.0,1.0,0.0,0.0,-0.927456297247664,0.1126291050204151,0.0,0.8,0.2,0.8,0.05,0.95,0.0,1.0,0.2
0.08,1.0065475848601462,1.1379310344827582,-0.0833257533850764,0.2408319102171374,0.3851851851851851,0.2937649962649035,-0.0346153846153847,0.4721545897879942,0.2866847826086957,0.0330434782608695,1.0,2.820939719193698,0.0468920100886489,0.01952281117565,0.4047789725209079,0.4043981481481482,0.3851851851851851,0.0003808243727597,0.0195937873357228,0.7,0.2555555555555555,16.02393323059763,1.0674176147130847,0.1761464439782173,0.0,0.9,1.0,0.0,0.15,0.85,0.0,1.0,1.0
0.11,1.0204150000335006,1.1666666666666663,-0.139342836195087,0.0415299808396075,0.723978288633461,0.0454173957393142,0.0047359943427358,0.7116979550751301,0.3546986721144024,0.0469662921348314,1.0,3.6855825766457273,0.0184839620623554,0.0612848176688426,0.7302681992337164,0.628352490421456,0.723978288633461,0.1019157088122604,0.0062899106002554,0.4,0.1183006535947711,17.916099767859766,-0.2651139062603804,0.2619833880203319,0.0,0.8,0.1,0.9,0.15,0.95,0.0,1.0,0.2
0.1,0.9988776655443322,1.5000000000000002,-0.0896629352412421,0.9768661091149656,0.6592592592592593,2.344516308050019,-0.1166752136752136,0.00272829184885,0.2916666666666667,0.0488888888888888,1.7857142857142858,3.0692980337552656,0.1176589881769116,0.0495589606310879,0.6638888888888889,0.5572452636968767,0.6564814814814814,0.1066436251920122,0.0074074074074074,0.7,0.1555555555555555,14.97935115586023,4.560075422673636,0.2993480947871813,0.5,0.85,0.95,0.05,0.05,0.35,0.5,1.0,0.95
0.12,1.001730991152712,1.9230769230769251,-0.1260751762914951,0.7159253405043859,0.73227969348659,1.2360996022970854,-0.0666011072261072,0.0211995795643083,0.3049242424242424,0.0572727272727272,2.068965517241379,3.919022709440468,0.1244146649844686,0.0595611147056534,0.7379310344827585,0.4334610472541507,0.7265325670498085,0.3044699872286078,0.01139846743295,0.1,0.0441176470588233,16.574758445976382,3.686626558832141,0.1697948483075147,0.5,0.85,0.95,0.05,0.05,0.4,0.5,1.0,0.95
0.11,1.012534075666008,1.1,-0.1101656788207824,0.8639163242064295,0.8192528735632184,2.1923696746504846,-0.1019427202011471,0.002412229234452,0.4693564862104188,0.0482022471910112,1.0,2.586927006730561,0.0557629302527129,0.1109992222073312,0.823978288633461,0.4615581098339719,0.8192528735632184,0.3624201787994891,0.0047254150702426,0.1,0.0490196078431374,16.488259733059103,0.0368892831213645,0.2943686619507687,0.5,0.85,0.9,0.1,0.2,0.7,0.5,1.0,0.9
0.09,1.005973891879932,1.142857142857143,-0.0901465172110675,0.4491947605324059,0.7542413381123058,0.5767909974126233,-0.0527707335399642,0.1478941792811614,0.3476800976800977,0.0395604395604395,1.0,3.1586506761649646,0.0723018650845917,0.0795224774969368,0.7763440860215054,0.4001237228607918,0.7578255675029868,0.3762203631607135,0.0185185185185186,0.1,0.1254385964912282,16.433333205354696,1.1653933745710017,0.1670946308460906,0.5,0.85,0.85,0.7,0.2,0.8,0.0,1.0,0.4
0.06,1.0069115056240685,1.3750000000000002,-0.0757491215431414,0.6858697636296938,0.5977822580645161,0.8947065462456282,-0.0873417894162573,0.0862331370914646,0.3723404255319149,0.0217021276595744,1.0,2.6939252288379016,0.0044651107182837,0.0650134386820647,0.6187836021505376,0.1574074074074074,0.5977822580645161,0.4613761947431302,0.0210013440860215,0.1,0.2105263157894737,15.154729664393734,1.547194167744145,0.1453102742153341,0.5,0.9,1.0,0.0,0.15,0.6,0.5,1.0,1.0
0.09,1.0049651840696614,1.3000000000000007,-0.091900947047296,0.866050019997756,0.8280764635603345,2.479468966492412,-0.1193509908894524,0.0016813092475238,0.4484126984126984,0.0365934065934066,1.4285714285714284,3.385898537756652,0.0731617933438776,0.0867997485630397,0.8244922341696536,0.0,0.8354838709677419,0.0,-0.0109916367980883,0.0,0.0903508771929824,14.507579633410115,1.801880467774275,0.1670946308460906,1.0,0.8,0.9,0.6,0.1,0.2,0.5,1.0,0.5
0.08,1.008768255563933,1.0,-0.0806647670995733,0.550060945605137,0.4829151732377539,0.6646239921074535,-0.0568290133779265,0.1695075874883304,0.2907608695652174,0.0339130434782608,1.0,3.3291907989100618,0.0154893912680154,0.0680054757640603,0.50442054958184,0.5011574074074074,0.4775388291517323,0.0032631421744325,0.0268817204301076,0.7,0.4309941520467836,17.789830495875012,0.2622975734087296,0.2308157595706837,0.5,0.8,0.9,0.7,0.05,0.85,0.0,1.0,0.5
0.14,1.0129504762778467,1.0,-0.1873877602378979,0.451246577712264,0.4726600985221675,0.9646298782288488,-0.0564592384359827,0.1069945131915706,0.2508305647840532,0.0504651162790697,1.0,4.074188984592842,0.0290874201833946,0.0400368354365559,0.4924466338259441,0.6222931744004541,0.4749589490968802,-0.1298465405745099,0.0174876847290639,0.4,0.2101307189542485,14.503262491082143,1.823452641492776,0.1885795378712353,0.5,0.85,0.9,0.7,0.1,0.8,0.0,1.0,0.3
0.14,0.999767109159264,1.5000000000000009,-0.092161825572069,0.8714774933980204,0.7507389162561576,2.1757604581005205,-0.0918119090212113,0.0040741439140641,0.329734219269103,0.0634883720930232,2.295081967213114,3.7649313751729254,0.1152479524920816,0.0525497495141989,0.75311986863711,0.4354406130268199,0.7507389162561576,0.31767925561029,0.0023809523809523,0.1,0.1042483660130717,16.024653988390757,1.7267392430870503,0.2223800599285815,0.5,0.85,1.0,0.0,0.05,0.35,0.5,1.0,1.0
0.14,1.0070101257371755,1.3,-0.1181041886057061,0.6712240844548908,0.5901477832512315,1.8331348641968623,-0.0846249680552007,0.008882774965338,0.2649501661129568,0.061860465116279,1.0,3.692736321448657,0.0714599071139965,0.0574738912981242,0.5715927750410509,0.5127187627187627,0.5958949096880132,0.0588740123222881,-0.0243021346469622,0.7,0.2053921568627451,17.100446647673195,0.7293935506114324,0.2761023914032865,0.5,0.85,0.95,0.05,0.05,0.35,0.5,1.0,0.95
0.07,1.0070198896874478,1.111111111111111,-0.0692412458476015,0.0572941998972885,0.3566308243727598,0.0532610950672203,0.0065798180314309,0.9245330575050076,0.2369431643625192,0.0286021505376344,1.0,2.889521654018223,0.0144254473175942,0.0383710618042113,0.3315412186379928,0.5379480286738351,0.3566308243727598,-0.2064068100358422,-0.0250896057347669,0.4,0.4,16.87849202815898,0.5870695257070793,0.2016930168280366,0.0,0.9,0.3,0.7,0.05,0.9,0.0,1.0,0.3
0.06,1.004610634067933,1.3599999999999997,-0.0771960817088661,0.4351317197453729,0.2227822580645161,0.4667757510806413,0.0496944899072561,0.3947920575484429,0.3351063829787234,0.0236170212765957,1.0,2.279964712649626,0.0403019757904175,0.0593130348446713,0.2227822580645161,0.491063653779171,0.2227822580645161,-0.2682813957146548,0.0,0.7,0.1347953216374269,14.236308261648706,4.014377600132143,0.1360251239749277,0.5,0.7,0.8,0.6,0.05,0.8,0.0,1.0,0.8
0.1,1.0177964407118576,1.4634146341463417,-0.1259271464349707,0.0654219967548358,0.587037037037037,0.1137697435346334,-0.0138632478632477,0.8001278528093321,0.2249999999999999,0.0488888888888888,1.0,3.4892680140923247,0.0757781916085444,0.0381090671960057,0.611111111111111,0.6651856829948227,0.5842592592592593,-0.0540745718837116,0.0268518518518517,0.2,0.5750000000000002,15.827509886038442,0.1864301613622898,0.3886248861814219,0.0,0.8,0.1,0.85,0.15,0.95,0.0,1.0,0.1
0.12,1.0138813282525858,1.0,-0.1529228366398796,1.0420206074507234,0.7870689655172415,2.106408488188625,-0.0910504079254077,0.0071548404031886,0.3626893939393939,0.0545454545454545,1.0,3.693107753343083,0.0064630219236196,0.0636466713805081,0.806992337164751,0.1999933788865936,0.7899425287356322,0.6069989582781574,0.0170498084291188,0.1,0.1421568627450979,20.33714459530451,1.5942160238417875,0.1363916269797097,0.5,0.9,0.9,0.1,0.05,0.4,0.5,1.0,0.9
0.06,1.0031633227889238,1.2727272727272727,-0.0672758779554196,0.5596223607216088,0.5330981182795699,1.007500664253582,-0.0854091653027824,0.0597812998262893,0.3147163120567375,0.0236170212765957,1.0,2.557049091593302,0.0540945416931239,0.0574095505119452,0.4850470430107527,0.0,0.5330981182795699,0.0,-0.0480510752688171,0.0,0.0154970760233917,12.424195500944608,3.563380160792618,0.1916795248277593,0.0,0.8,0.1,0.8,0.1,0.9,0.0,1.0,0.1
0.12,1.0135135135135136,1.0,-0.1499183984497976,0.0508624864361158,0.6138888888888889,0.133334289544746,-0.0121416083916084,0.7020153832007363,0.284090909090909,0.0586363636363636,1.0,3.756515936545574,0.0710810490940655,0.0404799554998473,0.6084291187739463,0.5997278640647817,0.6196360153256705,0.0087012547091646,-0.0112068965517241,1.0,0.2797385620915033,16.109634191022938,1.876169966859244,0.3439414160374818,0.5,0.85,0.95,0.05,0.05,0.4,0.5,1.0,0.95
0.07,1.0051114642841803,1.7777777777777786,-0.0575780606522682,0.4947020936923406,0.5161290322580645,0.7877832997503327,-0.0721889400921658,0.0972355391627812,0.2991551459293394,0.0248387096774193,1.0,2.933739107349539,0.0097439252160444,0.053617276600057,0.510752688172043,0.3868686868686868,0.5161290322580645,0.1238840013033561,-0.0053763440860215,0.4,0.2394736842105264,14.607076301318058,0.3706688474828632,0.2016930168280366,0.5,0.8,0.9,0.1,0.0,0.2,0.5,1.0,0.9
0.1,1.0069694784907477,1.4761904761904765,-0.1465690048474699,0.9334801415779678,0.7537037037037037,2.041590816191494,-0.1097777777777776,0.0049954008871394,0.3666666666666667,0.05,1.0,3.0914997246132243,0.0,0.075269933004295,0.7509259259259259,0.6248053392658509,0.7509259259259259,0.1261205866600749,0.0,0.7,0.1305555555555553,15.751170224614343,5.7811898863708215,0.197815193268222,0.5,0.85,0.95,0.05,0.05,0.4,0.5,1.0,0.95
0.14,1.014510296409496,1.2857142857142856,-0.1744578496810296,0.2599134538997235,0.3492610837438423,0.4056725442715961,-0.0283733708152311,0.2424244838729611,0.2321428571428571,0.0569767441860465,1.0,3.711721557515895,0.0285789429884396,0.0277170865257249,0.3466338259441707,0.4824003121895842,0.3475369458128079,-0.1357664862454134,-0.0009031198686371,0.4,0.1683006535947712,17.127660559639573,1.3574778972152473,0.2223800599285815,1.0,0.8,0.9,0.1,0.05,0.2,1.0,1.0,0.9
0.13,1.019490254872564,1.5833333333333337,-0.1645814557770415,0.7774054673761465,0.7132183908045978,1.6966383781930514,-0.0877956879548392,0.0149629835297681,0.2623784261715296,0.0463218390804597,1.0,3.369671610753618,0.0,0.0306901201660592,0.7620689655172415,0.6415362415362414,0.710919540229885,0.120532723981,0.0511494252873564,0.2,0.2137254901960784,16.0197638682854,0.3024620922697343,0.2012783974514757,1.0,0.8,0.9,0.1,0.05,0.45,1.0,1.0,0.9
0.11,0.998661420516773,1.4399999999999993,-0.0707625086212928,0.4157341032480016,0.7309067688378033,0.7981412282101784,-0.0603956156203346,0.0379103312691558,0.3478038815117467,0.0482022471910112,1.0,3.5474977139287316,0.081091829371284,0.0653585098531046,0.7279374201787995,0.5959564860426929,0.7318326947637294,0.1319809341361065,-0.0038952745849298,0.2,0.0803921568627449,15.85499210852859,2.7051486732937606,0.1809824950767478,0.5,0.85,0.2,0.8,0.1,0.85,0.0,1.0,0.4
0.1,1.002178649237473,1.0,-0.1212469867252914,0.8919594985077093,0.7592592592592592,1.530412925760317,-0.091059829059829,0.0227198049703345,0.3138888888888889,0.0466666666666666,1.7241379310344829,3.040197728613415,0.1184822480238804,0.0719825188213174,0.7435185185185186,0.6180555555555556,0.7518518518518519,0.125462962962963,-0.0083333333333333,0.6579050194284821,0.1222222222222222,13.096649493795374,4.994395966372677,0.2443921849312755,0.5,0.85,0.95,0.05,0.1,0.4,0.5,1.0,0.95
0.09,1.009628669203137,1.0909090909090908,-0.1120870914381619,0.3095738337220124,0.8893667861409797,0.1099920652292036,-0.0106339814032122,0.5144962371199351,0.4456654456654457,0.0336263736263736,1.0,3.025130219571453,0.0055575639600847,0.0866865653116368,0.889247311827957,0.3645609318996416,0.8930704898446834,0.5246863799283155,-0.0038231780167263,0.1,0.0,14.469896356764318,2.356237692640275,0.1957929415344674,0.0,0.8,0.8,0.1,0.2,0.65,0.0,1.0,0.8
0.04,1.0024113952445042,1.2941176470588245,-0.0453949719471751,0.6122522336047516,0.5885416666666666,1.234196562388176,-0.1417187500000001,0.0133100844292447,0.4401041666666667,0.0170833333333333,1.0,2.1629740895767413,0.0578452185547186,0.0701993062569,0.5,0.5,0.5,0.0,0.0,1.0,0.0,0.0,2.6901333793629405,0.1249589934542361,0.5,0.85,0.9,0.7,0.15,0.8,0.0,1.0,0.8
0.13,0.9973937449879714,1.0,-0.0846671148424655,0.3926484247831679,0.4051724137931034,0.956265047027154,-0.0611123580221724,0.0309883958923262,0.2506631299734748,0.0582758620689655,2.1311475409836063,3.658569945916953,0.1543881844160197,0.0395679462437802,0.3948275862068964,0.5510878489326766,0.4051724137931034,-0.1562602627257801,-0.0103448275862069,0.1,0.130718954248366,14.371895084901606,1.7393229305511264,0.2079117570803295,0.5,0.8,0.9,0.7,0.05,0.8,0.0,1.0,0.8
0.13,1.0056483785598611,1.3333333333333326,-0.124365739827712,0.0419969128630021,0.5827586206896552,0.0810757763583821,-0.007530095898796,0.7347926160769259,0.2679045092838196,0.0508045977011494,1.0,4.001291980476767,0.0413768519523857,0.0405566601137489,0.5862068965517241,0.619298485677796,0.5741379310344827,-0.0330915891260719,0.0120689655172413,0.7,0.1267973856209151,15.750095572546217,1.9310066304314528,0.1947739712944478,0.5,0.85,0.9,0.1,0.05,0.3,0.5,1.0,0.9
0.14,1.009935582487171,1.3333333333333337,-0.1368559499624897,0.7352620489032904,0.574384236453202,1.6936364949117146,-0.0854491438793765,0.0124926346224532,0.2852990033222591,0.0586046511627907,1.0,3.5657932133757484,0.0646522696292084,0.0397704021252964,0.5887520525451561,0.6539905368758415,0.574384236453202,-0.0652384843306854,0.014367816091954,1.0,0.1447712418300654,15.89073213383648,0.8366121109383085,0.1950788630963232,0.5,0.85,0.9,0.1,0.05,0.45,0.5,1.0,0.9
0.12,1.003325942350333,1.1904761904761902,-0.1200692424719436,0.5043401082992531,0.3113026819923372,1.0950354303281422,-0.0652331002331002,0.0491785338341296,0.2803030303030303,0.0559090909090909,1.0,3.5710058275627587,0.0193879967992854,0.0352953498096787,0.3113026819923372,0.2166666666666667,0.3084291187739463,0.0946360153256704,0.0028735632183908,0.4,0.3235294117647058,20.39497369284094,3.855061120917085,0.1941320084746928,0.5,0.85,0.9,0.1,0.05,0.3,0.5,1.0,0.9
0.14,1.014259039212358,1.0,-0.1876644060373553,0.3958593029947241,0.6426929392446633,1.130929697088447,-0.0678961155123948,0.0171767961346719,0.2541528239202658,0.07,1.0,3.7656588780448343,0.0,0.0407137296992809,0.6384236453201971,0.680897988505747,0.6449917898193761,-0.0424743431855498,-0.0065681444991789,1.0,0.2500000000000001,20.496617602980617,2.6488494856884284,0.1350289361979722,0.5,0.85,0.9,0.7,0.05,0.4,0.0,1.0,0.9
0.11,1.0076211705877036,1.2727272727272734,-0.1446225978518012,0.0352988664934187,0.4587164750957854,0.077092543841492,0.0093462717058223,0.9823956228283716,0.2694075587334014,0.0457303370786516,1.0,3.5636286716231367,0.0185288048848854,0.0273375744764541,0.4671455938697318,0.6374551971326164,0.4530651340996168,-0.1703096032628846,0.0140804597701149,0.1,0.3552287581699346,15.38317739316182,4.650001194278283,0.2397047038136498,0.0,0.8,1.0,0.0,0.15,0.75,0.0,1.0,1.0
0.09,1.009915534337128,1.2,-0.1040383689012598,0.5399888697192953,0.6814814814814816,0.6874095189845685,-0.0581356250587019,0.1396969605784321,0.3623321123321122,0.0395604395604395,1.0,2.8631998174936295,0.0330820506502071,0.0376837825637861,0.7025089605734767,0.5818446679438058,0.6777777777777777,0.1206642926296708,0.0247311827956989,0.7,0.0,17.88354619042275,0.7505724125349253,0.2275678125935937,0.0,0.8,0.1,0.85,0.15,0.9,0.0,1.0,0.1
0.12,1.013116966958155,1.4230769230769225,-0.1306067640574717,0.4883756336865227,0.7648467432950192,0.9913414086510138,-0.0615064102564101,0.0794220884155335,0.3759469696969697,0.0572727272727272,1.0,3.882834706072248,0.0777759943203495,0.0716016750749976,0.7598659003831418,0.5569376026272579,0.7620689655172415,0.2029282977558839,-0.0022030651340996,0.2,0.0751633986928105,18.19976923081666,0.2619559999799614,0.2070185546537631,1.0,0.85,0.9,0.1,0.1,0.85,1.0,1.0,0.9
0.12,1.0076319499785449,1.5294117647058827,-0.1368904058934623,0.1373169988768657,0.5858237547892721,0.2200476571882774,-0.0191185897435897,0.6903466396475675,0.2433712121212121,0.045,1.0,3.3141422068433206,0.0197085416321248,0.0389510692070367,0.5970306513409961,0.5056650246305419,0.5858237547892721,0.0913656267104542,0.011206896551724,0.7,0.1859477124183007,15.120430229167312,2.7782361168870473,0.17571078479045,0.0,0.8,1.0,0.0,0.2,0.75,0.0,1.0,1.0
0.14,1.009832995161542,2.0000000000000013,-0.1654007379271438,1.1103461144496505,0.7261904761904762,3.1377535702546187,-0.1061851520572452,0.0009722279131241,0.2757475083056478,0.0520930232558139,1.0,3.751189966737643,0.0289278340615225,0.0595694635386243,0.7545977011494253,0.5849013764722577,0.7285714285714285,0.1696963246771675,0.0260262725779967,0.2,0.0807189542483661,15.426508202111494,2.407330183945148,0.1759382815622671,1.0,0.85,0.9,0.1,0.1,0.65,1.0,1.0,0.9
0.1,1.0078891100788911,1.1875,-0.1090430994909745,0.2785287857275975,0.5601851851851852,0.6176993625292622,-0.0437307692307692,0.1436972480760449,0.3444444444444444,0.0388888888888888,1.0,3.258524544922655,0.0295762215692056,0.0385020643605308,0.5611111111111111,0.4478274757732643,0.5601851851851852,0.1132836353378468,0.0009259259259258,0.4,0.0638888888888888,15.849720582244093,1.5806585246365588,0.1216768937802477,0.5,0.8,0.9,0.1,0.05,0.4,0.5,1.0,0.9
0.08,1.0092010626579409,1.333333333333334,-0.0891244876785233,1.0305561865831998,0.7233572281959378,2.2846054337866892,-0.135790133779264,0.0032942542257813,0.2894021739130434,0.0382608695652173,1.0,2.5424428244280586,0.0102991117777597,0.0592408258416494,0.7541218637992833,0.0,0.7233572281959378,0.0,0.0307646356033454,0.0,0.2551169590643274,21.182643250874595,0.7518661665119932,0.2901024814517316,0.5,0.85,0.95,0.05,0.05,0.4,0.5,1.0,0.95
0.13,1.0164339317944335,1.0,-0.1484220507979718,0.5326085090230819,0.6,0.9764696187349976,-0.0534173297966401,0.0724409063448673,0.274314765694076,0.0537931034482758,1.0,3.8669607755143103,0.0689781064372168,0.0247880291443042,0.6270114942528736,0.7803652435032981,0.6086206896551725,-0.1533537492504244,0.0183908045977011,0.7,0.2578431372549019,15.933996472829666,0.3720349189381426,0.1759862567685323,1.0,0.8,0.9,0.1,0.0,0.3,1.0,1.0,0.9
0.06,1.0036940522894533,1.0833333333333333,-0.0513893855982994,0.176873216491406,0.6868279569892474,0.0636451973291643,0.0089511729405346,0.9305101594325046,0.3156028368794326,0.0268085106382978,1.0,2.070054505014563,0.0397975662584107,0.0568853444243585,0.6705309139784946,0.3293010752688172,0.6812836021505376,0.3412298387096774,-0.010752688172043,0.1,0.236549707602339,17.326187006660025,0.8563463244961236,0.1861065314373909,0.0,0.6,0.2,0.8,0.25,0.9,0.0,1.0,0.2
0.03,1.003207624377945,1.1199999999999997,-0.0342157940664338,0.6752449232398577,0.6436237373737373,0.7790320009658861,-0.0967208564631244,0.070170372171773,0.5764604810996563,0.0117525773195876,1.0,2.0870960355621757,0.0248258440310286,0.0840175068372997,0.5,0.5,0.5,0.0,0.0,1.0,0.0,0.0,1.4173266514264693,0.1160217501575775,0.5,0.7,0.8,0.6,0.05,0.3,0.0,1.0,0.4
0.09,1.0076879642097036,1.478260869565218,-0.0985832455369819,0.3302232163212941,0.6813620071684587,0.4213618355141424,-0.0357720484643561,0.2804701260553207,0.3547008547008546,0.0375824175824175,1.0,3.3823426658985456,0.0443861368911771,0.0863071746601515,0.6777777777777777,0.3875417130144605,0.674074074074074,0.2902360647633171,0.0037037037037036,0.1,0.0616959064327483,16.510330523264503,1.3431194755631592,0.1726165491651992,0.0,0.85,0.9,0.1,0.1,0.6,0.0,1.0,0.9
0.12,1.011177347242921,1.1874999999999998,-0.1265593724460854,0.9190330718953812,0.8309386973180078,2.676520079015773,-0.1150903263403264,0.0005270245114285,0.3721590909090909,0.0463636363636363,1.0,3.472693070960875,0.0395229246659845,0.0737663355069149,0.8312260536398468,0.6657538358317001,0.8338122605363983,0.1654722178081467,-0.0025862068965515,0.4,0.0369281045751633,15.66839732448299,0.4771184793356844,0.1817361551702966,0.5,0.85,0.95,0.05,0.0,0.2,0.5,0.6,0.95
0.05,1.002979145978153,1.1199999999999997,-0.052192977178215,0.5547091476293808,0.5873655913978495,0.7412985178493833,0.0762469635627532,0.2443778152845116,0.413157894736842,0.0205263157894736,1.0,2.486521232129057,0.0363684487016429,0.0329058909723113,0.592741935483871,0.0,0.5873655913978495,0.0,0.0053763440860215,0.0,0.063157894736842,15.144136027885798,2.041207768826399,0.1120425338316288,0.0,0.8,0.1,0.8,0.05,0.9,0.0,1.0,0.2
0.1,1.0093077370564283,1.09375,-0.1092477322480904,0.991432143931252,0.837037037037037,1.3674549452115503,-0.0799230769230767,0.0287264248922024,0.2888888888888888,0.0433333333333333,1.0,3.388674167930804,0.052893356138404,0.0716615932662363,0.8666666666666667,0.5671394141638858,0.8435185185185184,0.2995272525027809,0.0231481481481482,0.1,0.0611111111111111,17.030448446639824,0.9868480125578478,0.2303466122545444,0.5,0.85,0.9,0.1,0.05,0.4,0.5,1.0,0.9
0.09,1.0055352604239995,1.3076923076923073,-0.0850536874453584,1.2551443025225055,0.8164874551971325,2.572197312713559,-0.1237099652484268,0.0020859727166254,0.38003663003663,0.0425274725274725,1.0,2.84670378059984,0.0716921018922902,0.0851284341925362,0.8459976105137396,0.482258064516129,0.8201911589008363,0.3637395459976105,0.0258064516129032,0.1,0.1915204678362574,17.62166368303569,1.0720607989373896,0.2275678125935937,0.5,0.85,0.9,0.1,0.1,0.6,0.5,1.0,0.9
0.09,1.0122000729389586,1.2121212121212117,-0.1064915685873297,0.793695705083217,0.8393070489844683,1.0724270434575964,-0.0696228984690522,0.0719956496965356,0.3681318681318681,0.0395604395604395,1.0,2.901478776407299,0.0497099424999873,0.0629155306277973,0.8321385902031063,0.4431302270011947,0.8393070489844683,0.3890083632019115,-0.0071684587813619,0.1,0.1581871345029238,17.330310321140473,0.2738342950352139,0.2343528193818043,1.0,0.8,0.9,0.2,0.05,0.4,0.5,1.0,0.7
0.12,1.006630789928887,1.2857142857142856,-0.1058828877654736,0.8073948983163274,0.7384099616858237,2.2176633739112033,-0.0965515734265735,0.0019270623535944,0.3181818181818182,0.06,1.0,3.504715164179817,0.0,0.0548476096303924,0.7324712643678161,0.4334656084656085,0.7441570881226053,0.2990056559022075,-0.0116858237547892,0.1,0.1957516339869279,17.84336181851417,0.684117951782067,0.2887869909515355,0.5,0.85,0.9,0.1,0.1,0.85,0.5,1.0,0.9
0.07,1.002293509665505,1.0,-0.056936736751376,0.4171285451320415,0.528673835125448,0.5060202440017035,-0.0477407538697859,0.3538937577646502,0.2288786482334869,0.0316129032258064,1.0,2.6626991731448464,0.0775000934207534,0.0329108907605064,0.5304659498207885,0.0,0.5340501792114695,0.0,-0.0035842293906809,0.0,0.2903508771929824,15.958215411620811,0.975737865050216,0.1900498510772781,0.0,0.85,0.1,0.8,0.0,0.85,0.0,1.0,0.1
0.11,1.015651832589176,1.1249999999999998,-0.1240020688577427,0.3329772170231639,0.4556513409961686,0.4742923500437549,-0.04132827846311,0.28956528168493,0.2778345250255362,0.0444943820224719,1.0,3.230463778530144,0.0500050966598541,0.0373854584556956,0.4837164750957854,0.6845466155810983,0.4556513409961686,-0.2008301404853129,0.0280651340996168,0.2,0.434640522875817,15.47511950075909,0.3160945200353118,0.2543811196147781,1.0,0.85,0.9,0.1,0.05,0.15,1.0,1.0,0.9
0.08,1.0869565217391304,2.0,-0.1339510506034105,0.1967570192677009,0.5333333333333333,0.3918518988119949,-0.0433946488294315,0.4375884573557855,0.2391304347826086,0.0260869565217391,1.0,3.2756852452167893,0.1891395805192047,0.0498506895385302,0.6456391875746714,0.5474537037037037,0.5279569892473118,0.0981854838709677,0.1176821983273596,0.7,0.0277777777777777,6.914217453127008,4.404956280784804,0.0826224052484324,0.0,0.85,0.9,0.1,0.15,0.85,0.0,1.0,0.9
0.09,1.0989010989010988,1.0,-0.1513707666374117,0.0258478062217757,0.1861409796893668,0.0371033722003086,0.0042946369869446,0.8944482947471486,0.2014652014652014,0.0306593406593406,1.0,3.048532750145789,0.2062719190652016,0.0208066525606057,0.3511350059737156,0.4696236559139785,0.1898446833930704,-0.1184886499402628,0.1612903225806451,0.2,0.2950292397660817,7.323465253960619,4.9094028389959545,0.0989556150801488,1.0,0.8,0.85,0.15,0.05,0.4,1.0,1.0,0.85
0.1,1.1111111111111112,2.0,-0.1800639108880708,0.2413287974576138,0.2740740740740741,0.2809941099240013,-0.0263290598290597,0.3757555381561455,0.2027777777777777,0.0355555555555555,1.0,2.776783178382696,0.2233691581624017,0.0238880763585571,0.4324074074074074,0.4384418901660281,0.2777777777777777,-0.0060344827586206,0.1546296296296296,0.7,0.2138888888888889,7.708980958779964,7.770876346938381,0.0529218729816416,1.0,0.85,0.9,0.8,0.0,0.9,0.5,1.0,0.1
0.11,1.1235955056179776,1.0,-0.1938074701829735,0.2348622152529334,0.4068646232439336,0.4006154126350242,-0.0319222911919542,0.6236084561241195,0.2377425944841675,0.0333707865168539,1.0,3.7351567760597737,0.2104293788761181,0.0302679276156624,0.5137292464878672,0.5546934865900384,0.4039910600255427,-0.0409642401021711,0.1097381864623244,1.0,0.1142156862745098,6.486919702071207,4.929086105214546,0.0755983778162156,0.0,0.85,0.9,0.1,0.1,0.85,0.0,1.0,0.9
0.08,1.0869565217391304,1.0,-0.1536796326007476,0.4664435794008432,0.5335722819593788,0.4723489241397666,-0.0421091137123744,0.3696616591091741,0.3192934782608695,0.02,1.0,2.7003623976873623,0.159377454087921,0.054774533533607,0.5500597371565114,0.0,0.5335722819593788,0.0,0.0164874551971325,0.0,0.0,4.700021075592802,7.341725651115407,0.0383456978556863,0.0,0.85,0.95,0.05,0.05,0.3,0.0,1.0,0.95
0.06,1.0638297872340423,5.0,-0.1173707014759579,0.2608966741459643,0.4516129032258065,0.3079381655028276,-0.0392007637752318,0.26631415834126,0.3156028368794326,0.0159574468085106,1.0,2.8789841171000305,0.1439671524424791,0.0361105885157042,0.5519153225806451,0.5872685185185186,0.4516129032258065,-0.0353531959378734,0.1003024193548386,1.0,0.0,5.316521476642187,12.986169129897457,0.047671421552205,1.0,0.85,0.9,0.1,0.05,0.15,1.0,1.0,0.9
0.23,1.2987012987012987,2.0,-0.4260970673418049,0.3811105361934049,0.5375641025641026,0.8473324741713019,-0.0473871780393519,0.1594217106605302,0.2264257481648786,0.0836363636363636,1.0,4.265973945808867,0.3349275420839162,0.0352542801379104,0.6726739926739927,0.3796889838556505,0.5375641025641026,0.2929850088183422,0.1351098901098901,0.1,0.0883333333333333,8.076984147435294,3.2721448842333007,0.0976814969523931,1.0,0.95,0.95,0.05,0.0,0.1,1.0,1.0,0.95
0.04,1.0416666666666663,1.0,-0.0642695278781793,0.9407343104086452,0.4114583333333333,1.2944817718416282,-0.1173637820512819,0.0626624932923433,0.4114583333333333,0.0125,1.0,2.0361123987437475,0.1309397131726474,0.0549821249037415,0.5,0.5,0.5,0.0,0.0,1.0,0.0,0.0,2.4900263153944477,0.0801549573996986,0.5,0.9,0.9,0.1,0.05,0.4,0.5,0.8,0.9
0.09,1.0989010989010988,1.0,-0.1480619993033078,0.0944139888133453,0.2194743130227001,0.1027067777692227,-0.0116793462947308,0.7492949709614735,0.2014652014652014,0.0286813186813186,1.0,3.234165659710801,0.1972195764433084,0.0083190858289726,0.4571087216248506,0.2865375108144852,0.2231780167264038,0.1705712108103654,0.2339307048984468,0.2,0.2140350877192982,6.7580444770531205,2.8490054934143423,0.0946380562459761,0.0,0.85,0.95,0.05,0.25,0.85,0.0,1.0,0.95
0.11,1.1235955056179776,1.0,-0.1802335925790106,0.3263447923876728,0.6524904214559387,0.5871305897295965,-0.0444370236505068,0.2698579067234231,0.2980081716036772,0.0432584269662921,1.0,3.1968469087769003,0.2504787721112332,0.0632298511189607,0.7692528735632184,0.4597437939731847,0.6524904214559387,0.3095090795900336,0.1167624521072796,0.1,0.1581699346405228,8.530944275630178,4.24058781106877,0.1165542683321206,0.5,0.8,0.9,0.1,0.1,0.6,0.5,1.0,0.9
0.07,1.0752688172043012,1.0,-0.1128888913641144,0.2557340073072791,0.6129032258064516,0.3709800059837103,0.0368563157272834,0.3163713918683142,0.3202764976958525,0.0248387096774193,1.0,2.5816011772582463,0.1877113323024423,0.0399630344074087,0.7903225806451614,0.5585722819593787,0.6218637992831542,0.2317502986857826,0.1684587813620072,0.1,0.0340643274853802,7.530343587646713,4.625060412098523,0.0751822706812669,1.0,0.8,0.9,0.1,0.05,0.15,1.0,1.0,0.9
0.09,1.098901098901099,1.25,-0.1556497068145268,0.0832874118892935,0.2863799283154122,0.1292802726916347,0.0139987789987789,0.4729341743571739,0.2197802197802197,0.0316483516483516,1.0,2.6902484476442385,0.2106577747750985,0.044888391673171,0.4215053763440861,0.5317289272030652,0.2863799283154122,-0.1102235508589791,0.1351254480286738,0.2,0.2733918128654972,7.242236597400944,5.258639217332179,0.0779692210728418,1.0,0.95,1.0,0.0,0.0,0.2,1.0,1.0,1.0
0.09,1.0989010989010988,1.3333333333333333,-0.1485987625716665,0.0728934487675358,0.3481481481481481,0.0209186760230559,0.0024180520334367,0.8659015964320844,0.2512210012210012,0.0316483516483516,1.0,3.436375274859193,0.2106282429662021,0.0311301671148895,0.5599761051373954,0.2439747868001482,0.3445639187574671,0.3160013183372471,0.2154121863799282,0.1,0.2228070175438597,7.512002153269789,4.45791962884345,0.0861867490323361,1.0,0.8,0.9,0.7,0.05,0.85,0.0,1.0,0.3
0.06,1.0638297872340423,1.375,-0.0928635159206212,0.0376899918909408,0.6273521505376344,0.033630226423349,-0.0049290780141844,0.9188974589912888,0.2907801418439716,0.0248936170212765,1.0,2.826502961191393,0.1942653018715519,0.044282085839333,0.7286626344086021,0.3105324074074074,0.6273521505376344,0.4181302270011947,0.1013104838709677,0.1,0.0,8.506345957346875,4.898248547113335,0.0751756078721878,0.5,0.7,0.8,0.6,0.15,0.8,0.0,1.0,0.4
0.05,1.0526315789473684,1.0,-0.0773433405754768,0.8245637510368697,0.748991935483871,1.246359243493715,-0.1247935222672066,0.0402402671100391,0.4289473684210526,0.0173684210526315,1.0,2.2052822148646523,0.1570499367098617,0.1266703633844358,0.7600806451612904,0.0,0.738239247311828,0.0,0.0218413978494623,0.0,0.0,7.35135246088712,2.319374337701712,0.0889430741342194,0.5,0.85,0.95,0.0,0.05,0.4,0.5,1.0,0.95
0.11,1.1235955056179776,1.2307692307692308,-0.1941766176241404,0.2418411578799243,0.6676564495530014,0.5173373658053729,-0.0370920091144809,0.294252098178117,0.3347803881511747,0.0321348314606741,1.0,3.701707366235987,0.2053637000475696,0.0541836317290523,0.7225734355044701,0.7113346104725417,0.6676564495530014,0.0112388250319284,0.0549169859514686,0.7,0.0464052287581698,6.282746854821236,3.858662262853515,0.0798961836537432,1.0,0.9,0.2,0.8,0.0,0.7,1.0,1.0,0.2
0.12,1.1363636363636365,1.5,-0.1896185603320412,0.0805822043513245,0.5633141762452107,0.2705642713197478,-0.0234877622377622,0.4865467248360776,0.1789772727272727,0.0504545454545454,1.0,3.585617216910149,0.2735971022986714,0.0401443120683097,0.6943486590038314,0.7325156325156326,0.5604406130268199,-0.0381669735118012,0.1339080459770114,1.0,0.0464052287581699,9.21616795998142,3.224694243431184,0.1259768809132068,0.0,0.8,0.9,0.1,0.15,0.75,0.0,1.0,0.9
0.07,1.0752688172043012,1.0,-0.1015278169837667,0.0533196514221574,0.4480286738351255,0.0530698254728204,0.0064728819567527,0.6896028302864416,0.2473118279569892,0.0323655913978494,1.0,3.225365348369851,0.2266758054778468,0.0383353079917747,0.5949820788530465,0.4014336917562724,0.456989247311828,0.1935483870967741,0.1379928315412185,0.3758250874886983,0.2713450292397659,9.935011447943548,4.798229686239259,0.0906382688214541,0.5,0.8,0.1,0.9,0.15,0.95,0.5,1.0,0.1
0.05,1.052631578947368,1.25,-0.0848650222301166,0.0485211899176193,0.6607862903225806,0.0076492102325039,-0.0013400809716598,0.7572875213337472,0.3210526315789473,0.0163157894736842,1.0,2.205024623400231,0.1504010734872517,0.0521967284259238,0.6975806451612904,0.5622053872053873,0.6607862903225806,0.1353752579559031,0.0367943548387097,1.0,0.0,6.700268784706808,4.958304591426494,0.0677860783131679,0.5,0.85,0.9,0.1,0.05,0.3,0.5,1.0,0.9
0.12,1.1363636363636362,1.3333333333333333,-0.1937797217089709,0.389345867069885,0.4233716475095785,0.5568108117693145,-0.0427432983682983,0.4013992445299292,0.2035984848484848,0.0518181818181818,1.0,3.57154458611611,0.2787275399759426,0.0365147630863478,0.5622605363984673,0.5638736263736264,0.4233716475095785,-0.001613089975159,0.1388888888888887,1.0,0.2111111111111111,9.442133303604711,3.3855835254309063,0.1013083943744638,1.0,0.9,0.95,0.05,0.0,0.3,1.0,1.0,0.95
0.1,1.1111111111111112,1.0,-0.1598517081488746,0.1870440076894807,0.6064814814814815,0.3880591092640934,0.0313675213675215,0.3787128770312375,0.2472222222222222,0.0377777777777777,1.0,3.6563535869457926,0.2327129014972916,0.0524219756322264,0.7277777777777777,0.3483582581469122,0.6064814814814815,0.3794195196308655,0.1212962962962962,0.1,0.0416666666666667,8.164436410209488,2.2103207187505545,0.0984932761501543,0.5,0.85,0.9,0.1,0.1,0.8,0.5,1.0,0.9
0.11,1.1235955056179776,1.0,-0.199684676220325,0.0648683886760107,0.4943486590038314,0.0172111390992632,0.0020295434902175,0.7699524924378328,0.2594484167517875,0.0284269662921348,1.0,3.520618933771315,0.190016596106147,0.0342847930284265,0.6144955300127714,0.5721070148489503,0.4943486590038314,0.042388515163821,0.1201468710089398,0.2,0.0,4.960905596224859,5.141246467922949,0.0671737853686886,0.0,0.85,0.95,0.05,0.2,0.85,0.0,1.0,0.95
0.12,1.1363636363636365,1.625,-0.1982455345530973,0.1372397806503164,0.5255747126436782,0.2215629125577287,0.0215763403263404,0.5987676544786593,0.2206439393939394,0.0381818181818181,1.0,3.5280336614948427,0.2263515923856468,0.0236278879564736,0.6901340996168582,0.5423280423280423,0.5198275862068965,0.1478060572888159,0.1703065134099617,0.7,0.0,6.878486767445655,0.7974165026524962,0.1109530703086017,1.0,0.8,0.1,0.85,0.05,0.2,1.0,1.0,0.1
0.09,1.098901098901099,1.6,-0.1513437309700447,0.922119968184686,0.7223416965352448,2.2938035591075625,-0.1216906170752324,0.0085599693149291,0.3324175824175824,0.0306593406593406,1.0,2.95758753282108,0.2061897844222175,0.094025147286134,0.7593787335722819,0.5344348659003831,0.7186379928315412,0.2249438676718987,0.0407407407407407,0.1,0.0,7.290715219573552,4.605198076832654,0.0903823507520701,0.5,0.85,1.0,0.0,0.0,0.3,0.5,0.8,1.0
0.07,1.075268817204301,1.25,-0.1136786338573965,0.8311801712592519,0.7419354838709679,1.1347060026547366,-0.0742715349166962,0.0784195922431259,0.4485407066052227,0.0301075268817204,1.0,3.1395050178500323,0.2148994939080838,0.0837967462729968,0.7724014336917562,0.6156586021505376,0.7401433691756273,0.1567428315412186,0.0322580645161288,0.7,0.0,9.223739526327272,3.424238277496155,0.060546738694334,1.0,0.9,0.95,0.0,0.05,0.1,1.0,1.0,0.95
0.07,1.0752688172043012,1.3333333333333333,-0.1320506187254295,0.1613289848177536,0.2670250896057348,0.1936112118497947,-0.0270950017724209,0.3902114864701,0.2692012288786482,0.0210752688172043,1.0,2.5541249321494193,0.1681319517751351,0.0319891314918397,0.4086021505376344,0.6219086021505377,0.2670250896057348,-0.2133064516129032,0.1415770609318996,0.4,0.0,6.328340540250967,14.439286721845498,0.0432811528344778,1.0,0.8,0.9,0.1,0.05,0.2,1.0,1.0,0.9
0.08,1.0869565217391306,1.2307692307692308,-0.1451415572031176,0.047934535901438,0.5722819593787336,0.0878409963327441,0.0110346989966556,0.6930970245499479,0.2744565217391304,0.0226086956521739,1.0,3.007756994016261,0.1722504115174903,0.0501205338368398,0.6664277180406213,0.4216248506571087,0.5722819593787336,0.2448028673835126,0.0941457586618876,0.4,0.0008771929824561,5.949198440844657,4.816249958808204,0.0523584158460523,0.5,0.85,0.9,0.1,0.15,0.65,0.5,1.0,0.9
0.06,1.0638297872340423,1.0,-0.1055652704829737,0.191482930567495,0.6056787634408601,0.3082135837733537,0.0343248772504092,0.4239906118076237,0.3599290780141844,0.0172340425531914,1.0,2.4773335212473735,0.1512538346490777,0.0676097899481304,0.6740591397849461,0.716733870967742,0.6056787634408601,-0.0426747311827958,0.068380376344086,0.7,0.0,6.012504093443934,4.694680593809817,0.0715768861875021,0.0,0.85,0.9,0.1,0.2,0.85,0.0,1.0,0.9
0.06,1.0638297872340423,1.6,-0.1042266438149557,0.0528391387997573,0.7563844086021506,0.0516329360289554,0.0076445717403162,0.8557720386645373,0.2952127659574468,0.021063829787234,1.0,2.245390875133516,0.1728414803138872,0.0681397313050462,0.8039314516129034,0.0,0.746135752688172,0.0,0.0577956989247313,0.0,0.0,7.355826740058707,8.760738972201011,0.0509568985158096,0.5,0.8,0.1,0.8,0.15,0.95,0.5,1.0,0.1
0.11,1.1235955056179774,1.0,-0.1770757807384348,0.2311254408770474,0.6393997445721583,0.5837342701407979,0.0429755637620806,0.5147147551910513,0.3031154239019407,0.0395505617977528,1.0,3.825212998618583,0.2355230772238297,0.0614854056308429,0.7960408684546616,0.4878427128427128,0.6393997445721583,0.3081981556119488,0.1566411238825032,0.1,0.0241830065359476,7.821469997427373,1.6882823776077478,0.1023057908411938,1.0,0.8,0.9,0.1,0.05,0.2,1.0,1.0,0.9
0.11,1.1235955056179776,1.0,-0.1834455956549017,0.3454959914119997,0.4568007662835249,0.6760294312999713,-0.0532266048558186,0.094669660221308,0.2814096016343207,0.0420224719101123,1.0,3.089334899886511,0.2454563013591787,0.0371713362256576,0.5732120051085569,0.3347136699507389,0.4623563218390805,0.2384983351578179,0.1108556832694763,0.1,0.1171568627450981,8.280694951599394,3.863912919981771,0.1069844236788274,0.5,0.8,0.85,0.15,0.05,0.9,0.5,1.0,0.85
0.05,1.0526315789473684,1.0,-0.0756202841571898,0.2961635197502098,0.257896505376344,0.3184955063159081,-0.046761133603239,0.4376985979844383,0.2684210526315789,0.0194736842105263,1.0,2.634128604068527,0.1699989991322867,0.0276981352640516,0.3946572580645162,0.0,0.257896505376344,0.0,0.1367607526881721,0.0,0.0210526315789473,8.200779137372677,3.2022600577981883,0.0781424031079251,0.5,0.85,0.75,0.15,0.1,0.8,0.5,1.0,0.8
0.17,1.2048192771084338,1.5,-0.2902778597524127,0.2342507145109573,0.530408583186361,0.2387064249560479,0.0195655018263096,0.5878596113389944,0.2519489723600283,0.0634939759036144,1.0,4.070830963974224,0.296694343441988,0.0451816250601895,0.7007789535567314,0.2989753063028925,0.5345238095238095,0.4018036472538388,0.1662551440329218,0.1,0.1221813725490196,8.268363353972207,3.0958168684310685,0.1138929700437376,1.0,0.8,0.2,0.7,0.05,0.2,1.0,1.0,0.2
0.13,1.1494252873563218,1.5,-0.2344811602362888,0.3219401555755055,0.4735632183908047,0.5089501389505214,-0.0371618037135281,0.3742630767863142,0.1967285587975243,0.0463218390804597,1.0,3.5965458558588614,0.2534363602675039,0.026042575984495,0.5942528735632183,0.6281609195402299,0.4735632183908047,-0.0339080459770115,0.1206896551724136,1.0,0.1859477124183007,7.499571284733922,5.6119543073041935,0.076585313397345,1.0,0.95,1.0,0.0,0.0,0.15,1.0,1.0,1.0
0.12,1.1363636363636365,1.125,-0.2010247546294308,0.4639900810090284,0.8060344827586206,1.0793410599938136,-0.0642817599067598,0.1052196584934997,0.3125,0.0463636363636363,1.0,3.833810397672611,0.2577863256760616,0.0777109256305057,0.8373563218390805,0.5440247252747253,0.8089080459770114,0.2933315965643551,0.0284482758620691,0.1,0.1385620915032678,8.146571771264329,3.50841260890022,0.087355821841544,0.5,0.85,0.9,0.1,0.05,0.4,0.5,1.0,0.9
0.08,1.0869565217391304,1.0,-0.1418455192625258,0.2604403999211235,0.7021505376344086,0.5235991411138576,0.0438210702341137,0.2443127053874452,0.28125,0.02,1.0,3.217038619022376,0.1594109077096781,0.048377815151263,0.7292712066905617,0.5031493325917686,0.7075268817204301,0.226121874098793,0.0217443249701315,0.1,0.0,5.236223211225739,4.979591836734692,0.0670912766950399,1.0,0.85,0.9,0.1,0.05,0.1,1.0,1.0,0.9
0.06,1.0638297872340423,1.1875,-0.0925858696620425,0.4187460927679464,0.8234206989247311,0.5070719052268615,0.0476663938897979,0.1267646819209556,0.4556737588652482,0.025531914893617,1.0,2.5402709764048876,0.198021727012062,0.0854714119767098,0.8766801075268816,0.4800586510263929,0.8234206989247311,0.3966214565004887,0.0532594086021505,0.1,0.0,9.057077119075768,4.427835320116652,0.0751756078721878,0.5,0.85,0.9,0.1,0.1,0.85,0.5,0.8,0.9
0.1,1.1111111111111112,1.75,-0.1733588947187274,0.1431284463946931,0.2768518518518518,0.192917775616662,-0.0209230769230768,0.7560858976923321,0.1583333333333333,0.0311111111111111,1.0,3.078637227116373,0.2043366720654512,0.0136493106907821,0.4203703703703703,0.51635101010101,0.2777777777777777,-0.0959806397306397,0.1425925925925926,0.7,0.1722222222222222,6.481584898961771,5.279704987319125,0.0853793189040443,0.5,0.85,0.1,0.9,0.1,0.95,0.5,1.0,0.1
0.11,1.1235955056179776,1.0,-0.1722859780376975,0.6654476133517176,0.7308109833971903,1.5641597037591284,-0.0789121552604698,0.0452398455455966,0.2722165474974464,0.0444943820224719,1.0,3.597806825597876,0.2556597199818228,0.0544528875652494,0.8353767560664113,0.3973385331143952,0.7307151979565772,0.438038222952016,0.104661558109834,0.1,0.1013071895424836,8.912347784299008,6.0410523398461695,0.1264223259520071,0.5,0.85,0.9,0.1,0.05,0.3,0.5,1.0,0.9
0.12,1.1363636363636365,1.0,-0.1907701820407878,0.3518341887111668,0.3727011494252873,0.6932959399411474,-0.0475509906759906,0.3499232137241552,0.1477272727272727,0.0559090909090909,1.0,3.382342665610006,0.2943736692812867,0.0307567026575792,0.557088122605364,0.4736388462194914,0.3755747126436781,0.0834492763858725,0.1815134099616858,0.7,0.3712418300653594,10.173052058100224,4.058011413162718,0.0828344798342726,0.5,0.85,0.4,0.7,0.1,0.95,0.5,1.0,0.4
0.09,1.098901098901099,1.0,-0.1513775484528503,0.5345169799410235,0.7252090800477897,0.8738487636590353,-0.0610796468488776,0.3438050077340783,0.2945665445665446,0.0316483516483516,1.0,3.3186171065574426,0.2106679292036747,0.056068947780515,0.8310633213859019,0.6723056482511431,0.7215053763440861,0.1587576731347587,0.1095579450418158,0.2,0.0464912280701752,7.513720263222476,5.288685232040464,0.0660539738801584,1.0,0.8,0.9,0.1,0.05,0.95,1.0,1.0,0.9
0.13,1.1494252873563218,1.0,-0.2437429111612519,0.3235803007638172,0.4931034482758621,0.5669699595716641,0.0384237910630482,0.281285531636975,0.2095490716180371,0.0448275862068965,1.0,3.773277929544387,0.247992588718695,0.0279193479139509,0.6816091954022988,0.3458433140487274,0.4954022988505747,0.3357658813535714,0.1862068965517241,0.1,0.0222222222222222,7.548503567338672,10.633417848469657,0.0504629900119737,0.5,0.8,0.3,0.7,0.15,0.95,0.5,1.0,0.3
0.1,1.1111111111111112,1.0,-0.2023595613755975,0.2220257953843599,0.5407407407407407,0.2221852553012228,-0.0220769230769229,0.588284783123671,0.261111111111111,0.0244444444444444,1.0,3.443780032683603,0.1752901797401833,0.0456091556545538,0.611111111111111,0.5505611672278339,0.537037037037037,0.0605499438832771,0.074074074074074,0.7,0.0499999999999998,5.155949090174561,9.956228934409197,0.0567963939819208,0.5,0.9,1.0,0.0,0.05,0.3,0.5,1.0,1.0
0.15,1.1764705882352942,1.6,-0.2968224156288728,0.0922692378296494,0.5986042692939245,0.3353928124302245,0.0253348416289594,0.4195918545782747,0.3156862745098039,0.0494117647058823,1.0,3.731151935295567,0.2575070753901275,0.057761737353721,0.7649425287356322,0.4801860974274767,0.5986042692939245,0.2847564313081554,0.1663382594417076,0.1,0.1058823529411765,7.213910741752708,12.74064610173988,0.0494326094981343,0.5,0.8,0.2,0.8,0.15,0.95,0.5,1.0,0.2
0.04,1.0416666666666667,1.0,-0.0612068235092917,0.6005513551657897,0.34375,0.7200382219376422,-0.0792948717948717,0.2447442499840733,0.3359375,0.0154166666666666,1.0,2.241114787568834,0.1513238896731739,0.0544839699122903,0.5,0.5,0.5,0.0,0.0,1.0,0.0,0.0,4.780312019079501,0.0543749406018553,0.5,0.75,0.85,0.65,0.1,0.85,0.0,1.0,0.3
0.07,1.0752688172043012,1.6,-0.1267475230701418,0.3043428591264687,0.6684587813620072,0.4875134404707126,-0.0460557721848043,0.2415864474465888,0.3129800307219662,0.0195698924731182,1.0,2.731823812458748,0.1602455754858121,0.0355907125970573,0.7329749103942653,0.0,0.6684587813620072,0.0,0.0645161290322581,0.0,0.0,5.554126172427386,6.134458924040761,0.050058247396984,1.0,0.9,1.0,0.0,0.05,0.1,1.0,0.8,1.0
0.06,1.0638297872340423,1.0,-0.0947024668741609,0.2716329792817546,0.2718413978494623,0.248494696845418,-0.0279937261320241,0.9130707448259407,0.2544326241134751,0.0223404255319148,1.0,2.657723915238944,0.1799566651889342,0.0351560648900378,0.3570228494623657,0.6786140979689367,0.2772177419354839,-0.321591248506571,0.0798051075268818,0.1,0.1114035087719297,7.804657532981847,2.7168064279391126,0.0900816754525499,1.0,0.9,0.95,0.05,0.0,0.2,1.0,1.0,0.95
0.12,1.1363636363636365,1.0,-0.2108726028268295,0.2448168127187905,0.5163793103448276,0.3458599748628967,-0.0268065268065268,0.3751921203228188,0.2850378787878788,0.0368181818181818,1.0,3.764934206202326,0.2211587793828721,0.0432297794706516,0.6161877394636015,0.7149284036936985,0.5163793103448276,-0.0987406642300969,0.0998084291187738,0.4,0.1197712418300654,6.715409506238766,7.001777881538363,0.0783749314217285,0.5,0.85,0.9,0.1,0.05,0.45,0.5,1.0,0.9
0.07,1.075268817204301,1.0,-0.1179393984051517,0.1237207848172361,0.7132616487455197,0.008648849892878,0.0011780692425853,0.8444323134920617,0.390937019969278,0.0225806451612903,1.0,2.649038498252313,0.1759789514677935,0.0841042115615127,0.7956989247311826,0.0,0.7132616487455197,0.0,0.0824372759856629,0.0,0.2108187134502923,6.767477966527448,4.079809351616153,0.0714499309233095,0.5,0.9,0.2,0.8,0.05,0.9,0.5,1.0,0.2
0.11,1.1235955056179776,1.2307692307692308,-0.1958767230155969,0.4864611326461736,0.5323435504469987,0.710978915052281,-0.0556973363714936,0.2997435032023194,0.2982635342185903,0.0358426966292134,1.0,3.449045032516298,0.2205325454722539,0.0602699782231395,0.6041187739463602,0.5165045229561359,0.5323435504469987,0.0876142509902242,0.0717752234993615,0.7,0.0614379084967321,6.766713260573088,5.5412284232688,0.0630440151397919,0.5,0.85,0.9,0.1,0.1,0.6,0.5,1.0,0.9
0.11,1.0017791597877832,1.3103448275862075,-0.1695432621781378,0.1078637989031372,0.5881226053639846,0.1391225435553079,-0.0045650285961131,0.5892261556078812,0.2303370786516854,0.0543820224719101,1.0,3.844892174923424,0.0366541507322579,0.0222955950259213,0.6136973180076629,0.6078853046594982,0.5853448275862069,0.0058120133481647,0.028352490421456,0.7,0.4732026143790849,16.78200161407505,12.980599705416406,0.1692919655923029,0.5,0.85,0.9,0.1,0.05,0.85,0.5,1.0,0.9
0.1,1.0027871463368934,1.1527777777777763,-0.0839497596524825,0.2448783630327925,0.6935185185185185,0.0595980621621089,0.0021781693587861,0.8857696046330119,0.3111111111111111,0.0488888888888888,1.0,3.3835981778118382,0.0057823158753319,0.0216024106740307,0.75,0.5648148148148148,0.6972222222222223,0.1851851851851852,0.0527777777777777,0.7,0.2666666666666666,18.54510429750481,2.553918641320365,0.1684069992978157,0.5,0.8,0.9,0.1,0.0,0.4,0.5,0.8,0.9
0.08,1.0040072668220503,1.1147540983606554,-0.1007377726519966,0.009175677547215,0.4462365591397849,0.0070722411956236,0.0002992721700823,0.7700454249402939,0.3206521739130435,0.0391304347826087,1.0,2.948989056362638,0.0204652232430688,0.0107216080412037,0.3667861409796893,0.5774193548387097,0.3795698924731183,-0.2106332138590202,-0.0127837514934289,0.2,0.2485380116959064,19.6789615848357,2.8554085356891754,0.170669461317231,0.5,0.9,0.1,0.8,0.05,0.95,0.5,0.8,0.1
0.06,1.0006702643247518,1.0821917808219168,-0.0570130360183616,0.1365092454119404,0.6908602150537635,0.439763187177628,-0.0157856093979441,0.3527977641433915,0.326241134751773,0.03,1.0,2.471209828104896,0.0,0.026285329365866,0.6906922043010754,0.3028935185185185,0.6908602150537635,0.3877986857825569,-0.0001680107526881,0.1,0.4353801169590643,17.832675200080146,3.912024904843629,0.1453102742153341,0.5,0.85,0.8,0.1,0.0,0.2,0.5,0.8,0.85
0.07,0.998972543514308,1.0,-0.0102991401339572,0.5028021965635864,0.5483870967741936,0.8326835422654401,-0.0225068853745846,0.1519842458024883,0.3402457757296467,0.0338709677419354,1.0,3.1010246569596664,0.0047574886810893,0.0124038388314985,0.5555555555555555,0.5569023569023569,0.5394265232974911,-0.0013468013468014,0.0161290322580643,1.0,0.1865497076023392,17.939775283297713,1.6919722135956858,0.2016930168280366,0.5,0.85,0.9,0.1,0.0,0.2,0.5,1.0,0.85
0.09,1.0018250300935814,1.1794871794871795,-0.0538831561374223,0.0342436636676515,0.3231780167264038,0.0268661376993087,0.001167212620957,0.9855813032975604,0.2274114774114774,0.0445054945054945,1.0,3.2493741001360124,0.0,0.0109385623728796,0.3342891278375149,0.541457586618877,0.3268817204301075,-0.207168458781362,0.0074074074074073,0.1,0.6026315789473684,16.646523972472888,3.0000520198359,0.1359607073791276,0.5,0.8,0.1,0.85,0.15,0.95,0.5,0.8,0.1
0.1,1.0048891217042082,1.0697674418604644,-0.0810385806074356,0.5447606886169142,0.6416666666666666,1.1291611876969492,-0.0234459128732256,0.0702836102307065,0.3166666666666666,0.0477777777777777,1.0,3.312180849222412,0.0057852064327018,0.0132652821688424,0.6407407407407407,0.3657407407407407,0.6555555555555556,0.275,-0.0148148148148148,0.1840386271964254,0.2055555555555553,17.15384064276926,2.7836268507580835,0.1628491879542152,0.5,0.8,0.9,0.1,0.05,0.85,0.5,1.0,0.9
0.07,0.9996373835372128,1.1428571428571428,0.0107056662742232,0.5740909132610968,0.543010752688172,0.9642363650436676,-0.0282351110118624,0.1170126903424302,0.3317972350230415,0.0346236559139784,1.0,2.9619398943334607,0.0047554442417818,0.0160090252287477,0.5734767025089605,0.3636853448275862,0.553763440860215,0.2097913576813743,0.0197132616487455,0.1,0.0561403508771929,18.75856671954697,-0.0720801195374321,0.2331553508349968,0.5,0.85,0.9,0.1,0.05,0.15,0.5,1.0,0.9
0.08,1.0035005158044812,1.0624999999999996,-0.1224738678018928,0.3462304827026577,0.5659498207885304,0.2249267575984585,-0.0193090404137138,0.5890881453208183,0.3043478260869565,0.0391304347826087,1.0,3.0465818074318016,0.0,0.0310128683299897,0.3663082437275985,0.5524492234169652,0.5512544802867384,-0.1861409796893666,-0.1849462365591398,0.1,0.3333333333333332,15.892761674137628,8.195867202522743,0.1076206622199675,0.5,0.8,0.2,0.8,0.15,0.95,0.5,1.0,0.2
0.13,1.0044909239369386,1.2000000000000008,-0.13785039653603,0.3183990216265497,0.4408045977011494,0.5089249122197435,-0.0108282016226722,0.238306586083413,0.2524314765694076,0.0642528735632183,1.0,3.70045039604526,0.0134238927909843,0.0126713622018484,0.4040229885057471,0.4663108921729611,0.4436781609195403,-0.062287903667214,-0.0396551724137932,1.0,0.4562091503267975,20.22595138183346,4.216974558372582,0.1821324328795806,0.5,0.85,0.8,0.2,0.0,0.3,0.5,1.0,0.8
0.05,1.0012510052720935,1.0617283950617291,-0.0350868207595538,0.6319926084019907,0.7679771505376344,0.876091000916803,-0.0298863899837699,0.156812239622553,0.4105263157894736,0.0242105263157894,1.0,2.4912932349134045,0.0079551851618002,0.0236687728214861,0.7730174731182796,0.0,0.7679771505376344,0.0,0.0050403225806452,0.0,0.1368421052631578,18.843491104381936,2.405563205377578,0.1465612890670302,0.5,0.8,0.85,0.15,0.0,0.3,0.5,0.8,0.85
0.09,1.0024057738572576,1.0909090909090913,-0.0829472234640198,0.0021943382196497,0.5156511350059737,0.035518364329052,0.0013231995610849,0.8471000475524892,0.2445054945054945,0.0445054945054945,1.0,3.260046883903202,0.0109068531605478,0.0133876818318614,0.4628434886499402,0.4390063032999629,0.5156511350059737,0.0238371853499773,-0.0528076463560334,1.0,0.6517543859649122,20.27017696329229,2.2161881625334283,0.1957929415344674,0.5,0.8,0.8,0.2,0.05,0.3,0.5,0.8,0.8
0.11,1.0029000437368654,1.1034482758620685,-0.1295680530487235,0.3654424368819309,0.5796296296296296,0.5157278008083759,-0.0124126479865726,0.256319785640818,0.3355464759959142,0.0543820224719101,1.0,2.8992263115275465,0.0060980422736279,0.007272619980339,0.5549808429118773,0.3514891619730329,0.5739782886334611,0.2034916809388444,-0.0189974457215837,0.2,0.1702614379084965,19.968596878424563,4.287708312450227,0.1692919655923029,0.5,0.85,0.6,0.4,0.05,0.9,0.5,1.0,0.5
0.08,1.0026112375648475,1.0579710144927532,-0.0726790850321202,0.2827054180237817,0.4967741935483871,0.4343515623457758,-0.0141615590882972,0.3153345748882636,0.3233695652173913,0.0391304347826087,1.0,3.005518129976143,0.0051130898999924,0.0091090457218996,0.4762246117084825,0.0,0.4658303464755077,0.0,0.0103942652329748,0.0,0.5394736842105263,19.376711756994496,1.9112260789542352,0.2114092796278876,0.5,0.8,0.2,0.8,0.05,0.9,0.5,0.8,0.2
0.17,1.005488424836528,1.3877551020408154,-0.2212862207348307,0.0132248274692582,0.3926807760141093,0.00623280950537,-0.000206058751721,0.9013595629595158,0.200921332388377,0.0798795180722891,1.0,4.202564721752058,0.0,0.0071719203164487,0.439917695473251,0.4605747126436781,0.3950617283950617,-0.0206570171704271,0.0448559670781893,1.0,0.4651348039215687,18.617328603412332,4.965248510899098,0.1427574515362318,0.5,0.9,0.9,0.1,0.05,0.9,0.5,0.8,0.9
0.1,1.0038462127829115,1.1097560975609762,-0.0844986854617497,0.3027132029827859,0.5222222222222223,0.4898807597864734,-0.0138521781693587,0.7519708853965148,0.2694444444444445,0.0488888888888888,1.0,2.4990628349796764,0.0115659891855599,0.0178769575188267,0.5388888888888889,0.5346102150537634,0.4842592592592592,0.0042786738351254,0.0546296296296296,1.0,0.3388888888888888,19.0338886429668,0.6881196295690137,0.2443921849312755,1.0,0.85,0.95,0.05,0.1,0.85,1.0,1.0,0.95
0.1,1.0014960968167208,1.0740740740740744,-0.0522403330306158,0.637869901717853,0.6749999999999999,1.562300046903201,-0.0316201664219285,0.0281569605033669,0.3083333333333333,0.05,1.0,3.6627919695094553,0.0,0.0335154811018524,0.6231481481481481,0.0,0.6712962962962962,0.0,-0.048148148148148,0.0,0.2916666666666666,21.09768635524398,0.671616053135935,0.2993480947871813,0.5,0.85,0.85,0.15,0.0,0.3,0.5,1.0,0.85
0.14,1.0053571149671234,1.0983606557377046,-0.1406797308879614,0.321373249265049,0.348440065681445,0.5608974410733603,-0.0143208394924407,0.2990766737049638,0.2126245847176079,0.0683720930232558,1.0,4.069911811761781,0.0070078080346129,0.0069524710223313,0.346551724137931,0.517816091954023,0.3645320197044335,-0.1712643678160919,-0.0179802955665024,0.7,0.4297385620915034,19.597674784539283,1.8452430933412476,0.2443821299157055,1.0,0.7,0.8,0.8,0.15,0.15,0.5,1.0,0.2
0.09,0.9986726502749512,1.1475409836065562,-0.0408691771189535,0.194379591267787,0.4721624850657108,0.346190203184912,-0.0119222431997762,0.4846901990621343,0.3321123321123321,0.0445054945054945,1.0,3.264732626265556,0.0218283486195079,0.0159210910045639,0.5129032258064515,0.5000298685782557,0.4685782556750298,0.0128733572281958,0.0443249701314217,1.0,0.3002923976608187,17.10423312299537,3.8768085576467057,0.1359607073791276,0.5,0.8,0.85,0.15,0.05,0.9,0.5,0.8,0.85
0.1,1.0030149275682037,1.092105263157894,-0.0967511817403072,0.2617275917748363,0.5555555555555555,0.4044536389669012,-0.0109397944199706,0.4244118337827947,0.2944444444444444,0.05,1.0,3.3261634596525154,0.0,0.020719351961559,0.5407407407407407,0.3949692780337941,0.5592592592592592,0.1457714627069465,-0.0185185185185184,0.1,0.2833333333333333,18.76543302345689,2.8463064278886794,0.1857114575982124,0.5,0.9,0.9,0.1,0.1,0.7,0.5,0.8,0.9
0.12,1.0070919863546592,1.357142857142857,-0.1390694156638083,0.4291648216528348,0.6896551724137931,1.0104169978565414,-0.0197904151648644,0.0763773517106631,0.2395833333333333,0.0586363636363636,1.0,2.801768502494655,0.0128226100493845,0.0160246256138231,0.6894636015325671,0.3099302007946644,0.6924329501915709,0.3795334007379027,-0.0029693486590037,0.1,0.5068627450980392,19.2704316956072,1.214474384403328,0.2273587910271512,0.5,0.85,0.85,0.1,0.1,0.65,0.5,1.0,0.85
0.06,1.0003154403803474,1.09090909090909,-0.0390953860193548,0.5016982256091227,0.5784610215053764,0.7475417482013027,-0.023073077764239,0.1988192644646087,0.3093971631205673,0.03,1.0,2.740149815701064,0.0,0.0113074826286115,0.5675403225806451,0.5357638888888888,0.5782930107526881,0.0317764336917563,-0.010752688172043,0.4,0.1657894736842107,18.763177225578744,3.519250842849157,0.1226821490327841,0.5,0.85,0.85,0.15,0.0,0.25,0.5,1.0,0.85
0.11,1.0009681110100626,1.0370370370370363,-0.0838685831207839,0.2479697630091602,0.3242975734355044,0.3691230094680189,0.0102595024141329,0.4503320368542621,0.2706843718079673,0.0543820224719101,1.0,3.192614968170018,0.0121981766605633,0.0057519000380675,0.2976372924648786,0.654254613035975,0.3187420178799489,-0.3566173205710963,-0.0211047254150702,0.1,0.440359477124183,18.476952790842713,3.0391576891032654,0.1750832335645615,0.5,0.85,0.9,0.1,0.2,0.8,0.5,0.8,0.9
0.1,1.0011381813707396,1.2063492063492065,-0.019376184237651,0.0364357682121668,0.124074074074074,0.0416845543868804,-0.0015907978463044,0.8495909522106393,0.2027777777777777,0.05,1.0,2.7770405973461707,0.0,0.0040526088090964,0.1287037037037036,0.0,0.1425925925925925,0.0,-0.0138888888888888,0.0,0.5944444444444444,19.860859718478505,-0.1278303607454267,0.3263044008033975,0.5,0.85,0.1,0.9,0.1,0.95,0.5,0.8,0.1
0.12,1.002620639797578,1.1230769230769222,-0.0699197352648871,0.6949334926502273,0.5950191570881226,1.7795372569879686,-0.0319383259911894,0.0258457947717681,0.2395833333333333,0.0586363636363636,1.0,3.707811707130273,0.0192410503163637,0.0262778167826911,0.5661877394636016,0.3072149210142041,0.5978927203065134,0.2589728184493974,-0.0317049808429118,0.1,0.4271241830065357,19.26509879132733,1.095338929117447,0.2204364535133586,0.5,0.9,0.3,0.7,0.05,0.9,0.5,1.0,0.3
0.12,1.0045941261663385,1.2727272727272718,-0.1384670847607718,0.0507577715567874,0.4902298850574713,0.1003331730562211,-0.0034374582832732,0.7542595294151198,0.2073863636363636,0.0572727272727272,1.0,3.7533335763869498,0.0064142445888033,0.0152745407391089,0.4597701149425287,0.3281609195402299,0.493103448275862,0.1316091954022987,-0.0333333333333333,0.7,0.5088235294117647,19.874041275177255,2.60199176388513,0.2273587910271512,0.5,0.85,0.8,0.1,0.0,0.3,0.5,1.0,0.8
0.07,1.002688537134963,1.0864197530864197,-0.081998162946381,0.412843989427084,0.3440860215053763,0.5524261814397327,-0.018412878864776,0.4614021994890553,0.3191244239631337,0.0346236559139784,1.0,2.7669451631916893,0.0095112314036461,0.0132479449544812,0.2795698924731182,0.0,0.3530465949820789,0.0,-0.0734767025089606,0.0,0.2206140350877193,18.738145141264436,5.054411049884527,0.1244204741555941,1.0,0.6,0.9,0.8,0.25,0.9,0.5,1.0,0.2
0.08,1.0025216364393583,1.19718309859155,-0.0963773409198007,0.0897194852182114,0.2948626045400239,0.1036530284593963,-0.0041419268339398,0.7603172326704648,0.266304347826087,0.0382608695652173,1.0,3.3362118146222928,0.0,0.0033583932708397,0.2113500597371564,0.4468339307048984,0.3037037037037037,-0.2354838709677419,-0.0923536439665472,0.1,0.5000000000000001,18.088593081758056,4.265703897119722,0.1652952453412832,0.5,0.8,0.1,0.8,0.05,0.9,0.5,1.0,0.1
0.06,1.001632674216705,1.12857142857143,-0.02665355607791,0.355665396469749,0.2179099462365591,0.4455662939728285,0.0145983691067578,0.4586148751860539,0.2437943262411347,0.0293617021276595,1.0,2.901629793322781,0.0131406544714559,0.0137526776595374,0.2174059139784946,0.3592069892473118,0.1856518817204301,-0.1418010752688172,0.0317540322580645,0.4,0.766374269005848,18.31735871480892,2.887321972749053,0.1183801842240514,0.5,0.85,0.1,0.9,0.05,0.95,0.5,0.8,0.1
0.08,1.0004552697473252,1.0952380952380956,-0.029477348028031,0.6304449177478161,0.7032258064516128,1.3329000727922615,-0.031351752537828,0.0297556292001125,0.2880434782608695,0.0382608695652173,1.0,3.353233384726342,0.0051151202956863,0.0219231763639338,0.7555555555555555,0.1205969595847237,0.6921146953405017,0.6349585959708317,0.0634408602150538,0.1,0.399122807017544,18.02773743517252,0.1160291844186733,0.2308157595706837,0.5,0.8,0.8,0.2,0.05,0.6,0.5,1.0,0.8
0.06,1.0013206162876012,1.1232876712328752,-0.049017216002577,0.404293093097598,0.447244623655914,0.5233781555210547,0.0173868216327678,0.3094857125516199,0.299645390070922,0.03,1.0,2.4731537170749074,0.0,0.0154754687574645,0.4751344086021505,0.7819444444444444,0.4375,-0.3068100358422939,0.0376344086021505,0.1840386271964254,0.5540935672514622,20.578115463055028,2.8671492814413773,0.2152282818998848,0.5,0.85,0.85,0.1,0.0,0.2,0.5,1.0,0.85
0.11,0.999260712038174,1.1076923076923082,-0.053356220561836,0.1317878507330526,0.5166985951468711,0.1007638226418567,-0.0036740718075173,0.5119788939591016,0.280388151174668,0.0519101123595505,1.0,3.486683391493896,0.0061070338782656,0.0121725396019281,0.4945402298850574,0.5750128008192524,0.4693805874840357,-0.0804725709341949,0.0251596424010216,1.0,0.1258169934640521,17.662023029596604,3.1603596123648723,0.218894618337429,1.0,0.9,0.95,0.0,0.15,0.85,1.0,1.0,0.95
0.14,0.9995204650510364,1.1428571428571437,-0.0173008072565489,0.2935687140626941,0.6413793103448275,0.9043242908886516,-0.0184334157799991,0.123494442160246,0.2965116279069767,0.07,1.0,3.8362118133238674,0.0,0.0264364957134913,0.5908045977011495,0.4860357285088468,0.6269293924466338,0.1047688691923026,-0.0361247947454843,0.4,0.3369281045751634,19.404154580991477,1.9526044865942476,0.2084583107631492,0.5,0.85,0.3,0.7,0.1,0.95,0.5,0.8,0.3
0.06,1.0010988725740442,1.0869565217391308,-0.0327411046312131,0.5337461260820308,0.5678763440860215,0.892348775365332,-0.0275564720217453,0.1152022991292858,0.3581560283687943,0.03,1.0,2.3636145862398035,0.0,0.0144255478100586,0.5730846774193549,0.4065860215053763,0.5729166666666666,0.1664986559139785,0.0001680107526882,0.7,0.3301169590643275,17.71062840694723,2.302623762403682,0.19737270704972,0.5,0.8,0.8,0.1,0.05,0.9,0.5,1.0,0.8
0.08,1.0041719087844279,1.0322580645161288,-0.0859924523635629,0.10761758587704712,0.6356033452807646,0.14224492144939196,0.0055664623635318655,0.6656778900309691,0.25679347826086957,0.0391304347826087,1.0,3.272114650531863,0.0,0.014172307804376925,0.6119474313022699,0.40613413051538755,0.6174432497013141,0.20581330078688237,-0.005495818399044228,0.4,0.3956140350877193,18.59195601123828,1.8264638621362188,0.14975229120411943,0.5,0.85,0.1,0.85,0.1,0.95,0.5,1.0,0.1
0.13,1.0001210574836803,1.1428571428571428,-0.0294345641220646,0.1875912829291555,0.5045977011494253,0.3754472448178702,0.0110638513342447,0.4180159285870459,0.2939876215738285,0.0642528735632183,1.0,3.651644550832897,0.0201409405573258,0.0208915747368369,0.5281609195402299,0.4040194572452636,0.5114942528735633,0.1241414622949663,0.0166666666666666,0.2,0.3477124183006537,20.4586395169684,0.7882501633704706,0.2826787944479349,0.5,0.95,1.0,0.0,0.0,0.15,0.5,0.8,1.0
0.07,1.0027854329107109,1.0526315789473693,-0.06797193752329711,0.24090364191300087,0.44623655913978494,0.2845563672458545,0.01049892743796399,0.6170928832675089,0.2630568356374808,0.03462365591397849,1.0,2.912727574093359,0.004755972969817408,0.010864097691400124,0.46415770609319,0.4874551971326165,0.4534050179211469,-0.023297491039426466,0.010752688172043112,1.0,0.20102339181286566,18.03751367258845,2.5146033626011155,0.15781008561119844,0.5,0.85,0.2,0.8,0.1,0.95,0.5,0.8,0.2
0.08,1.0012908525494337,1.0519480519480515,-0.043939383093302475,0.36076305683673465,0.4103942652329749,0.5849006211906274,-0.018004213752154774,0.2715216672493649,0.2432065217391304,0.0391304347826087,1.0,3.16623189346259,0.00511293618064184,0.018478410961229562,0.4246117084826762,0.6489434575641472,0.4103942652329749,-0.22433174908147097,0.014217443249701311,0.4,0.5187134502923976,18.736289979646642,2.9474677349972245,0.16529524534128326,1.0,0.9,0.9,0.1,0.05,0.1,1.0,0.6,0.9
0.09,1.0037910078543968,1.083333333333333,-0.10694603676603176,0.0773612255327925,0.6933094384707288,0.20738185758465155,0.007135057795850747,0.699838983140081,0.286019536019536,0.04450549450549451,1.0,3.294790331541384,0.005452508489464523,0.01662013175842155,0.6783751493428912,0.7048100048100049,0.6719235364396653,-0.02643485546711366,0.006451612903225934,0.7,0.36111111111111105,18.60803421202486,2.628009327637674,0.1670946308460906,0.5,0.85,0.85,0.1,0.15,0.65,0.5,1.0,0.85
0.04,1.000699849788338,1.0166666666666668,-0.02021405859108716,0.30543049314762644,0.7395833333333334,0.34369130025298766,-0.016152716593245228,0.29916874417698125,0.4244791666666667,0.019583333333333335,1.0,2.2212570184516642,0.003537600468218671,0.026223395222548025,0.5,0.5,0.5,0.0,0.0,1.0,0.0,0.0,1.0016732739837337,0.15097900159324265,0.5,0.85,0.2,0.8,0.1,0.9,0.5,0.8,0.2
0.1,1.0019376482156284,1.0752688172043015,-0.061703317168019134,0.31128054763309265,0.6435185185185185,0.38125904779111647,-0.011453744493392093,0.41124292133244045,0.2611111111111111,0.05,1.0,3.321732310922534,0.0,0.0164502525773036,0.6037037037037037,0.5257786429365963,0.6444444444444444,0.07792506076710748,-0.04074074074074063,0.7,0.3722222222222221,20.312835733214243,1.2057848367031534,0.23034661225454442,0.5,0.8,0.2,0.8,0.05,0.85,0.5,1.0,0.2
0.14,1.0046766137498806,1.3220338983050843,-0.15252834585313857,0.28656004968010723,0.5146141215106733,0.7373695314700132,-0.016402739766124663,0.2678412675514955,0.20514950166112955,0.06837209302325581,1.0,3.389181266968418,0.021047565891457384,0.01594905923933381,0.6009852216748769,0.5361111111111111,0.5226600985221675,0.0648741105637658,0.07832512315270934,1.0,0.3359477124183007,19.228158769279602,4.078822400905498,0.2598754457637473,0.5,0.85,0.1,0.8,0.05,0.95,0.5,0.8,0.1
0.14,1.002127699169391,1.1234567901234567,-0.07098813565345707,0.22692532955327932,0.3328407224958949,0.3996653114525544,-0.010790024441289695,0.4591360577322132,0.2670265780730897,0.06837209302325581,1.0,3.7828677960388566,0.0,0.012464462167400367,0.33415435139573063,0.39361191708861964,0.323727422003284,-0.059457565692889014,0.010426929392446604,0.7,0.23856209150326813,18.597337518999634,1.8285929024308603,0.20845831076314922,0.5,0.85,0.9,0.1,0.05,0.2,0.5,1.0,0.9
0.07,1.0016913267291052,1.0416666666666663,-0.05642748441791556,0.4633848599861394,0.7275985663082438,0.686695630737445,-0.02068995851857869,0.16392457097476687,0.36943164362519204,0.03462365591397849,1.0,2.619480228042601,0.0,0.02601931527389384,0.7329749103942653,0.6179659498207885,0.7365591397849464,0.11500896057347687,-0.0035842293906810374,1.0,0.3875730994152047,19.447647087346912,2.310689032679422,0.17345873434443557,0.5,0.85,0.85,0.1,0.1,0.65,0.5,0.8,0.85
0.11,1.0051169020108581,1.2121212121212108,-0.1514828792863765,0.14052952789647039,0.3357918263090676,0.26634321696417596,-0.008005111752080046,0.5929550227265594,0.21807967313585291,0.051910112359550564,1.0,3.3694093044175553,0.006105983728757317,0.010769814545167133,0.37228607918263085,0.6238991295442908,0.34431673052362705,-0.25161305036166,0.0279693486590038,0.1,0.515686274509804,18.301027147112134,5.481388175423435,0.15252819176464685,0.5,0.8,0.9,0.1,0.0,0.4,0.5,1.0,0.9
0.12,0.9993147555961625,1.3157894736842093,-0.012607861976089041,0.05382100513390731,0.3078544061302682,0.047886143360179406,-0.0015518622346815947,0.7583133652527422,0.19507575757575757,0.057272727272727274,1.0,2.8640416499009724,0.019259883664182697,0.004452844804975144,0.31082375478927204,0.410978835978836,0.32193486590038317,-0.10015508118956395,-0.011111111111111127,0.7,0.6228758169934641,16.956171939582138,3.7650566859548293,0.15266547477028292,0.5,0.8,0.2,0.8,0.15,0.95,0.5,1.0,0.2
0.16,0.997768649525838,1.2435897435897427,-0.03265179357530512,0.19219404130638384,0.5599206349206348,0.5973141324496244,-0.013235525487728134,0.2323114793059332,0.20386904761904762,0.0761904761904762,1.0,4.179673427197725,0.015202669409594149,0.01717181028601795,0.4976190476190476,0.5282682834406972,0.5742063492063492,-0.03064923582164958,-0.07658730158730154,0.7,0.4962009803921568,17.723249230097657,2.833438071867218,0.188046927957279,0.5,0.85,0.9,0.1,0.05,0.2,0.5,0.8,0.9
0.1,1.0015279899986114,1.1147540983606545,-0.049193455421901344,0.1027582214255209,0.5611111111111111,0.022377731384008077,-0.0008321096426823077,0.9679121631356485,0.21944444444444444,0.04888888888888889,1.0,3.175533925013239,0.005782646502696738,0.01192101003977874,0.5499999999999999,0.24604885057471262,0.5055555555555554,0.30395114942528734,0.04444444444444451,0.1,0.5166666666666666,17.924227373313258,2.104200989292197,0.1798341549537923,0.5,0.8,0.1,0.9,0.15,0.95,0.5,1.0,0.1
0.1,0.996048075793212,1.2188556136791535,0.24329978251915518,0.3441291949379047,0.6342592592592592,0.40345855335943726,0.0069228340867704685,0.26260190210048684,0.33333333333333326,0.05,1.0,3.5323653241981194,0.0,0.12445427272820875,0.6759259259259259,0.0,0.6342592592592592,0.0,0.04166666666666674,0.0,0.26388888888888895,13.140605350704991,14.556252049283824,0.020088712482547868,0.5,0.85,0.9,0.1,0.05,0.4,0.5,0.8,0.9
0.09,0.997737118132169,1.0589709552508593,0.2627510296479594,0.18441161243671822,0.7161290322580646,0.20773334225081844,-0.004793550233746766,0.6471691332479589,0.45940170940170943,0.04450549450549451,1.0,3.214875534733052,0.0,0.2548935750211736,0.7048984468339307,0.5977873977873979,0.7050179211469533,0.10711104904653279,-0.00011947431302261613,0.7,0.14590643274853798,8.870708907894121,25.212265588022493,0.01273835594725236,0.5,0.8,0.9,0.1,0.0,0.4,0.5,0.8,0.9
0.07,0.9952011491851934,1.0415495199544968,0.14409686678423572,0.23361353894089812,0.6164874551971326,0.4580422380309105,-0.007544911906828614,0.45745978809146337,0.2964669738863287,0.03462365591397849,1.0,3.0304920283944488,0.0,0.10738268152130948,0.621863799283154,0.5931899641577061,0.6129032258064515,0.028673835125447966,0.008960573476702538,0.4,0.35321637426900576,10.217942804533633,8.26318943238022,0.030206948193435907,0.0,0.8,0.85,0.1,0.0,0.3,0.0,1.0,0.85
0.06,0.9972060920150552,1.1391057275630723,0.10905913046457227,0.6473030324389286,0.47748655913978494,1.3982093539310956,-0.020886707091574287,0.1794121639625208,0.30762411347517726,0.03,1.0,2.612047972252688,0.0,0.07149121140730327,0.5094086021505376,0.3312153796024764,0.47211021505376344,0.17819322254806125,0.03729838709677419,0.2,0.4941520467836258,11.277363352402704,8.596847622681926,0.028772831960639865,0.5,0.9,0.9,0.1,0.05,0.45,0.5,1.0,0.9
0.07,0.9957101307462315,1.180678729038926,0.14054183077682936,0.5857341431824491,0.8064516129032259,1.2261214813894934,-0.018722484204134998,0.05172850780991888,0.5023041474654377,0.03462365591397849,1.0,2.6460052646908627,0.004753887661897864,0.2134195454960361,0.8118279569892474,0.6057347670250897,0.8064516129032259,0.2060931899641577,0.005376344086021501,0.2,0.09532163742690047,9.579219056583991,7.730918438270015,0.030206948193435907,0.5,0.8,0.4,0.7,0.15,0.95,0.5,0.8,0.5
0.08,0.9955718975834469,1.0880402150607236,0.15559964771535117,0.11587206451765665,0.36033452807646354,0.3023926949876488,-0.006857996761338692,0.8043191051141104,0.297554347826087,0.04,1.0,3.3013884911494307,0.0,0.10827824495935197,0.3854241338112306,0.0,0.3602150537634408,0.0,0.025209080047789767,0.0,0.3042397660818714,6.559097511071638,9.314466110164163,0.03494695727955483,1.0,0.85,0.95,0.05,0.05,0.1,1.0,0.8,0.95
0.04,0.9996435061294195,1.0486647812610375,0.05212547419547553,0.21482892057163996,0.78125,0.2930450356331468,-0.008117663936177244,0.3743751559217581,0.5911458333333333,0.02,1.0,1.9516381038168404,0.0,0.25260287972181683,0.5,0.5,0.5,0.0,0.0,1.0,0.0,0.0,13.825617701991174,0.02028548229061041,0.5,0.7,0.8,0.6,0.05,0.6,0.0,1.0,0.4
0.01,0.9996831634744674,1.024365660550156,0.02760327031061216,0.6539460461454267,0.5,0.7380984747396383,0.029769488064305474,0.13631469465133633,0.8181818181818181,0.004949494949494949,1.0,1.0584435884677557,0.0,0.23111286940104106,0.5,0.5,0.5,0.0,0.0,1.0,0.0,0.0,24.622929266277836,0.007326898645998794,0.5,0.7,0.9,0.8,0.2,0.95,0.0,0.8,0.2
0.09,0.9948958546889387,1.1265215551179204,0.1606345978225332,0.19074444413332875,0.5633213859020311,0.4354966245399906,-0.007968560880335318,0.5154251435171082,0.2973137973137973,0.04450549450549451,1.0,3.4214777715975417,0.0,0.10317929104502835,0.5744324970131421,0.5533189033189033,0.5596176821983273,0.02111359369423882,0.014814814814814836,1.0,0.435672514619883,8.342259070473206,6.7083463311603495,0.03643502694109829,0.5,0.75,0.85,0.15,0.05,0.4,0.5,1.0,0.85
0.07,0.9968400523541457,1.0764560663019633,0.13922542590768616,0.225145365943348,0.7311827956989246,0.11314623222426633,-0.0025965104740408723,0.6753570234747749,0.37173579109062976,0.03462365591397849,1.0,2.8300444067620845,0.0,0.1403743432093157,0.7383512544802867,0.5649641577060932,0.7311827956989246,0.1733870967741935,0.007168458781362075,0.4,0.3241228070175438,14.236674354470477,6.36898891663534,0.027032983446860913,0.5,0.75,0.85,0.6,0.0,0.8,0.0,0.8,0.5
0.05,0.9971089168571914,1.0292603008891386,0.10117348721515551,0.0702186945028191,0.479502688172043,0.09310533625115464,-0.00238811730994673,0.8124735768808676,0.3394736842105263,0.024736842105263158,1.0,2.533475392131003,0.003974511313947349,0.11291118928240951,0.5529233870967741,0.14532930107526884,0.479502688172043,0.40759408602150526,0.07342069892473113,0.1,0.2421052631578946,8.174738427959626,8.828117017539107,0.02726240864878444,0.0,0.8,1.0,0.0,0.1,0.6,0.0,1.0,1.0
0.05,0.9967450637400691,1.0461199162424928,0.09394015322468041,0.29787553261065297,0.5295698924731184,0.3666690134016974,0.009133631989300409,0.22330084789107973,0.38421052631578945,0.024736842105263158,1.0,2.2665855267711126,0.0,0.09356914865766912,0.5349462365591399,0.5333781362007168,0.5295698924731184,0.0015681003584230302,0.005376344086021501,1.0,0.16842105263157892,9.160488173545227,7.719910576392147,0.030158293305092426,1.0,0.8,0.9,0.1,0.0,0.3,1.0,0.8,0.9
0.04,0.996476835500212,1.042830173046378,0.06798679574982547,0.05617738110014758,0.6666666666666666,0.01406266403568807,-0.0004401838996711954,1.0,0.4088541666666667,0.02,1.0,1.8195907972194747,0.0,0.09870036440506713,0.5,0.5,0.5,0.0,0.0,1.0,0.0,0.0,4.654218388841464,0.042461252659888954,0.5,0.65,0.85,0.7,0.1,0.85,0.0,1.0,0.4
0.08,0.996566070199684,1.1455180556464584,0.17773401055804872,0.2326602254153462,0.6031063321385902,0.35385898732587934,-0.006550788703199639,0.5979944019035401,0.360054347826087,0.0391304347826087,1.0,3.129379851993468,0.0,0.13964349620531757,0.6064516129032258,0.586119257086999,0.6031063321385902,0.020332355816226833,0.003345280764635583,1.0,0.3096491228070176,6.667539516220238,13.54354380453924,0.021741034349520547,0.5,0.8,0.9,0.1,0.05,0.4,0.5,0.8,0.9
0.04,0.9987182412099294,1.060604419384066,0.07353396158975567,0.18180523210404836,0.640625,0.191771999651889,0.005333777884985638,0.5675353903472609,0.3671875,0.02,1.0,2.1331458219558006,0.0,0.06359873597173923,0.5,0.5,0.5,0.0,0.0,1.0,0.0,0.0,13.257487777218483,0.02028548229061041,0.0,0.8,0.9,0.1,0.0,0.3,0.0,1.0,0.9
0.1,0.9965252030160788,1.2157301269419352,0.16390236559357563,0.2415702546747018,0.6296296296296297,0.16368918937500618,-0.0031486986535192996,0.8948783618730185,0.35833333333333334,0.05,1.0,2.791613073324088,0.0,0.1266216364017615,0.6490740740740741,0.5146582622667161,0.6296296296296297,0.13441581180735807,0.019444444444444486,0.4,0.18055555555555558,12.39349487986164,6.688543123550549,0.027087775377948688,0.0,0.8,0.9,0.1,0.05,0.2,0.0,1.0,0.9
0.06,0.9978499941351514,1.115354542200671,0.09081334623156323,0.014529121305035683,0.668010752688172,0.05728838868659147,-0.006054804709072006,0.959485140469051,0.45212765957446804,0.03,1.0,2.7712751177683606,0.0,0.22170175683352594,0.6735551075268816,0.0,0.6681787634408601,0.0,0.005376344086021501,0.0,0.142982456140351,10.032545907341577,5.978060897194606,0.028772831960639865,0.5,0.85,0.95,0.05,0.05,0.6,0.5,0.8,0.95
0.08,0.996686185815169,1.0945006280291936,0.16379465390748082,0.44037133920289295,0.47753882915173235,0.6768754176864601,0.00968023716640004,0.13881708924437902,0.2826086956521739,0.04,1.0,3.3739358517144926,0.0,0.04305614118108131,0.5013142174432497,0.24444444444444444,0.4739545997610513,0.2568697729988052,0.027359617682198356,0.2,0.3467836257309942,14.949631939323378,7.141291050644849,0.03158802743126691,0.5,0.85,0.85,0.8,0.0,0.3,0.0,1.0,0.1
0.09,0.9935722364003062,1.0656457796659982,0.1906994577888632,0.07422423949553952,0.7241338112305854,0.4944643176681163,-0.008248874450258528,0.30027503798199795,0.47557997557997556,0.04450549450549451,1.0,3.183565028831856,0.0,0.1868391880762324,0.7389486260454001,0.391636798088411,0.7241338112305854,0.3473118279569891,0.014814814814814725,0.1,0.07456140350877194,11.646233611411008,8.937170972406696,0.03293190564798827,0.0,0.8,0.8,0.1,0.15,0.6,0.0,1.0,0.8
0.09,0.9958974337590619,1.0941217116069029,0.14133906693492704,0.08349325050306745,0.4869772998805257,0.053379716752569036,-0.001234902036600788,0.8283622193882167,0.2847985347985348,0.04450549450549451,1.0,2.993269815989013,0.0,0.0832046580654778,0.4943847072879331,0.5351333014048532,0.4869772998805257,-0.040748594116920056,0.007407407407407418,1.0,0.26871345029239757,10.660127071968022,4.680772813814544,0.03293190564798827,0.5,0.7,0.8,0.2,0.05,0.8,0.5,1.0,0.8
0.05,0.9977095089548457,1.069143213094101,0.07235382140178537,0.0320489378720017,0.4623655913978495,0.014136387733258466,0.0005186383279834061,0.7397883580094491,0.3,0.024736842105263158,1.0,2.3742219124974877,0.003974535172204756,0.04939244042200069,0.4732862903225807,0.9163306451612904,0.4623655913978495,-0.4430443548387097,0.010920698924731187,0.1,0.5736842105263159,13.151993925484593,3.533086291023533,0.036051934220023306,0.0,0.9,1.0,0.0,0.05,0.3,0.0,0.8,1.0
0.08,0.9948799201161854,1.05186147982671,0.17924181619590307,0.5099585082196205,0.6050179211469534,0.8779150522135148,-0.013167253135988544,0.05584866268331829,0.35190217391304346,0.04,1.0,3.4194102860059647,0.0,0.024091195023365916,0.6684587813620072,0.0,0.6050179211469534,0.0,0.0634408602150538,0.0,0.34152046783625745,10.414056612851487,10.995268808998059,0.0249859416120602,0.0,0.9,0.1,0.85,0.05,0.95,0.0,0.8,0.1
0.09,0.9968983780565642,1.1751146807879453,0.17000187892368723,0.18489575576720874,0.6743130227001194,0.17124847237550647,-0.013729764236340578,0.6214202988289299,0.35256410256410253,0.04450549450549451,1.0,2.7294094340496144,0.0,0.1503900221518262,0.6814814814814815,0.3839904420549582,0.6670250896057347,0.2974910394265233,0.014456391875746766,0.1,0.3713450292397662,11.391272973280014,10.988594887268238,0.026047151933387833,0.5,0.8,0.9,0.1,0.05,0.4,0.5,1.0,0.9
0.04,0.9980952095621785,1.0542341288046013,0.08717043251936651,0.8083878992180504,0.7864583333333334,1.3355766675515894,-0.024171032630968023,0.03875015766442407,0.5,0.02,1.0,2.0100320421307494,0.0,0.1257112401012247,0.5,0.5,0.5,0.0,0.0,1.0,0.0,0.0,11.893588144415547,0.02028548229061041,0.5,0.8,0.9,0.7,0.05,0.3,0.0,0.8,0.6
0.05,0.9987998697080643,1.0571880422937714,0.04564647624922602,0.1583610050225665,0.7893145161290324,0.012597538148378464,0.00036898480539905576,0.8993162037949478,0.5394736842105263,0.024736842105263158,1.0,2.0256572598777094,0.0,0.2427960923504131,0.794858870967742,0.7848695286195286,0.7893145161290324,0.00998934234821336,0.005544354838709631,0.7,0.09473684210526301,10.826553902521074,6.801250845228388,0.024399450307307887,0.0,0.8,0.9,0.1,0.05,0.2,0.0,1.0,0.9
0.08,0.9978310222047143,1.0547488866399193,0.1837058677823915,0.3358110449616623,0.5105137395459977,0.24511517074133596,-0.019501933986882325,0.606843584134307,0.25815217391304346,0.04,1.0,3.1200720979515038,0.0,0.08975047965163795,0.4731182795698925,0.44956780682239533,0.507168458781362,0.023550472747497164,-0.03405017921146947,1.0,0.28523391812865495,16.881844043917297,11.735193316075312,0.02826798580425999,0.0,0.8,1.0,0.0,0.05,0.4,0.0,1.0,1.0
0.08,0.9970573461978797,1.193961773037546,0.1655717039920268,0.12627787700144216,0.7430107526881721,0.49927206410695596,-0.008499510826220469,0.5718013280354417,0.46875,0.04,1.0,3.1478856790071537,0.0,0.22282707446961988,0.7679808841099164,0.7106002554278418,0.7430107526881721,0.05738062868207461,0.024970131421744313,0.7,0.12105263157894741,16.74925917284304,7.457337372328123,0.021741034349520547,0.0,0.8,0.8,0.1,0.05,0.3,0.0,1.0,0.8
0.05,0.9982310974306696,1.042004136944309,0.12094084758571766,0.05648282243739754,0.6789314516129034,0.04715785490067343,-0.0012406784575113988,0.7160340147950022,0.4473684210526315,0.024736842105263158,1.0,2.3420841936667465,0.0,0.1761506932794397,0.7212701612903226,0.0,0.67372311827957,0.0,0.04754704301075263,0.0,0.09473684210526323,8.925349601771405,16.625328525758544,0.01600085032182728,0.0,0.85,1.0,0.0,0.05,0.35,0.0,1.0,1.0
0.09,0.9966805478610821,1.0902391910981022,0.17396042274831824,0.17517664266651867,0.7182795698924731,0.40291028469697937,-0.007325126986188729,0.19332033358233347,0.3971306471306471,0.04450549450549451,1.0,3.36448325223249,0.0,0.1646779226410099,0.7329749103942652,0.43687430478309236,0.7182795698924731,0.29610060561117285,0.014695340501792109,0.1,0.18216374269005842,9.175146671206635,11.425335578325328,0.026047151933387833,0.5,0.85,1.0,0.0,0.1,0.4,0.5,0.8,1.0
0.07,0.9951679235618204,1.145197047113924,0.13990077872837192,0.39811316998472884,0.7007168458781362,0.4914134240218331,0.008328665402867766,0.21390447216394182,0.3728878648233487,0.03462365591397849,1.0,2.9916710463943343,0.0,0.13713734126291713,0.7025089605734767,0.6244588744588745,0.7007168458781362,0.07805008611460218,0.0017921146953404632,0.4,0.2116959064327486,10.02911449584792,7.544564024564448,0.033417860914173585,1.0,0.9,1.0,0.0,0.05,0.1,1.0,1.0,1.0
0.03,0.9992403542142162,1.0454777040235177,0.06882154918182293,0.18382280217378102,0.7335858585858586,0.06719157123920481,0.0023351188464104666,0.9195239085616425,0.5859106529209622,0.014845360824742268,1.0,1.2563690471149012,0.0,0.2503641597309728,0.5,0.5,0.5,0.0,0.0,1.0,0.0,0.0,12.910421632490753,0.013994078185117742,0.0,0.9,1.0,0.0,0.15,0.6,0.0,1.0,1.0
0.03,0.9983484216059868,1.02879344438002,0.06232287943208581,0.2418676516290227,0.618371212121212,0.12530199955020016,-0.003894919510181241,0.5048891899731719,0.48367697594501713,0.014845360824742268,1.0,1.859002255708147,0.0,0.06804607970083226,0.5,0.5,0.5,0.0,0.0,1.0,0.0,0.0,10.175180764476755,0.021335434104510026,0.0,0.8,0.1,0.8,0.05,0.6,0.0,1.0,0.2
0.08,0.9976722128514456,1.1369381103302396,0.15607346643457776,0.5146492914852053,0.6909199522102748,1.1919241483016607,-0.014783547597772576,0.24499602732745818,0.3451086956521739,0.04,1.0,3.1952795231825943,0.0,0.15025103158223052,0.6910394265232974,0.7298611111111111,0.6909199522102748,-0.038821684587813654,0.00011947431302261613,0.7,0.28494152046783616,6.491815747370009,15.113505948390976,0.021741034349520547,0.5,0.85,0.95,0.05,0.05,0.4,0.5,1.0,0.95
0.07,0.9957280513600042,1.1620842257613901,0.15253202484295603,0.45631434265584786,0.8512544802867383,0.28067696946073567,0.005958981004112088,0.3374634117744112,0.5192012288786483,0.03462365591397849,1.0,2.8175622933995226,0.0,0.2511039406415341,0.8781362007168458,0.3117845117845118,0.8512544802867383,0.5663516889323341,0.026881720430107503,0.07652250047505924,0.058771929824561475,10.775110581148349,10.475516850246793,0.027032983446860913,0.0,0.85,0.9,0.1,0.2,0.8,0.0,1.0,0.9
0.06,0.9975279614600442,1.1230376032089529,0.1182288315807325,0.1426606031350872,0.35500672043010756,0.19323546580341014,0.004341919258296745,0.8333099391192259,0.25620567375886527,0.03,1.0,2.5548927072358687,0.0,0.06348246591015223,0.43531586021505375,0.738687275985663,0.36021505376344093,-0.3033714157706092,0.07510080645161282,0.1,0.5485380116959064,11.364476788899157,6.351877242338091,0.031830219514513945,0.0,0.85,0.95,0.0,0.05,0.3,0.0,1.0,0.95
0.04,0.9991762649598532,1.0673916794660514,0.06183200350444551,0.8409539949512858,0.8958333333333334,0.4840800468785051,-0.04616430179917233,0.044001325358969785,0.578125,0.02,1.0,1.2261535882563743,0.0,0.22053153798549924,0.5,0.5,0.5,0.0,0.0,1.0,0.0,0.0,13.968638899569154,0.022947119802131336,1.0,0.8,0.9,0.1,0.0,0.4,1.0,0.8,0.9
0.06,0.9989323970529685,1.1304941353041065,0.10043699699833653,0.038624691918053664,0.6174395161290321,0.125901754131124,-0.0029603180541559193,0.6475253807833268,0.4104609929078014,0.03,1.0,2.517008306439407,0.0,0.13233047039627388,0.6070228494623656,0.6911962365591396,0.6174395161290321,-0.08417338709677402,-0.010416666666666519,1.0,0.2649122807017542,6.847404190167515,15.916173809410417,0.019807350416117968,0.5,0.7,0.8,0.6,0.1,0.8,0.0,0.8,0.4
0.06,0.9973256379171609,1.1473743994548458,0.13854535182094008,0.9265623692183066,0.871135752688172,0.9547278579696405,0.01518672737686759,0.08544006638489665,0.4742907801418439,0.03,1.0,1.983591880177475,0.0,0.16312990561348809,0.8657594086021505,0.7659118062343868,0.8657594086021505,0.09984760236776369,0.0,0.7,0.036111111111111094,9.329200117339816,13.877336403663744,0.019807350416117968,0.5,0.8,0.9,0.1,0.05,0.4,0.5,0.8,0.9
0.03,0.9993301145714908,1.0589871741054901,0.03277037058036858,0.18484650803665253,0.617739898989899,0.11058403065314217,-0.015583630400801227,0.731212794546579,0.4828178694158075,0.014845360824742268,1.0,1.880758258792346,0.0,0.1857646937288464,0.5,0.5,0.5,0.0,0.0,1.0,0.0,0.0,7.803163942914404,0.023837354077412255,0.0,0.85,0.4,0.6,0.1,0.8,0.0,0.8,0.4
0.08,0.9958962921870976,1.106276580878552,0.12903295487542898,0.3047978539506807,0.4768219832735962,0.12727809810380258,0.0029230120962912554,0.7267830283627723,0.36684782608695654,0.04,1.0,3.0876216948087944,0.0,0.13413533444990117,0.5060931899641576,0.49193548387096775,0.4768219832735962,0.014157706093189892,0.029271206690561435,1.0,0.3646198830409356,9.746269906238528,6.532826989233094,0.03834569785568639,0.5,0.8,0.6,0.4,0.1,0.9,0.5,1.0,0.6
0.1,0.996212413186988,1.0797635039526354,0.2546320798213708,0.2159747349510367,0.5944444444444444,0.1670987091990997,-0.01262958277183085,0.6334813610324517,0.31666666666666665,0.05,1.0,2.845737198437664,0.0,0.09820891847824147,0.6101851851851852,0.39396551724137935,0.5861111111111111,0.21621966794380582,0.024074074074074026,0.2,0.37222222222222234,10.67457118103799,17.29323900124283,0.020088712482547868,0.0,0.85,1.0,0.0,0.15,0.45,0.0,0.8,1.0
0.1,0.9925649653434496,1.1121323193027213,0.18722963815489813,0.7001140901549053,0.6370370370370371,1.01868134957426,0.012932962310743493,0.06858568870984855,0.3611111111111111,0.05,1.0,3.320101763300645,0.0,0.11758258147052052,0.688888888888889,0.5971838197644649,0.6342592592592593,0.09170506912442411,0.054629629629629695,0.7,0.23888888888888882,12.423910578621953,4.600751426169522,0.041583139919281496,0.5,0.85,0.9,0.1,0.1,0.6,0.5,1.0,0.9
0.05,0.9976151174556112,1.028465022944172,0.07582219919461419,0.9334934682353124,0.7303427419354839,0.35526702788464687,-0.032692664148112525,0.012458115994358374,0.4842105263157895,0.024736842105263158,1.0,2.6243586259462854,0.0,0.15320729222416596,0.7718413978494624,0.6297043010752689,0.7409274193548386,0.1421370967741935,0.03091397849462374,0.4,0.12631578947368405,10.569772875742567,4.169804033928376,0.030158293305092426,0.5,0.6,0.85,0.4,0.15,0.8,0.0,0.8,0.4
0.04,0.9988240422459854,1.0864767825899273,0.09018166805957772,0.9031571381298634,0.8541666666666666,1.5253415052773467,-0.023074099862904665,0.06348845488327808,0.5807291666666666,0.02,1.0,1.7788860295088513,0.0,0.19331237581069652,0.5,0.5,0.5,0.0,0.0,1.0,0.0,0.0,18.016082832977244,0.015049825650395445,0.5,0.9,0.9,0.1,0.05,0.35,0.5,0.8,0.9
0.03,0.9979719212344311,1.013152919470043,0.05147660357717321,0.23590815394459852,0.3614267676767677,0.12779975924102763,-0.017600817903032723,0.5178892881594106,0.3548109965635739,0.014845360824742268,1.0,1.8445780901504238,0.0,0.045063286644602595,0.5,0.5,0.5,0.0,0.0,1.0,0.0,0.0,5.905714626251342,0.03413605848195353,0.0,0.8,0.9,0.1,0.05,0.2,0.0,0.8,0.9
0.05,0.9964795173034701,1.069945769072846,0.0915971075412938,0.29663113846978034,0.9210349462365591,0.3765486826120314,-0.008923768935835186,0.41989525588469956,0.5052631578947369,0.024736842105263158,1.0,2.432860287209371,0.0,0.22020531800422777,0.9314516129032259,0.0,0.9210349462365591,0.0,0.01041666666666674,0.0,0.042105263157894646,9.002161818484723,6.920247813491773,0.03308787067040538,0.0,0.85,0.9,0.1,0.0,0.2,0.0,1.0,0.9
0.05,0.998995811852786,1.0820237785864713,0.10466819736156774,0.09007921470581999,0.28813844086021506,0.004734067897255033,0.00016012339796754593,0.8124735768808676,0.28421052631578947,0.024736842105263158,1.0,2.496667962405645,0.0,0.06535624573067944,0.28326612903225806,0.0,0.28813844086021506,0.0,-0.004872311827956999,0.0,0.7052631578947368,10.456648658820768,19.808846896000997,0.013262433654605435,1.0,0.9,0.95,0.05,0.05,0.1,1.0,0.8,0.95
0.07,0.9987805131804428,1.126106391763157,0.15233880399284194,0.7915235001124807,0.6254480286738351,1.1957544170567205,0.017434499937197617,0.02962588749981586,0.39400921658986177,0.03462365591397849,1.0,2.6863846155562427,0.0,0.12826388119795568,0.6308243727598566,0.3869399641577061,0.6254480286738351,0.2438844086021505,0.005376344086021501,0.2,0.2944444444444444,9.26879439886901,21.828364926890824,0.014690200858710024,0.5,0.9,0.95,0.05,0.05,0.4,0.5,0.8,0.95
0.02,0.9989992431524148,1.0278018516358998,0.03734236976407468,0.6292475614067328,0.9489795918367347,0.5299638940429279,0.015970946614398046,0.2732371841763288,0.6964285714285714,0.01,1.0,1.105700265179464,0.0,0.21014847777983747,0.5,0.5,0.5,0.0,0.0,1.0,0.0,0.0,9.575726546419416,0.021723476103229,0.5,0.8,0.9,0.7,0.05,0.4,0.0,0.8,0.3
0.06,0.9970220605390124,1.178291517128621,0.11396987306285311,0.4262377932648647,0.4952956989247312,0.3537284664671096,0.007512196508920432,0.626805173004854,0.375886524822695,0.03,1.0,2.71054169829106,0.0,0.14720531451269503,0.5544354838709676,0.0,0.4952956989247312,0.0,0.05913978494623645,0.0,0.19824561403508767,14.724923002508355,5.147723827920732,0.0412205390106044,0.0,0.9,0.9,0.1,0.05,0.4,0.0,1.0,0.9
0.07,1.00699399062895,1.0724073426853575,-0.03633193783036912,0.5154043666804706,0.8100358422939068,1.4027872556028824,0.2351413179531891,0.05253347461466916,0.533026113671275,0.03462365591397849,1.0,2.889172978601252,0.0,0.1589022450326186,0.8960573476702508,0.0,0.8154121863799283,0.0,0.08064516129032251,0.0,0.07105263157894748,21.66521971955373,-1.6144056933786566,0.7157258536031761,0.5,0.85,0.9,0.1,0.1,0.6,0.5,1.0,0.9
0.09,1.0116626633962937,1.0563884951485116,-0.06265687959995622,0.778514880992272,0.9161290322580645,1.8935396119039913,0.2544626004435869,0.023918583608813444,0.503968253968254,0.04450549450549451,1.0,3.4625578619760544,0.0,0.18095442602373266,0.9383512544802867,0.0,0.9161290322580645,0.0,0.022222222222222143,0.0,0.1347953216374268,21.11984004477455,-1.5397740107673894,0.5876003495252823,0.5,0.85,0.9,0.1,0.05,0.6,0.5,1.0,0.9
0.09,1.011869224443004,1.0888890697603797,-0.06441656203336961,0.5784337337559494,0.9115890083632019,2.145540625352307,0.2660813710570269,0.014479923288983187,0.5247252747252746,0.04450549450549451,1.0,3.126996629422534,0.0,0.1644053724312806,0.9629629629629629,0.8139146090534979,0.9080047789725209,0.14904835390946503,0.054958183990442055,0.1840386271964254,0.05716374269005864,21.95124803979098,-1.581112174565382,0.6663169285155628,0.5,0.85,0.9,0.1,0.0,0.9,0.5,0.8,0.9
0.08,1.0096259042940057,1.1317105548232123,-0.05342027920258011,1.283466801021307,0.9256869772998805,3.427777912553708,0.3680686161073687,0.00013447124589156833,0.5529891304347827,0.04,1.0,3.1931578164429193,0.0,0.20486522583174005,0.9854241338112306,0.0,0.9221027479091995,0.0,0.06332138590203107,0.0,0.00994152046783614,21.226420255517453,-1.52024339015977,0.5783585103011845,1.0,0.9,0.95,0.05,0.05,0.6,1.0,1.0,0.95
0.07,1.0079732503470542,1.0466047115874086,-0.049431086599592944,0.7738782309923387,0.7956989247311826,2.1982871665042434,0.2996001085184271,0.027650624642312764,0.5407066052227342,0.03462365591397849,1.0,2.485147232595895,0.004754101779441488,0.18164643908159436,0.9408602150537634,0.36277628434886494,0.7956989247311826,0.5780839307048984,0.14516129032258074,0.1,0.028508771929824483,20.314751742290717,-1.474831886481231,0.5459133932146506,0.5,0.85,0.9,0.1,0.05,0.4,0.5,0.8,0.9
0.12,1.010093734833354,1.0633266254306812,-0.06592530868350027,1.3014420962074522,0.9369731800766283,4.818924682997362,0.3641358192910243,2.10168740604453e-05,0.5757575757575758,0.06,1.0,3.305489388668779,0.0,0.2162244422581897,0.9942528735632185,0.4725690296030798,0.9369731800766283,0.5216838439601387,0.05727969348659012,0.07652250047505924,0.03137254901960784,21.00795818496241,-1.5429804902849868,0.6091552622521916,0.5,0.85,0.9,0.1,0.05,0.95,0.5,1.0,0.9
0.06,1.0145939887860893,1.010900995413509,-0.07875491829365888,0.9227060072365582,0.6701948924731181,2.401789478454408,0.32894312992237,0.00842650999193528,0.40691489361702127,0.03,1.0,2.3028043446337945,0.0,0.15363420426917482,0.921875,0.5139448924731183,0.6701948924731181,0.40793010752688175,0.25168010752688186,0.07652250047505924,0.22587719298245634,20.561835472873245,-1.2261837207472124,0.26975594648794116,0.5,0.8,0.9,0.1,0.05,0.5,0.5,1.0,0.9
0.11,1.0041747450850196,1.0225351964372114,-0.03074486473511437,0.7733527297739202,0.8444444444444444,2.6276157026375846,0.2649919136770816,0.0004593124952700329,0.4828907048008172,0.05438202247191011,1.0,3.471215960503367,0.0,0.16756728457513198,0.85,0.6756978653530378,0.8444444444444444,0.1743021346469622,0.005555555555555536,0.4,0.1333333333333333,22.12670168667948,-1.5490151047841159,0.5806167660371018,1.0,0.85,0.95,0.05,0.0,0.4,1.0,1.0,0.95
0.15,0.9688373148809082,1.1224491460105988,0.19213096823051962,1.0643516272173068,0.8605090311986864,3.24846157656999,0.27406134134380855,0.0006436858505836416,0.45196078431372544,0.07411764705882352,1.0,4.06607731697888,0.0,0.1607281812675969,0.8699507389162561,0.6971296296296297,0.8652709359605911,0.17282110928662642,0.004679802955664947,0.2,0.08823529411764708,22.107495465531873,-1.5689773254195127,0.4345571374257603,0.5,0.85,0.9,0.1,0.05,0.4,0.5,1.0,0.9
0.06,1.005275880197052,1.0478953570296947,-0.031230127308365867,1.2617861674057567,0.978494623655914,3.129483272687408,0.4015905726493385,0.00043172052415546927,0.6640070921985816,0.03,1.0,2.9469892156110133,0.0,0.25955731164366813,1.0,0.43996415770609315,0.9838709677419355,0.5600358422939069,0.016129032258064502,0.06360256962075364,0.029532163742690076,20.272384450861246,-1.4713123801232006,0.41836685898480097,1.0,0.9,1.0,0.0,0.0,0.2,1.0,1.0,1.0
0.12,1.0085033722404624,1.1177420206386617,-0.048778510155482846,1.0072530662445591,0.7771072796934867,3.0754526798400073,0.2704996415851506,0.0007287617114435536,0.375,0.06,1.0,3.7949882503616656,0.0,0.14977999162573888,0.8937739463601533,0.4190635097197945,0.7771072796934866,0.4747104366403588,0.1166666666666667,0.1,0.1823529411764705,21.070365057494843,-1.389378121797437,0.546623077492297,0.5,0.85,0.9,0.1,0.2,0.8,0.5,1.0,0.9
0.08,0.9905805882139557,1.0277554702441447,0.07545972688458619,1.0039319629388315,0.8106332138590203,2.2915289663747305,0.26591754227883446,0.004886858946512759,0.4796195652173913,0.04,1.0,2.9954596295982006,0.0,0.16049973758049907,0.8485065710872162,0.5123818833496253,0.8142174432497015,0.33612468773759085,0.0342891278375147,0.1,0.01900584795321658,21.23169668803505,-1.3599161249117344,0.3990893485137587,1.0,0.9,0.9,0.1,0.05,0.2,1.0,1.0,0.9
0.12,0.9780799969199987,1.0904720073429357,0.15274841059543393,1.0587716543319106,0.7685823754789273,2.3375810393113907,0.22236219875140817,0.033435098338869124,0.5331439393939394,0.06,1.0,3.608102067161821,0.0,0.1490607976173184,0.8055555555555555,0.5412515964240102,0.7685823754789273,0.26430395913154525,0.0369731800766282,0.1,0.06078431372549009,22.479495647804427,-1.360443701556301,0.4361140988065473,0.5,0.85,0.9,0.1,0.2,0.8,0.5,1.0,0.9
0.11,1.020436221832998,1.049891159016491,-0.12681945981104942,1.153992232702338,0.9409961685823754,4.6967743877097,0.36166978219772944,3.874943436609607e-05,0.5850357507660878,0.05438202247191011,1.0,3.340469335933715,0.0,0.21348935808297081,0.9888888888888889,0.5750988752935361,0.9484035759897829,0.41379001359535283,0.04048531289910606,0.07652250047505924,0.004901960784313819,21.26982372158755,-1.486440260739977,0.3210473365082304,0.5,0.85,0.95,0.05,0.2,0.75,0.5,1.0,0.95
0.08,1.0121364520934295,1.0241990045739124,-0.06863099472424888,0.5563979723981506,0.7151732377538829,1.4887967059662426,0.22496959338587708,0.0874481589275433,0.43614130434782616,0.04,1.0,2.973152988721014,0.0,0.13471205087545868,0.8586618876941458,0.5864994026284349,0.7097968936678614,0.27216248506571084,0.1488649940262844,0.1,0.17046783625731,20.88698307379254,-1.6640277912816037,0.6570385977070979,0.5,0.8,0.9,0.1,0.1,0.9,0.5,1.0,0.9
0.11,1.0058544195458938,1.0439971790838283,-0.03222618138350339,0.8524040141437988,0.8202745849297574,2.453524797332847,0.250835798074676,0.0047972261996609335,0.4070480081716037,0.05438202247191011,1.0,3.564751247181037,0.0,0.14748894420855882,0.9318007662835249,0.6605706075533662,0.8202745849297574,0.27123015873015877,0.11152618135376757,0.1,0.2542483660130719,22.38754968293469,-1.481553474545398,0.5405502304831822,0.5,0.85,0.9,0.1,0.0,0.4,0.5,1.0,0.9
0.07,1.0074905690290683,1.053487118244121,-0.04052900854011544,0.6821910570214353,0.9193548387096774,1.3583991315006836,0.22552683258596684,0.07453527875938974,0.4934715821812596,0.03462365591397849,1.0,3.1568342195911434,0.0,0.17194373118705547,0.942652329749104,0.621415770609319,0.9193548387096774,0.321236559139785,0.023297491039426577,0.1,0.0871345029239764,21.186836633748403,-1.5644730921037941,0.525763974975209,0.5,0.85,0.9,0.1,0.0,0.2,0.5,1.0,0.9
0.11,1.0148414732213769,1.127782284688618,-0.09770176705427797,0.7696709651541909,0.7680715197956577,2.691896245696558,0.2729775511581611,0.01607504342222924,0.4637385086823289,0.05438202247191011,1.0,3.0844761124571445,0.0,0.13759385405719632,0.8653575989782887,0.7181034482758619,0.7680715197956577,0.14725415070242676,0.09728607918263099,0.4,0.1272875816993464,21.734350071939563,-1.3476489550839843,0.393822861045279,1.0,0.9,0.9,0.1,0.05,0.45,1.0,1.0,0.9
0.13,0.9766500164349005,1.085383547100316,0.15849422241368327,0.21252530174077522,0.864367816091954,1.6760966263616315,0.1948874612759246,0.0194396810714358,0.502210433244916,0.06425287356321839,1.0,3.3606053222006342,0.0,0.17162457440192136,0.8637931034482759,0.3773946360153257,0.864367816091954,0.4863984674329502,-0.0005747126436781436,0.1,0.06013071895424826,22.061294471995957,-1.4615727708287976,0.42736740032179943,0.5,0.85,0.9,0.1,0.05,0.35,0.5,1.0,0.9
0.15,1.0345167220787193,1.135344495573554,-0.18346170093487396,1.2191247279697837,0.927832512315271,4.350619788189765,0.31621934231623283,0.000599447797708883,0.4911764705882353,0.07411764705882352,1.0,3.6888714962145355,0.0,0.17614320218542176,0.9977011494252874,0.47056143445032333,0.9302134646962233,0.5271397149749641,0.06748768472906408,0.07652250047505924,0.10784313725490191,21.5714151873227,-1.562522267408542,0.6484560648192433,0.5,0.8,0.9,0.1,0.1,0.3,0.5,0.8,0.9
0.12,1.0098237192924657,1.0657994430296727,-0.058123548877408907,1.0419700309295654,0.9169540229885058,3.306223896305563,0.2895981523576668,0.0031338019463082473,0.4839015151515152,0.05863636363636364,1.0,3.704338323643391,0.0,0.17816413530920522,0.985632183908046,0.3993658671078026,0.9169540229885058,0.5862663168002433,0.06867816091954015,0.07652250047505924,0.0535947712418301,21.562698433241003,-1.4922380820106391,0.6091552622521916,0.5,0.85,0.95,0.05,0.2,0.75,0.5,1.0,0.95
0.1,1.0231352617165168,1.0590906592149267,-0.13102558680776794,0.7702159670657304,0.8055555555555555,3.0508755734600626,0.301854013030025,0.0018828606025827854,0.513888888888889,0.04888888888888889,1.0,3.3254247707999722,0.0,0.18229756214928555,0.9064814814814816,0.7012586000906356,0.8055555555555555,0.205222881390846,0.10092592592592609,0.2,0.06388888888888888,20.15467974054491,-1.3329124790065205,0.2993480947871813,0.5,0.85,0.9,0.1,0.0,0.4,0.5,0.8,0.9
0.12,1.0203900629236273,1.049964851669778,-0.12139289772723913,1.0268978147447243,0.8826628352490422,3.4276959592640006,0.3052711805573872,0.0015715616906865444,0.48295454545454547,0.06,1.0,3.5632549667321904,0.0,0.17557292688901124,0.9277777777777777,0.39312169312169315,0.8826628352490422,0.5346560846560846,0.04511494252873549,0.07652250047505924,0.11437908496732041,21.06244020762735,-1.5283962274794871,0.3439414160374818,0.5,0.85,0.9,0.1,0.1,0.6,0.5,1.0,0.9
0.08,1.0100957605460326,1.1466471227239945,-0.05615148460374207,0.7487428976584848,0.8222222222222223,2.402333089008171,0.29200063534855836,0.0060607963536212,0.532608695652174,0.04,1.0,2.9862061046277386,0.0,0.18183669808474467,0.9216248506571088,0.0,0.829510155316607,0.0,0.09211469534050176,0.0,0.07266081871345031,21.22365315215676,-1.4897135627309566,0.6021673823562843,1.0,0.9,0.9,0.1,0.0,0.3,1.0,1.0,0.9
0.09,1.0125791113932532,1.071621836278288,-0.06896913366013455,0.8911711009902517,0.8064516129032259,2.3345652682282747,0.28182332177499525,0.03108161447824586,0.4172771672771673,0.04450549450549451,1.0,3.1227156802825657,0.0,0.14156051870461628,0.9890083632019117,0.5852449223416966,0.8064516129032259,0.4037634408602151,0.1825567502986858,0.1,0.16827485380116958,20.22920256843685,-1.5022567347938425,0.5259743045718865,0.5,0.85,0.9,0.1,0.1,0.85,0.5,1.0,0.9
0.08,1.0174918877982493,1.0554021431446667,-0.09598238201373727,1.1883655900543522,0.9377538829151733,3.3460549400277873,0.3580107261251281,0.0002591716275694015,0.5298913043478262,0.04,1.0,3.071876133422525,0.0,0.20319742806662672,0.9888888888888889,0.18581409899888768,0.9377538829151733,0.8030747898900013,0.051135005973715675,0.07652250047505924,0.04269005847953233,21.576150768718495,-1.4671350983065639,0.2819836406510497,0.5,0.75,0.9,0.1,0.1,0.6,0.5,1.0,0.9
0.12,1.017309295928382,1.155129304627636,-0.10682857322139055,1.5196673783549564,0.914080459770115,5.221901972880048,0.3721933154006712,2.2058348115237355e-05,0.5587121212121212,0.06,1.0,3.8144354747982794,0.0,0.19720658485389694,0.9942528735632185,0.4870051085568327,0.914080459770115,0.5072477650063858,0.08017241379310347,0.07652250047505924,0.12516339869281057,21.533661723139765,-1.42558063317915,0.39839355207058796,0.5,0.85,0.9,0.1,0.1,0.85,0.5,1.0,0.9
0.1,1.0109279448875517,1.0474428014932062,-0.07166290492343091,1.1566620248450235,0.8712962962962963,3.5627358612979436,0.32218332569551394,0.0009745200118285305,0.5194444444444445,0.05,1.0,3.322530229835167,0.0,0.19375211740449444,0.9277777777777777,0.36637931034482757,0.8722222222222222,0.5613984674329502,0.05555555555555547,0.1,0.02499999999999991,20.847669501896963,-1.4551154126001677,0.5735567610147991,0.5,0.85,0.9,0.1,0.1,0.6,0.5,0.8,0.9
0.03,1.0023166104956094,1.0,-0.01253569139083656,0.8448856350867996,0.7758838383838383,1.0916190064153646,0.29229270539248364,0.1790217775152071,0.4974226804123711,0.014845360824742268,1.0,1.82158527596488,0.0,0.1769836677734403,0.5,0.5,0.5,0.0,0.0,1.0,0.0,0.0,-1.5139629540608683,0.521643529385708,0.0,0.9,0.1,0.85,0.0,0.15,0.0,1.0,0.1
0.1,1.0056720192570594,1.0601760141699967,-0.033117245551553265,1.1667099349240928,0.8842592592592594,3.4432432236007453,0.3375600007962141,0.0007768368756389118,0.5194444444444445,0.05,1.0,3.2331573874585193,0.0,0.2117627518069643,0.9657407407407407,0.19518849206349206,0.8842592592592594,0.7705522486772486,0.08148148148148127,0.1,0.08333333333333326,21.513437127637676,-1.6008989639090578,0.6457087630437244,0.5,0.85,0.9,0.1,0.05,0.5,0.5,1.0,0.9
0.13,1.026745144940739,1.1687945787697425,-0.1413292955829749,1.0757413083332965,0.8350574712643679,3.870356430399237,0.327765185890031,0.00023821302706878274,0.4564544650751547,0.06425287356321839,1.0,4.006183403022568,0.0,0.15528867834133467,0.9339080459770116,0.38406938044034816,0.8350574712643679,0.5498386655366634,0.09885057471264369,0.07652250047505924,0.09705882352941175,22.06461035323229,-1.5365884466779056,0.42736740032179943,1.0,0.85,0.95,0.05,0.05,0.45,1.0,1.0,0.95
0.11,1.0168992124136493,1.044910213235956,-0.09694341833997877,1.153252932180846,0.9008301404853128,4.279859296798646,0.3524850128920693,3.355381665239645e-05,0.5234933605720122,0.05438202247191011,1.0,3.6714386192235926,0.0,0.2171713679178835,0.9888888888888889,0.411774191467678,0.9008301404853128,0.5771146974212109,0.08805874840357608,0.07652250047505924,0.08366013071895428,21.557272508938023,-1.4360958719449546,0.5599260307517618,1.0,0.9,0.9,0.1,0.05,0.6,1.0,0.8,0.9
0.1,1.0192837430937998,1.0453073660560774,-0.1039769787298454,1.297155443941112,0.8972222222222221,3.97962932118653,0.3717360249278785,0.0009165708480334565,0.5361111111111111,0.05,1.0,3.0842926635889665,0.0,0.20439076411399704,0.9657407407407407,0.45619154508043397,0.8972222222222221,0.5095491956603067,0.06851851851851853,0.1,0.07222222222222219,21.849167628211667,-1.4512261533273638,0.3170520754166312,0.5,0.85,0.9,0.1,0.0,0.3,0.5,1.0,0.9
0.08,1.0129217504706214,1.0094595460299307,-0.07407771448445467,1.1400140991221561,0.8825567502986859,1.9807759444344804,0.2611929730149739,0.08745100868495488,0.5230978260869565,0.0391304347826087,1.0,2.8699467746314227,0.0,0.17926393654598272,0.9782556750298687,0.5162101408972933,0.8789725209080048,0.4620455341325753,0.09928315412186384,0.1,0.06944444444444464,21.61529997278495,-1.6001939855124983,0.6021673823562843,0.5,0.8,0.9,0.1,0.05,0.9,0.5,0.8,0.9
0.06,1.0137694125790455,1.0263515662312652,-0.07298969337739525,1.2708280583972795,0.9094422043010754,2.860397137618314,0.38297870161043307,0.002596459742724458,0.5292553191489362,0.03,1.0,2.640832905063051,0.0,0.2178388127801147,0.989247311827957,0.40400985663082434,0.919858870967742,0.5852374551971327,0.069388440860215,0.07652250047505924,0.10584795321637419,21.004785913561538,-1.5006971176064543,0.32892817729348817,0.5,0.85,0.9,0.1,0.05,0.95,0.5,1.0,0.9
0.12,1.0194942921989771,1.0872050614990825,-0.11475359169666213,0.9240503212004645,0.8745210727969349,4.130277278855929,0.32882943318981434,0.0001625618107639278,0.5321969696969697,0.06,1.0,3.339425007867082,0.0,0.19731110778119787,0.9712643678160919,0.5854308571023131,0.8717432950191571,0.3858335107137788,0.09952107279693478,0.1,0.030718954248365904,22.165781706087973,-1.533629618653406,0.39839355207058796,0.5,0.85,0.9,0.1,0.0,0.35,0.5,1.0,0.9
0.19,1.0334180882096227,1.12696166630511,-0.1898985035841553,1.1818937350696117,0.8994708994708995,5.539547785259505,0.3388855798968911,5.009919881506759e-05,0.46539961013645226,0.09382716049382717,1.0,4.466843544942047,0.0,0.1997659806383046,0.9917695473251028,0.5977196671641116,0.8974132863021752,0.3940498801609912,0.0943562610229276,0.07652250047505924,0.09062499999999996,22.715995757095232,-1.5741603683084886,0.4177736920237273,0.5,0.8,0.9,0.1,0.05,0.9,0.5,1.0,0.9
0.13,1.01789266094281,1.12390148302935,-0.1192023618422387,0.9864876533089878,0.943103448275862,6.148863372790693,0.392561580491871,4.838121937682694e-07,0.6573828470380194,0.06425287356321839,1.0,3.8152447449910167,0.0067074787384627564,0.27553997270240643,0.9655172413793104,0.3189655172413793,0.9454022988505747,0.646551724137931,0.02011494252873569,0.07652250047505924,0.011437908496731986,21.067461593354146,-1.328720322796793,0.5520375340159691,1.0,0.85,1.0,0.0,0.05,0.65,1.0,0.6,1.0
0.12,1.0160823320646237,1.0436219363279857,-0.08654691121166096,1.0848942595994975,0.828735632183908,3.280095454417677,0.2998523722986757,0.0008658766408346374,0.40056818181818177,0.06,1.0,3.1840657873670106,0.0,0.1611950348978481,0.9511494252873564,0.47013888888888894,0.8230842911877394,0.4810105363984674,0.12806513409961695,0.07652250047505924,0.2078431372549019,21.37737282767062,-1.6279556010595162,0.6592194573624516,0.5,0.8,0.9,0.1,0.1,0.6,0.5,1.0,0.9
0.07,1.0088356071361015,1.0353696687430742,-0.05336874060213989,1.1276747355686874,0.939068100358423,2.03583965859977,0.27362447803645784,0.024055412876378784,0.6171274961597543,0.03462365591397849,1.0,3.0952122312536527,0.004754173158385596,0.19243229556880595,0.989247311827957,0.4487554112554113,0.935483870967742,0.5404919005725457,0.053763440860215006,0.07652250047505924,0.04327485380116969,20.821190712570168,-1.380754242224226,0.5070122347109537,0.5,0.8,0.9,0.1,0.05,0.85,0.5,1.0,0.9
0.11,1.0115995998104417,1.1000677630337257,-0.06517998111405146,1.4842450925296637,0.7632503192848019,3.1016234688619475,0.30852213228235786,0.00479646705756059,0.424923391215526,0.05438202247191011,1.0,3.0191449164947985,0.006096556697510969,0.12461159134000527,0.9771072796934867,0.2281490015360983,0.7518518518518519,0.7489582781573884,0.22525542784163477,0.1,0.13300653594771228,21.49644354302306,-1.5267346437369942,0.6028234595139389,0.5,0.85,0.9,0.1,0.05,0.85,0.5,1.0,0.9
0.13,1.0331358855602313,1.0803510149036197,-0.16400851546052625,0.971767105858932,0.8333333333333334,3.774610950749416,0.32306988224994876,0.0002581417296422441,0.46286472148541113,0.06425287356321839,1.0,3.5721764398373472,0.0,0.19059614524968965,0.9655172413793104,0.42413793103448283,0.8304597701149424,0.5413793103448276,0.13505747126436796,0.07652250047505924,0.17418300653594765,21.58553614180188,-1.6634298575324462,0.36819677272583,0.5,0.85,0.9,0.1,0.05,0.4,0.5,1.0,0.9
0.08,1.013824597309796,1.0602242785644098,-0.07753874360216892,1.0588677577670242,0.8160095579450419,2.8752827186607046,0.32829389394362474,0.0038434748393385426,0.5081521739130435,0.04,1.0,2.721223484377302,0.0,0.1711887295846263,0.9909199522102748,0.38449074074074074,0.8160095579450419,0.6064292114695341,0.17491039426523292,0.1,0.054970760233918226,21.2494333740998,-1.5544641749531316,0.34435689770027694,0.5,0.85,0.9,0.1,0.0,0.3,0.5,1.0,0.9
0.11,1.026398797480892,1.1058645683374146,-0.147293428236977,0.9703440925934569,0.8247765006385697,3.475685235065097,0.3155912319180198,0.0010888531183060955,0.46450459652706844,0.05438202247191011,1.0,3.440758279168378,0.006096410032848286,0.1573878394679794,0.9772988505747127,0.4456803856136448,0.8247765006385697,0.5316184649610678,0.152522349936143,0.1,0.13431372549019593,19.818490482404812,-1.3417271581149761,0.3712531625083437,1.0,0.85,0.9,0.2,0.05,0.95,0.5,1.0,0.85
0.09,1.0087583229083232,1.0742410449333417,-0.05024230738989573,1.019604431584065,0.9377538829151733,3.8235981831714008,0.3780444828889614,0.00011886038344510984,0.5885225885225885,0.04450549450549451,1.0,2.5839418443058397,0.0,0.2523010750750442,0.9853046594982079,0.24228590629800306,0.9340501792114696,0.7430187532002048,0.05125448028673829,0.1,0.0,21.981705653260832,-1.6562066471270576,0.6663169285155628,1.0,0.9,1.0,0.0,0.0,0.3,1.0,1.0,1.0
0.08,1.0148044487183754,1.0363879404156744,-0.08031854922051575,0.8492978482902096,0.8728793309438471,2.12682012131978,0.2828623497755072,0.036039680940288296,0.5135869565217391,0.04,1.0,2.31475213231111,0.0,0.1705703828029947,0.9458781362007169,0.43393729925987995,0.8765830346475507,0.5119408369408369,0.0692951015531662,0.1,0.07543859649122808,21.060759076888854,-1.5765461243144345,0.6570385977070979,0.5,0.85,0.9,0.1,0.0,0.3,0.5,1.0,0.9
0.09,1.0158923546414245,1.0623744002175575,-0.08750994915874044,1.0561609585691032,0.848626045400239,3.2769558087132205,0.3387145820859278,0.0028714997262534654,0.44078144078144077,0.04450549450549451,1.0,3.3128393106349625,0.0,0.18219615908215706,1.0,0.5891273041474655,0.848626045400239,0.4108726958525345,0.151373954599761,0.06360256962075364,0.10116959064327491,20.536053564079978,-1.4911360153506152,0.3608588768821253,0.5,0.85,0.9,0.1,0.1,0.6,0.5,0.8,0.9
0.11,1.0093733293166298,1.067850570078995,-0.050050956033790575,1.0877006941886362,0.9282247765006386,3.5412791917562947,0.33946243672431664,0.0008435006704771503,0.5431562819203268,0.05438202247191011,1.0,3.702517511781159,0.0,0.20875981259298845,0.9849936143039592,0.5348020434227331,0.9282247765006386,0.4501915708812261,0.05676883780332054,0.1,0.0444444444444444,22.154736616266263,-1.6791767719414217,0.7132195624802483,0.5,0.8,0.9,0.1,0.05,0.85,0.5,0.8,0.9
0.12,1.0169573800447498,1.086383917858775,-0.10345182889743926,0.830043265531829,0.89272030651341,2.9479110113820703,0.2638918568960764,0.0019514445590069636,0.42140151515151514,0.06,1.0,3.6973971035825857,0.0,0.14579807323925933,0.9748084291187741,0.3833926290822842,0.8955938697318008,0.5914158000364899,0.0792145593869733,0.1,0.1330065359477125,21.307808238775163,-1.4945046196925151,0.3867429059478012,1.0,0.9,1.0,0.0,0.0,0.3,1.0,1.0,1.0
0.12,0.9990025924685102,1.0382703889300628,0.010749529318088119,1.2382414332464147,0.9063218390804598,3.230814271507542,0.28474062216746987,0.002457860473943414,0.46780303030303033,0.06,1.0,3.7274029143596015,0.0,0.1745590766472552,0.9517241379310345,0.3735632183908046,0.9035440613026821,0.57816091954023,0.04818007662835244,0.1,0.1473856209150327,22.79729953533903,-1.5866954647324598,0.6592194573624516,0.5,0.85,0.9,0.1,0.0,0.3,0.5,1.0,0.9
0.06,1.0274166589181892,1.789245863793766,-0.1513166423400314,0.4123659549889301,0.7169018817204301,0.2361605814576601,-0.03881278538812785,0.6949069854850075,0.30407801418439717,0.029361702127659574,1.0,3.0727583461727654,0.052902737558866035,0.07688904368105562,0.7437836021505376,0.8018898664059954,0.7330309139784946,-0.05810626425545773,0.010752688172043001,0.4,0.13157894736842102,14.329389009866656,16.158642915344508,0.013995009772246018,0.5,0.85,0.2,0.8,0.0,0.9,1.0,0.8,0.2
0.11,1.0326204779968315,1.8277187843280844,-0.35325644651195987,0.11418131472612744,0.3528416347381864,0.2657262096375167,0.036464382162396614,0.6592817979974264,0.1751787538304392,0.050674157303370784,1.0,3.0960206673111763,0.04928057653092357,0.036478890583972017,0.31273946360153254,0.435761957730812,0.34636015325670494,-0.12302249412927946,-0.0336206896551724,0.4,0.4609477124183006,16.502970945347098,30.36391453109426,0.010253060045812947,1.0,0.9,0.4,0.6,0.05,0.3,1.0,1.0,0.4
0.09,1.018585581931819,1.004099268779082,-0.353191899636089,0.0872854009162953,0.35471923536439665,0.12909621603941032,0.02192784384565205,0.7449085770598927,0.17887667887667885,0.04351648351648352,1.0,2.8185503254012945,0.02741401297058144,0.034265047315142946,0.3732377538829152,0.3534562211981567,0.35842293906810035,0.019781532684758518,0.014814814814814836,0.4,0.37163742690058477,15.203103127037306,55.548704467768104,0.0063009477713713204,0.5,0.75,0.85,0.65,0.1,0.9,1.0,1.0,0.3
0.13,1.036055930199483,1.025843780135004,-0.475458400391771,0.171934400556569,0.6275862068965518,0.1450114767057153,0.01930646899943078,0.9468548170863412,0.1885499557913351,0.05528735632183908,1.0,3.7088081828548236,0.027288454543180803,0.03993462773964158,0.6471264367816092,0.6472359058565955,0.6275862068965518,-0.00010946907498632363,0.019540229885057436,0.7,0.22238562091503267,16.715122694492813,46.76408678248723,0.01099050399403159,1.0,0.9,0.1,0.8,0.05,0.15,1.0,1.0,0.2
0.08,1.0213501030499395,1.0317998728005087,-0.28369792492714474,0.5850815961846939,0.5240143369175627,1.6358571550377503,0.15768314472900535,0.03271645202939312,0.3451086956521739,0.034782608695652174,1.0,2.820891659198715,0.03103277157538069,0.09257525658245154,0.5439665471923537,0.6275388291517324,0.5240143369175627,-0.08357228195937871,0.019952210274790994,0.4,0.15087719298245617,17.05966656653245,47.92812348800394,0.012220955311766502,1.0,0.9,0.95,0.05,0.05,0.45,1.0,1.0,0.95
0.14,1.061278060309053,1.1259022478861624,-0.39200830028227873,0.0015731821472381854,0.493431855500821,0.12986829242195783,0.017202930869703648,0.9524362007193788,0.17815614617940198,0.07,1.0,3.6995978487884305,0.0,0.048479720949570294,0.5109195402298851,0.47665471923536434,0.5003284072249591,0.03426482099452072,0.010591133004925979,0.7,0.42647058823529416,16.623266892992255,19.06376644984433,0.019143156754027835,1.0,0.85,0.1,0.8,0.0,0.3,1.0,1.0,0.2
0.07,1.0342515452589445,1.0125161192444811,-0.17308000919029531,0.44537451235936454,0.6774193548387096,1.224027897006869,0.14319382193885066,0.07117261749108661,0.3371735791090629,0.03236559139784946,1.0,2.8347794234738624,0.04817176521068148,0.08638769708942498,0.6810035842293907,0.371968339307049,0.6810035842293907,0.3090352449223417,0.0,0.2,0.24502923976608182,15.91127803200108,15.522011872624002,0.014690200858710024,0.5,0.85,0.8,0.7,0.05,0.85,1.0,1.0,0.8
0.08,1.0192055657925403,1.0,-0.10745038515000349,0.1329010713243115,0.5734169653524491,0.3374343684881766,0.0460095294818344,0.6470804223379161,0.1983695652173913,0.036521739130434785,1.0,3.2124531932125175,0.031016554765433187,0.04840868711643726,0.6146953405017922,0.7833333333333333,0.5734169653524491,-0.16863799283154113,0.04127837514934307,0.2,0.37017543859649105,18.315604780228412,1.1027766958910714,0.3345676608134979,1.0,0.9,0.2,0.8,0.1,0.6,1.0,1.0,0.2
0.16,1.074398348472554,1.2957545948744498,-0.4671772838678496,0.09329379161477247,0.2996031746031746,0.1346490608477638,-0.018468688845401204,0.720765793867128,0.11607142857142858,0.0761904761904762,1.0,4.093784191226189,0.05367193138099238,0.01887245101701177,0.3662698412698413,0.4593621399176955,0.2996031746031746,-0.09309229864785418,0.06666666666666671,0.7,0.45569852941176464,16.472416379398247,24.548545523212987,0.028877850745210015,1.0,0.85,0.1,0.85,0.05,0.2,1.0,1.0,0.1
0.12,1.0408636657676904,1.0869071644803223,-0.37697080888535517,0.9907726848772301,0.7795977011494252,2.5612732156321516,0.18674761311747617,0.007001911320050913,0.24715909090909088,0.053181818181818184,1.0,3.6551013220200512,0.0064447475276257285,0.06381162875230881,0.7681034482758621,0.26478582905167997,0.7824712643678161,0.5033176192241822,-0.014367816091954033,0.1,0.14869281045751637,15.864232516356795,28.37450328884386,0.017901333662634997,0.5,0.85,0.9,0.75,0.0,0.9,1.0,0.8,0.3
0.16,1.0663771356625291,1.1240736582079487,-0.4827896165504022,0.3086600032000795,0.725,0.18289369637360417,-0.023116438356164337,0.7633606121781213,0.17857142857142855,0.06666666666666667,1.0,3.78460985658163,0.02315121865709572,0.04448191259669101,0.7317460317460318,0.3063186813186813,0.725,0.4254273504273505,0.006746031746031833,0.1,0.27879901960784303,14.948106347266764,24.801773087111258,0.028877850745210015,1.0,0.85,0.2,0.8,0.0,0.2,1.0,1.0,0.3
0.08,1.0249349058797115,1.0902556562933914,-0.2395279483755628,0.06248003840587796,0.4524492234169653,0.04913302529352581,-0.009976176295413974,0.8586964223813978,0.16983695652173914,0.0391304347826087,1.0,3.02810923536973,0.05670671152648846,0.02704761550242494,0.4866188769414575,0.2608616054875788,0.45603345280764634,0.2257572714538787,0.030585424133811157,0.1,0.3580409356725146,15.066959306235413,28.24453255130932,0.01853243243477939,1.0,0.85,0.9,0.1,0.05,0.1,1.0,1.0,0.9
0.09,1.0408025935002394,1.012724117987276,-0.23322661548207346,0.35837029649087354,0.3211469534050179,0.59029586703341,0.07031628949437174,0.40895681376703164,0.1862026862026862,0.04153846153846154,1.0,2.8436370928890695,0.005482069478828718,0.03450864564932002,0.3504181600955794,0.4180203533026114,0.3139784946236559,-0.06760219320703198,0.03643966547192351,1.0,0.38918128654970763,15.818648092466244,18.14501599022066,0.029469594224053663,0.5,0.85,0.9,0.7,0.05,0.85,1.0,1.0,0.4
0.11,1.0390193876590554,1.1003309888291264,-0.3424810282395674,0.18921807409187455,0.42531928480204345,0.2837041852758008,0.038703177690402574,0.4872506689892766,0.12078651685393257,0.04943820224719101,1.0,3.6634734296309257,0.02462434139804886,0.02843622607227784,0.4763729246487867,0.6651323891625616,0.42531928480204345,-0.18875946451377484,0.05105363984674327,0.2,0.6081699346405229,16.739165529000367,28.863301980703625,0.01374577291870662,1.0,0.9,0.4,0.6,0.0,0.15,1.0,1.0,0.4
0.1,1.032274988353755,1.0398380605596005,-0.3150251386034757,0.1676597351212773,0.28425925925925927,0.255902075103732,0.04277016742770168,0.35471384821324947,0.17777777777777778,0.04111111111111111,1.0,3.6786686493066725,0.0,0.0349244303388139,0.3324074074074074,0.5981481481481481,0.28425925925925927,-0.2657407407407407,0.04814814814814811,0.1,0.36944444444444446,15.855820369443597,37.76330873433609,0.02356831688098055,1.0,0.9,0.1,0.8,0.05,0.2,1.0,1.0,0.2
0.13,1.0316887012198042,3.5572549019607806,-0.534763261835776,0.062194391889243944,0.6824712643678161,0.03236495366777954,0.005619950825430264,0.8495429241405985,0.20512820512820512,0.05080459770114942,1.0,3.8786885671328983,0.04145701886514458,0.044099641164557876,0.6971264367816091,0.4777342909588615,0.6824712643678161,0.21939214582274763,0.014655172413792994,0.2,0.29199346405228754,13.289540984767985,57.112383105901536,0.0036236906720344066,0.5,0.85,0.9,0.7,0.05,0.85,1.0,0.8,0.4
0.1,1.0138841706614323,1.019382835101253,-0.08297173400395014,0.03333572019411034,0.40185185185185185,0.006399026044784079,0.001065449010654529,0.8766523240919252,0.1472222222222222,0.042222222222222223,1.0,3.2620843504089163,0.01761366109874728,0.023309940367670375,0.41111111111111115,0.46551415152638737,0.40185185185185185,-0.054403040415276216,0.0092592592592593,0.7,0.5888888888888888,18.4860955318212,-1.3561058320451695,0.36640437474231075,1.0,0.9,0.9,0.1,0.05,0.15,1.0,1.0,0.9
0.11,1.0603744088675913,1.2502937720329028,-0.2561350666333073,0.07588111827154527,0.4935823754789272,0.18662153229500422,0.023885149789413418,0.8643290747853173,0.16547497446373852,0.04943820224719101,1.0,3.1328161783953807,0.05591038708688566,0.0253996627103996,0.5480523627075351,0.4294030404152762,0.5019157088122607,0.11864932229225889,0.04613665389527444,0.1,0.3936274509803923,14.954446299963324,11.104399802737497,0.024460882816958726,1.0,0.9,0.0,0.9,0.05,0.2,1.0,1.0,0.0
0.1,1.0150030820797078,1.166236003445306,-0.12274538873998697,0.1383943513201976,0.43703703703703706,0.5550465807685271,0.07108066971080668,0.34578583174932387,0.26944444444444443,0.044444444444444446,1.0,3.5882505251178825,0.0468915615789163,0.08236072501825925,0.425,0.5352325629300045,0.4333333333333333,-0.11023256293000455,-0.008333333333333304,0.4,0.25555555555555554,16.781926308435416,1.8468782996259598,0.36640437474231075,1.0,0.85,0.1,0.8,0.05,0.2,1.0,1.0,0.5
0.13,1.040245523388251,1.026790750141004,-0.46649849862676707,0.09572667096737203,0.4836206896551724,0.18347671673437435,0.026440415198091205,0.5693162200598043,0.18877099911582673,0.06275862068965517,1.0,3.5857554181441533,0.033929702919138174,0.038825484204558364,0.5339080459770115,0.6968253968253969,0.4905172413793104,-0.16291735084838543,0.04339080459770106,0.1,0.38398692810457513,18.207983344101255,45.55666519946486,0.01099050399403159,1.0,0.85,0.1,0.8,0.05,0.15,1.0,1.0,0.1
0.13,1.0342804535347625,1.1274114903540384,-0.4865340228852322,0.2027669903425364,0.38563218390804604,0.3689687078376461,0.04296113271077845,0.6778773432606331,0.15716180371352784,0.05528735632183908,1.0,3.590079104279724,0.034122260983818375,0.030864323067744344,0.41494252873563225,0.566051736889705,0.3850574712643678,-0.15110920815407275,0.029885057471264465,0.1,0.26797385620915015,15.541767771978714,48.29499383987617,0.01099050399403159,1.0,0.85,0.1,0.8,0.05,0.85,1.0,1.0,0.1
0.07,1.011669480386922,2.373966391037611,-0.27717892268503164,0.07758689969011455,0.13261648745519714,0.04711438216344822,-0.009405971845211747,0.7252154006101017,0.19508448540706605,0.03462365591397849,1.0,2.6964001619774782,0.0718834279969916,0.025940149385706594,0.12365591397849461,0.7377873563218391,0.13261648745519714,-0.6141314423433445,-0.008960573476702524,0.1,0.5353801169590642,14.98152376508361,59.0332779614907,0.002876122205560438,0.5,0.7,0.2,0.8,0.15,0.95,1.0,0.8,0.2
0.12,1.0245056257112506,1.2094704921856785,-0.168157334571865,0.2669002898674683,0.464463601532567,0.3067706574388228,0.03699667911996679,0.534555428941266,0.18844696969696967,0.04909090909090909,1.0,3.5425883559316227,0.019540793733772575,0.04342268475707811,0.4649425287356322,0.37203065134099617,0.47021072796934865,0.09291187739463602,-0.005268199233716464,0.4,0.4728758169934639,16.954414939962028,1.9722908365133947,0.2973518888443784,1.0,0.85,0.1,0.8,0.05,0.95,1.0,1.0,0.2
0.15,1.032405046373169,2.100615621392843,-0.21871912425970175,0.49903238405186146,0.4783251231527093,1.273589416818552,0.09938221864088098,0.10160436660776162,0.15294117647058825,0.07411764705882352,1.0,3.7560027580392688,0.03666721352828332,0.0542882855987495,0.5424466338259442,0.524265138154027,0.4807060755336618,0.01818149567191718,0.061740558292282366,1.0,0.43137254901960775,21.903086617685947,1.909810749282438,0.21569378145112791,1.0,0.9,0.1,0.8,0.05,0.9,1.0,1.0,0.4
0.09,1.0233762857462123,1.1297174675190758,-0.314192162422267,0.1710525303997016,0.4980884109916368,0.2074142789671687,0.03276632043755334,0.6085664349904261,0.18864468864468864,0.03956043956043956,1.0,3.3324798498421417,0.03864422093377793,0.03237468652561877,0.5491039426523298,0.5646671455938698,0.4980884109916368,-0.01556320294154001,0.05101553166069295,1.0,0.30409356725146197,15.660540556219845,45.75599772177172,0.01273835594725236,0.5,0.85,0.9,0.8,0.05,0.95,1.0,1.0,0.4
0.14,1.0519930814741996,1.1229520151684573,-0.42746783850074443,0.23209417041497338,0.5930623973727422,0.34427457432244124,-0.039867109634551534,0.22909072126444407,0.19102990033222592,0.07,1.0,4.008675655923432,0.0,0.04033449464631246,0.6438423645320196,0.5475820674745406,0.5953612479474548,0.09626029705747896,0.048481116584564776,0.4,0.39150326797385626,18.128398203561176,26.132413540341815,0.019143156754027835,1.0,0.85,0.2,0.8,0.0,0.9,1.0,1.0,0.2
0.08,1.0173073016650578,1.006700206883581,-0.10286391991478361,0.27657915767260793,0.6708482676224611,0.2699639681241166,-0.04653067301965458,0.5890478814136206,0.2622282608695652,0.035652173913043476,1.0,3.2313705688399232,0.010297510354849606,0.06168703030073532,0.7031063321385901,0.0,0.6726403823178018,0.0,0.03046594982078832,0.0,0.3067251461988305,19.71906430538809,1.1310216264429291,0.4114230576902744,1.0,0.9,0.1,0.85,0.05,0.2,1.0,1.0,0.1
0.1,1.0306885740675698,1.2125726744186043,-0.14971051554259807,0.2721048240564298,0.4092592592592592,0.6302345609344097,-0.07290715372907158,0.15729297112446913,0.2138888888888889,0.04777777777777778,1.0,3.05024793383584,0.04699543058473645,0.049481425329761936,0.4861111111111111,0.33737871324078217,0.40185185185185185,0.14873239787032894,0.08425925925925926,0.2,0.40555555555555556,19.044141817268006,0.8491783564146833,0.46711329350609143,1.0,0.9,0.1,0.85,0.05,0.65,1.0,1.0,0.1
0.13,1.0342274674312733,1.1404316090130118,-0.49688276623119076,0.07547984650253525,0.3054597701149426,0.08688007060172807,-0.013541174618170448,0.8777312551478793,0.16224580017683465,0.05528735632183908,1.0,3.76165556945582,0.013624551104719032,0.005651479323532382,0.35517241379310344,0.6527777777777778,0.30833333333333335,-0.29760536398467435,0.04683908045977009,0.1,0.35735294117647054,9.321155840611617,50.53040008256094,0.00728690100458299,1.0,0.85,0.1,0.9,0.0,0.2,1.0,1.0,0.1
0.1,1.0325241109670815,1.0211635003445225,-0.3218924605037863,0.27959700263397536,0.55,0.5967996584174994,0.07473363774733638,0.26716627679086913,0.2277777777777778,0.03888888888888889,1.0,3.1750882155112614,0.005900509117300832,0.054146677650102316,0.5324074074074073,0.5186596218020022,0.55,0.013747785605405127,-0.017592592592592715,1.0,0.2916666666666665,15.588109741560706,39.81370076247918,0.020088712482547868,1.0,0.85,0.1,0.9,0.0,0.9,1.0,1.0,0.1
0.08,1.017107842090462,1.7248941900731045,-0.3214247258244205,0.22981640452051552,0.6487455197132617,0.04570542292350193,-0.009529481834425257,0.5586742547553909,0.26358695652173914,0.03130434782608696,1.0,3.1338367851824653,0.020857112704270923,0.04152915793613911,0.6433691756272402,0.6193287037037036,0.6487455197132617,0.024040471923536533,-0.005376344086021501,0.7,0.15687134502923972,13.606895537424888,59.4717649139792,0.003006766470599183,1.0,0.9,0.1,0.85,0.0,0.2,1.0,1.0,0.1
0.12,1.0406160556085595,1.091634422948632,-0.37695449720671803,0.5403429275352312,0.5337164750957855,0.5938898186611908,-0.07103569946035701,0.3184339503973682,0.14393939393939395,0.05590909090909091,1.0,3.608290101736583,0.045295019272459984,0.05085151679696689,0.5200191570881226,0.4665117326129562,0.5337164750957855,0.05350742447516643,-0.013697318007662829,0.7,0.3720588235294118,16.42691816178017,28.634550111657322,0.01424170223021536,1.0,0.9,0.1,0.85,0.05,0.9,1.0,1.0,0.4
0.08,1.0235442816073783,1.0166696177876697,-0.2858132286273989,0.6336766252006081,0.48076463560334526,0.9985228646491389,-0.10594103633114949,0.0871603231797,0.20108695652173914,0.035652173913043476,1.0,2.990415021422912,0.03627527367645694,0.03442321269232478,0.4835125448028674,0.5118876941457586,0.45221027479091996,-0.02837514934289126,0.03130227001194741,0.6579050194284821,0.3070175438596492,14.335139506284264,50.08193114408509,0.009116550359079559,0.5,0.8,0.9,0.8,0.05,0.95,1.0,1.0,0.3
0.06,1.0212919426203055,1.0790835579514821,-0.16824835557867868,0.4214515471454814,0.3686155913978495,0.768519922070918,0.11002623141941131,0.2858641046113991,0.26595744680851063,0.03,1.0,2.1780554119502527,0.0,0.0717163306892458,0.3874327956989247,0.3345094086021505,0.373991935483871,0.05292338709677419,0.013440860215053696,0.7,0.36286549707602334,16.77727543751026,22.424070668312282,0.008307763223414297,1.0,0.9,0.1,0.8,0.05,0.65,1.0,1.0,0.2
0.1,1.0264450612931801,1.3599358974358973,-0.3986983300297888,0.013790494964083293,0.5435185185185184,0.04842219775922709,0.008523592085235898,0.8047816553316831,0.2,0.04111111111111111,1.0,3.215330693563386,0.029444753157941466,0.029161568409122193,0.5703703703703704,0.4256838874469575,0.5435185185185184,0.1446864829234129,0.026851851851852016,0.37582508748869836,0.4222222222222222,12.953566510331909,57.98546385512614,0.003258245450886286,1.0,0.9,0.1,0.9,0.05,0.3,1.0,1.0,0.1
0.1,1.0418578776225236,1.0626311057836382,-0.28161284627965877,0.2406862477100651,0.41944444444444445,0.29438666411776615,-0.0404870624048706,0.3884030118881432,0.1527777777777778,0.043333333333333335,1.0,3.502115214508701,0.023393901056973778,0.02088109753912098,0.4398148148148149,0.4894306431013884,0.4222222222222222,-0.049615828286573516,0.01759259259259266,1.0,0.15000000000000002,16.098121964632487,24.853205155423765,0.027087775377948688,1.0,0.85,0.1,0.8,0.1,0.95,1.0,1.0,0.1
0.1,1.0253814878097383,2.779041483137204,-0.3595782298483927,0.010190872847571433,0.337037037037037,0.08922364733039562,-0.013850837138508376,0.6958670481770068,0.15555555555555553,0.04555555555555556,1.0,3.412565223339422,0.058626598900698566,0.027948464270382077,0.3453703703703703,0.5894777265745008,0.337037037037037,-0.2441073562041305,0.008333333333333304,0.4,0.5138888888888888,13.687669589497562,47.09572960341665,0.013245521950366192,0.5,0.75,0.9,0.2,0.1,0.9,1.0,1.0,0.85
0.09,1.0380426402332823,1.047134121677888,-0.24058401822556874,0.03705316128486462,0.5364396654719236,0.1538378220434035,0.025707929817518904,0.8002029693099697,0.1846764346764347,0.03857142857142857,1.0,3.088043559081656,0.022048330688200845,0.04251682348142647,0.5692951015531661,0.5978556420714374,0.54026284348865,-0.028560540518271282,0.029032258064516148,1.0,0.4590643274853802,15.859590584975571,19.19572027406366,0.022663670226130587,1.0,0.9,0.95,0.05,0.0,0.2,1.0,1.0,0.95
0.06,1.0190723156069275,1.0803080308030801,-0.18461495713069986,0.3557492148962763,0.3734879032258065,0.29095284028433344,-0.05392013990090355,0.5418806662100137,0.276595744680851,0.02553191489361702,1.0,2.733842848663772,0.017701423352782096,0.035979390145553694,0.4002016129032258,0.244759422178777,0.3682795698924732,0.15544219072444881,0.03192204301075263,0.2,0.1657894736842106,14.86143072206484,30.741144335096408,0.011136087289302848,1.0,0.9,0.1,0.85,0.0,0.2,1.0,1.0,0.1
0.1,1.0392547958453053,1.1055888223552899,-0.27252131487226805,0.13112900944064632,0.14166666666666664,0.2503660239311596,0.03546423135464227,0.6290796477666991,0.17222222222222222,0.04777777777777778,1.0,3.2544198311735,0.06417517846418648,0.04807700033531732,0.18703703703703703,0.5975682753460531,0.14907407407407405,-0.41053123830901606,0.037962962962962976,0.1,0.7222222222222222,16.157721003937006,19.495326583287383,0.020088712482547868,1.0,0.85,0.1,0.9,0.05,0.3,1.0,1.0,0.1
0.1,1.015073033121112,1.2065443369791196,-0.08909654961839714,0.4691264608721291,0.42407407407407405,1.4017458310746707,0.12237442922374431,0.08996728282748888,0.24444444444444444,0.04777777777777778,1.0,3.357323120503489,0.02338102079439648,0.06529068271729721,0.4537037037037037,0.5057656655543196,0.4314814814814814,-0.052061961850615845,0.02222222222222231,0.7,0.28055555555555556,17.744233145519313,-0.24134374840889272,0.40037520225844053,0.5,0.85,0.9,0.6,0.1,0.85,1.0,1.0,0.7
0.08,1.0334636130540003,1.0189655172413792,-0.21487079392334163,0.6787229460771289,0.6635603345280764,0.8620882923290718,-0.10192078618225134,0.06523818689427613,0.22282608695652173,0.036521739130434785,1.0,3.4581633328441765,0.041370665713517794,0.05040480351209528,0.7066905615292711,0.7241338112305854,0.654599761051374,-0.01744324970131428,0.05209080047789716,1.0,0.16067251461988297,15.883125803599928,19.84403616852661,0.01853243243477939,1.0,0.9,0.2,0.8,0.05,0.9,1.0,1.0,0.2
0.13,1.0399044268798965,2.2597802197802204,-0.41309501674052473,0.7579192217004539,0.6459770114942528,1.3856091031451543,-0.12009011300461464,0.021038096956412306,0.2374005305039788,0.06425287356321839,1.0,3.8434723536257405,0.10197279833972178,0.040179428527417335,0.6137931034482759,0.4971198156682027,0.6482758620689655,0.11667328778007319,-0.03448275862068961,0.2,0.21862745098039227,16.409143934093837,28.586619139925194,0.014735401937985858,1.0,0.85,0.1,0.8,0.05,0.95,1.0,1.0,0.1
0.11,1.0351330061557291,1.1436445816337777,-0.38450956606400144,0.026030814340362394,0.4864303959131546,0.024848964027780873,-0.004365651279611638,0.9912064264665308,0.22778345250255363,0.04943820224719101,1.0,3.757183715515975,0.037021520397101,0.038742147585404924,0.5510855683269477,0.55727969348659,0.49013409961685833,-0.00619412515964235,0.06095146871008933,1.0,0.3222222222222223,15.028790873780427,46.085774235993334,0.01374577291870662,1.0,0.85,0.1,0.8,0.05,0.75,1.0,1.0,0.2
0.09,1.0248948175850514,1.0679087200970125,-0.33159446810556226,0.26020588125581967,0.4924133811230585,0.08486931795895929,-0.01393279475471254,0.6599736067598758,0.18376068376068377,0.0365934065934066,1.0,3.359949473572638,0.0221697573342556,0.04101972969067223,0.5257467144563919,0.8096304278416347,0.4924133811230585,-0.2838837133852429,0.03333333333333338,0.1,0.44707602339181285,8.211915942975384,51.03493126042924,0.009502225608900669,1.0,0.85,0.1,0.8,0.05,0.4,1.0,1.0,0.1
0.11,1.0384582823474438,2.4845750873108225,-0.3452153808710463,0.16640243622494752,0.5151021711366539,0.14474947315215178,0.018288160969398393,0.9824122310874533,0.2173135852911134,0.040786516853932586,1.0,3.706260277442865,0.0,0.03666749294374133,0.5287994891443167,0.5978550903119868,0.5151021711366539,-0.06905560116767007,0.013697318007662829,1.0,0.21062091503267966,12.755611663428901,29.066347284783497,0.017277390916067257,1.0,0.9,0.95,0.05,0.05,0.1,1.0,1.0,0.95
0.14,1.0694111347608601,1.2438157220765917,-0.3714304555311614,0.275353083166251,0.5054187192118227,0.6774723493621939,0.0727711282027943,0.2592752397495687,0.1495016611295681,0.06348837209302326,1.0,4.004687357880621,0.042596131565781375,0.041255184369152154,0.563136288998358,0.6154569320278133,0.5077996715927751,-0.05232064302945527,0.05533661740558293,0.7,0.3245098039215686,15.942783203699816,17.532672048208852,0.03116059992630397,1.0,0.9,0.15,0.85,0.05,0.65,1.0,1.0,0.15
0.11,1.0243475776475917,1.0147837378883227,-0.41065690515531195,0.5876038827038086,0.6142720306513411,1.4553189470766028,0.12346957336952719,0.03721866556447524,0.27145045965270687,0.05438202247191011,1.0,3.5265232585651187,0.04939018115471367,0.07127417222428106,0.615197956577267,0.675670498084291,0.6142720306513411,-0.06047254150702408,0.0009259259259258856,1.0,0.19705882352941184,16.80676109056899,50.47125296477782,0.006798403440847348,0.5,0.85,0.95,0.2,0.1,0.85,1.0,1.0,0.95
0.07,1.0143939276924927,1.688969571230983,-0.2551391754839516,0.5162990639490531,0.38351254480286734,0.4834504088875994,-0.08120278601940115,0.34407451839873016,0.3490783410138249,0.03462365591397849,1.0,2.531757793596283,0.07678655357891644,0.08126628822422743,0.3870967741935483,0.3615292712066906,0.39964157706093184,0.025567502986857726,-0.01254480286738352,1.0,0.1969298245614035,14.366038169191324,50.81611582352429,0.008719920703674817,1.0,0.9,0.2,0.8,0.05,0.4,1.0,1.0,0.2
0.15,1.042640854784204,1.1259502773782606,-0.5331347121346051,0.13103893377118617,0.4954844006568145,0.18181368291353342,-0.0228310502283105,0.8771714375268773,0.15196078431372548,0.06529411764705882,1.0,4.066178932631673,0.044563324434028065,0.03357646388376216,0.48686371100164205,0.43156966490299825,0.4931034482758621,0.0552940460986438,-0.0062397372742200585,1.0,0.315686274509804,16.604800612174255,42.59134634667861,0.015722797636953733,1.0,0.9,0.1,0.85,0.0,0.85,1.0,1.0,0.1
0.08,0.992898629106215,1.0737704918032787,0.04190222633076367,0.3413382857115699,0.6928315412186379,0.4497801671479715,0.057806324110671936,0.24162575905943995,0.24864130434782608,0.03826086956521739,1.0,2.845548944050065,0.051476253968611246,0.07019145176996197,0.6925925925925926,0.35633213859020313,0.6891278375149342,0.3362604540023895,0.0034647550776584213,0.1,0.4799707602339183,18.746930771365534,-1.109884212041434,0.3345676608134979,1.0,0.85,0.9,0.1,0.05,0.15,1.0,1.0,0.9
0.11,0.9944120651324881,1.0,0.062968162531022,0.3268099395964834,0.5444444444444444,0.390041465758515,-0.050468938620113285,0.32009163441589505,0.23391215526046988,0.05438202247191011,1.0,3.49293201584481,0.01224592572160946,0.03883582808938936,0.4929757343550447,0.6616807475678442,0.5444444444444444,-0.16870501321279952,-0.05146871008939968,0.1,0.5047385620915033,22.10659170277717,-0.7075668905757984,0.2619833880203319,1.0,0.9,0.9,0.1,0.05,0.1,1.0,0.8,0.9
0.13,0.9877096083992637,1.0687022900763357,0.08706206779563891,0.19805047053591507,0.4189655172413793,0.26267526370941663,-0.031950807812876875,0.8091787497828193,0.1936339522546419,0.06126436781609195,1.0,3.6737733646808772,0.02024724468446212,0.04081116793275087,0.3988505747126437,0.7412551440329218,0.4189655172413793,-0.34240456932027813,-0.020114942528735635,0.1,0.5699346405228758,20.80648465337707,-1.3052245125685533,0.4543660610786803,0.5,0.85,0.9,0.1,0.1,0.6,0.5,0.8,0.9
0.07,0.9930527416124924,1.333333333333333,0.04082772977667859,0.9270361910828694,0.7043010752688171,0.7307863739530335,-0.10140243780796773,0.33952258860003737,0.36251920122887865,0.033118279569892474,1.0,2.926096307764908,0.009570101643132616,0.07686555181399278,0.7078853046594982,0.22543005134773766,0.7025089605734767,0.48245525331176053,0.005376344086021501,0.1,0.21345029239766078,20.544112495755837,-1.2976045298162615,0.35742583550707885,0.5,0.85,0.9,0.7,0.05,0.85,1.0,0.8,0.3
0.1,0.9983079526226734,1.3333333333333337,0.028913313069587443,0.4067617769931733,0.43333333333333335,0.35436606974135076,-0.04675324675324674,0.8627284736788168,0.23055555555555557,0.044444444444444446,1.0,3.493990594687988,0.06458683049129098,0.04253000776322023,0.43333333333333335,0.48660714285714296,0.43333333333333335,-0.05327380952380961,0.0,1.0,0.22499999999999998,16.940432132632598,-0.8982840279445901,0.29086645455863797,1.0,0.9,0.2,0.8,0.05,0.2,1.0,0.8,0.2
0.08,0.9974950796206835,1.0,0.03528644376931861,0.625316534937676,0.7339307048984468,0.7278568119279379,-0.08208639186900046,0.2237157084108441,0.2608695652173913,0.035652173913043476,1.0,2.876944394672604,0.025743697404668284,0.08351405772819277,0.7248506571087217,0.8026020574407671,0.7375149342891278,-0.07775140033204542,-0.012664277180406192,0.2,0.32485380116959073,18.528415750515222,-0.6015084426130568,0.2984587882726994,0.5,0.85,1.0,0.0,0.05,0.3,0.5,0.8,1.0
0.05,0.9957479486340819,1.0,0.028166210940777064,0.5336911821476187,0.6155913978494624,0.5602229826427888,-0.08181818181818185,0.3217119686212202,0.2894736842105263,0.023157894736842106,1.0,2.266148419021421,0.0,0.07816456948791889,0.6048387096774194,0.0,0.6155913978494624,0.0,-0.010752688172043001,0.0,0.3421052631578947,20.232027533733586,-1.0346675783766761,0.22771816513941218,0.5,0.9,1.0,0.0,0.05,0.4,0.5,0.8,1.0
0.07,0.9907208619060128,1.3333333333333333,0.055861498597741505,0.045591930558110755,0.4032258064516128,0.15201727327163456,0.02856743870568751,0.5836609957235595,0.27572964669738864,0.033118279569892474,1.0,2.994310933885472,0.033536698668797625,0.04448041985281641,0.37813620071684584,0.2726403823178017,0.4032258064516128,0.10549581839904415,-0.025089605734766984,0.7,0.421637426900585,19.233679081409868,-1.1690979769507965,0.27637358186381455,0.5,0.85,0.1,0.8,0.1,0.95,0.5,0.8,0.1
0.09,0.9991772784815387,1.230769230769231,0.021764052785778865,0.4627897906980338,0.7019115890083633,0.4186140438605539,-0.05154369440083725,0.5540866618503576,0.3131868131868132,0.04450549450549451,1.0,3.1335477671040115,0.04938110898516197,0.0712672608791641,0.6575866188769415,0.3668273390186627,0.7019115890083633,0.29075927985827876,-0.04432497013142178,0.2,0.12163742690058466,19.950352933243217,-1.21328127937184,0.43194267850530865,1.0,0.85,0.95,0.05,0.05,0.15,1.0,0.8,0.95
0.11,0.9910889329908239,1.0,0.06400145720796843,0.4706768530400416,0.6667305236270754,0.47856801811222693,-0.05979464866083867,0.4870162082101688,0.24182839632277833,0.04943820224719101,1.0,3.597285366608174,0.018444518065704678,0.052725017532860075,0.6841315453384419,0.4867136324310963,0.6696040868454661,0.19741791290734562,0.014527458492975764,0.1,0.3549019607843138,19.516586646677975,-1.128577364538547,0.31190101147452376,1.0,0.9,1.0,0.0,0.05,0.1,1.0,0.8,1.0
0.11,0.9927604608565336,1.0,0.07970076664322501,0.3702835433288558,0.5433588761174968,0.2761969114911182,-0.040731995277449806,0.8210757629872528,0.236976506639428,0.051910112359550564,1.0,3.5857016148961653,0.012250460052218057,0.06076230678242793,0.5480842911877395,0.35857743171425044,0.5433588761174968,0.18950685947348905,0.004725415070242711,0.2,0.45866013071895434,20.329628736040597,-0.9089436603125294,0.35019889801354515,1.0,0.85,0.4,0.6,0.0,0.15,1.0,0.8,0.4
0.11,0.9904106935296398,1.1666666666666665,0.07481893317101806,0.8157205777801187,0.7024584929757344,1.4261629750576428,-0.12299192125545544,0.09582159505915133,0.3041368743615935,0.051910112359550564,1.0,3.1914389369183196,0.03685557412652022,0.10139542447388783,0.7127394636015326,0.40204342273307786,0.7052362707535121,0.31069604086845476,0.007503192848020479,0.1,0.23692810457516322,19.85370974150369,-1.1846739845903191,0.4445256132714093,0.5,0.9,1.0,0.0,0.0,0.2,0.5,0.8,1.0
0.04,0.9958218721347002,1.05,0.03493306247047917,0.4660958479086656,0.6197916666666666,0.5284596948113041,-0.09794372294372294,0.4078764189416969,0.3880208333333333,0.02,1.0,2.34996022969401,0.0,0.08166092048201917,0.5,0.5,0.5,0.0,0.0,1.0,0.0,0.0,-0.9540709807209802,0.2901907763221537,0.5,0.85,0.9,0.7,0.1,0.8,0.0,0.8,0.3
0.14,0.9944880895850738,1.4285714285714286,0.06632177125106131,0.680347677933921,0.6893267651888341,1.5443146889545378,-0.11496310997972123,0.04593117116743534,0.38039867109634556,0.06674418604651162,1.0,4.037743240521544,0.07089660009880144,0.10961270594404535,0.6938423645320198,0.6583333333333333,0.685303776683087,0.035509031198686425,0.0085385878489328,0.7,0.1447712418300654,19.09033147351998,-1.0327715891876066,0.37129625505080455,0.5,0.9,0.85,0.1,0.05,0.9,0.5,0.8,0.9
0.11,0.9915555865726847,1.5238095238095244,0.07527407059602564,0.9312481290659103,0.7159961685823756,1.6116460365283674,-0.1191714312245466,0.027621386928323402,0.267364657814096,0.05314606741573034,1.0,3.63357504464256,0.0,0.06855076000439936,0.7191570881226053,0.7189238777948456,0.7122924648786718,0.00023321032775969197,0.006864623243933443,0.7,0.33006535947712423,20.308739163062555,-1.106860030027409,0.34017839181328113,0.5,0.95,0.95,0.0,0.0,0.1,0.5,0.8,0.95
0.06,0.9966076258070566,1.0989010989010988,0.03861450037239811,0.2885870754186234,0.4422043010752688,0.22494176036462038,-0.034609008013263304,0.8388002276159703,0.3351063829787234,0.02872340425531915,1.0,2.675127258481086,0.008794124720081344,0.04669760445798131,0.4206989247311828,0.4536290322580645,0.4422043010752688,-0.03293010752688169,-0.021505376344086002,0.7,0.3216374269005847,20.730808613232746,-0.7155520280819889,0.29350921706823946,0.5,0.85,0.2,0.8,0.05,0.95,0.5,0.8,0.2
0.07,0.994806524760442,1.4117647058823533,0.06037358858160913,0.3321364443631953,0.31003584229390685,0.32049198985655075,-0.045284976160552215,0.6896063767947752,0.31797235023041476,0.03462365591397849,1.0,2.8069045476861625,0.009550569115015594,0.029631872357351666,0.3118279569892473,0.2026284348864994,0.3118279569892473,0.10919952210274791,0.0,0.7,0.26461988304093575,18.544898310068746,-0.4003897660209521,0.23315535083499683,1.0,0.8,0.9,0.8,0.15,0.1,0.5,0.8,0.2
0.13,0.9844502226218346,1.363636363636364,0.1416808273428123,0.8373718900320951,0.7324712643678161,1.0734131932220168,-0.09894702998151275,0.14198750073168231,0.2387267904509284,0.06425287356321839,1.0,3.6945912827309177,0.013453616500114417,0.057895547775998,0.7362068965517242,0.47213403880070554,0.7290229885057471,0.2640728577510187,0.007183908045977128,0.1,0.4779411764705882,21.755764782225057,-0.8315564622144467,0.42736740032179943,0.5,0.85,0.8,0.2,0.05,0.85,0.5,1.0,0.85
0.09,0.9893834978580742,1.0399999999999998,0.10007116031414642,0.22157444377212035,0.6824372759856631,0.195533288714855,-0.03176188890474607,0.7580827653481919,0.2326007326007326,0.04450549450549451,1.0,3.3853089646527006,0.0,0.04941383900592286,0.6936678614097969,0.6228216536892844,0.6824372759856631,0.07084620772051242,0.011230585424133799,1.0,0.5083333333333333,20.78084711117682,-0.6761695321633323,0.24840735476211143,1.0,0.9,0.9,0.1,0.05,0.15,1.0,0.8,0.9
0.12,1.0015170243847624,1.4285714285714286,0.02084100863839594,0.12356821465426385,0.39013409961685824,0.04057774163708328,-0.005829397874852454,0.8151430191412437,0.24053030303030304,0.05863636363636364,1.0,3.297221431138828,0.06456182891480054,0.031213527163915525,0.39300766283524907,0.2601421875615424,0.3872605363984674,0.13286547527370668,0.005747126436781658,0.4,0.3669934640522875,19.57244690159808,-0.9026683412770584,0.39839355207058796,0.5,0.8,0.1,0.9,0.1,0.95,0.5,0.8,0.1
0.09,0.9885511977562187,1.0,0.06787724562738726,0.1451121298986568,0.5381720430107527,0.3832462796859216,-0.04598576027147455,0.4729408340508613,0.21336996336996336,0.04153846153846154,1.0,3.437453487299736,0.005489714976379978,0.043025472729751865,0.5505376344086022,0.7084291187739463,0.5489247311827957,-0.15789148436534417,0.001612903225806428,0.4,0.5024853801169591,20.593302359258185,-1.460878709555751,0.4062920061167553,0.5,0.85,0.1,0.9,0.1,0.9,0.5,0.8,0.1
0.17,1.0054817811391552,1.3414634146341464,0.013053714980250652,0.44837146415021994,0.6411375661375661,0.7825406192808005,-0.06351302843152595,0.2409718722410119,0.2675407512402551,0.08397590361445784,1.0,4.470734897590454,0.09551151821235127,0.07654293290074037,0.6421516754850088,0.6059670781893004,0.6383597883597883,0.03618459729570844,0.0037918871252204944,0.7,0.32800245098039205,19.184533214170287,-0.6485141419631053,0.36702476818316815,0.5,0.9,0.95,0.05,0.0,0.2,0.5,0.8,0.95
0.12,0.9963962417950148,1.0625000000000002,0.051601090911840675,0.35222232191504177,0.5211685823754789,0.03911981865131927,-0.0053866587957496215,0.9027071020440635,0.23863636363636365,0.06,1.0,3.866972231231364,0.0,0.041594506337374125,0.5155172413793103,0.5048967236467237,0.5211685823754789,0.010620517732586654,-0.005651340996168597,1.0,0.32810457516339864,20.123612039191272,-0.4967198707558911,0.26437044126979425,0.5,0.85,0.3,0.7,0.05,0.95,0.5,0.8,0.3
0.11,0.9961774585891348,1.2093023255813955,0.06814498460547513,0.9500957614262125,0.5623882503192849,1.137841258867221,-0.11437592030033292,0.12388410163603493,0.3084780388151175,0.05438202247191011,1.0,3.5719845108339854,0.030599317618257387,0.06537532621428088,0.5146871008939974,0.48991295442908345,0.5586845466155811,0.024774146464913938,-0.043997445721583706,1.0,0.17418300653594765,20.680659679937783,-0.5224380297152358,0.34017839181328113,0.5,0.9,1.0,0.0,0.0,0.2,0.5,0.8,1.0
0.08,0.996518121594429,1.261261261261261,0.028738990514270923,1.067741297454043,0.6387096774193548,1.6470733483575215,-0.14151609260304915,0.012418581724001907,0.3668478260869565,0.034782608695652174,1.0,2.9757729016476078,0.005143144990695252,0.08288456981677889,0.6318996415770609,0.0,0.6387096774193548,0.0,-0.006810035842293893,0.0,0.13771929824561413,18.98761494970405,-1.0874074189822946,0.3345676608134979,0.5,0.9,0.9,0.1,0.0,0.2,0.5,0.8,0.9
0.07,0.9942738437362093,1.0,0.05664548898020283,0.388054306900328,0.4498207885304659,0.41728072484949513,-0.0642966864165021,0.5697207751756779,0.30606758832565284,0.03387096774193549,1.0,2.4485874329547492,0.0,0.041842695650654606,0.44623655913978494,0.4600358422939068,0.4551971326164874,-0.013799283154121877,-0.008960573476702482,0.7,0.4081871345029239,19.912163390229576,-0.6288955622968069,0.26120077054548846,0.5,0.7,0.9,0.1,0.05,0.8,0.5,0.8,0.9
0.1,0.9936344015517856,1.12,0.05595097717855779,0.28297152531596703,0.4314814814814814,0.49985777424229627,-0.06341991341991346,0.3167547783857819,0.2361111111111111,0.04888888888888889,1.0,3.5181772952406796,0.011593378899390076,0.05148073089181757,0.4138888888888888,0.5788433908045977,0.42870370370370364,-0.16495450191570887,-0.014814814814814836,0.1,0.536111111111111,20.432009006235017,-1.0424050644715834,0.355874120934971,1.0,0.9,1.0,0.0,0.0,0.15,1.0,0.8,1.0
0.03,0.9957825679475163,1.0,0.02474058258866907,0.07519647044622213,0.8655303030303031,0.10996436198411223,0.031418753068237604,0.40663074256798326,0.5773195876288659,0.012989690721649485,1.0,1.8435288638716956,0.006128974156387718,0.11942005013373053,0.5,0.5,0.5,0.0,0.0,1.0,0.0,0.0,-1.1555677783756224,0.22727471247223385,0.5,0.7,0.9,0.8,0.15,0.9,0.0,1.0,0.2
0.09,0.9965984364743093,1.2941176470588238,0.03570691129717912,0.1741383849444299,0.5757467144563919,0.2323594329649824,0.03365681937110504,0.25669462350605865,0.33516483516483514,0.04153846153846154,1.0,2.581240393953669,0.04952831977730099,0.05259127888323262,0.5794504181600956,0.6191756272401433,0.579330943847073,-0.03972520908004773,0.00011947431302261613,1.0,0.08771929824561409,18.219527613139455,-0.9224269895610737,0.27082419923612644,0.5,0.85,0.7,0.2,0.1,0.85,0.5,1.0,0.7
0.14,0.9875716738946941,1.4285714285714286,0.10970694477032789,0.9552102198402934,0.6609195402298851,1.5322713001147834,-0.109310954825905,0.023651837336597047,0.2703488372093023,0.06837209302325581,1.0,4.0381769775459535,0.007026571402042444,0.06943641317895517,0.6683908045977013,0.5991392892115918,0.6609195402298851,0.06925151538610952,0.007471264367816199,0.4,0.36339869281045745,21.91650031928968,-1.094158249058786,0.4729852279866521,0.5,0.9,0.9,0.0,0.0,0.2,0.5,1.0,0.9
0.13,0.9964431656708117,1.12,0.04507018211409125,0.7165446775909873,0.6459770114942528,1.1205592722756361,-0.08501268846096427,0.15737648864993758,0.28846153846153844,0.06425287356321839,1.0,4.153479714700569,0.04718693100965026,0.09012234156278323,0.6448275862068965,0.4293103448275863,0.6459770114942528,0.21551724137931022,-0.0011494252873562871,0.1,0.33562091503267966,20.601597051195,-1.060158668410479,0.3575334720507729,1.0,0.9,0.95,0.05,0.05,0.1,1.0,0.6,0.95
0.08,0.9934325380330867,1.0500000000000003,0.06460037001423058,0.16693452252368232,0.4484468339307049,0.04398014935031684,-0.0080463015245624,0.7455578382419685,0.3845108695652174,0.0391304347826087,1.0,3.372596292370078,0.020521640912311925,0.054416426715313784,0.45017921146953405,0.43422619047619043,0.4448626045400239,0.015953020993343614,0.005316606929510137,1.0,0.23508771929824546,19.815182451035348,-0.8322785871834579,0.30706694059542466,1.0,0.9,0.9,0.1,0.05,0.1,1.0,0.8,0.9
0.09,0.9896455540442484,1.2000000000000002,0.08392086648966801,0.6414985031905764,0.708363201911589,0.8953624370560013,-0.08991008991008989,0.2248088955987868,0.3788156288156288,0.04450549450549451,1.0,3.3764099703744037,0.0054682455225884994,0.076312821199495,0.730704898446834,0.22024471635150164,0.708363201911589,0.5104601820953323,0.02234169653524498,0.07652250047505924,0.25818713450292385,18.78469373950569,-0.8960478981131685,0.27869008178693017,0.5,0.6,0.8,0.7,0.25,0.9,1.0,0.8,0.4
0.15,0.985550846844762,1.1363636363636362,0.13439797495743533,0.5353937840818499,0.5993431855500821,0.9986096275891707,-0.08146167557932268,0.12887646757891896,0.24705882352941175,0.07411764705882352,1.0,3.7983717424089485,0.014615486772805249,0.0613612826109584,0.5774220032840723,0.41229961794477926,0.5922003284072249,0.16512238533929308,-0.01477832512315258,0.2,0.3019607843137253,21.475033556808206,-0.7580164089462307,0.3739777475883203,1.0,0.9,0.85,0.15,0.0,0.2,1.0,0.8,0.85
0.08,0.9923676571316742,1.3333333333333337,0.0651279134808494,0.20984782937263155,0.5970131421744325,0.5059050849354559,-0.06560559006211181,0.33323045860263856,0.2921195652173913,0.04,1.0,3.2863322750696007,0.0,0.06564748732588552,0.6077658303464755,0.5250818811024595,0.6007168458781361,0.08268394924401601,0.007048984468339348,0.4,0.3883040935672515,21.765810629024067,-1.064690363337635,0.34435689770027694,1.0,0.9,0.9,0.1,0.0,0.2,1.0,0.8,0.9
0.07,0.9921090633571723,1.103448275862069,0.06048486453690016,0.49498436032558724,0.46415770609319,0.6196210291062558,-0.09043030702016872,0.30645305542937495,0.3321812596006144,0.033118279569892474,1.0,3.0591780252629235,0.004778137138047174,0.04029352835124573,0.557347670250896,0.7633594004561747,0.46415770609319,-0.20601173020527863,0.09318996415770603,0.1,0.20906432748538017,19.975926215940575,-1.169475922317155,0.37922057158722294,0.5,0.8,0.4,0.6,0.05,0.9,0.5,0.8,0.4
0.12,0.9927851827035823,1.25,0.0689720739686831,0.17196952288364964,0.685823754789272,0.2607310534401,-0.03192640692640697,0.9321541389656669,0.3143939393939394,0.057272727272727274,1.0,2.974229512346731,0.05820340094736097,0.07645030659449345,0.6857279693486591,0.42407407407407405,0.6886973180076629,0.26165389527458505,-0.0029693486590037788,0.1,0.20653594771241823,19.402156330038437,-1.180829503332578,0.4361140988065473,1.0,0.9,0.9,0.1,0.05,0.1,1.0,0.8,0.9
0.05,0.9975776260735518,1.0,0.02071435830987678,0.17292632420418227,0.3588709677419355,0.015727947743000893,-0.003691045796308967,0.9747125543018712,0.32894736842105265,0.022631578947368423,1.0,2.0803682354004454,0.02804579466288713,0.04912946745834315,0.3644153225806452,0.6717382154882156,0.3588709677419355,-0.30732289290757037,0.005544354838709686,0.4,0.17894736842105252,17.918256283421247,-1.1384964180442292,0.27692851701643645,0.5,0.85,0.1,0.8,0.1,0.95,0.5,1.0,0.1
0.11,0.9960459642165556,1.5000000000000004,0.05099947236450553,0.7513307355207608,0.8046615581098339,1.5196372345956664,-0.12251436000159188,0.02717453738595208,0.40245148110316653,0.050674157303370784,1.0,3.6037351698822917,0.04930934909092538,0.11052894419162398,0.8028097062579822,0.4450315164998146,0.8074393358876119,0.3577781897581676,-0.00462962962962965,0.1,0.0691176470588235,18.760127892318856,-0.9078441706923348,0.30301288125238973,0.5,0.85,1.0,0.0,0.2,0.8,0.5,0.8,1.0
0.13,0.9783424707110404,1.3333333333333335,0.1300012836922211,0.4472861715695777,0.5132183908045977,0.4736289046525384,-0.0496572393124117,0.4503989229593889,0.20534924845269675,0.06425287356321839,1.0,3.703013903915935,0.006738633917564638,0.03774753298724195,0.5568965517241379,0.515448823207444,0.5074712643678161,0.04144772851669387,0.04942528735632179,1.0,0.32156862745098047,20.731260365429176,-1.446323368244275,0.4543660610786803,1.0,0.9,1.0,0.0,0.05,0.1,1.0,0.8,1.0
0.08,0.9926691574245408,1.0909090909090908,0.0497321350187922,0.5265935730629797,0.5376344086021505,0.5915269382567406,-0.07460474308300391,0.3238632824436879,0.3138586956521739,0.03826086956521739,1.0,2.4754496336522203,0.03601220435512786,0.050314583070654735,0.5305854241338112,0.6425635667014977,0.5376344086021505,-0.11197814256768657,-0.007048984468339348,0.7,0.13888888888888884,19.58299599911472,-1.2785537206752704,0.3251032451229303,0.5,0.8,0.8,0.2,0.15,0.85,0.5,0.8,0.8
0.08,0.9971717806558777,1.3333333333333337,0.032036895191556336,0.5764046828199934,0.5991636798088411,0.6918080385375184,-0.09567334839073965,0.2874484364367639,0.2690217391304348,0.03739130434782609,1.0,3.2347246904041778,0.030869764846244364,0.06664546799147365,0.5777777777777778,0.5811827956989247,0.5991636798088411,-0.003405017921146891,-0.021385902031063275,0.7,0.3739766081871345,19.294131933332874,-1.0265133748218314,0.2819836406510497,0.5,0.9,0.9,0.1,0.05,0.3,0.5,0.8,0.9
0.15,0.997448941534514,1.6000000000000008,0.04597315372734739,0.4081783044997369,0.5828407224958949,0.5274310390697091,-0.04919786096256684,0.7058039533543211,0.2254901960784314,0.0688235294117647,1.0,3.967871290927085,0.06662831539289987,0.05192410043914003,0.5784072249589491,0.6186114429842028,0.5805418719211822,-0.040204218025253646,-0.002134646962233089,0.4,0.2588235294117649,18.379121465209355,-1.088405249313486,0.3524204622301598,0.5,0.85,0.9,0.1,0.1,0.4,0.5,0.8,0.9
0.1,0.9911530964162543,1.3916666666666666,0.05971824676396639,0.44415858515941914,0.5879629629629629,0.693439247147408,-0.08225108225108221,0.39689405309812986,0.2666666666666666,0.044444444444444446,1.0,2.9296893184725143,0.023372182433440546,0.06402404082297458,0.5518518518518518,0.4447971383455254,0.5879629629629629,0.1070547135063264,-0.036111111111111094,0.4,0.33333333333333337,19.10175216588095,-1.2156186030870686,0.3170520754166312,1.0,0.85,0.95,0.05,0.1,0.15,1.0,0.8,0.95
0.09,0.9908536585365856,1.2682926829268293,0.07993651500300952,0.18099402706043688,0.6095579450418159,0.136377006031493,-0.021264449835878357,0.7674749665686701,0.24877899877899878,0.04351648351648352,1.0,3.084515397124062,0.005470859557091768,0.05897456037633281,0.6422939068100358,0.2344086021505376,0.6058542413381123,0.40788530465949824,0.036439665471923566,0.1,0.16769005847953222,18.797318923360898,-0.7150842150935866,0.26316186465505126,0.5,0.9,0.9,0.1,0.05,0.2,0.5,0.8,0.9
0.12,0.9909644810634909,1.3333333333333337,0.08059761623907813,0.5461732099958718,0.5269157088122606,0.7131230578207347,-0.06921487603305781,0.32718029367875356,0.28409090909090906,0.06,1.0,3.46810206745036,0.0,0.046768212140354884,0.5208812260536398,0.3369047619047619,0.5240421455938697,0.18397646414887797,-0.0031609195402299006,0.2,0.261764705882353,21.50409243281179,-1.1474124091987652,0.37549879120709684,0.5,0.9,1.0,0.0,0.05,0.3,0.5,0.8,1.0
0.18,0.9871070477783176,1.9354838709677422,0.14606764737348066,0.3064180924670376,0.6931216931216931,0.8074662201902955,-0.05321507760532149,0.23409944317602727,0.2638888888888889,0.09,1.0,4.191533992713657,0.0,0.05417549278927144,0.6887860082304527,0.548917238572411,0.6951793062904175,0.13986876965804163,-0.006393298059964803,0.7,0.2190870098039216,19.681313698418922,-0.8342617257654097,0.336463751752366,1.0,0.6,0.8,0.7,0.25,0.15,0.5,0.8,0.4
0.1,0.9979056998924549,1.1500000000000001,0.03171809789956925,0.3677697039506896,0.45462962962962966,0.48391468631766477,-0.05800865800865798,0.47586086519495363,0.2722222222222222,0.04666666666666667,1.0,3.318306173034411,0.029088494567205258,0.052166531600886995,0.4564814814814815,0.6382461994809047,0.4490740740740741,-0.18176471799942318,0.007407407407407363,0.1,0.3055555555555556,19.645847820489823,-0.9774864010993709,0.2993480947871813,0.5,0.85,0.9,0.1,0.1,0.85,0.5,1.0,0.9
0.06,0.9948291055405608,1.0,0.037892128031020045,0.2112223840757206,0.46018145161290325,0.12595336121114062,-0.024085843234779386,0.9478242597916877,0.27393617021276595,0.03,1.0,2.682044762239262,0.0,0.05868206940437649,0.47076612903225806,0.4199074074074074,0.46572580645161293,0.05085872162485067,0.005040322580645129,1.0,0.14912280701754388,20.432999281605003,-1.2652026536564431,0.3698628236769609,0.5,0.85,0.1,0.9,0.05,0.95,0.5,0.8,0.1
0.09,0.9912910975664014,1.12,0.07348890394269258,0.03770699960379215,0.26188769414575863,0.07641344175855556,0.011488511488511571,0.5222320279313696,0.2622100122100122,0.04450549450549451,1.0,3.3650578167939025,0.005467848781777971,0.02340212529553557,0.29820788530465947,0.46919416635768146,0.25089605734767023,-0.170986281053022,0.04731182795698924,0.2,0.2652046783625732,20.572073184842164,-1.1538902575641543,0.3608588768821253,0.5,0.85,0.1,0.9,0.1,0.95,0.5,0.8,0.1
0.11,0.9946038490328559,1.0555555555555556,0.03883302550658613,0.08913116743217195,0.4166666666666667,0.15356075816229983,0.02155116603605295,0.7491984626884762,0.2334014300306435,0.05438202247191011,1.0,3.4700825290414605,0.006103020440599221,0.031719651942043375,0.4016602809706257,0.7181992337164752,0.4109195402298851,-0.3165389527458495,-0.009259259259259356,0.1,0.42418300653594776,21.62131322209192,-0.7967613392377806,0.4310574238869073,1.0,0.9,1.0,0.0,0.05,0.95,1.0,1.0,1.0
0.16,0.9996652439534689,1.165289256198347,0.025219153727622012,0.24733388133779005,0.4861111111111111,0.45928523434851176,0.04422367538564731,0.5439328425831043,0.19345238095238096,0.07809523809523809,1.0,4.219063794634448,0.015189497153152539,0.02073767095065217,0.49523809523809526,0.6062881562881562,0.48134920634920625,-0.11105006105006099,0.013888888888889006,0.2,0.46875000000000017,20.667006618957053,-0.5215127231675978,0.38771182785990893,1.0,0.8,0.9,0.1,0.05,0.15,1.0,1.0,0.9
0.14,1.0099631786444534,1.131386861313869,-0.09708806391108893,0.46103145802135065,0.5966338259441707,1.0879960900126453,0.08413270319591981,0.07847247988988254,0.23172757475083056,0.06837209302325581,1.0,3.873948092277938,0.007012950852526004,0.03224027159141547,0.5978653530377668,0.5268624946785866,0.5943349753694581,0.07100285835918019,0.0035303776683086596,0.7,0.3545751633986929,20.700965715658768,-0.8236418834391266,0.35001407018239694,0.5,0.8,0.8,0.2,0.05,0.85,0.5,1.0,0.8
0.1,0.9994977398292316,1.0240000000000002,-0.0001865444386167231,0.4670921949289566,0.3574074074074074,0.7097915890427865,0.07183098591549303,0.21417373969843934,0.2944444444444444,0.04777777777777778,1.0,3.2042505791322555,0.0,0.02939065347520184,0.34907407407407404,0.3435515873015873,0.3574074074074074,0.005522486772486734,-0.00833333333333336,1.0,0.2944444444444445,20.717736728304182,-0.5856929407306048,0.32630440080339757,0.5,0.8,0.9,0.1,0.05,0.4,0.5,0.8,0.9
0.12,1.0089426373830044,1.1136363636363633,-0.06284686549975799,0.2900815788775755,0.5299808429118774,0.5001283310559067,0.05324370465215533,0.23875439747817673,0.31155303030303033,0.06,1.0,3.645472965188487,0.0,0.05158550734678928,0.5441570881226053,0.5316411238825031,0.5328544061302681,0.012515964240102262,0.011302681992337194,1.0,0.2728758169934642,21.5019101179003,-0.8305673638032962,0.37549879120709684,0.5,0.85,0.5,0.6,0.15,0.85,0.5,1.0,0.5
0.09,1.0061916657162724,1.0454545454545454,-0.05956103780282118,0.4428426974961269,0.6356033452807647,0.31855888843714786,0.04173760511788671,0.36243288409835195,0.32875457875457875,0.04450549450549451,1.0,2.9859017930269247,0.005460047261194265,0.040932009977243874,0.6357228195937873,0.513102650063857,0.6244922341696535,0.12262016952993027,0.011230585424133799,0.4,0.17105263157894735,20.441243007914704,-0.8977450457050389,0.26316186465505126,0.0,0.9,0.1,0.85,0.05,0.95,0.0,1.0,0.1
0.06,0.9979901587081571,1.2362204724409445,0.022986145334508934,0.45644971733069684,0.4936155913978495,0.8567336572176873,0.10283687943262398,0.21660772888694346,0.36613475177304966,0.03,1.0,3.0247444647318518,0.0,0.06262911317897839,0.466733870967742,0.0,0.4826948924731183,0.0,-0.015961021505376316,0.0,0.3233918128654971,20.240410107137063,-0.48355190580805196,0.30192766955751327,0.0,0.7,0.2,0.8,0.15,0.9,0.0,1.0,0.2
0.07,0.9946837939910033,1.0285714285714285,0.042622451050356384,0.5105206725604126,0.528673835125448,1.084726540838465,0.11574825295861185,0.05571104444783948,0.26190476190476186,0.03462365591397849,1.0,2.782648547115567,0.0,0.05400361227421237,0.5340501792114695,0.4122013142174432,0.5197132616487455,0.12184886499402625,0.014336917562723928,0.4,0.5482456140350878,21.369876480209037,-1.2443690553837206,0.5913936023828783,0.5,0.85,0.8,0.2,0.1,0.85,0.5,1.0,0.8
0.08,1.0057030723002391,1.0,-0.042859057374442025,0.5830342205215249,0.8526881720430107,0.6725124495508684,-0.08718616044090644,0.14021377051818426,0.37771739130434784,0.04,1.0,2.579980062730744,0.0,0.06362823588779147,0.858183990442055,0.5045467185761958,0.8526881720430107,0.35363727186585914,0.005495818399044228,0.1,0.2359649122807017,21.0814175863174,-0.7863907718691698,0.3345676608134979,0.5,0.8,0.9,0.1,0.05,0.9,0.5,0.8,0.9
0.08,1.0020597895674441,1.1551724137931034,-0.022735354228546306,0.05700637736744275,0.46475507765830343,0.046303145116231875,-0.00910900183710961,0.7506025716493407,0.2934782608695652,0.04,1.0,3.2926528532843364,0.0,0.03420589278012236,0.49772998805256874,0.387971588802373,0.47216248506571085,0.10975839925019576,0.025567502986857893,0.7,0.3529239766081871,21.192737257994168,-1.0116945038212004,0.3759194192615594,1.0,0.7,0.8,0.7,0.05,0.75,0.5,1.0,0.2
0.11,0.9991166013243681,1.1071428571428572,-0.0003617069936159567,0.7272912760269437,0.7112707535121329,1.926029722160484,0.13999625947718997,0.014173205108903315,0.27655771195097034,0.05438202247191011,1.0,3.465337039927398,0.0,0.05409133153489806,0.7048850574712645,0.3259640341119763,0.7103448275862069,0.37892102335928823,-0.005459770114942364,0.1,0.2924836601307188,21.553727072109236,-0.7878220197452674,0.4310574238869073,0.5,0.85,0.95,0.05,0.0,0.2,0.5,1.0,0.95
0.07,0.9982865231319379,1.1478260869565218,0.017077918079599436,0.5919718534908969,0.6738351254480287,1.233961566006104,0.1124164340884013,0.10034249632206084,0.3437019969278034,0.03462365591397849,1.0,2.5067490491172553,0.004758662207098747,0.06262033723514324,0.6541218637992832,0.4967741935483871,0.6702508960573477,0.15734767025089608,-0.016129032258064502,0.4,0.37485380116959066,20.990035126043047,-0.46223655278105724,0.3094875595251594,0.5,0.8,0.9,0.1,0.05,0.85,0.5,1.0,0.9
0.06,1.0026697678046568,1.0225563909774436,-0.02103354014711601,0.6765442214270929,0.6861559139784946,1.3625039851794698,0.15562880831085807,0.033325154327780784,0.28368794326241137,0.03,1.0,2.853396159432611,0.0,0.07345993964655509,0.6861559139784946,0.12233796296296295,0.680779569892473,0.5638179510155317,0.005376344086021612,0.1,0.170906432748538,20.69424595040188,-0.7837267422225276,0.3106239536598473,0.5,0.8,0.9,0.1,0.15,0.8,0.5,1.0,0.9
0.07,0.9967871570368969,1.130434782608696,0.026088965379166367,0.1507967739480924,0.632616487455197,0.2544452384545195,0.04013327275480838,0.6311158923786878,0.2922427035330261,0.03387096774193549,1.0,2.7548623787230806,0.004760467123608595,0.045676912100764085,0.6129032258064516,0.561952861952862,0.6254480286738351,0.05095036385358964,-0.012544802867383464,0.7,0.2976608187134504,20.69519877365026,-0.9524007459357846,0.3276715305984524,0.5,0.8,0.85,0.15,0.05,0.85,0.5,0.8,0.85
0.09,0.9996692270939761,1.03125,-7.182464168953989e-05,0.9792835946639079,0.738231780167264,2.327759191236162,0.1892035976543019,0.003608239258903992,0.3067765567765568,0.04450549450549451,1.0,3.2010391521110386,0.005459997886609947,0.07705559539782178,0.7345280764635603,0.627673237753883,0.7345280764635603,0.10685483870967738,0.0,0.7,0.1809941520467836,21.847121531382026,-0.7697327829172433,0.3608588768821253,0.5,0.8,1.0,0.0,0.05,0.2,0.5,0.8,1.0
0.08,1.007098491570541,1.1160714285714286,-0.06404239666072348,0.5638506823214944,0.6413381123058542,0.9478265057495349,0.10433251684017159,0.08603533595846638,0.31249999999999994,0.0391304347826087,1.0,3.1493366015056865,0.0,0.045275376012418704,0.6684587813620072,0.6835648148148148,0.6413381123058542,-0.015106033452807588,0.027120669056152957,0.7,0.3239766081871345,20.145613166044157,-0.5291748933093223,0.27408908860179315,0.5,0.8,0.9,0.1,0.05,0.2,0.5,1.0,0.9
0.14,0.9946237537628262,1.1999999999999997,0.05197434617938562,0.2577041075968923,0.4997536945812808,0.6193444394723496,0.06298254644143936,0.21217144154876644,0.2782392026578073,0.06674418604651162,1.0,3.833019613910489,0.0281503747305996,0.031165831969466547,0.5004926108374385,0.5315438180380709,0.4900656814449918,-0.03105120720063248,0.01042692939244666,1.0,0.3571895424836601,20.130368985435005,-0.7264771193278463,0.360488870810257,0.5,0.7,0.3,0.8,0.2,0.95,0.5,0.8,0.4
0.12,1.0043173397838268,1.0661157024793388,-0.02903072252255718,0.509709559506593,0.6214559386973181,1.0201811838424668,0.09256295347844651,0.1331052292605521,0.24337121212121213,0.06,1.0,3.7609869293088662,0.0,0.03824652756300029,0.6297892720306514,0.7184568325193327,0.6157088122605364,-0.0886675604886813,0.014080459770114961,0.2,0.3274509803921569,20.6475511939626,-0.23293396028699176,0.32449420297482057,0.5,0.8,0.4,0.8,0.1,0.95,0.5,1.0,0.5
0.1,0.9980539338337505,1.0,0.022348005335115023,0.18087898801323443,0.27037037037037037,0.40421627891842615,-0.04992175273865418,0.21843156617531156,0.375,0.05,1.0,3.3453015618592405,0.0,0.03468167331598451,0.27777777777777773,0.43053856136447904,0.27037037037037037,-0.1527607835867013,0.007407407407407363,0.7,0.2222222222222221,21.872613888785164,-0.6603083380854926,0.355874120934971,0.5,0.85,0.8,0.1,0.1,0.8,0.5,0.8,0.85
0.07,1.0042006370754715,1.090909090909091,-0.029885599701231273,0.08235728829464616,0.2921146953405018,0.0056640293450551564,0.001060124185976119,1.0,0.25076804915514594,0.03462365591397849,1.0,2.97466677562354,0.009533629865884968,0.015103928172377951,0.3225806451612903,0.0,0.28315412186379924,0.0,0.03942652329749108,0.0,0.4710526315789473,20.58245208708386,-1.034974629358671,0.36810674201048993,0.0,0.85,0.1,0.9,0.05,0.95,0.0,1.0,0.1
0.11,1.0030454744710793,1.2592592592592593,-0.016638126626673896,0.31717046594149273,0.49980842911877393,0.5011672626353928,0.05655382756189847,0.47689496618119265,0.24182839632277836,0.05438202247191011,1.0,3.3611838865988726,0.012216353523187725,0.04333667044764466,0.4820242656449554,0.5339696223316913,0.49980842911877393,-0.051945356686735944,-0.01778416347381856,1.0,0.3990196078431373,20.914974838021873,-0.2592705136662041,0.3304674442501229,0.5,0.8,0.9,0.1,0.05,0.4,0.5,1.0,0.9
0.17,0.9894404549701654,1.469387755102041,0.11860294600013113,0.15287949284658528,0.318694885361552,0.25263279217969914,0.027080983420009808,0.5505451377669419,0.21102055279943302,0.0819277108433735,1.0,4.040870207647203,0.007896192503047612,0.013770446450929584,0.32936507936507936,0.38666666666666666,0.3210758377425044,-0.0573015873015873,0.008289241622574939,0.1,0.43308823529411766,22.07336299203659,-0.9719594010475028,0.4401083051338287,0.5,0.8,0.2,0.8,0.1,0.95,0.5,0.8,0.2
0.12,0.9959338233239247,1.1602564102564104,0.047856300658978,1.088322768433429,0.7738505747126436,2.9452466650895475,0.17819035424669216,0.002192119925019794,0.3276515151515152,0.05863636363636364,1.0,3.4999728191981565,0.0,0.055350940513585085,0.7831417624521073,0.6609461472967221,0.7709770114942529,0.12219561515538524,0.012164750957854409,0.4,0.07254901960784321,21.00694260373378,-0.91827899516759,0.35412182742345827,0.5,0.85,0.9,0.1,0.1,0.85,0.5,0.8,0.9
0.13,1.0138685018969928,1.0852713178294575,-0.10768700541878609,0.1704465130037402,0.7114942528735632,0.24159167484720387,0.02821882666467429,0.4854154119084738,0.3037135278514589,0.06425287356321839,1.0,3.936664893820761,0.01343877059830591,0.04802760838846507,0.725287356321839,0.43009259259259264,0.7097701149425287,0.2951947637292464,0.01551724137931032,0.1,0.20163398692810452,22.089326059665783,-0.7672458566554661,0.31800599117206824,0.5,0.8,0.9,0.1,0.05,0.3,0.5,1.0,0.9
0.09,1.002412221924417,1.072,-0.020179452036633433,0.1511511913184733,0.5806451612903226,0.2165266513196541,0.03313900496999089,0.7539981973850629,0.2854090354090354,0.04450549450549451,1.0,2.895068629136585,0.005456807838030918,0.03842072516862436,0.551373954599761,0.0,0.5732377538829151,0.0,-0.021863799283154073,0.0,0.1687134502923976,20.694826858102463,-0.38162999875128145,0.29507810259416395,0.0,0.85,0.9,0.1,0.05,0.25,0.0,0.8,0.9
0.11,1.0021209837157532,1.344,-0.024247405159995683,0.30181320269410233,0.5943486590038315,0.27870567872047186,0.03458544936626923,0.7366513877473415,0.2775791624106231,0.05438202247191011,1.0,3.423583763212361,0.0,0.03856657847681638,0.6065772669220945,0.5963663329625509,0.5907407407407407,0.010210933959543533,0.015836526181353783,1.0,0.14640522875816997,21.44794894628125,-1.1505658363345725,0.47334718319317043,0.5,0.7,0.1,0.9,0.2,0.95,0.5,0.8,0.1
0.14,1.00828583594748,1.205357142857143,-0.0613935894904926,0.8187982511992272,0.627175697865353,1.7316784434810588,0.11868887745075096,0.02595201987774943,0.27408637873754155,0.07,1.0,3.3578661749534056,0.0,0.04019844934125867,0.6066502463054187,0.5035932373745994,0.622495894909688,0.10305700893081937,-0.01584564860426929,0.7,0.3473856209150328,20.407372862907195,-0.38948819300224624,0.2931366359402576,0.5,0.8,0.2,0.8,0.05,0.9,0.5,0.8,0.2
0.13,0.9944344188113394,1.238938053097345,0.04434334406628627,0.09110311622290636,0.4293103448275862,0.08735287950700818,-0.013312412049663047,0.8055113626296119,0.22900088417329795,0.06126436781609195,1.0,3.5581510898041433,0.013481488323199843,0.03487724131998248,0.3701149425287356,0.6755346119929454,0.4362068965517241,-0.3054196694642098,-0.06609195402298851,0.1,0.28888888888888875,20.962257233662925,-1.0700110485956904,0.49955235760804156,0.5,0.8,0.6,0.4,0.05,0.85,0.5,1.0,0.6
0.08,1.0090550786341794,1.03125,-0.0760306142693839,0.33617046439345216,0.39486260454002386,0.40884042083788,0.05036742192284144,0.5289961572454798,0.2921195652173913,0.04,1.0,2.9397543565879602,0.0,0.041126842182104856,0.4581839904420549,0.26782407407407405,0.402389486260454,0.19035991636798083,0.05579450418160087,0.4,0.35789473684210527,21.741030307025245,-0.6867311331063375,0.237588487550914,1.0,0.8,0.9,0.8,0.1,0.2,0.0,1.0,0.1
0.06,0.9992054383331861,1.0214285714285714,0.0039041231294058634,0.1558261996916628,0.45127688172043007,0.215428660947637,0.040705224253321404,0.6419534108242306,0.326241134751773,0.03,1.0,2.6932696876396047,0.0,0.04657814184923596,0.45144489247311825,0.4275873655913978,0.44640456989247307,0.023857526881720437,0.005040322580645185,0.7,0.3529239766081873,21.824364220359353,-0.9824258448522292,0.3106239536598473,0.0,0.85,0.9,0.1,0.15,0.6,0.0,0.8,0.9
0.06,0.9967838094886022,1.0491803278688525,0.036796315134523694,0.0714804452903906,0.1846438172043011,0.09952822710309128,0.019928079112975672,0.8844927460853672,0.28812056737588654,0.03,1.0,3.0182523131193273,0.0,0.022297128259920466,0.1792674731182796,0.0,0.18985215053763446,0.0,-0.010584677419354871,0.0,0.6198830409356725,21.026925753754487,-0.37549237714982553,0.26975594648794116,0.0,0.85,0.95,0.0,0.0,0.2,0.0,1.0,0.95
0.09,1.008991008991009,1.0697674418604652,-0.0826420157986566,0.3978649070334204,0.7469534050179213,1.2044199915675733,-0.11401743796109987,0.06695174738427606,0.4444444444444444,0.04450549450549451,1.0,2.956319583340297,0.005457876045794847,0.09301086481838439,0.7789725209080048,0.0,0.7543608124253286,0.0,0.024611708482676242,0.0,0.0925438596491227,21.84863481436768,-1.1262185041139199,0.5655594945574712,0.5,0.85,0.9,0.1,0.05,0.85,0.5,1.0,0.9
0.12,1.0101875506262072,1.1724137931034484,-0.08451285366972619,0.6067694003228187,0.5893678160919541,1.1188410819132544,0.09661758429364059,0.16911154319378519,0.34280303030303033,0.05863636363636364,1.0,3.765658878333373,0.006418661526101884,0.05274992485296967,0.6407088122605363,0.6706569910129421,0.5922413793103448,-0.02994817875240574,0.048467432950191514,0.7,0.2264705882352942,20.306944475339343,-1.0894556831224942,0.364633429088284,0.5,0.8,0.9,0.1,0.05,0.85,0.5,1.0,0.9
0.14,1.0010696510172599,1.271739130434783,-0.015535408171877027,0.06832996952253903,0.3230706075533662,0.1615158944122786,-0.02117355294558043,0.6016260688675188,0.2753322259136213,0.07,1.0,3.8539706488653533,0.0,0.016850077713499913,0.33505747126436786,0.32615297289626793,0.3230706075533662,0.008904498368099922,0.01198686371100166,1.0,0.33529411764705896,22.003907402190237,-0.895833395342239,0.4881588082900388,0.0,0.85,1.0,0.0,0.1,0.5,0.0,1.0,1.0
0.09,1.0023058227217019,1.291666666666667,-0.020264182878590727,0.04844649319920156,0.5297491039426524,0.13809949281308598,0.02213279678068425,0.842342484558996,0.27106227106227104,0.04450549450549451,1.0,3.354306215165107,0.0,0.030463458611947554,0.5774193548387097,0.6165828544061304,0.5445639187574671,-0.03916349956742071,0.03285543608124253,1.0,0.3230994152046782,21.32576052269764,-0.6225141763287447,0.37157739377704735,0.5,0.7,0.4,0.6,0.15,0.9,0.5,1.0,0.4
0.09,0.997127353973827,1.0977443609022555,0.025749248750690845,0.09140337787870444,0.3804062126642771,0.15615140533023228,0.023027051196065185,0.8376459011330324,0.31166056166056166,0.04351648351648352,1.0,3.580088656647586,0.0054645294640829805,0.03437065932167126,0.38040621266427715,0.0,0.38781362007168463,0.0,-0.007407407407407474,0.0,0.2497076023391812,21.52013746105229,-0.7285946121799158,0.3505162158555575,1.0,0.7,0.1,0.9,0.15,0.15,0.0,0.8,0.1
0.15,1.012218081223345,1.142857142857143,-0.12181055974847738,0.47637085901341586,0.6364532019704433,0.9968497046308509,0.07964650648992,0.050411377249734504,0.3215686274509804,0.07411764705882352,1.0,3.851209868156374,0.014621195662306569,0.04200482735239548,0.6413793103448276,0.618030293461328,0.6435139573070607,0.023349016883499663,-0.002134646962233089,1.0,0.33725490196078445,21.634932628605437,-1.0560069851620544,0.4920518298266504,0.5,0.8,0.5,0.6,0.05,0.9,0.5,1.0,0.5
0.1,1.0031914697363808,1.104,-0.03165799573661461,0.24077401882843538,0.49259259259259264,0.5256936334590054,0.06744913928012519,0.34576699271613287,0.24166666666666667,0.05,1.0,3.4508901956212785,0.0,0.041619854808141954,0.43888888888888883,0.28378445186009144,0.48055555555555557,0.1551044370287974,-0.04166666666666674,0.2,0.4111111111111112,20.990464204738768,-0.7438116516207409,0.32630440080339757,0.5,0.8,0.9,0.6,0.2,0.75,0.0,1.0,0.4
0.08,0.9962192816635163,1.2338709677419357,0.039034286094850934,0.6586146009590521,0.76726403823178,1.3978324671445725,-0.11956521739130443,0.030034195179436937,0.44565217391304346,0.03826086956521739,1.0,3.260801591671876,0.005130487876741008,0.06531481186948024,0.7836320191158901,0.5739440427635644,0.76726403823178,0.20968797635232572,0.016367980884110067,0.4,0.05555555555555547,20.137124503851368,-0.6440338936638454,0.3251032451229303,0.5,0.85,0.9,0.1,0.0,0.2,0.5,1.0,0.9
0.12,0.9986909813126297,1.0814814814814815,0.004820853033468797,0.722070413159287,0.692816091954023,2.4178114098779657,0.1563166880068288,0.006551659941309183,0.35132575757575757,0.06,1.0,3.5840542196074487,0.0,0.08381569513514982,0.7012452107279694,0.8034173680725405,0.692816091954023,-0.10217215734457108,0.008429118773946365,0.4,0.20343137254901944,22.04905111004468,-1.017523902844314,0.37549879120709684,0.5,0.8,0.9,0.1,0.1,0.85,0.5,0.8,0.9
0.07,1.0014758591608686,1.2631578947368416,-0.005748488451573663,0.2878081838356346,0.4229390681003584,0.42046392867805527,0.058415006166028516,0.4208253305588492,0.36674347158218124,0.03387096774193549,1.0,2.3991920537633997,0.0,0.04187567116717652,0.4014336917562724,0.45860272988505746,0.4229390681003584,-0.057169038128785044,-0.021505376344086002,0.7,0.14473684210526327,20.959601975760656,-0.19737258386619994,0.2924323928798953,1.0,0.85,0.1,0.85,0.05,0.2,0.0,0.8,0.1
0.1,0.995678191489362,1.1391304347826088,0.035174880294593286,0.1907447267766172,0.5972222222222222,0.2865145628435238,0.04131455399061024,0.6290672760086411,0.3666666666666667,0.05,1.0,3.4193959174487603,0.0,0.05315079934123515,0.5851851851851851,0.38715277777777773,0.6064814814814814,0.1980324074074074,-0.021296296296296258,0.7,0.15555555555555534,21.31360303979031,-0.7596586174983231,0.3456956344401236,0.5,0.8,0.9,0.1,0.05,0.2,0.5,0.8,0.9
0.1,0.9931549693492755,1.0437956204379564,0.06486338653671497,0.16331523418361155,0.37407407407407406,0.19982499376536753,-0.02785602503912371,0.49375029133842085,0.31666666666666665,0.04888888888888889,1.0,3.281708647460584,0.01737363098738446,0.02489648827413514,0.39074074074074067,0.5594659391534392,0.36944444444444446,-0.16872519841269856,0.021296296296296202,0.4,0.3111111111111112,20.49521747146086,-0.7226412864305192,0.3170520754166312,0.0,0.8,1.0,0.0,0.1,0.6,0.0,0.8,1.0
0.12,1.0099685204617,1.0378787878787878,-0.0961739358698937,0.34705684934844544,0.4864942528735632,0.9506013212465717,0.0862142552283397,0.2788111881848919,0.30965909090909094,0.06,1.0,3.8464836153865902,0.0,0.04534212699114366,0.5440613026819924,0.4058429118773946,0.4864942528735632,0.1382183908045978,0.057567049808429194,0.7,0.2473856209150327,20.95796283663936,-0.7297793404344683,0.3061491464503254,0.5,0.7,0.3,0.8,0.15,0.9,0.5,1.0,0.3
0.08,0.9981534601478641,1.0852713178294575,0.012935143795914567,0.23021292449283043,0.2451612903225806,0.19719676852601237,0.029623392529087467,0.47645788119851995,0.30978260869565216,0.0391304347826087,1.0,3.1673495861255883,0.0,0.03473961442403191,0.23978494623655913,0.5176339285714285,0.25615292712066906,-0.27784898233486943,-0.01636798088410993,0.1,0.3692982456140351,21.243188107280044,-1.0596770187267808,0.4520079468501749,0.5,0.8,0.2,0.8,0.05,0.9,0.5,1.0,0.2
0.14,1.0031049996831631,1.1153846153846154,-0.0482260995722017,0.38149625960460853,0.5591954022988507,0.6730774213524052,0.06403537504094331,0.27190876395903063,0.33222591362126247,0.06674418604651162,1.0,3.7284778703155372,0.0,0.05074141383612207,0.601559934318555,0.3235632183908046,0.5660919540229885,0.27799671592775044,0.035467980295566526,0.1,0.12189542483660132,21.48919543920684,-0.6718436231360458,0.35001407018239694,0.5,0.8,0.8,0.1,0.1,0.85,0.5,1.0,0.8
0.08,0.9922670243825455,1.0263157894736843,0.0717220599959959,0.6505757178823467,0.6621266427718041,0.8957724946280546,-0.0937691365584814,0.0835676794868189,0.33695652173913043,0.03826086956521739,1.0,2.889695001097475,0.0,0.04628196780028671,0.6586618876941458,0.5522700119474312,0.6728793309438471,0.1063918757467146,-0.014217443249701311,0.7,0.14532163742690052,18.265844394799036,-0.864298814468849,0.3345676608134979,0.5,0.8,0.8,0.1,0.05,0.85,0.5,0.8,0.8
0.13,1.0008588994301981,1.3617021276595747,-0.0048045427468410284,0.12539045133507187,0.30977011494252876,0.06790738443595827,0.009987422323507744,0.95091161352453,0.2427055702917772,0.06425287356321839,1.0,3.992627537876495,0.006736280159933996,0.015101138872981347,0.3310344827586207,0.45230414746543773,0.30977011494252876,-0.12126966470681705,0.021264367816091923,0.1,0.2287581699346406,22.21245931418514,-1.0441372098033588,0.42736740032179943,0.5,0.8,0.8,0.2,0.05,0.9,0.5,1.0,0.8
0.09,0.9981871488999797,1.3648648648648647,0.014614151803521575,0.25760612160637875,0.5585424133811231,0.4430689187001053,0.052055925295361904,0.36593169693885663,0.26556776556776557,0.04450549450549451,1.0,2.367853388247202,0.005458467938559071,0.04845809492357625,0.5326164874551971,0.2227250957854406,0.5691756272401434,0.30989139166975643,-0.03655913978494629,0.2,0.2549707602339182,20.619867531586944,-0.985617979702694,0.3827003850982275,1.0,0.6,0.8,0.7,0.15,0.85,0.5,1.0,0.3
0.1,1.0020743577469284,1.476190476190476,-0.014549405386075225,0.08591363186740913,0.46388888888888885,0.22600323741836081,0.03536776212832571,0.6373710999043853,0.2388888888888889,0.05,1.0,3.4072377480801763,0.0,0.029999425174453448,0.48148148148148145,0.49656938044034815,0.4694444444444444,-0.015087898958866697,0.012037037037037068,0.7,0.3666666666666667,21.69226061269292,-0.7760104142787618,0.40037520225844053,0.0,0.9,0.95,0.05,0.0,0.2,0.0,0.8,0.95
0.12,1.0026737967914443,1.111111111111113,-0.028173724470605135,0.337915607377228,0.8369731800766284,0.028243147292991364,0.002913752913752926,0.5591281143847195,0.3380681818181818,0.06,1.0,3.8513006568310466,0.0,0.06753655420360985,0.8562260536398467,0.5310792713211295,0.8369731800766284,0.3251467823187172,0.019252873563218365,0.1,0.10784313725490202,21.192763712449654,-0.33605580686775127,0.3439414160374818,0.0,0.9,0.2,0.8,0.0,0.9,0.0,1.0,0.2
0.11,1.0194573855850917,1.0999999999999974,-0.5370185897095787,0.16607682897809797,0.6573116219667944,0.036356622302871774,-0.0037715093894868934,0.9862155291750574,0.3345250255362615,0.05314606741573034,1.0,3.405688602840158,0.02447582011998709,0.04495765761014581,0.7325031928480205,0.3312937361324458,0.6573116219667944,0.4012094567155747,0.07519157088122608,0.1,0.20751633986928109,11.672809996536486,75.98486073687941,0.0033809817611032446,0.5,0.7,0.3,0.8,0.25,0.95,0.5,1.0,0.3
0.17,1.0075782094419232,1.0810810810810827,-0.15440756121623433,0.28634493063840505,0.6477660199882422,0.5019196667935627,-0.02404186883279716,0.4322606091481379,0.24911410347271437,0.08397590361445784,1.0,4.121405368387182,0.0,0.05663535316207583,0.6289388594944151,0.5785019578123026,0.6477660199882422,0.050436901682112456,-0.018827160493827155,1.0,0.2840686274509804,22.232313388529956,1.4177670730618877,0.23040855315897565,0.0,0.9,0.1,0.9,0.05,0.9,0.0,1.0,0.1
0.09,1.002776920703487,1.1875000000000036,-0.05906854452286192,0.251241598364205,0.6529271206690561,0.2276573680596745,0.021226636611252042,0.6567470241861602,0.2579365079365079,0.04450549450549451,1.0,2.951065191765354,0.0054631935364432265,0.06044598393023398,0.6710872162485065,0.24831976372924647,0.6637992831541218,0.42276745251926007,0.007287933094384691,0.1,0.3654970760233919,22.208135380112015,1.0810425649951014,0.25569276500143234,0.5,0.8,0.9,0.1,0.0,0.2,0.5,0.8,0.9
0.08,1.0299171503130033,1.111111111111113,-0.24697450472891003,0.07819913657607654,0.7738351254480286,0.10830817091067581,-0.013377926421404673,0.8797227903329696,0.39809782608695654,0.0391304347826087,1.0,3.3119516244396445,0.005124581130654138,0.10005490417991462,0.7774193548387096,0.1985663082437276,0.7738351254480286,0.578853046594982,0.0035842293906810374,0.1,0.08830409356725144,2.5448464819583396,26.370897417851307,0.009116550359079559,0.5,0.85,0.9,0.1,0.1,0.85,0.5,1.0,0.9
0.17,1.0005375834044843,1.214285714285712,-0.09392484707347759,0.3349718651983834,0.5520429159318048,0.35057897485381373,0.018535681186283626,0.3713736993637038,0.23245924875974486,0.0819277108433735,1.0,4.23533219615186,0.007887553340173048,0.05139979005263251,0.5428424456202233,0.4836455229175536,0.5496619635508524,0.05919692270266974,-0.006819517930629071,1.0,0.3539828431372549,21.04279230447892,2.287917339140031,0.22287717063612494,0.5,0.85,0.8,0.2,0.1,0.8,0.5,1.0,0.85
0.15,0.9992538241512249,1.4285714285714304,0.03082608861407682,0.05685572339664576,0.6995894909688013,0.09832928661910312,0.006636500754147873,0.7381263784764032,0.27941176470588236,0.07411764705882352,1.0,4.206440302738822,0.04396690394484993,0.03580498847054767,0.6972085385878489,0.5651797117314358,0.6995894909688013,0.13202882685641315,-0.0023809523809523725,0.1,0.1960784313725491,20.03413780653645,0.4065225297237016,0.33211722622769513,0.0,0.9,1.0,0.0,0.05,0.1,0.0,1.0,1.0
0.08,0.9988570884327824,1.0731707317073151,0.00594027970742278,0.08442907212020132,0.5037037037037037,0.025526384293296386,0.003344481605351224,0.8948086309961354,0.296195652173913,0.04,1.0,3.0665744947829463,0.0,0.03402741451408566,0.4875746714456392,0.7594328703703703,0.48183990442054964,-0.2718581989247311,0.005734767025089571,0.2,0.1998538011695905,20.094063814156918,0.02687488013285888,0.35449420021867795,0.0,0.85,0.2,0.8,0.0,0.2,0.0,1.0,0.6
0.07,1.0122684856236084,1.0999999999999974,-0.349814068560903,0.5264274489784239,0.5,0.982159643425034,0.06250738508803028,0.28307455692049355,0.2630568356374808,0.03236559139784946,1.0,2.8617022921252104,0.0047670595868391785,0.04607835391304686,0.4910394265232975,0.7333333333333334,0.5017921146953405,-0.24229390681003588,-0.010752688172042946,0.07652250047505924,0.43304093567251467,2.3088671998797334,83.89467971527141,0.002876122205560438,0.5,0.75,0.85,0.6,0.0,0.4,0.0,1.0,0.5
0.09,1.0129748618019685,1.1666666666666676,-0.4449824070637636,0.2461523582868578,0.2025089605734767,0.3894852091227945,-0.024326101249178167,0.43350852737020806,0.19780219780219782,0.04450549450549451,1.0,2.8934588599948596,0.016395271547789747,0.03130538962535106,0.1915173237753883,0.4111667284637251,0.198805256869773,-0.2196494046883368,-0.007287933094384691,0.2,0.49809941520467826,7.317042877791261,80.40338907138249,0.0031337791488195922,0.0,0.9,0.8,0.1,0.05,0.3,0.0,1.0,0.8
0.09,1.019479252784409,1.0499999999999985,-0.44576614089533173,0.4697976508706316,0.5626045400238949,0.880353112190857,0.041514041514041505,0.14242582777915624,0.23412698412698413,0.04450549450549451,1.0,3.2968504144837696,0.021842296027143833,0.02182027512867514,0.5332138590203105,0.6403198653198653,0.5627240143369175,-0.1071060062995548,-0.029510155316607056,0.7,0.47192982456140337,3.888345100725263,80.12175259052609,0.0031337791488195922,0.5,0.85,0.9,0.1,0.05,0.85,0.5,1.0,0.9
0.04,0.9993869440216474,1.0,-0.00024728052756994856,0.2734608692446026,0.7291666666666666,0.3312758045872127,0.03525641025641024,0.34550916914880603,0.5026041666666667,0.019166666666666665,1.0,2.120149006184693,0.014173066660711105,0.1440443988269225,0.5,0.5,0.5,0.0,0.0,1.0,0.0,0.0,0.3138920984752991,0.2076220868171629,0.5,0.9,1.0,0.0,0.05,0.2,0.5,1.0,1.0
0.14,1.0000813546715013,1.1944444444444429,-0.03260517029831439,0.0030860137799737144,0.2993431855500821,0.09446151906174194,-0.006772297469971877,0.5787401457383263,0.19144518272425248,0.06837209302325581,1.0,3.8976623141875395,0.021070450096301298,0.02129110205794313,0.2959770114942529,0.6172381196852833,0.3040229885057471,-0.32126110819103043,-0.008045977011494232,0.1,0.4369281045751634,20.692483071462465,0.14200730735351774,0.3398517136881799,0.0,0.9,0.9,0.0,0.0,0.2,0.0,1.0,0.9
0.09,1.0081661457808244,1.0,-0.438295706222231,0.03495409525556866,0.620310633213859,0.0037431902688663163,-0.000375692683384915,0.8610132540546283,0.3495115995115995,0.04450549450549451,1.0,3.4689282204212226,0.005461627955480389,0.053764596271631895,0.6131421744324971,0.5393039591315453,0.6131421744324971,0.0738382153009518,0.0,0.7,0.21754385964912282,10.572944342588055,79.26640537960431,0.0031337791488195922,0.5,0.85,0.9,0.1,0.1,0.85,0.5,1.0,0.9
0.08,0.9983609825245296,1.0731707317073151,0.002208602263797932,0.16969380606487258,0.562962962962963,0.3359620403356375,0.024665551839464894,0.5225844687811589,0.26766304347826086,0.03826086956521739,1.0,2.531278735919059,0.010252320928412469,0.053547212831168034,0.5378733572281958,0.5311827956989247,0.559378733572282,0.006690561529271166,-0.021505376344086113,0.7,0.42076023391812856,20.91065934702143,-0.23507910301112833,0.2664067193691003,1.0,0.8,0.9,0.8,0.1,0.2,0.5,0.8,0.2
0.13,0.9926306521450713,1.3333333333333295,0.10645180745917115,0.07173002940272007,0.7339080459770115,0.18168923666482734,-0.014214786098075166,0.8439726143260563,0.3103448275862069,0.06275862068965517,1.0,3.876558572902983,0.04724328290288566,0.05652275924814679,0.7344827586206897,0.5065329218106995,0.7316091954022989,0.22794983680999015,0.002873563218390829,0.2,0.1869281045751634,20.104591963732755,-0.4333404999887187,0.2012783974514757,0.0,0.8,1.0,0.0,0.05,0.2,0.0,1.0,1.0
0.14,1.0265071500189822,1.399999999999996,-0.7174994722045209,0.107231420892029,0.6251231527093596,0.41391502160794147,0.022744697163301908,0.2138652134898319,0.30398671096345514,0.06837209302325581,1.0,3.9802796787655788,0.042256556925208105,0.06570298333973068,0.6206896551724138,0.42193548387096774,0.6251231527093596,0.19875417130144607,-0.004433497536945774,0.4,0.2549019607843137,8.546250409309629,77.79947566208835,0.003744603277898441,0.0,0.85,0.9,0.1,0.0,0.2,0.0,1.0,0.9
0.1,0.9947643979057589,1.2187500000000047,0.04550869737714497,0.5122794712744299,0.6194444444444444,0.3259073851065239,0.020512820512820523,0.4829796038026919,0.24444444444444444,0.04666666666666667,1.0,3.3502322213318423,0.011599308595100527,0.050428153222868685,0.625,0.6008832565284178,0.6194444444444445,0.024116743471582214,0.005555555555555536,0.7,0.4,19.464488374227468,0.560939594917222,0.2104164901127962,0.5,0.8,0.9,0.1,0.05,0.2,0.5,1.0,0.9
0.09,1.0153103124633374,1.0999999999999974,-0.44260068196056146,0.28656401689567695,0.6971326164874552,0.6544014791615781,0.055320747628439915,0.012940983271172928,0.3601953601953602,0.04351648351648352,1.0,3.3832687605028453,0.0,0.06861765845587972,0.6971326164874552,0.5093040621266428,0.7008363201911588,0.18782855436081236,-0.0037037037037036535,0.2,0.10307017543859653,9.751877004258336,79.30077029163527,0.0031337791488195922,0.5,0.85,0.9,0.1,0.1,0.85,0.5,1.0,0.9
0.14,0.9964230965763924,1.1891891891891877,0.00945588474320555,0.252249373428963,0.6520525451559934,0.4459404924965293,-0.031433682596473195,0.3463408364259031,0.30523255813953487,0.06674418604651162,1.0,3.8666215809646434,0.028136424940711304,0.05565798259425678,0.6325944170771757,0.5224259563340024,0.6549261083743843,0.11016846074317332,-0.022331691297208578,0.4,0.1215686274509804,19.50698382937454,-0.3652845599601222,0.2761023914032865,0.0,0.9,0.1,0.8,0.05,0.8,0.0,1.0,0.1
0.08,1.0150619192264143,1.124999999999997,-0.3964259169204656,0.07837618103421247,0.41039426523297484,0.07484617711714521,0.0075250836120401565,0.7988311731365545,0.2595108695652174,0.03826086956521739,1.0,3.0582258697708093,0.0,0.046771726998606517,0.4032258064516128,0.6898809523809524,0.4086021505376343,-0.28665514592933955,-0.005376344086021501,0.1,0.46081871345029246,3.6086375880051196,81.50256220395946,0.003006766470599183,0.0,0.8,0.4,0.6,0.05,0.6,0.0,1.0,0.7
0.08,1.0013516557783286,1.0,-0.0460670686065241,0.2912716320288969,0.5965352449223418,0.495737079302355,0.04515050167224083,0.18310698091867694,0.34103260869565216,0.0391304347826087,1.0,3.2631823643151723,0.00511847882741079,0.04442190939045359,0.6181600955794505,0.5011332035595105,0.6037037037037037,0.11702689201993999,0.014456391875746766,0.7,0.09824561403508769,20.85222088250502,1.2106306763982326,0.2241996354055846,0.0,0.9,0.8,0.1,0.0,0.2,0.0,1.0,0.8
0.12,1.0040431266846364,1.0,-0.029416116723909425,0.19057530448190632,0.678544061302682,0.14489275257839523,0.009324009324009341,0.8630465826926333,0.3115530303030303,0.05863636363636364,1.0,3.2885221577532207,0.006415715887924308,0.05667420839343245,0.6756704980842912,0.5112713420555467,0.6871647509578543,0.16439915602874455,-0.011494252873563093,0.1,0.20392156862745092,21.211954313640593,-0.625713851381998,0.3340717404545705,0.5,0.85,0.1,0.8,0.1,0.95,0.5,1.0,0.1
0.05,1.00142830193764,1.073170731707315,-0.021209309572407797,0.2774335078243055,0.4010416666666667,0.40086290644443495,0.04129554655870446,0.2036434302630351,0.4421052631578948,0.024210526315789474,1.0,2.7100727790784136,0.019941505623794452,0.04214336873067704,0.4060819892473118,0.2217741935483871,0.4010416666666667,0.18430779569892472,0.005040322580645129,0.2,0.18947368421052624,19.947458488075938,-0.03335592885560512,0.28481616998877074,0.5,0.7,0.8,0.1,0.15,0.85,0.5,0.8,0.8
0.07,1.0000751936235805,1.111111111111113,-0.018854852082735185,0.49522139009515503,0.8118279569892474,0.6592246460525074,-0.04466501240694784,0.32433497859204974,0.35637480798771126,0.03236559139784946,1.0,2.619442161305387,0.009538555161895992,0.08127357655909559,0.7956989247311829,0.6117756869773,0.8082437275985663,0.18392323775388286,-0.012544802867383464,0.4,0.22909356725146213,19.14959781842076,0.31947885254659214,0.22013601174053507,0.5,0.85,0.85,0.15,0.0,0.9,0.5,1.0,0.85
0.11,0.9968958586492668,1.111111111111113,0.026048255888417013,0.406864385646661,0.48170498084291186,0.544076860064893,0.0381079594562741,0.1191072314368244,0.23237997957099082,0.050674157303370784,1.0,3.6914978498607613,0.006124226216103077,0.03208016760490169,0.4833652618135377,0.5501216077828981,0.4854086845466156,-0.06675634596936036,-0.002043422733077893,0.7,0.4362745098039216,20.030141083321176,0.07424840561406132,0.2697733292097824,0.5,0.85,0.9,0.1,0.05,0.2,0.5,1.0,0.9
0.09,1.0043091870934593,1.1818181818181814,-0.050335212463271994,0.13970231217971318,0.69557945041816,0.253281047955311,0.020944867098713266,0.8914082832597615,0.27625152625152627,0.04450549450549451,1.0,3.148149087383546,0.010915226088284127,0.06654773462934817,0.69557945041816,0.2843869731800766,0.69557945041816,0.41119247723808344,0.0,0.1,0.250438596491228,19.090862873831554,0.49106832293031966,0.27869008178693017,0.5,0.8,0.2,0.8,0.05,0.9,0.5,1.0,0.2
0.12,1.0192230676812173,1.0909090909090928,-0.6064258685843615,0.19908912814360974,0.5656130268199234,0.1384006443732951,0.010489510489510467,0.5666975048079369,0.38257575757575757,0.06,1.0,4.022774176190515,0.0,0.03315694121487536,0.5685823754789272,0.4996168582375479,0.5656130268199234,0.06896551724137928,0.0029693486590037788,0.7,0.22156862745098027,1.9802718498907639,79.02148092387917,0.003502625534051708,0.0,0.85,0.8,0.1,0.0,0.2,0.0,1.0,0.8
0.09,0.9973818725844659,1.121951219512198,-0.010691666867721383,0.3508795236890123,0.8062126642771803,0.17908795180427933,-0.015873015873015844,0.7127790548745693,0.3250915750915751,0.04450549450549451,1.0,3.2789154015206727,0.03281254864385613,0.1029710532288212,0.809916367980884,0.662456098339719,0.8062126642771803,0.147460269641165,0.0037037037037036535,0.2,0.17178362573099415,18.411487538141273,2.8032078088417736,0.24840735476211143,0.5,0.85,1.0,0.0,0.0,0.2,0.5,0.8,1.0
0.11,1.0199949141527827,1.0,-0.5513539587954099,0.3257707958333838,0.5805874840357599,0.16321244929909826,-0.016028914905319408,0.9410831659195422,0.34959141981613895,0.05314606741573034,1.0,3.2873868185833177,0.006110612135878959,0.0710319267892966,0.5841954022988506,0.6132876642036124,0.5805874840357599,-0.029092261904761774,0.0036079182630907036,0.7,0.1611111111111111,2.6940548428472715,79.07761958283463,0.0033809817611032446,0.0,0.9,0.9,0.0,0.0,0.1,0.0,1.0,0.9
0.11,1.033379808086607,1.1818181818181814,-0.5467720433788248,0.24078979437965858,0.45038314176245214,0.17104228409620126,-0.011628820617584551,0.5999773367295418,0.20250255362614913,0.05438202247191011,1.0,3.302370105236593,0.01832873577322497,0.026770303315238872,0.45047892720306515,0.4601467827274279,0.45038314176245214,-0.009667855524362778,9.578544061300542e-05,1.0,0.5264705882352942,7.327271436712502,78.39661852015708,0.0033809817611032446,0.0,0.9,0.95,0.05,0.05,0.3,0.0,1.0,0.95
0.11,1.0161211529066927,1.2121212121212115,-0.5482159879195354,0.256724246002855,0.7675606641123882,0.3339249802487229,0.021450459652706866,0.7475882245891121,0.3166496424923391,0.05438202247191011,1.0,3.590575615709939,0.006107568372862109,0.09447961433917966,0.7592273307790549,0.48479938271604944,0.770338441890166,0.27442794806300547,-0.011111111111111072,0.4,0.22728758169934637,5.679586025268568,78.51240911967045,0.0033809817611032446,0.5,0.85,0.8,0.2,0.1,0.85,0.5,1.0,0.8
0.15,0.99532843931738,1.4399999999999944,0.040126722472207096,0.22884053923205117,0.524384236453202,0.5472303437591969,0.02684766214177986,0.38214467732436197,0.23333333333333334,0.07411764705882352,1.0,4.275596061776127,0.03660012863298853,0.03537487969923979,0.5291461412151067,0.5115740740740741,0.517487684729064,0.017572067141032655,0.01165845648604269,0.7,0.388235294117647,19.679034470918282,1.2853491652264806,0.22284506697872916,0.5,0.85,0.9,0.1,0.05,0.15,0.5,1.0,0.9
0.13,1.0018639328984158,1.0909090909090886,-0.05025762652534305,0.7945917907822292,0.6873563218390805,1.8855183051620776,-0.06814935727402563,0.014300254945321776,0.3233863837312113,0.06425287356321839,1.0,3.993639839010604,0.013445801019233313,0.06439756639014849,0.6873563218390805,0.5599794238683128,0.6873563218390805,0.12737689797076768,0.0,0.7,0.11405228758169927,20.685001794694195,-0.27656318903548627,0.3906111988888574,0.5,0.8,0.9,0.1,0.05,0.2,0.5,1.0,0.9
0.05,0.9980628086546073,1.135135135135135,0.014713513738681468,0.35511830760143975,0.4847110215053763,0.3111696989862402,0.033198380566801716,0.9275341203165436,0.3263157894736842,0.024736842105263158,1.0,2.7571462686876838,0.011947151817660382,0.07979119003120765,0.495127688172043,0.4680779569892473,0.479502688172043,0.02704973118279569,0.015625,0.7,0.3631578947368421,20.34638364639219,-0.02108081928019745,0.27692851701643645,0.5,0.9,0.9,0.0,0.05,0.1,0.5,0.8,0.9
0.1,1.0375693393847707,1.0,-0.366368762943889,0.16601572569318954,0.8592592592592592,0.11159352839736825,-0.009401709401709396,0.9476649193227875,0.34444444444444444,0.05,1.0,3.4269020554747933,0.0,0.09949629651517755,0.8657407407407408,0.5273809523809524,0.8657407407407408,0.3383597883597884,0.0,0.07652250047505924,0.11111111111111105,6.861799737186395,38.625589099253624,0.006551405360592303,0.5,0.85,0.9,0.1,0.05,0.4,0.5,1.0,0.9
0.09,0.9997024039150416,1.111111111111113,-0.018141587030711448,0.1909576054096647,0.6624850657108722,0.391182881784876,-0.027707335399643068,0.5111276775790234,0.25396825396825395,0.04450549450549451,1.0,3.172725154846617,0.016399283508036953,0.07459848829413687,0.6624850657108722,0.6114969135802469,0.6624850657108722,0.05098815213062524,0.0,1.0,0.21973684210526312,20.315944800557837,0.8564903286130465,0.3124273325234697,0.5,0.9,0.9,0.1,0.05,0.3,0.5,1.0,0.9
0.1,0.9959386555131238,1.0810810810810827,0.03629318672231087,0.2071456034800787,0.4981481481481482,0.5357883538670287,-0.028205128205128188,0.42501626622129307,0.25277777777777777,0.04888888888888889,1.0,3.3871607409643696,0.017374260314756827,0.05669366920302949,0.4962962962962963,0.5122887864823349,0.4981481481481482,-0.0159924901860386,-0.0018518518518518823,1.0,0.3666666666666667,20.737907534049338,-0.09527407508583519,0.3080718577756169,0.5,0.9,0.9,0.1,0.05,0.2,0.5,1.0,0.9
0.12,0.9969008264462811,1.1842105263157898,0.03330627866632163,0.13072121215745505,0.614367816091954,0.06600010842146738,-0.006118881118881148,0.5799616807847034,0.26136363636363635,0.057272727272727274,1.0,3.539235792561647,0.006420776358452555,0.06735764073168526,0.614367816091954,0.6652618135376757,0.614367816091954,-0.05089399744572165,0.0,1.0,0.2957516339869283,20.506099936839814,-0.15470478091954432,0.27230698464628766,0.5,0.8,0.1,0.85,0.15,0.95,0.5,1.0,0.1
0.05,0.9936275666745339,1.0555555555555567,0.04248086505376836,0.32423364102860547,0.36206317204301075,0.44776203276531074,-0.038866396761133515,0.6217789754780066,0.30526315789473685,0.024736842105263158,1.0,2.356852459488617,0.043910478749431006,0.06867358641478628,0.39852150537634407,0.3643695014662756,0.35685483870967744,0.03415200391006845,0.04166666666666663,1.0,0.436842105263158,18.579431022222508,0.9571082266758144,0.20339316644320354,0.5,0.8,0.9,0.1,0.05,0.85,0.5,1.0,0.9
0.17,0.9969364638039336,1.2222222222222219,0.022151891776388506,0.595431068232826,0.7213403880070547,1.9287078397579882,-0.061276781333478636,0.025553987484640085,0.30492558469170805,0.0819277108433735,1.0,4.042914061223258,0.007883076950627621,0.09036251152079106,0.7233245149911817,0.5909482758620689,0.7213403880070547,0.13237623912911278,0.001984126984126977,0.4,0.2074754901960787,20.74369326427822,-0.3832086320625785,0.3782307802420927,0.5,0.85,0.95,0.0,0.0,0.15,0.5,1.0,0.95
0.03,1.000480743550024,1.0810810810810825,-0.010524618145702547,0.018439988426214415,0.051452020202020186,0.0029966692221169745,0.000528680941052101,0.7931830779331579,0.3651202749140893,0.01422680412371134,1.0,1.088325050993432,0.0,0.013047289932968137,0.5,0.5,0.5,0.0,0.0,1.0,0.0,0.0,0.49607490381994257,0.15777100232721916,0.0,0.9,0.1,0.85,0.05,0.95,0.0,1.0,0.1
0.12,0.999508725962663,1.0,-0.013154648232925226,0.4932610623378219,0.678544061302682,0.8930738662283451,0.040209790209790236,0.1323187980519171,0.3579545454545455,0.06,1.0,3.5830741531033667,0.0,0.05886355465625584,0.678544061302682,0.6138482793933294,0.678544061302682,0.06469578190935255,0.0,0.7,0.22287581699346393,20.575107739093532,-0.3697222285658506,0.37549879120709684,1.0,0.85,0.9,0.8,0.1,0.1,0.5,1.0,0.4
0.14,0.9980052285314266,1.4117647058823508,0.016233739463200173,0.1435803704960217,0.4374384236453202,0.018475931972807783,0.0014055711730131537,0.584279142386814,0.2441860465116279,0.06511627906976744,1.0,3.8269892141683184,0.007030538577710486,0.0292696237783671,0.44310344827586207,0.5979242979242979,0.44031198686371104,-0.15482084964843584,0.0027914614121510306,0.7,0.4395424836601306,20.1514308110311,0.20138664594970912,0.2678928603231293,0.0,0.9,1.0,0.0,0.05,0.05,0.0,1.0,1.0
0.08,1.0034337153728365,1.0249999999999995,-0.04111941290820714,0.2429612593948141,0.6931899641577061,0.17315360813339517,-0.020066889632106955,0.7270412528576163,0.34782608695652173,0.03826086956521739,1.0,3.038113305472287,0.0,0.04955930598450621,0.6817204301075268,0.25921162402669634,0.6894862604540024,0.42250880608083047,-0.0077658303464755996,0.1,0.14429824561403504,20.280125015812697,-0.02671082916199019,0.25892538487318395,1.0,0.9,1.0,0.0,0.05,0.1,1.0,1.0,1.0
0.03,1.0129986553115196,1.0,-0.08050288037955244,0.2661289477114934,0.11205808080808081,0.29315866243057576,-0.03383558022733282,0.5434380478334664,0.34536082474226804,0.014845360824742268,1.0,1.9676692894006307,0.012209625409899689,0.03481909913918638,0.5,0.5,0.5,0.0,0.0,1.0,0.0,0.0,19.85141043286773,0.009230975573703518,0.0,0.9,0.1,0.85,0.05,0.95,0.0,1.0,0.1
0.11,1.014412196768174,1.090909090909093,-0.544622537313538,0.1797777092795432,0.6309067688378033,0.0046332523227475084,0.0003928655614049148,0.9224947262577057,0.2834525025536262,0.05438202247191011,1.0,3.4317780881378814,0.012225139850974912,0.057099424504804326,0.6508301404853128,0.48407489803485354,0.6337803320561941,0.1667552424504593,0.01704980842911874,0.1,0.3019607843137254,11.447094680565863,77.97429904515789,0.0033809817611032446,1.0,0.8,0.9,0.7,0.15,0.1,0.5,1.0,0.3
0.07,0.9982280626451391,1.0,0.01267269871838305,0.022672529356356514,0.8046594982078853,0.306987777978628,0.02481389578163773,0.32925132285069425,0.3283410138248848,0.03387096774193549,1.0,2.8215935088415875,0.009527620408206301,0.08511129368359482,0.8046594982078853,0.7288074712643677,0.8046594982078853,0.07585202694351756,0.0,0.7,0.23859649122807003,19.218790732854536,0.12245716404283558,0.26868259713665926,0.0,0.85,0.9,0.1,0.0,0.2,0.0,1.0,0.9
0.06,1.0089738660765357,1.0,-0.2948479105863946,0.39235806638266774,0.748991935483871,0.2535594647196053,-0.02373158756137475,0.579897895163375,0.3537234042553192,0.03,1.0,2.8575873836913046,0.0,0.07853996122763363,0.7384072580645161,0.29189814814814813,0.7543682795698925,0.446509109916368,-0.01596102150537637,0.1,0.15467836257309953,8.532102356129505,83.3881449978277,0.002740337677916638,0.0,0.9,0.9,0.1,0.05,0.3,0.0,1.0,0.9
0.07,1.02164648773742,1.0731707317073151,-0.25852010380853585,0.17967629329712537,0.8584229390681003,0.09091401475484316,-0.009571074087203119,0.9169151728973614,0.3855606758832565,0.03462365591397849,1.0,2.7251301967370716,0.01907203910703352,0.11794555646914964,0.8351254480286737,0.5474910394265232,0.8530465949820788,0.2876344086021505,-0.017921146953405076,0.1,0.07485380116959073,2.519178693530722,42.12897513576041,0.005782547225246593,0.5,0.85,0.9,0.1,0.05,0.95,0.5,1.0,0.9
0.1,0.9990123642000772,1.3333333333333344,0.41187479105961344,0.009309163244537358,0.5518518518518518,0.007484828945083489,0.0008547008547008794,0.9713610623555703,0.26944444444444443,0.04666666666666667,1.0,3.328059025942136,0.005800936379191368,0.04864112589695598,0.5361111111111111,0.47962962962962963,0.5518518518518519,0.056481481481481466,-0.015740740740740833,1.0,0.33333333333333337,10.873478062555375,60.30304682281688,0.006551405360592303,0.5,0.8,0.9,0.1,0.05,0.9,0.5,1.0,0.9
0.1,0.9992078759760098,1.1250000000000022,0.38252293131710857,0.19317711433265355,0.32129629629629625,0.42951696305722964,0.035042735042735085,0.27316811124024765,0.23055555555555557,0.04888888888888889,1.0,3.367912378285107,0.017404390525867067,0.05713221097394183,0.3435185185185185,0.3523112099864047,0.3398148148148148,-0.008792691467886193,0.003703703703703709,1.0,0.6777777777777778,10.549699051615123,55.17305286704563,0.030648012540470705,0.5,0.85,0.9,0.1,0.1,0.85,0.5,1.0,0.9
0.14,0.9973022256638274,1.1999999999999986,0.47127182776787624,0.05021550771377852,0.37931034482758624,0.006763409748239532,-0.0005111167901864777,0.9551440652365194,0.23463455149501664,0.06348837209302326,1.0,3.956621346298902,0.021166039086206637,0.030204291096964344,0.36182266009852215,0.55086917562724,0.3843185550082102,-0.18904651552871787,-0.022495894909688063,0.1,0.22124183006535958,10.952473449171576,31.76280150126867,0.011357978441546507,0.5,0.8,0.2,0.8,0.15,0.95,0.5,1.0,0.2
0.07,0.9999943189057887,1.1999999999999986,0.05789075364165752,0.12205786053392265,0.6308243727598567,0.2258088697754602,-0.023868604513765795,0.524095401281488,0.3632872503840246,0.03387096774193549,1.0,2.757906681601663,0.03340948595788962,0.10291753941723919,0.6182795698924731,0.0,0.6397849462365591,0.0,-0.021505376344086002,0.0,0.13918128654970752,18.39535505743835,5.65858560108771,0.13355490925863162,0.5,0.85,0.7,0.3,0.1,0.85,0.5,0.8,0.7
0.09,0.9996383737149351,1.0,0.042010231679000865,0.040905772025379206,0.6585424133811231,0.05284572568594867,0.0065746219592374144,0.8763948130993848,0.33516483516483514,0.04450549450549451,1.0,3.3967219995178364,0.03281106038667385,0.0619353843799221,0.6765830346475509,0.35320108762822894,0.6729988052568698,0.32338194701932194,0.0035842293906810374,0.1,0.13128654970760234,17.58562367640561,3.8236155407356263,0.18982692800818718,0.5,0.85,0.9,0.1,0.0,0.2,0.5,1.0,0.9
0.11,0.9980159361704382,1.1666666666666685,0.4214622565301003,0.3704112175048052,0.6896551724137931,0.3857844194980959,0.024279091694822036,0.35502523389794804,0.21118488253319712,0.05438202247191011,1.0,3.718516300421022,0.0366879544606533,0.035456952776848356,0.6895593869731801,0.39685953234340327,0.6924329501915709,0.2926998546297768,-0.002873563218390829,0.1,0.5918300653594772,13.794667420152852,52.91115427519156,0.05494249706261113,0.5,0.85,0.8,0.1,0.05,0.95,0.5,1.0,0.85
0.1,0.99926136963174,1.0,0.3614062686466477,0.4015762358839562,0.4564814814814815,0.4335297231045861,0.027350427350427392,0.3275578806740499,0.23055555555555554,0.04888888888888889,1.0,3.535954185384642,0.005796619330854959,0.025957082219116877,0.4481481481481482,0.3524100852799407,0.44722222222222224,0.09573806286820746,0.0009259259259259411,1.0,0.55,10.859556067420561,50.06632038813335,0.030648012540470705,0.5,0.85,0.8,0.15,0.1,0.85,0.5,1.0,0.85
0.12,0.9988532342852502,1.071428571428571,0.1549581070581123,0.1752834863706401,0.5465517241379311,0.08732781935326024,0.009032634032634074,0.5476358685431556,0.26799242424242425,0.05863636363636364,1.0,3.752899342191347,0.045108836227764265,0.040827453093871285,0.5431992337164752,0.535283187881368,0.5408045977011494,0.007916045835107188,0.002394636015325746,1.0,0.36111111111111105,18.585821356653668,3.6385554331746874,0.15266547477028292,0.5,0.8,0.8,0.2,0.05,0.9,0.5,1.0,0.8
0.07,0.9998983769344676,1.0,0.0581730302687713,0.729936894959763,0.7419354838709676,1.6077780284005847,0.08696679664421605,0.029949852164968895,0.3122119815668203,0.03387096774193549,1.0,3.0259290322892984,0.01430040162812949,0.06798398649614022,0.7598566308243727,0.0,0.7562724014336917,0.0,0.0035842293906810374,0.0,0.21520467836257318,19.215554315891644,4.641050121950309,0.14785045695882637,0.5,0.85,0.9,0.1,0.1,0.6,0.5,0.8,0.9
0.07,0.9996658746358397,1.0,0.08940841691880075,0.4099871434911709,0.7741935483870969,0.48607799702979887,-0.03284887155854899,0.34380965904321703,0.3632872503840246,0.031612903225806455,1.0,2.9057250447824505,0.009556390222857874,0.06767948478319508,0.7759856630824373,0.6656735364396654,0.7706093189964158,0.1103121266427719,0.005376344086021501,0.5065551690490403,0.19502923976608189,17.509748996129606,7.06562308604847,0.14300242843126942,0.0,0.8,0.9,0.1,0.0,0.3,0.0,1.0,0.9
0.11,1.000064772668962,1.1999999999999986,0.03726392813634771,0.6881193210930261,0.6862707535121327,0.9180543230636204,0.03897226369136489,0.18671943717257422,0.21246169560776304,0.051910112359550564,1.0,3.3327876629078776,0.01224410597273292,0.07007919714887181,0.6833971902937419,0.6988011370658757,0.6973818646232438,-0.015403946772133748,-0.0139846743295019,1.0,0.4784313725490197,19.699223692950035,3.391366578925478,0.14713194830680107,1.0,0.9,0.9,0.1,0.05,0.15,1.0,0.6,0.9
0.07,0.9980332199204676,1.0,0.23929142601471298,0.011165940054069071,0.18100358422939067,0.014362575197629778,-0.0015360983102918613,0.8894176623327622,0.33448540706605223,0.03387096774193549,1.0,2.5278940509315446,0.038229271795697545,0.03426484102831982,0.18100358422939067,0.6229171582341771,0.17921146953405018,-0.4419135740047865,0.001792114695340491,0.1,0.21096491228070158,11.262261417546595,46.484220336814964,0.020792561887903734,0.5,0.7,0.2,0.8,0.15,0.9,0.5,0.8,0.2
0.12,0.9983763145972604,1.0416666666666665,0.4557587040618909,0.22942457602002297,0.6541187739463602,0.7964830052232302,-0.0407925407925408,0.16513412110595027,0.2859848484848485,0.06,1.0,3.6276082708938167,0.0,0.06378321823686295,0.6397509578544062,0.3929757343550447,0.6512452107279694,0.24677522349936148,-0.011494252873563204,0.1,0.2428104575163399,12.028807469617643,50.971053068915964,0.05282628303159761,0.5,0.8,0.8,0.1,0.15,0.8,0.5,0.8,0.8
0.07,0.9992793619930147,1.0,0.27204514927271806,0.2833700083563946,0.39068100358422936,0.5840264488022939,0.04490133522391593,0.2907100350588798,0.2446236559139785,0.03462365591397849,1.0,3.1814661978410235,0.02863236990634277,0.05092580814142789,0.38172043010752693,0.5337643678160919,0.39426523297491034,-0.152043937708565,-0.012544802867383409,0.4,0.40350877192982454,13.799636635914935,58.17236283419631,0.017724506846480297,0.0,0.8,0.2,0.8,0.15,0.9,0.0,0.8,0.2
0.12,1.000573903775467,1.0416666666666665,-0.008664219222918601,0.7025626954058469,0.5621647509578543,2.1072846874195936,0.07313519813519823,0.03057137794634011,0.2840909090909091,0.05590909090909091,1.0,3.3906303482025453,0.0,0.053087685097418555,0.5449233716475095,0.45708812260536397,0.5565134099616859,0.08783524904214551,-0.011590038314176376,1.0,0.39836601307189534,21.37843115748172,1.8337525679321462,0.2566232148015288,0.5,0.8,0.9,0.1,0.0,0.3,0.5,1.0,0.9
0.11,1.0006996319400394,1.0,-0.05039008197414604,0.25527246505467416,0.5996487867177522,0.23518117202855557,0.019171839396558477,0.26293481654339945,0.2622574055158325,0.05438202247191011,1.0,3.600014163792271,0.0,0.035884748502521775,0.6200191570881225,0.6003831417624522,0.60242656449553,0.019636015325670275,0.017592592592592493,0.7,0.38954248366013067,20.959181425055178,0.24776768643957992,0.34017839181328113,0.5,0.85,0.2,0.8,0.05,0.9,0.5,1.0,0.2
0.06,0.999352833550387,1.1250000000000022,0.06710343494593718,0.1972680767422776,0.3294690860215054,0.16661309734948845,0.016093835242771443,0.46727574230132085,0.2641843971631206,0.029361702127659574,1.0,2.6953581343441284,0.03513841582558851,0.02479316131826856,0.3348454301075268,0.0,0.3294690860215054,0.0,0.005376344086021445,0.0,0.38918128654970763,17.84902689979,2.174158137966934,0.140626897249806,0.5,0.8,0.1,0.8,0.15,0.95,0.5,1.0,0.1
0.09,0.9998516112544621,1.0,0.05248485117177892,0.3554168108102643,0.42162485065710875,0.3449647926115309,-0.022729407344791924,0.3834407287823903,0.41758241758241754,0.04450549450549451,1.0,2.859234760467044,0.010921082161440155,0.04544118396217568,0.42891278375149344,0.5219348659003832,0.42532855436081246,-0.09302208214888974,0.003584229390680982,0.7,0.10526315789473684,19.963294234355203,2.0046355536669225,0.21444658186245427,1.0,0.7,0.9,0.6,0.15,0.15,0.5,1.0,0.5
0.13,0.9990352336175248,1.5833333333333328,0.09573040513244824,0.06617468747169683,0.5011494252873563,0.4206262292722042,0.0336665986533361,0.15932849993282217,0.26480990274093724,0.06425287356321839,1.0,3.6592068493367003,0.04040210193942984,0.05630292413235246,0.5028735632183908,0.7483746392719325,0.49827586206896557,-0.24550107605354166,0.0045977011494252595,0.1,0.3457516339869283,19.254781450449745,2.5123400916448295,0.19477397129444787,0.5,0.85,0.8,0.1,0.05,0.3,0.5,1.0,0.85
0.05,0.9998418284629681,1.120000000000002,0.05116542092353926,0.3392485978810542,0.7355510752688171,0.5992487388555414,-0.06315789473684202,0.21601051100036406,0.46578947368421053,0.024210526315789474,1.0,2.319926095629359,0.015950938901566347,0.1092032595526448,0.7303427419354839,0.7311447811447812,0.7303427419354839,-0.0008020392092973339,0.0,1.0,0.1210526315789473,19.265151676160812,5.06722411887945,0.1287106632361924,0.5,0.85,0.85,0.15,0.1,0.85,0.5,0.8,0.85
0.07,0.9993323320360679,1.1199999999999992,0.2673395790321065,0.674648129141496,0.6559139784946236,0.3788223534321357,0.03273071015006501,0.4207862136767805,0.25268817204301075,0.03387096774193549,1.0,2.794207690463781,0.0,0.056242261539323546,0.6487455197132617,0.0,0.6523297491039427,0.0,-0.0035842293906810374,0.0,0.4790935672514621,12.585645792574969,56.54765755060444,0.01168890915227018,0.5,0.8,0.8,0.2,0.05,0.9,0.5,0.8,0.8
0.1,1.0000499151442548,1.2857142857142836,0.05403416000522099,0.349205249934157,0.6888888888888888,0.7718147923771517,0.05726495726495731,0.0790889400948775,0.28888888888888886,0.04888888888888889,1.0,3.3417264992158215,0.017374260314756827,0.044425825060452825,0.6814814814814815,0.5465434845301363,0.6712962962962963,0.13493799695134512,0.010185185185185186,0.1,0.24444444444444458,21.45257867117954,1.8178988646309229,0.24439218493127557,1.0,0.9,0.9,0.0,0.05,0.1,1.0,0.8,0.9
0.07,0.9985482994976699,1.0,0.2658495473128779,0.7166995999331579,0.6881720430107526,1.3429594306378694,0.0660522273425499,0.08240393351529803,0.29147465437788017,0.03462365591397849,1.0,2.7732029448072284,0.009534723716746532,0.028740417840380526,0.7060931899641577,0.4296103414568376,0.6881720430107526,0.27648284850732013,0.017921146953405076,0.07652250047505924,0.2662280701754385,12.094530187327488,54.761784029240296,0.01168890915227018,0.5,0.8,0.9,0.1,0.15,0.8,0.5,1.0,0.9
0.04,1.0002173373075012,1.120000000000002,-0.027653230567543985,0.4010051929232644,0.3489583333333333,0.3651428075487243,0.042467948717948706,0.24557749677738305,0.3020833333333333,0.019583333333333335,1.0,2.0594240562183463,0.014211916907692093,0.021936772829343417,0.5,0.5,0.5,0.0,0.0,1.0,0.0,0.0,2.048672718201976,0.1603251683115079,0.0,0.8,0.1,0.8,0.1,0.9,0.0,0.8,0.1
0.08,0.9999280215411896,1.1999999999999986,0.05519985678483175,0.30148098473194024,0.7818399044205496,0.5533858369482582,-0.037207357859531776,0.35413714117336614,0.29347826086956524,0.04,1.0,2.596376085385451,0.0,0.08542345771910395,0.7565113500597372,0.6831018518518519,0.7657108721624851,0.07340949820788534,-0.009199522102747881,0.7,0.32558479532163753,21.44178974880108,3.2491273587111973,0.17614644397821738,0.5,0.85,0.9,0.1,0.0,0.9,0.5,1.0,0.9
0.17,1.0018079499325852,1.142857142857142,-0.2239460920885239,0.5807463023203664,0.5926954732510288,1.5912932838680318,0.06607425175816392,0.009488989783531705,0.2565556343019135,0.08397590361445784,1.0,4.085094329358205,0.03955109696171313,0.024659479158883942,0.607745443856555,0.3674382716049383,0.5946796002351558,0.24030717225161674,0.013065843621399287,0.1,0.3084558823529413,18.68919963897009,3.8390279187025325,0.2154963039559851,0.5,0.7,0.6,0.5,0.15,0.9,0.5,0.8,0.5
0.11,0.9997569961323303,1.142857142857142,0.07398268018642695,0.2951304877459801,0.39741379310344827,0.5681357963125296,0.037165082108902375,0.36263685214565566,0.22497446373850868,0.05314606741573034,1.0,3.064484697949083,0.012231427419120281,0.03302221044216464,0.40881226053639846,0.5559881349647756,0.4029693486590038,-0.14717587442837715,0.005842911877394663,0.2,0.4624183006535947,19.006378130774127,2.1321586684924574,0.21225173518733406,0.5,0.8,0.85,0.15,0.05,0.85,0.5,1.0,0.85
0.09,0.9997380598969702,1.0,0.07419245464386526,0.1728725107227333,0.47992831541218633,0.22850967609421527,0.018502864656710832,0.7997551010924131,0.33241758241758246,0.04450549450549451,1.0,3.67080367226236,0.016421277685796782,0.039014859767344874,0.4616487455197132,0.34349446849446846,0.47980884109916366,0.11815427702524472,-0.018160095579450475,0.5065551690490403,0.2704678362573101,19.783483176485433,2.121874454363735,0.20188140171645608,0.5,0.8,0.5,0.6,0.05,0.85,0.5,1.0,0.5
0.03,0.9999031198484363,1.0,0.0215040618002853,0.4255322318465109,0.49242424242424243,0.23802400360533532,-0.034099920697858804,0.5799082570918064,0.42439862542955326,0.014536082474226804,1.0,1.24368961966252,0.00611007936485465,0.07660145739256877,0.5,0.5,0.5,0.0,0.0,1.0,0.0,0.0,1.9834358806172903,0.14440412852270165,0.0,0.8,0.3,0.7,0.05,0.2,0.0,1.0,0.4
0.11,0.9995083338477027,1.142857142857142,0.37025523896925616,0.1481404821753198,0.6639846743295019,0.36333706409497857,0.031114952463267093,0.2578997778362222,0.31409601634320733,0.05314606741573034,1.0,3.6286965032828156,0.0,0.06882712633050929,0.6639846743295019,0.6722093621399177,0.6639846743295019,-0.008224687810415743,0.0,1.0,0.20261437908496727,11.725523433323556,46.77990630618389,0.05896736957771389,0.5,0.8,0.9,0.1,0.05,0.9,0.5,1.0,0.9
0.07,0.9994589032161438,1.0,0.07819481493960345,1.1428236983716458,0.8727598566308243,2.0365523338842055,0.08637598960179613,0.03699915567101627,0.3099078341013825,0.03387096774193549,1.0,3.0056613706890114,0.019086745243179395,0.07025757675577549,0.8799283154121863,0.27272998805256865,0.8727598566308243,0.6071983273596177,0.007168458781361964,0.1,0.33304093567251447,18.645688196684723,3.240688468155091,0.14785045695882637,0.5,0.85,0.9,0.1,0.1,0.85,0.5,1.0,0.9
0.05,0.9998441700105184,1.1428571428571417,0.017068837494315536,0.33450374769958163,0.7419354838709676,0.3337250362685209,0.031578947368421095,0.786122945563936,0.46842105263157896,0.02368421052631579,1.0,2.4691798564225125,0.00797269974307224,0.10190586725618145,0.7738575268817204,0.0,0.7738575268817204,0.0,0.0,0.0,0.08421052631578951,19.36774304376856,3.7109246246900973,0.1161072426141292,0.5,0.9,0.9,0.0,0.0,0.15,0.5,1.0,0.9
0.13,0.9980016584286495,1.0999999999999992,0.5412641471277171,0.005555817690643579,0.3528735632183908,0.05405222208157304,0.004012786506155275,0.7336200721540056,0.1865605658709107,0.06275862068965517,1.0,3.543367108568879,0.0336963441553144,0.02537322513602215,0.3574712643678161,0.6656954156954157,0.35000000000000003,-0.30822415132759956,0.007471264367816088,0.1,0.4988562091503268,9.724229555338926,57.35604401576972,0.00728690100458299,0.0,0.8,0.8,0.1,0.05,0.85,0.0,1.0,0.8
0.09,0.9993091035005423,1.0,0.07144939772373593,0.4659632770224407,0.3333333333333333,0.832979503332782,-0.04818258664412503,0.15937127066901147,0.33547008547008544,0.04450549450549451,1.0,3.198287135228706,0.027396032418181098,0.033364702909401904,0.3230585424133811,0.22341696535244918,0.337037037037037,0.09964157706093194,-0.013978494623655913,0.26828588367711736,0.2296783625730996,17.375493922328392,0.8799224737630618,0.24840735476211143,0.5,0.85,0.8,0.2,0.1,0.85,0.5,0.8,0.8
0.1,0.9985714523014564,1.2142857142857126,0.12892824306229156,0.053688675242128295,0.3416666666666666,0.03504494841382384,-0.0034188034188034344,0.9093797836232055,0.23333333333333334,0.04888888888888889,1.0,3.142302508650759,0.05812601877639341,0.032559906347080114,0.3796296296296296,0.73213458994709,0.3453703703703703,-0.3525049603174604,0.03425925925925927,0.1,0.4277777777777777,17.84841499157724,1.69629306621062,0.2372888921325374,1.0,0.7,0.9,0.8,0.15,0.15,0.5,0.8,0.2
0.1,1.0005590181305433,1.0,-0.002248985653914626,0.0519273857379051,0.7277777777777779,0.13158685659522132,-0.0111111111111111,0.8630974974178903,0.3,0.04666666666666667,1.0,3.482588355643083,0.0,0.0681768533175251,0.7333333333333334,0.6791243528474711,0.7314814814814815,0.05420898048586231,0.0018518518518518823,0.7,0.12499999999999989,15.172446050918964,3.273249312196681,0.0984932761501543,0.5,0.8,0.5,0.7,0.05,0.85,0.5,0.8,0.5
0.13,0.9995929082530018,1.3333333333333344,0.04469359311316279,0.4747753318426498,0.6,0.47237412530052825,0.027069305583894476,0.47598919792948624,0.20910698496905394,0.06126436781609195,1.0,3.6335144557474512,0.013468961377072639,0.05970592962715426,0.5873563218390805,0.5751369679171403,0.6022988505747127,0.01221935392194018,-0.014942528735632177,1.0,0.38725490196078427,17.04879028113639,3.091235261289272,0.09520286459850674,1.0,0.9,0.9,0.1,0.05,0.1,1.0,0.8,0.9
0.12,0.999452354874042,1.0357142857142854,0.0828360566638574,0.1874743195163842,0.5327586206896552,0.1799818313811229,-0.011072261072261058,0.7487958972423502,0.19318181818181818,0.057272727272727274,1.0,3.2282694206855953,0.025725215740381887,0.020495048673475263,0.5127394636015326,0.4490102171136654,0.5298850574712644,0.06372924648786715,-0.0171455938697318,0.4,0.5081699346405228,19.63877484220384,1.9166106903217077,0.17571078479045002,1.0,0.9,0.95,0.0,0.05,0.1,1.0,1.0,0.95
0.07,0.9997078684509164,1.1428571428571417,0.06409034382975487,0.5456044019096965,0.6200716845878135,0.2237429131136128,0.022923313245893917,0.6199902549844785,0.337557603686636,0.03387096774193549,1.0,3.0412870255171582,0.004767923372376971,0.06413504356095144,0.6093189964157705,0.7316498316498317,0.6200716845878136,-0.12233083523406119,-0.010752688172043112,0.4,0.16169590643274845,18.29994503068042,3.0984095076442104,0.14300242843126942,0.5,0.8,0.9,0.1,0.05,0.85,0.5,0.8,0.9
0.04,1.0000972567326756,1.0357142857142856,0.00836093160802609,0.26880754663318074,0.5729166666666666,0.35234428005028634,-0.036057692307692235,0.687943848968792,0.32291666666666663,0.019583333333333335,1.0,2.130761572621138,0.014168670051620248,0.06570917086326462,0.5,0.5,0.5,0.0,0.0,1.0,0.0,0.0,1.74251376548328,0.196269709756512,0.5,0.8,0.85,0.1,0.05,0.9,0.5,1.0,0.85
0.1,0.9998179591566544,1.0,0.05010421053517056,0.5252899219791038,0.7074074074074076,1.625355633945915,-0.06923076923076915,0.031212456795432896,0.3833333333333333,0.04777777777777778,1.0,3.038197398177779,0.011594360705668287,0.07565719618698864,0.6962962962962963,0.35098978288633464,0.7027777777777778,0.34530651340996166,-0.0064814814814815325,0.1,0.3111111111111111,19.22089934161027,1.7449670629943643,0.17406736584923208,0.5,0.8,0.9,0.1,0.15,0.6,0.5,0.6,0.9
0.1,0.9994604241895988,1.2857142857142871,0.060458722642660834,0.024947915733124226,0.34907407407407404,0.05398428962071406,-0.00512820512820511,0.7525550334756339,0.21666666666666665,0.04888888888888889,1.0,3.223831811196882,0.0173941718276291,0.0178957327518517,0.33425925925925926,0.2119341563786008,0.3435185185185185,0.12232510288065845,-0.009259259259259245,0.7,0.42222222222222217,18.358949662435574,3.1152358685160895,0.1168980035869257,0.5,0.8,0.1,0.9,0.15,0.9,0.5,0.8,0.1
0.08,0.9998034140427903,1.0416666666666665,0.03105651428321965,0.48506943222661725,0.4710872162485065,0.7892617240887021,0.045568561872909724,0.2740033515592126,0.22282608695652173,0.04,1.0,3.1447476183540455,0.0,0.03645700241674911,0.44432497013142175,0.3520833333333333,0.4710872162485065,0.09224163679808844,-0.026762246117084776,0.4,0.42251461988304106,18.33190550987606,1.1410411147036923,0.2177330170543971,0.0,0.8,0.1,0.8,0.05,0.9,0.0,1.0,0.1
0.13,0.9972645256319207,1.3000000000000014,0.4281452775115868,0.329378720327841,0.6908045977011494,0.1987438930837694,0.013534652791947377,0.49059576758122303,0.2816091954022989,0.06425287356321839,1.0,3.672921187856804,0.040387275681848155,0.0497908763763657,0.6885057471264368,0.4941750550451576,0.6885057471264368,0.19433069208127918,0.0,0.2,0.2728758169934641,11.050256754936083,30.890278734253307,0.014735401937985858,0.5,0.8,0.8,0.2,0.05,0.9,0.5,1.0,0.8
0.1,0.9998249431065097,1.0,0.03776757754771004,0.7029951794063153,0.7018518518518518,0.5960852220939978,-0.04871794871794874,0.20957004301975213,0.35833333333333334,0.04666666666666667,1.0,3.308539803878787,0.01741124819350311,0.09449800621334639,0.6925925925925925,0.5430107526881721,0.7046296296296296,0.14958183990442042,-0.012037037037037068,0.4,0.12222222222222223,19.382626225227565,0.5238442091826547,0.2516641727248349,0.5,0.7,0.8,0.2,0.15,0.9,0.5,1.0,0.8
0.05,0.9998587493035554,1.0,0.02562909181265749,0.48261762873879865,0.5908938172043011,0.40016373122754745,0.034008097165991985,0.37584245039786046,0.26842105263157895,0.023157894736842106,1.0,2.517229771721199,0.007978917551849792,0.07448476779771968,0.5855174731182796,0.0,0.5908938172043011,0.0,-0.005376344086021501,0.0,0.5263157894736843,17.32086104461641,3.115896977444762,0.19205932419806082,0.5,0.7,0.8,0.6,0.15,0.85,0.0,0.8,0.8
0.12,1.0001930776578662,1.2499999999999982,-0.0015412042732416142,0.7318895343534865,0.6949233716475095,2.3124491308925776,0.078962703962704,0.007699819043589439,0.30492424242424243,0.06,1.0,3.833307594749259,0.0,0.07757702818432267,0.6951149425287356,0.5136904761904763,0.6949233716475095,0.18142446633825937,0.00019157088122612187,0.4,0.4062091503267973,20.13174486801619,2.6740738276264038,0.1208916522650863,0.5,0.8,0.9,0.1,0.05,0.2,0.5,1.0,0.9
0.12,0.9993070746321385,1.1666666666666685,0.11923578355050224,0.17711641833263359,0.48400383141762454,0.4148096737286108,0.025349650349650338,0.4417331694676868,0.23011363636363638,0.057272727272727274,1.0,3.6372837161049776,0.025754291915335136,0.04947343897976261,0.47835249042145594,0.4536398467432951,0.4782567049808429,0.02471264367816084,9.578544061306093e-05,0.7,0.4415032679738563,20.593728910858786,2.5876139254361936,0.2070185546537631,0.5,0.8,0.8,0.1,0.05,0.85,0.5,0.8,0.8
0.11,0.9991047858352705,1.5238095238095237,0.11228387997657308,0.45439836304201203,0.39620051085568325,0.917827020232487,0.047851025379115286,0.19059223505286493,0.23493360572012256,0.051910112359550564,1.0,3.595573090486537,0.0,0.03700771489395983,0.40399106002554275,0.6983102918586789,0.39620051085568325,-0.29431923183313613,0.007790549169859495,0.2,0.469281045751634,20.141417478944263,2.187497235270488,0.16929196559230292,0.5,0.8,0.9,0.1,0.05,0.85,0.5,1.0,0.9
0.07,1.0000901018311592,1.0,-0.002016998100072012,0.09317329367892825,0.5949820788530465,0.012249497099017004,0.001417936901807887,0.9225170807803366,0.3294930875576037,0.03462365591397849,1.0,2.848617530592509,0.009535385967312378,0.04835669501520051,0.5788530465949822,0.7045977011494253,0.5931899641577061,-0.12574465455444317,-0.014336917562723928,1.0,0.22280701754385956,18.710747413633,1.6052557207014742,0.14300242843126942,0.0,0.85,0.2,0.8,0.05,0.85,0.0,0.8,0.2
0.11,0.9953574317107275,1.2199852117018748,0.08742958188187455,0.4314575693232001,0.5665389527458493,0.44708190358832195,0.08283963227783459,0.4175442791279299,0.14606741573033707,0.05438202247191011,1.0,3.6025680246339538,0.0,0.04248056147575627,0.5684865900383143,0.5411535303776683,0.569220945083014,0.02733305966064592,-0.0007343550446997638,1.0,0.3965686274509804,18.816836413665204,0.023929657554789152,0.30301288125238973,1.0,0.95,0.9,0.1,0.0,0.1,1.0,0.8,0.9
0.07,0.9995999179338539,1.0757398979603807,0.002078842721060098,0.9030691231428577,0.7204301075268816,1.2070805632070831,0.20568356374807995,0.06880717984458627,0.24731182795698925,0.03462365591397849,1.0,2.802677772659746,0.0,0.10291215580360746,0.7060931899641577,0.2672413793103448,0.7150537634408601,0.4388518106538129,-0.008960573476702427,0.1,0.13435672514619879,19.730695705975783,0.3993362915066214,0.20770450122013845,1.0,0.95,0.2,0.8,0.1,0.9,1.0,1.0,0.2
0.09,0.9990745854902815,1.0589202131859172,0.03914185499459977,0.48226725457271674,0.4851851851851852,0.3522414695316554,0.08363858363858362,0.5957586279531343,0.19474969474969478,0.04450549450549451,1.0,3.1963934745432847,0.0,0.0626451756609459,0.4777777777777778,0.23935185185185182,0.4814814814814814,0.23842592592592599,-0.003703703703703598,0.2,0.43187134502923974,20.43267672788408,2.0049759199734787,0.25569276500143234,1.0,0.95,0.4,0.6,0.05,0.2,1.0,1.0,0.4
0.06,0.9991899150098702,1.0180200465889593,0.04281774521086601,0.21995720843897995,0.4835349462365592,0.06561534853942447,-0.021276595744680993,0.8274513782633853,0.24379432624113478,0.03,1.0,2.5432587976546293,0.0,0.07504971672330468,0.4835349462365592,0.09509408602150538,0.4835349462365592,0.3884408602150538,0.0,0.1,0.30116959064327486,17.95689364021362,2.804303381516526,0.16492132635644413,1.0,0.95,0.1,0.8,0.05,0.95,1.0,1.0,0.2
0.06,0.9990697478093322,1.145114116323341,0.016199443342852476,0.6917120007353492,0.47177419354838707,0.9977371672207507,-0.1890070921985816,0.12002330239561436,0.350177304964539,0.03,1.0,2.2363327629796514,0.0,0.12194435626555583,0.5031922043010753,0.0,0.46135752688172044,0.0,0.041834677419354815,0.0,0.2755847953216374,18.098294885547194,1.3788672166689642,0.14531027421533413,0.5,0.75,0.9,0.8,0.15,0.95,1.0,1.0,0.2
0.09,0.9984676548325156,1.244533198936019,0.06077711742442504,0.33847041616520473,0.3504181600955795,0.5074835875954465,0.09039479039479048,0.37208334173202706,0.1749084249084249,0.04450549450549451,1.0,3.02112965781591,0.0,0.06176142995154858,0.3252090800477897,0.41559139784946236,0.34671445639187576,-0.09038231780167266,-0.021505376344086058,1.0,0.6358187134502924,18.480068989113832,3.0385962478939152,0.17824316006423255,1.0,0.95,0.9,0.1,0.0,0.2,1.0,1.0,0.9
0.14,0.9980217154684681,1.3703684083829057,0.06497859816187423,0.1175180087544804,0.4068144499178982,0.06459530582865157,0.014285714285714235,0.8267855277126646,0.10215946843853821,0.07,1.0,3.524012558761303,0.0,0.021063959433333546,0.3873563218390805,0.4316239316239316,0.4016420361247947,-0.044267609784851114,-0.014285714285714235,0.7,0.7660130718954249,18.864404140856237,2.096275052062441,0.2761023914032865,1.0,0.9,0.1,0.85,0.05,0.95,1.0,0.8,0.1
0.06,0.9997486595812249,1.0498840517956485,0.03318130403293773,0.43374635163667874,0.47160618279569894,0.19656953327054377,0.05496453900709214,0.6366712218811736,0.24379432624113473,0.03,1.0,2.1323827494305827,0.0,0.11447768595446453,0.4821908602150538,0.0,0.46639784946236557,0.0,0.01579301075268824,0.0,0.4002923976608188,17.395101130772282,5.198482496025489,0.15007820424887472,1.0,0.95,0.1,0.8,0.05,0.3,1.0,0.8,0.1
0.08,0.9979320875683487,1.1609831360328906,0.06822148757023805,0.032834191216640815,0.2272401433691756,0.028413730644322427,0.008152173913043514,0.9898496034730307,0.17255434782608695,0.0391304347826087,1.0,3.094506227505442,0.0,0.03466161865061973,0.2178016726403823,0.5963300271907057,0.2326164874551971,-0.3785283545503234,-0.014814814814814808,0.2,0.5385964912280702,18.01758962594034,2.1268436822953625,0.19323536504473196,1.0,0.9,0.1,0.85,0.05,0.2,1.0,1.0,0.1
0.14,0.9984047357736431,1.220595299088883,0.0914838177506837,0.6201510963259829,0.7705254515599345,1.2739229752109802,0.153045404208195,0.0562276824893835,0.21220930232558138,0.07,1.0,3.6117874263182697,0.0,0.11494601834487017,0.7673234811165845,0.507010582010582,0.7774220032840722,0.2603128991060025,-0.010098522167487634,0.1,0.34133986928104576,19.20394970967695,4.0928833710743175,0.2017034688681809,1.0,0.9,0.9,0.1,0.05,0.1,1.0,1.0,0.9
0.1,0.9989281187851676,1.1557272517818342,0.030501015068461867,0.22154856133068093,0.5212962962962964,0.5736195981186274,-0.10555555555555562,0.29523645214144445,0.20833333333333331,0.05,1.0,3.3450578167939025,0.0,0.0894602958722346,0.5398148148148149,0.5149801587301588,0.513888888888889,0.02483465608465607,0.025925925925925908,0.4,0.4194444444444445,20.27366364981651,0.6578848160845392,0.2667478487440981,0.5,0.7,0.8,0.7,0.25,0.9,1.0,0.8,0.3
0.06,1.0003252570385783,1.02792254144143,0.0025573927787512496,0.18279242461762918,0.5720766129032259,0.024606354616205865,0.007565011820330925,0.776826817619002,0.28191489361702127,0.03,1.0,2.8900687370020397,0.0,0.08448074472805654,0.5556115591397849,0.3471569139672588,0.5720766129032259,0.2084546451725261,-0.016465053763440984,0.4,0.298684210526316,20.198071380408827,0.8712105103614807,0.18610653143739092,1.0,0.95,1.0,0.0,0.0,0.1,1.0,1.0,1.0
0.08,1.0004233516190737,1.1818098477777044,0.017045123269000872,0.4456764899421666,0.5526881720430107,0.7691117080407003,0.13297101449275361,0.18155693675079676,0.19429347826086957,0.04,1.0,3.41235164290278,0.0,0.0753526823833863,0.5565113500597371,0.0,0.5637992831541219,0.0,-0.007287933094384802,0.0,0.41271929824561415,18.138432359859443,2.4418674830651783,0.2308157595706837,1.0,0.95,0.9,0.1,0.0,0.1,1.0,1.0,0.9
0.08,0.9974089526257703,1.0671196378858936,0.07372053974050408,0.08081505274667632,0.5170848267622462,0.1145139617571846,-0.030072463768115898,0.8386382747106349,0.20516304347826086,0.04,1.0,3.158877749719869,0.0,0.053174487265207154,0.5108721624850657,0.6679844421223731,0.5279569892473118,-0.15711227963730734,-0.017084826762246097,0.7,0.37690058479532185,18.41652070321286,2.983000901978899,0.15484015033002985,0.5,0.75,0.85,0.2,0.1,0.8,1.0,1.0,0.8
0.12,0.9994308625960929,1.1365897087484877,0.0007261888093250679,0.6287898300783371,0.6110153256704981,1.2779164407925958,0.15290404040404032,0.05785631853126231,0.17803030303030304,0.06,1.0,3.7130832108552365,0.0,0.0686255581311927,0.6167624521072796,0.37632819534933,0.6083333333333333,0.24043425675794966,0.008429118773946365,0.1,0.3013071895424835,19.16991953854943,0.7727055001610412,0.2273587910271512,1.0,0.95,0.9,0.1,0.0,0.35,1.0,1.0,0.9
0.14,0.9962227176835448,1.2174999690836623,0.056159364247987925,0.11576338324115214,0.6201149425287357,0.821526161339533,-0.1198781838316722,0.15357014386476694,0.2595514950166113,0.06837209302325581,1.0,3.8310828339572174,0.0,0.08714662805767297,0.6185550082101806,0.42530154675748544,0.620279146141215,0.19325346145269517,-0.0017241379310344307,0.4,0.2496732026143792,19.36794317041571,1.498355511809808,0.20845831076314922,1.0,0.9,0.4,0.6,0.05,0.45,1.0,1.0,0.4
0.06,0.9989789325294002,1.1054590978039422,0.041302245583248576,0.4008324723312706,0.37247983870967744,0.20557995972353932,0.05413711583924358,0.684106021569509,0.3014184397163121,0.03,1.0,2.830581799871598,0.0,0.09191927802536357,0.33501344086021506,0.0,0.4458165322580645,0.0,-0.11080309139784944,0.0,0.4043859649122806,17.288990222052536,3.8677169780230365,0.17006041357861862,1.0,0.95,0.1,0.85,0.0,0.95,1.0,1.0,0.1
0.11,0.9986196571687694,1.099616622331172,0.041699059792742244,0.08750799053132331,0.43014048531289917,0.39602391354849786,0.07225059584610144,0.3075391999891022,0.17568947906026558,0.05438202247191011,1.0,3.534845469040536,0.0,0.0446317565754887,0.39974457215836523,0.4889154387362273,0.4301404853128991,-0.08917086657786205,-0.030395913154533882,0.7,0.44591503267973864,19.888429678904462,1.4825779160854484,0.21889461833742901,1.0,0.9,0.3,0.6,0.05,0.4,1.0,1.0,0.3
0.06,0.9982058597471278,1.0825759314427816,0.05724963683516404,0.14043357448473304,0.6717069892473119,0.03451213282111641,-0.010520094562647742,0.9536461261214165,0.25620567375886527,0.03,1.0,2.7680536771815967,0.0,0.09779258148647817,0.7192540322580645,0.4519489247311828,0.671875,0.2673051075268817,0.0473790322580645,0.1,0.4007309941520468,19.69143317419879,1.4888678318483803,0.22784049390212519,1.0,0.95,0.9,0.1,0.0,0.2,1.0,0.8,0.9
0.1,0.9984129080665758,1.1764369102517196,0.06953671587954569,0.20284214741568865,0.763888888888889,0.049399355055107695,-0.012222222222222245,0.545852185970424,0.26666666666666666,0.05,1.0,2.8327677452259215,0.0,0.08673012377819511,0.7546296296296298,0.35000000000000003,0.7555555555555555,0.40462962962962973,-0.0009259259259257746,0.1,0.35,19.55240966935294,2.4530237377948474,0.21691689346834397,1.0,0.95,0.1,0.8,0.05,0.2,1.0,1.0,0.2
0.1,0.9983900496550909,1.183891871478456,0.03253005210484525,0.232753494798576,0.39351851851851843,0.08216858315728297,0.02111111111111108,0.7869525510569049,0.1527777777777778,0.05,1.0,3.166056536693786,0.0,0.04665461952369327,0.37592592592592594,0.5422454991142421,0.39351851851851843,-0.1663195731883162,-0.017592592592592493,0.4,0.686111111111111,21.605899225784235,0.2251616045472966,0.2667478487440981,1.0,0.95,0.9,0.1,0.05,0.4,1.0,0.8,0.9
0.1,0.9959005840324258,1.187653528306415,0.10554849478297657,0.06371669661801074,0.6361111111111111,0.09859353176374434,0.02296296296296302,0.764822284488037,0.26388888888888884,0.05,1.0,3.3815101859951393,0.0,0.1116549069137294,0.637037037037037,0.4268518518518518,0.6388888888888888,0.21018518518518514,-0.0018518518518518823,0.1,0.2138888888888889,18.98216218249267,1.8789549421347784,0.17406736584923208,1.0,0.95,0.1,0.9,0.0,0.95,1.0,1.0,0.1
0.13,0.9999771556438934,1.1829386583287196,-1.9337312980228887e-05,0.1502640416013225,0.34770114942528735,0.05915767322673119,0.012673150604185002,0.9100995588743604,0.11494252873563217,0.06425287356321839,1.0,3.432347947197239,0.0,0.014010315337035138,0.3396551724137931,0.411136712749616,0.3454022988505747,-0.07148154033582288,-0.005747126436781602,0.7,0.5923202614379085,20.000480883199785,0.023097874794682394,0.2358445276155226,1.0,0.95,0.95,0.05,0.0,0.1,1.0,1.0,0.95
0.11,0.9982378807824653,1.2235046767439657,0.03647172823331843,0.5380273613898313,0.661653895274585,1.2352286562216,0.1585972080354104,0.056445683351318374,0.1664964249233912,0.05438202247191011,1.0,3.28261627861292,0.012196304719018764,0.05930494261371713,0.6394316730523627,0.42865529600791,0.6645274584929758,0.21077637704445268,-0.025095785440613083,0.1,0.4127450980392158,19.346001222440236,1.6830197923885333,0.18699386927424855,1.0,0.95,0.2,0.8,0.1,0.6,1.0,1.0,0.2
0.06,0.9985275216831984,1.0236029511363154,0.047992097660950805,0.7152720600040229,0.722614247311828,0.48971486383090984,0.11583924349881786,0.3411824731803883,0.27039007092198575,0.03,1.0,2.7176237723209082,0.0,0.14858411674245023,0.7279905913978494,0.0,0.7387432795698924,0.0,-0.010752688172043001,0.0,0.3872807017543859,18.533146939331886,1.9168306266221622,0.18064875064589928,1.0,0.9,0.4,0.6,0.05,0.9,1.0,1.0,0.4
0.1,0.9982405073822468,1.0946794520680425,0.055013096228291425,0.07049993137426072,0.5324074074074073,0.056815617866403115,-0.012962962962962954,0.8359658147165456,0.2472222222222222,0.05,1.0,3.46360093518957,0.0,0.05295746438383003,0.5287037037037037,0.44289024842417496,0.5249999999999999,0.08581345527952872,0.0037037037037037646,0.7,0.1694444444444443,19.45512531522331,3.046476884176079,0.22355817836913108,1.0,0.95,0.1,0.8,0.0,0.95,1.0,1.0,0.85
0.07,0.9983572910245804,1.0892515559640357,0.02323233323814397,0.27628955567005337,0.449820788530466,0.19051655764677428,-0.05222734254992312,0.6025688373660036,0.2465437788018433,0.03462365591397849,1.0,3.064992728041673,0.004753987579817898,0.0716478518082071,0.4874551971326165,0.0,0.449820788530466,0.0,0.037634408602150504,0.0,0.3271929824561405,18.441148970272355,1.036423496445111,0.1958099266416123,1.0,0.9,0.9,0.1,0.05,0.15,1.0,1.0,0.9
0.09,0.9983299136815467,1.0949119404096501,0.0421679702270103,0.44698782217554567,0.5222222222222221,0.1441270285596417,0.031176231176231195,0.7085107369929455,0.20726495726495725,0.04450549450549451,1.0,3.1326928327579373,0.0,0.03537274702086947,0.518279569892473,0.33352214541730674,0.5256869772998805,0.1847574244751663,-0.007407407407407418,0.4,0.5191520467836256,18.991560205840486,2.0595845891255857,0.2209346223493856,1.0,0.9,0.1,0.85,0.15,0.6,1.0,1.0,0.1
0.09,0.9956162769125831,1.2476743090798166,0.08171439860409513,0.4310269078236272,0.7743130227001195,1.1822221337252152,-0.17773707773707775,0.0668148166490415,0.4068986568986569,0.04450549450549451,1.0,3.1112032436035144,0.0,0.17792501355675552,0.7743130227001195,0.5716949588477366,0.7743130227001195,0.2026180638523829,0.0,0.1,0.18581871345029255,18.073266443257495,2.062788125466681,0.21444658186245427,1.0,0.95,0.1,0.8,0.05,0.95,1.0,1.0,0.1
0.08,1.001136590226988,1.0804346262169608,-0.005348467863664386,0.4875245821227432,0.434647550776583,0.5977151298745838,0.11576086956521742,0.2656657113898937,0.2296195652173913,0.04,1.0,3.279952705820074,0.0,0.056262127361492255,0.4397849462365591,0.3692353643966548,0.43106332138590203,0.07054958183990434,0.008721624850657084,1.0,0.25482456140350873,18.185477549620465,3.3755963361815997,0.19323536504473196,1.0,0.95,0.1,0.8,0.0,0.3,1.0,1.0,0.2
0.15,0.9991128695657551,1.3117872484281445,0.06169093251977753,0.4956656764843633,0.5283251231527094,0.7108029019569371,0.09620915032679733,0.18542052260876496,0.1568627450980392,0.07411764705882352,1.0,3.9289542434088167,0.0,0.042064333864422876,0.5163382594417077,0.5834752376897971,0.5235632183908047,-0.0671369782480894,-0.007224958949096916,0.4,0.4509803921568628,19.202528634234817,0.5786849447008691,0.2859821417468397,1.0,0.9,0.9,0.1,0.05,0.3,1.0,1.0,0.9
0.04,0.9992291361149374,1.0271562555702383,0.009433728001915526,0.21290203020601223,0.390625,0.20492032547634664,0.06388888888888888,0.718104214167065,0.2526041666666667,0.02,1.0,2.0158259371349487,0.0,0.08744000858735815,0.5,0.5,0.5,0.0,0.0,1.0,0.0,0.0,1.0629956437690549,0.15097900159324265,1.0,0.9,0.9,0.1,0.05,0.1,1.0,1.0,0.9
0.15,0.9939018334880757,1.3277439881958548,0.17927073168955343,0.3297054559511407,0.6461412151067324,0.3994860063142925,0.06549019607843143,0.2921651596774002,0.19411764705882356,0.07411764705882352,1.0,3.9747994584314847,0.007294708662550597,0.09862839289288769,0.6579638752052546,0.40933227133943983,0.6392446633825943,0.24863160386581473,0.01871921182266023,0.1,0.26666666666666683,17.96462625963199,3.538238939224528,0.17558976808515045,1.0,0.95,0.4,0.4,0.0,0.95,1.0,0.8,0.4
0.1,0.9957741252204082,1.1657940561665479,0.07018421801442537,0.20211230821010237,0.47129629629629627,0.059743887310889816,0.015555555555555545,0.9632935314277419,0.20833333333333331,0.05,1.0,2.8894554202768905,0.0,0.05689224430563608,0.4814814814814814,0.4723107980060149,0.46388888888888885,0.009170683475466512,0.01759259259259255,0.7,0.5305555555555556,17.156128011112163,0.49560886958819017,0.2372888921325374,1.0,0.9,0.1,0.85,0.05,0.95,1.0,1.0,0.1
0.12,1.0023899042719644,1.0755780213056572,-0.019103190121301017,0.17178627037454255,0.4640804597701149,0.005860037097282276,0.0015151515151513584,0.9323170690660786,0.17045454545454544,0.05863636363636364,1.0,3.5057710972525244,0.0,0.05274861792723386,0.4631226053639847,0.37242968377562374,0.4640804597701149,0.09069292158836095,-0.0009578544061302208,0.7,0.5316993464052289,18.953253619858856,0.8093946679465835,0.2204364535133586,1.0,0.95,0.9,0.1,0.0,0.1,1.0,0.8,0.9
0.11,0.9970459203017942,1.1634298686616793,0.0937535625067778,0.4682773416620391,0.671168582375479,0.5924136524006215,0.09921688798093298,0.2580872791283717,0.2236976506639428,0.05438202247191011,1.0,3.666332401808038,0.0,0.08282766250417282,0.6358876117496807,0.4148148148148148,0.6626436781609196,0.22107279693486587,-0.026756066411238955,0.1,0.20686274509803915,20.30804053372461,0.9665237193041771,0.23261459824381364,1.0,0.9,0.2,0.8,0.15,0.85,1.0,1.0,0.2
0.15,0.9983431824068895,1.1517817461665523,0.03723926964296287,0.26460162439867185,0.4735632183908047,0.11409177982306969,-0.023137254901960835,0.7278443422242311,0.20784313725490194,0.07411764705882352,1.0,4.038152739585992,0.0,0.056049494833294175,0.4735632183908047,0.5847203683104685,0.47594417077175705,-0.1111571499196638,-0.0023809523809523725,0.7,0.3450980392156864,19.666861963537926,1.242041923900671,0.22284506697872916,0.5,0.85,0.8,0.4,0.0,0.9,1.0,1.0,0.6
0.14,0.9969111223020374,1.2391226423931108,0.0842113440284884,0.07005621814803904,0.4138752052545156,0.42747461697012884,-0.07115171650055369,0.49260357862304094,0.15033222591362125,0.07,1.0,4.117042247128021,0.0,0.0553282160655845,0.4416256157635468,0.6273804455796793,0.411576354679803,-0.1857548298161325,0.030049261083743783,0.1,0.5807189542483661,20.281918338212986,1.5213982930055936,0.2598754457637473,1.0,0.95,0.9,0.1,0.0,0.15,1.0,1.0,0.9
0.09,0.9991617181231521,1.1402402674073244,0.0245407695830972,0.7110127469801722,0.7102747909199522,0.15655128742601532,0.03467643467643455,0.9375248979832933,0.2731990231990232,0.04450549450549451,1.0,3.4959728418838005,0.0,0.09027175478779209,0.6954599761051373,0.5006179705846001,0.7139784946236558,0.1948420055205372,-0.01851851851851849,0.1,0.2095029239766082,19.43046434192178,1.21468656729708,0.20188140171645608,1.0,0.95,0.9,0.1,0.0,0.1,1.0,1.0,0.9
0.12,0.9985199214329016,1.2163047582837252,0.07754331621034605,0.44927813662810284,0.46666666666666673,0.6076842349082265,0.10075757575757577,0.24702211890236692,0.14488636363636365,0.06,1.0,3.5567415326456198,0.0,0.07254925900106882,0.4637931034482759,0.7035785401376798,0.4581417624521073,-0.23978543668940394,0.005651340996168597,0.1,0.6276143790849674,19.122590982367747,2.73069412183517,0.2204364535133586,1.0,0.95,0.9,0.1,0.0,0.15,1.0,1.0,0.9
0.12,1.0014118821731075,1.1692727304941264,-0.001603814403963455,0.28416888311912697,0.557183908045977,0.3419352029392359,-0.059343434343434254,0.30050183707505473,0.26515151515151514,0.06,1.0,3.6576641238854872,0.0,0.07957671813562524,0.5545977011494253,0.4039544684705975,0.5544061302681992,0.1506432326788278,0.00019157088122612187,0.4,0.29689542483660136,19.332490337932658,1.9828572289504836,0.23443166662520976,1.0,0.95,0.2,0.7,0.0,0.2,1.0,1.0,0.3
0.16,0.9975668201563548,1.2321957177743714,0.06392688508888861,0.7097339534290767,0.707936507936508,0.05395174399348832,-0.011607142857142871,0.7240592605904774,0.25,0.07809523809523809,1.0,3.9695624730119268,0.0,0.07822213203265979,0.705952380952381,0.29871656378600825,0.707936507936508,0.40723581716637275,-0.001984126984126977,0.1,0.3840992647058824,20.43586527317541,0.396226093575895,0.2379942650064541,1.0,0.95,0.4,0.6,0.1,0.9,1.0,1.0,0.4
0.04,1.0003596208592156,1.0569296323796948,-0.00504651428273695,0.798077069824681,0.5729166666666666,1.0902700600328434,0.2375,0.07674143213424799,0.24218749999999997,0.02,1.0,2.3011960456163325,0.0,0.10188789096443378,0.5,0.5,0.5,0.0,0.0,1.0,0.0,0.0,-0.4842468399570006,0.23209324192348726,1.0,0.9,0.85,0.1,0.05,0.4,1.0,1.0,0.85
0.15,1.000018255163488,1.194916017498402,-0.007488267167301679,0.04941760199389171,0.41215106732348117,0.004690486707414138,-0.0010457516339870132,0.9768630796642763,0.13627450980392156,0.07411764705882352,1.0,4.0182807191487235,0.0,0.0469590897976966,0.4073070607553366,0.42786596119929454,0.41215106732348117,-0.020558900443957917,-0.004844006568144543,1.0,0.6607843137254903,21.11606601014216,-0.4448908654668835,0.3524204622301598,1.0,0.95,0.95,0.05,0.0,0.1,1.0,1.0,0.95
0.08,0.9999838778057731,1.152778910492397,0.025103643489182148,0.6744223399181658,0.6342891278375149,1.4536260706094972,0.21829710144927528,0.03870035357708686,0.27445652173913043,0.04,1.0,3.148940698912425,0.0,0.09483775258447741,0.6468339307048984,0.41562753976547073,0.6414575866188769,0.23120639093942763,0.005376344086021501,0.4,0.2799707602339182,18.348262747631125,2.3504187642919856,0.16529524534128326,0.5,0.8,0.8,0.8,0.05,0.9,1.0,1.0,0.2
0.09,0.9993975869172594,1.0911010745063636,0.04500978501200503,0.24650312114527045,0.3652329749103942,0.47772303409070094,-0.09938949938949942,0.2941795298519758,0.2081807081807082,0.04450549450549451,1.0,3.401476121094346,0.005451181356702059,0.0738887483676001,0.37598566308243725,0.41336670374490175,0.3652329749103942,-0.037381040662464504,0.010752688172043057,1.0,0.5615497076023392,17.39949474538447,2.9398307082587056,0.1511197180052813,1.0,0.9,0.15,0.8,0.05,0.9,1.0,1.0,0.15
0.11,1.0015076186843506,1.3741187548942297,-0.018054066629378168,0.3756429891004319,0.5215836526181353,0.11711072353168901,0.026081035069799086,0.7532460823226682,0.18386108273748722,0.05438202247191011,1.0,3.371644023513702,0.0,0.08147636100100179,0.5318646232439336,0.7075012800819254,0.5244572158365262,-0.1756366568379918,0.007407407407407418,0.1,0.5102941176470589,20.276665300520982,0.3518349057934005,0.23261459824381364,1.0,0.9,0.1,0.85,0.05,0.95,1.0,1.0,0.1
0.08,0.9994453325017999,1.0404738964296976,0.025466866606523253,0.3230885544525653,0.7923536439665472,0.028856035408044472,-0.007971014492753559,0.9746295853226533,0.37092391304347827,0.0391304347826087,1.0,2.7222648607568094,0.0,0.16123603391397012,0.8232974910394265,0.6875149342891279,0.7923536439665472,0.1357825567502986,0.030943847072879338,0.7,0.16535087719298236,20.042506684992507,0.11741293305415423,0.251634796097221,1.0,0.9,0.9,0.1,0.1,0.85,1.0,1.0,0.9
0.1,0.9959100326476419,1.1006948458473897,0.12288359575516594,0.616679551805908,0.7583333333333333,0.11579179370940101,0.026296296296296318,0.7604695815477213,0.2111111111111111,0.04888888888888889,1.0,3.062789474713685,0.0,0.061835688966257484,0.7592592592592592,0.2102726775140568,0.7648148148148147,0.5489865817452024,-0.005555555555555536,0.1,0.41388888888888886,19.012932928293065,3.3164946688270263,0.16840699929781575,1.0,0.95,0.1,0.9,0.05,0.95,1.0,1.0,0.1
0.07,1.0001179386954213,1.0873188201492203,0.0012804225431424648,0.37073582561532653,0.492831541218638,0.24308349141414204,0.06569380440348188,0.7763484183784635,0.19086021505376344,0.03462365591397849,1.0,2.7725240066369725,0.0,0.06102727433336312,0.492831541218638,0.43552867383512545,0.4874551971326165,0.057302867383512535,0.005376344086021501,1.0,0.3396198830409358,18.327501438824264,-0.15977348041566453,0.25391699492321046,1.0,0.95,0.9,0.0,0.0,0.15,1.0,1.0,0.9
