X0_missing_rate,X0_obs_vs_full_ratio,X0_iqr_ratio,X0_obs_skew_diff,coef_X1_abs,auc_mask_from_Xobs,log_pval_X1_mask,X1_mean_diff,X1_mannwhitney_pval,little_proxy_score,X0_ks_obs_vs_imputed,X0_tail_missing_ratio,mask_entropy,X0_censoring_score,X0_mean_shift_X1_to_X4,mechdetect_auc_complete,mechdetect_auc_shuffled,mechdetect_auc_excluded,mechdetect_delta_complete_shuffled,mechdetect_delta_complete_excluded,mechdetect_mwu_pvalue,caafe_auc_self_delta,caafe_kl_density,caafe_kurtosis_excess,caafe_cond_entropy_X0_mask,llm_ctx_domain_prior,llm_ctx_domain_confidence,llm_ctx_stats_consistency,llm_ctx_surprise,llm_ctx_confidence_delta,llm_ctx_counter_strength,llm_ctx_cause_type,llm_ctx_n_causes,llm_ctx_stats_agreement
0.08,0.9998606465997768,1.0,0.0193913922810967,0.2452925153757397,0.6799283154121865,0.0459239341729093,-0.0067466266866567,0.7645776374651649,0.2459239130434782,0.0391304347826087,1.0,3.0419632333922295,0.0204787901763361,0.0586377474742532,0.6873357228195939,0.6893944660734149,0.6799283154121865,-0.002058743253821,0.0074074074074074,1.0,0.4789473684210527,20.753937936294783,-0.233496706727128,0.3159426717112412,0.5,0.8,0.9,0.1,0.0,0.3,0.5,1.0,0.9
0.07,0.9939784946236558,1.0666666666666669,0.0737383049757006,0.4659783777000048,0.6146953405017922,0.0995207518171555,0.0162084856189418,0.749884089397065,0.3068356374807988,0.0346236559139784,1.0,2.852997456909741,0.028580017754691,0.088619798550108,0.6093189964157706,0.3405615292712067,0.6146953405017922,0.2687574671445639,-0.0053763440860216,0.2,0.3865497076023393,19.32918883284648,-0.4130998419321114,0.2612007705454884,0.5,0.8,0.9,0.1,0.05,0.9,0.5,0.8,0.9
0.1,1.0008996851102114,1.0,0.0297449725645647,0.3190202265651982,0.575925925925926,0.7514762217158787,0.0697318007662834,0.0959510245782742,0.2638888888888889,0.05,1.0,3.4418235740341028,0.0,0.0596035311674129,0.5685185185185185,0.4670902014652014,0.5796296296296296,0.101428317053317,-0.011111111111111,1.0,0.3222222222222223,19.81750007689085,0.3693953845288646,0.3456956344401236,0.5,0.85,0.9,0.1,0.0,0.3,0.5,1.0,0.9
0.1,0.9999110399430656,1.1250000000000002,0.0109902724508327,0.370015132127329,0.3222222222222222,0.6491742646866786,0.0601532567049809,0.3618933964907417,0.1944444444444444,0.0477777777777777,1.0,3.5885880265555956,0.0057889915983462,0.0321450067877183,0.3361111111111111,0.4416666666666666,0.3222222222222222,-0.1055555555555555,0.0138888888888888,0.7,0.6305555555555555,21.19933098128506,-0.4089471513236358,0.3170520754166312,0.5,0.8,0.9,0.1,0.05,0.9,0.5,1.0,0.9
0.09,0.998133941530168,1.4117647058823537,0.0541574593853643,0.1569166949150328,0.408721624850657,0.364897161345722,0.0311144793903414,0.4522455290608732,0.2521367521367521,0.0425274725274725,1.0,3.0335652856279616,0.0054683281877946,0.0550106732927046,0.3908004778972521,0.7073178016726404,0.412305854241338,-0.3165173237753882,-0.0215053763440859,0.1,0.5507309941520466,20.979373582135988,0.3313696413244811,0.2708241992361264,0.0,0.85,0.1,0.8,0.1,0.95,0.0,1.0,0.1
0.08,0.9978251956432608,1.0,0.028523606548398,0.2956344187444149,0.5268817204301075,0.4207663815011014,0.0507871064467766,0.2327696513569129,0.264945652173913,0.0391304347826087,1.0,2.526223774479875,0.0051172763910003,0.0357805439832996,0.507168458781362,0.0,0.5268817204301075,0.0,-0.0197132616487455,0.0,0.4611111111111112,19.99931737394346,-0.7712034939357015,0.3544942002186779,0.5,0.7,0.1,0.8,0.25,0.9,0.5,1.0,0.1
0.12,0.998733805556575,1.15625,0.0407099590525473,0.5626178938048182,0.4682950191570881,0.5559027760353784,0.0484587251828629,0.2546244708467893,0.1827651515151515,0.0586363636363636,1.0,3.619076038540098,0.0128308121132067,0.0330393437010341,0.4310344827586207,0.0,0.4654214559386972,0.0,-0.0343869731800765,0.0,0.4905228758169934,21.6969256591178,-0.1392877574638196,0.364633429088284,0.5,0.85,0.9,0.1,0.1,0.85,0.5,1.0,0.9
0.08,1.0,1.15625,0.0125925218656159,0.1766412965829543,0.6777777777777777,0.3152136207304404,0.0369190404797601,0.7937502204143763,0.3097826086956522,0.0391304347826087,1.0,3.209173124784741,0.0256026554599755,0.0651762203003506,0.6833930704898447,0.2284178187403993,0.6813620071684587,0.4549752517494453,0.0020310633213859,0.1,0.2502923976608185,18.7545377154976,-0.4846920084076775,0.3251032451229303,0.5,0.85,0.9,0.1,0.0,0.9,0.5,1.0,0.9
0.09,0.996372049003628,1.151515151515152,0.0599907253493288,0.3898917542527352,0.4482676224611708,0.4262829679710155,-0.0394930739758326,0.4279965000095066,0.1999389499389499,0.0445054945054945,1.0,3.1165362095512164,0.0273096224426178,0.0354845957066593,0.4258064516129032,0.3465581797235023,0.4445639187574671,0.0792482718894009,-0.0187574671445638,0.7,0.5523391812865497,19.742140974105503,-0.5729880837100048,0.3608588768821253,0.5,0.8,0.2,0.8,0.15,0.9,0.5,1.0,0.2
0.04,0.9994255204109216,1.0,0.017077010459399,0.0458681696718012,0.7864583333333334,0.1204582864600326,-0.0251436781609194,0.5779593219728735,0.4010416666666666,0.0195833333333333,1.0,2.2093110180936195,0.0035410480700923,0.0732883835296471,0.5,0.5,0.5,0.0,0.0,1.0,0.0,0.0,-0.0276301111385972,0.2821038825782965,0.0,0.9,1.0,0.0,0.0,0.15,0.0,1.0,1.0
0.07,0.9989134037313464,1.0,0.0255741534656642,0.1005752588343407,0.3781362007168458,0.098772786657209,0.0120239419460776,0.770144718689248,0.2377112135176651,0.0346236559139784,1.0,3.089899730104546,0.0285812239716204,0.0421370532386635,0.3351254480286738,0.3498563218390804,0.3709677419354838,-0.0147308738104066,-0.0358422939068099,0.7,0.2555555555555555,20.479067351116154,0.0844966856435536,0.2539169949232104,0.5,0.8,0.9,0.1,0.0,0.4,0.5,1.0,0.9
0.06,0.9981983527796844,1.0750000000000002,0.0277155775843676,0.5042700269764098,0.8832325268817205,1.3319023641559429,0.1134751773049645,0.0571042238575905,0.524822695035461,0.03,1.0,2.947863163352943,0.0,0.1498179347324211,0.9049059139784946,0.6769675925925925,0.8832325268817205,0.2279383213859021,0.0216733870967741,0.7,0.0473684210526315,20.80460095800098,-0.5189121332783762,0.3289281772934881,0.5,0.85,0.9,0.1,0.05,0.4,0.5,1.0,0.9
0.11,0.9970472063504237,1.4999999999999996,0.0746935269997328,0.4901795717940853,0.5255108556832694,0.6347131289947193,-0.0556866612658941,0.3853126691412567,0.2489785495403472,0.0543820224719101,1.0,2.909477959735798,0.0305561995059527,0.0482563565471831,0.5875798212005108,0.6414746543778802,0.5283844189016602,-0.0538948331773694,0.0591954022988505,1.0,0.3248366013071896,19.906712863386883,0.2443007658806801,0.2256801424961641,0.5,0.8,0.8,0.1,0.15,0.8,0.5,1.0,0.8
0.08,0.996989567293552,1.0277777777777777,0.0507638335381309,0.9438291788366864,0.6983273596176822,1.2880957522755057,0.1006371814092954,0.0387099397661425,0.3138586956521739,0.0391304347826087,1.0,3.1910989440544975,0.0256192694482111,0.0777668750776766,0.7001194743130226,0.1240783410138248,0.6946236559139786,0.5760411332991977,0.005495818399044,0.1,0.2409356725146197,20.61895825202483,0.4813206484037589,0.2819836406510497,0.5,0.8,0.9,0.1,0.15,0.6,0.5,1.0,0.9
0.07,0.999738549071849,1.1,0.0170288530031376,0.3745638562328788,0.4838709677419355,0.4955860190421895,-0.0552995391705069,0.5825875369820831,0.2569124423963133,0.0316129032258064,1.0,2.8090787607630814,0.0047683266330176,0.0526462219824777,0.492831541218638,0.3926005747126437,0.4838709677419355,0.1002309665059942,0.0089605734767024,1.0,0.4229532163742688,18.324934506550253,-0.4230871316457869,0.2842857965034611,0.5,0.8,0.3,0.7,0.1,0.95,0.5,1.0,0.3
0.12,0.9967040333693346,1.0,0.0694868042353061,0.7283732775670718,0.5708812260536399,1.7152589176456547,0.1031870428422153,0.0259953137203221,0.240530303030303,0.0559090909090909,1.0,3.981740085769841,0.006423145899546,0.0548045713541354,0.5943486590038313,0.3332010582010582,0.5708812260536399,0.261147600802773,0.0234674329501913,0.1,0.4019607843137255,19.113032713242426,0.1640281976525774,0.2723069846462876,0.5,0.8,0.9,0.1,0.1,0.65,0.5,1.0,0.9
0.06,0.9969274481300382,1.0,0.0596665002930405,0.0073932226878905,0.5519153225806451,0.3691382998181798,0.049523110785033,0.511751946369777,0.3209219858156028,0.0287234042553191,1.0,2.541383119510326,0.0175459423070447,0.0935177163910904,0.5418346774193549,0.0,0.5572916666666666,0.0,-0.0154569892473117,0.0,0.1953216374269005,18.812909878335994,0.9949549895524544,0.1916795248277593,0.5,0.85,0.9,0.1,0.1,0.85,0.5,1.0,0.9
0.07,0.9986827191128268,1.0,0.0242677622679757,0.3407181134998926,0.7419354838709676,0.1072895467985665,-0.0142486360506381,0.8599498332822458,0.2891705069124424,0.0338709677419354,1.0,2.821309404517107,0.0238261639411064,0.0607739642651912,0.7526881720430106,0.5823252688172044,0.7419354838709676,0.1703629032258062,0.010752688172043,0.4,0.2391812865497077,20.147186993371665,-0.2013030057697884,0.2686825971366592,0.5,0.8,0.85,0.15,0.05,0.9,0.5,1.0,0.85
0.09,1.0010195989577435,1.1515151515151518,-0.0115288897182188,0.0389424440218169,0.7354838709677419,0.653230304990399,0.0589448865310935,0.4903669283478922,0.3284493284493284,0.0435164835164835,1.0,3.348768331418087,0.0218536974699159,0.1014993693724119,0.7757467144563918,0.4949202817945866,0.7354838709677419,0.2808264326618052,0.0402628434886498,0.2,0.2421052631578948,20.48106428679577,-0.7742764801029351,0.3214992070499108,0.5,0.8,0.9,0.1,0.05,0.9,0.5,1.0,0.9
0.08,0.9988010860749674,1.0,0.019199273414934,0.0229531585601089,0.2762246117084826,0.0410007767120104,0.0052473763118441,0.9439563595932624,0.2228260869565217,0.0382608695652173,1.0,3.114892911589662,0.0051197747073459,0.0250208043384488,0.2743130227001194,0.2486570776893357,0.2762246117084826,0.0256559450107836,-0.0019115890083631,1.0,0.5847953216374269,21.090895910876014,-0.5750002244188828,0.3759194192615594,0.5,0.8,0.8,0.1,0.05,0.9,0.5,1.0,0.8
0.15,1.0006330152627014,1.1034482758620692,0.0480136690097312,0.2655929342997124,0.4762725779967159,0.1016589728111715,-0.0100067613252197,0.6912586731984822,0.2098039215686274,0.0741176470588235,1.0,3.5219621707772637,0.0073025961463968,0.0334117430130368,0.4735632183908045,0.5989880952380952,0.4810344827586206,-0.1254248768472906,-0.007471264367816,0.4,0.5019607843137256,21.6353270493672,0.6690594822718143,0.2859821417468397,0.5,0.8,0.2,0.8,0.05,0.9,0.5,1.0,0.2
0.12,0.9991556431184913,1.090909090909091,0.0159243053001767,0.5742857863515229,0.5084291187739464,0.6436283495814292,0.0504179728317658,0.2585160078576247,0.2178030303030302,0.0559090909090909,1.0,3.5777979430104176,0.0,0.0350571822497784,0.4856321839080459,0.4598981231350531,0.5027777777777778,0.0257340607729928,-0.0171455938697318,1.0,0.3815359477124183,20.138613607692797,-0.6558748962260319,0.449741759473897,0.5,0.8,0.85,0.15,0.05,0.9,0.5,1.0,0.85
0.08,1.0010735373054214,1.108108108108108,8.04778325333988e-05,0.3814889726041828,0.5431302270011947,0.1482001764904197,-0.0206146926536733,0.6926564656172054,0.2622282608695652,0.0382608695652173,1.0,3.152634706950021,0.0204957249639634,0.0442790306293854,0.5416965352449222,0.2892361111111111,0.5431302270011947,0.2524604241338111,-0.0014336917562725,0.1,0.5552631578947368,20.263738424263487,-0.5248098042818312,0.2984587882726994,0.5,0.7,0.2,0.8,0.2,0.95,0.5,1.0,0.2
0.02,1.0000000000000002,1.060606060606061,0.004277434343844,0.3021016245975981,0.979591836734694,0.1994201512985062,0.0499648135116115,0.5526331796449788,0.6045918367346939,0.0097959183673469,1.0,1.159311112138122,0.007433846904492,0.1488739839821194,0.5,0.5,0.5,0.0,0.0,1.0,0.0,0.0,0.2234156734589278,0.2007987769425667,0.5,0.7,0.8,0.6,0.15,0.8,0.0,1.0,0.4
0.07,0.9959766570593098,1.2799999999999998,0.0619923796833118,0.0437489963891472,0.2921146953405018,0.1447432799178876,-0.0184331797235023,0.8492614593591387,0.2327188940092165,0.0338709677419354,1.0,3.209928526491135,0.0190654755852888,0.0343460163933556,0.3118279569892473,0.4764635603345281,0.2921146953405018,-0.1646356033452808,0.0197132616487455,0.7,0.5877192982456141,20.441261262321035,-0.3151747533154045,0.2331553508349968,0.5,0.85,0.9,0.1,0.05,0.9,0.5,1.0,0.95
0.1,0.9960617726448072,1.285714285714286,0.0677185132249058,0.7698095752631252,0.662962962962963,1.910943794385899,0.1157088122605364,0.0420537657729122,0.2944444444444444,0.0488888888888888,1.0,3.174481672139294,0.0115754697347134,0.0693816398793609,0.6648148148148149,0.5785687801260659,0.662962962962963,0.0862460346887489,0.0018518518518518,0.4,0.2277777777777778,19.534718112973287,-0.2499172893037853,0.2745779676034576,0.5,0.85,0.9,0.1,0.05,0.4,0.5,1.0,0.9
0.04,0.9991496598639455,1.0357142857142856,0.01786970370937,0.5358108992141847,0.0572916666666666,0.2274392578041932,-0.0423850574712644,0.7908080061607867,0.3359375,0.0191666666666666,1.0,2.3168211557281393,0.0035428076713783,0.0662396343115035,0.5,0.5,0.5,0.0,0.0,1.0,0.0,0.0,-0.2444588076361968,0.2522540606638907,0.0,0.85,0.9,0.1,0.25,0.8,0.0,1.0,0.9
0.06,0.9984006203654344,1.090909090909091,0.0332222977029034,0.9240373824667416,0.432627688172043,1.3770416744186962,0.1211787723159696,0.0364088091560589,0.3359929078014184,0.0280851063829787,1.0,2.2699531780192106,0.0043872791660821,0.0608495095990638,0.4274193548387097,0.874551971326165,0.4272513440860215,-0.4471326164874553,0.0001680107526881,0.1,0.3669590643274856,20.340909957601415,-0.4429343579834084,0.2935092170682394,0.0,0.85,0.1,0.8,0.0,0.95,0.0,1.0,0.1
0.12,0.9946021591363456,1.2083333333333337,0.108716931628348,0.2746542250921168,0.6881226053639846,1.2825274343372384,-0.0752351097178682,0.0659953715609669,0.3162878787878788,0.0586363636363636,1.0,3.4318596554671066,0.0192614556072977,0.1013895426159004,0.7273946360153256,0.3943121693121693,0.6938697318007664,0.3330824667031563,0.0335249042145592,0.1,0.3153594771241831,21.4828037255658,0.787522962210129,0.2070185546537631,0.5,0.85,0.9,0.1,0.1,0.85,0.5,1.0,0.9
0.09,0.9975040732138524,1.0,0.0558008098005616,0.4710597471663919,0.4506571087216248,0.569079451247593,-0.0497663256283944,0.2977462952866382,0.2561050061050061,0.0435164835164835,1.0,2.8063483183811315,0.0163906193819088,0.0311308198168633,0.4542413381123058,0.4413381123058542,0.4543608124253285,0.0129032258064515,-0.0001194743130226,0.6579050194284821,0.3514619883040936,20.870269601762704,-0.1935898389509764,0.2631618646550512,0.5,0.8,0.85,0.1,0.15,0.85,0.5,1.0,0.85
0.09,0.9959203791802912,1.1666666666666672,0.0616577684412686,0.1999771211643816,0.6102747909199523,0.016473494423336,0.0021893814997263,0.9468448612751202,0.2716727716727716,0.0425274725274725,1.0,2.9558552201280843,0.0,0.0582558792376566,0.5992831541218638,0.6833930704898447,0.6100358422939068,-0.0841099163679808,-0.010752688172043,1.0,0.3046783625730994,20.6501271287145,-0.5053883745268304,0.2708241992361264,0.5,0.85,0.85,0.15,0.05,0.4,0.5,1.0,0.85
0.08,0.9994276961403156,1.0,0.0215239930184155,0.2231100361300362,0.4289127837514934,0.0750624570113345,-0.0112443778110945,0.7840119865600488,0.2894021739130434,0.0391304347826087,1.0,2.9596210425749776,0.0153582130665144,0.0310130577602923,0.3905615292712066,0.5128568780126067,0.4289127837514934,-0.1222953487414,-0.0383512544802868,0.2,0.3862573099415205,20.98705167171506,-0.445273481975855,0.2984587882726994,0.5,0.8,0.4,0.6,0.15,0.8,0.5,1.0,0.4
0.08,0.9972038593644824,1.0810810810810814,0.0562763524933691,0.4699119904101906,0.543010752688172,0.9297753329613876,0.0788980509745128,0.1474746223522441,0.2717391304347826,0.0382608695652173,1.0,3.098956869647735,0.0204928171063464,0.0493493230555287,0.5626045400238948,0.5121141546162402,0.543010752688172,0.0504903854076546,0.0195937873357228,1.0,0.3862573099415204,19.981743809187616,0.36320387425179,0.251634796097221,0.5,0.8,0.85,0.15,0.05,0.85,0.5,1.0,0.85
0.11,1.0014172675614557,1.2222222222222223,-0.0067634369611599,0.1985399322614558,0.2684227330779055,0.1376580176867309,0.01718854566588,0.7069844725188332,0.1447906026557712,0.0543820224719101,1.0,3.5352477998970757,0.0183181722173571,0.0234521603784908,0.2701787994891443,0.5123456790123456,0.2684227330779055,-0.2421668795232013,0.0017560664112388,0.4,0.8001633986928105,18.72576549164899,-0.4788887648813711,0.2859552312100065,0.0,0.7,0.2,0.8,0.2,0.9,0.0,1.0,0.2
0.09,0.9956800061168056,1.0555555555555554,0.0721016168661471,0.2306563437144771,0.4580645161290322,0.3560130309828184,-0.0356616563513114,0.4245909189054515,0.1718559218559218,0.0425274725274725,1.0,2.945254774228179,0.010930313066783,0.0256751599599537,0.553763440860215,0.3077200577200577,0.4580645161290322,0.2460433831401572,0.0956989247311828,0.1,0.5695906432748538,20.27271278728661,-0.6783329065585013,0.3608588768821253,0.5,0.8,0.75,0.1,0.0,0.85,0.5,1.0,0.8
0.06,0.9989181391994232,1.176470588235294,0.0280382185987368,0.3900032545235998,0.5161290322580645,0.5376347886246923,0.0627292736610416,0.5896898436026434,0.3359929078014184,0.0274468085106383,1.0,2.347479245345428,0.0,0.0485243433023889,0.5376344086021506,0.0,0.5213373655913979,0.0,0.0162970430107527,0.0,0.3444444444444444,18.72687363376793,-0.4365736408395335,0.2697559464879411,0.0,0.8,0.2,0.8,0.05,0.9,0.0,1.0,0.2
0.05,0.9974021723566594,1.1578947368421058,0.0397429424572384,0.2551903875427891,0.6317204301075269,0.1169322854549489,0.0174228675136116,0.7027739207138267,0.3736842105263158,0.0231578947368421,1.0,2.417681279118604,0.0,0.0527131965695783,0.6633064516129031,0.2856182795698925,0.6369287634408601,0.3776881720430106,0.026377688172043,0.1,0.2526315789473684,19.159974465826625,-0.6626747699090645,0.3284597517854178,0.5,0.8,0.1,0.9,0.15,0.95,0.5,1.0,0.1
0.07,0.99716512525518,1.2500000000000002,0.0482180022601145,0.0298686345768487,0.4910394265232974,0.0511820171856185,0.0080512739022194,0.8018870670752322,0.2342549923195084,0.0331182795698924,1.0,2.7218729374580675,0.0142943615866249,0.042555360412466,0.507168458781362,0.5120893070489845,0.4964157706093189,-0.0049208482676225,0.010752688172043,0.7,0.631578947368421,20.11065222779111,-0.5020252306163182,0.3372357664894009,0.0,0.75,0.1,0.8,0.15,0.95,0.0,1.0,0.1
0.06,0.9972619256951946,1.0937500000000002,0.0478832773467622,0.5538296723586816,0.5391465053763441,0.6897714538061557,0.0816825629738321,0.2974392268004378,0.2411347517730496,0.03,1.0,2.1007412490436375,0.0,0.0538364850112669,0.5339381720430108,0.0,0.5339381720430108,0.0,0.0,0.0,0.402046783625731,17.563522794978223,0.3875897607483973,0.2031913843417485,0.0,0.85,0.2,0.8,0.0,0.9,0.0,1.0,0.2
0.08,0.9986845749099972,1.025,0.0308895580502172,0.5467543396095949,0.68805256869773,0.3208654530097407,-0.0406671664167916,0.3891318026562831,0.2567934782608695,0.04,1.0,3.2749822840581513,0.0,0.0755238530353849,0.6339307048984468,0.3803589636633296,0.6917562724014337,0.2535717412351172,-0.0578255675029868,0.2,0.4423976608187134,19.946441335519584,-0.1928135340788377,0.3251032451229303,0.5,0.8,0.85,0.1,0.05,0.85,0.5,1.0,0.85
0.01,0.999793856936714,1.0399999999999998,0.0055020005747687,0.5729507907649773,0.5,0.5461947580762022,-0.1267850923023337,0.1976525665870863,0.7095959595959596,0.0048484848484848,1.0,0.5482606262930859,0.0052346981784645,0.1208655050485265,0.5,0.5,0.5,0.0,0.0,1.0,0.0,0.0,0.2842677775573641,0.1397213925769922,0.0,0.95,1.0,0.0,0.0,0.05,0.0,1.0,1.0
0.11,0.9931389516036928,1.428571428571429,0.1145424578596018,0.0376046816464625,0.4940932311621966,0.220551991999859,-0.0272269381141911,0.6785305735006378,0.2614913176710929,0.0506741573033707,1.0,3.866724508422842,0.0061165281853684,0.0533809637157599,0.5928480204342274,0.6397294760197986,0.4940932311621966,-0.0468814555855712,0.0987547892720306,1.0,0.392156862745098,19.71448709127337,0.7789893626640105,0.2057455944277493,0.5,0.75,0.2,0.8,0.15,0.95,0.5,1.0,0.2
0.04,1.000575279421433,1.0357142857142856,-0.0069129343093842,0.0677887750149365,0.8489583333333334,0.3264584802125841,-0.0553160919540229,0.3586557168954145,0.375,0.0195833333333333,1.0,1.9656735110884245,0.0106279107855489,0.0904457410971574,0.5,0.5,0.5,0.0,0.0,1.0,0.0,0.0,-0.1061950900395785,0.2195432410477678,0.5,0.85,0.9,0.1,0.1,0.6,0.5,1.0,0.9
0.07,0.9995046187021008,1.0,0.0200205513390833,0.0675032644439093,0.4211469534050179,0.158504085251984,0.021876158694846,0.892083619040294,0.2469278033794162,0.0346236559139784,1.0,2.6936463285720915,0.023815030370074,0.0369260557724406,0.4229390681003584,0.2481481481481481,0.4247311827956989,0.1747909199522102,-0.0017921146953405,0.4,0.4614035087719299,19.33149496721683,-0.3251457417932268,0.3008277361717584,0.5,0.8,0.8,0.2,0.05,0.4,0.5,1.0,0.8
0.04,0.9990157480314964,1.0624999999999998,0.0142662919795868,0.6341368783641933,0.546875,0.5924747707873701,-0.0890804597701149,0.2815032762453742,0.328125,0.01875,1.0,1.9031830340314968,0.0106311775122609,0.0453240517988857,0.5,0.5,0.5,0.0,0.0,1.0,0.0,0.0,-0.5223784590886158,0.2593727416868222,0.0,0.75,0.1,0.85,0.05,0.85,0.0,1.0,0.1
0.07,0.9993929934096428,1.0,0.0011374060953127,0.591190238849047,0.621863799283154,0.499851729858205,-0.0521743736426716,0.5232461190057781,0.2745775729646697,0.0316129032258064,1.0,2.7412574497931312,0.0,0.0538966959873142,0.5949820788530467,0.618279569892473,0.632616487455197,-0.0232974910394263,-0.0376344086021503,1.0,0.4473684210526314,19.923813650438596,0.006327663903447,0.3008277361717584,0.5,0.8,0.8,0.2,0.15,0.8,0.5,1.0,0.8
0.03,1.000077126770702,1.0810810810810814,0.0044226875105407,0.3566337608513796,0.6357323232323232,0.1641909951509266,-0.0350752458822135,0.5560140095830496,0.3951890034364261,0.0145360824742268,1.0,1.8661785963502928,0.0091500549474649,0.0858607574087821,0.5,0.5,0.5,0.0,0.0,1.0,0.0,0.0,-0.2578531401323465,0.2272747124722338,0.0,0.85,0.85,0.1,0.05,0.1,0.0,1.0,0.85
0.09,0.9995629119775364,1.1,0.0161344550510753,0.4655020741140847,0.4166069295101553,0.0012761719652807,0.0002105174518967,0.7765952905163945,0.2442002442002442,0.0445054945054945,1.0,2.9631066805999127,0.0163768346433947,0.0488523983234864,0.386857825567503,0.6822270322270322,0.4129032258064516,-0.2953692066595292,-0.0260454002389486,0.1,0.2988304093567252,20.44951633898361,0.0919562691318494,0.2950781025941639,0.5,0.85,0.9,0.1,0.05,0.4,0.5,1.0,0.9
0.08,0.9991586032814476,1.0810810810810814,0.0208641763917029,0.1159548681925319,0.514336917562724,0.5906852719249306,0.0607196401799101,0.1487807616871593,0.3614130434782608,0.037391304347826,1.0,2.225602186462757,0.0051224621641245,0.1008796558257933,0.5542413381123058,0.4193548387096774,0.514336917562724,0.1348864994026283,0.0399044205495817,0.3758250874886983,0.3312865497076023,19.8787700382505,-0.8126611687106959,0.3443568977002769,0.5,0.8,0.9,0.1,0.05,0.9,0.5,1.0,0.9
0.04,0.998675883890494,1.1304347826086958,0.0158046493267201,0.0186902381094779,0.3802083333333333,0.0746779082926672,0.0150862068965517,0.7307086309015676,0.34375,0.0191666666666666,1.0,2.378261096626336,0.0070811585714147,0.0898096140551265,0.5,0.5,0.5,0.0,0.0,1.0,0.0,0.0,-0.9366292724385016,0.3162454859545631,0.0,0.8,0.7,0.1,0.05,0.2,0.0,1.0,0.8
0.12,0.9911333061557276,1.1111111111111114,0.0666841576721027,0.2699651319766535,0.5276819923371648,0.4751891326889624,0.0522300469483568,0.2182177926029024,0.3380681818181817,0.0531818181818181,1.0,3.784240132752336,0.0128968036073572,0.0496635111528923,0.5503831417624522,0.6432539682539683,0.5276819923371648,-0.0928708264915161,0.0227011494252873,0.4,0.2251633986928105,18.49103817283783,0.5503243888275673,0.1878751019588835,0.5,0.75,0.2,0.8,0.1,0.9,0.5,0.8,0.2
0.06,0.9955818436523426,1.3529411764705874,0.0655536207652901,0.4859545669044885,0.5497311827956989,0.9254271290306156,0.1128758365797623,0.1290626526901181,0.3936170212765957,0.025531914893617,1.0,2.4774427064571376,0.0309974691662854,0.0633860107414523,0.5979502688172043,0.4478548930161833,0.5497311827956989,0.1500953758010209,0.0482190860215053,0.4,0.0675438596491226,16.12211323306055,0.8640951551967526,0.2343800910294436,0.5,0.8,0.8,0.2,0.05,0.9,0.5,1.0,0.8
0.13,0.9833971902937422,1.2800000000000011,0.1529486663593232,0.1024840309168706,0.4660919540229885,0.0559933766260445,0.0076462310556532,0.9061014355626186,0.2763041556145004,0.0627586206896551,1.0,3.9978516872450314,0.0744697591510047,0.0485905356721844,0.4752873563218391,0.5137224782386073,0.4689655172413793,-0.0384351219167681,0.0063218390804598,0.4,0.1683006535947712,16.97116630995345,0.2139669318622479,0.2663264363234413,0.5,0.8,0.8,0.1,0.05,0.9,0.5,0.8,0.8
0.12,0.9853782581055308,2.0952380952380953,0.114382166422941,0.1881996823241244,0.5709770114942528,0.2388490328366896,0.0286491677336748,0.4045511889612164,0.2888257575757575,0.049090909090909,1.0,3.3947950896886683,0.0064862101011752,0.032899630468131,0.6278735632183907,0.356468680662229,0.5681992337164751,0.2714048825561617,0.0596743295019156,0.1,0.3049019607843136,16.722248723896993,0.6959749423577213,0.1417264764463297,0.5,0.8,0.2,0.8,0.15,0.95,0.5,1.0,0.2
0.11,0.9906176753057484,1.2413793103448283,0.1041887218780135,0.1562956447169302,0.4092273307790549,0.274215526570791,0.0345422894876923,0.4306099050174292,0.2931562819203268,0.0543820224719101,1.0,3.6006101507881563,0.0183656577319818,0.0567532640071955,0.4154214559386973,0.2020485724879495,0.4198914431673052,0.2133728834507477,-0.0044699872286079,0.1,0.3663398692810459,16.516816709204285,-0.3091589684462863,0.2543811196147781,1.0,0.85,0.9,0.1,0.05,0.1,1.0,1.0,0.9
0.12,0.9854661936781912,1.5000000000000009,0.1538352067546177,0.8132632539282793,0.6999042145593869,1.888396256425775,-0.1275608194622279,0.0053810865387389,0.2916666666666667,0.0559090909090909,1.0,3.624675080907787,0.0582110783774821,0.0480207952877541,0.7055555555555556,0.0,0.6999042145593869,0.0,0.0056513409961687,0.0,0.1483660130718953,18.6924294729094,-0.2841233253986379,0.1941320084746928,1.0,0.8,0.9,0.1,0.05,0.4,1.0,0.6,0.9
0.09,0.9883645765998708,1.0714285714285716,0.1174847012695998,0.3883252884052516,0.5068100358422939,0.7039571983415258,0.0744122856798913,0.1362812134782935,0.2707570207570207,0.0445054945054945,1.0,2.4450270866278525,0.0880260904962721,0.0277979166475348,0.595221027479092,0.576580459770115,0.5031063321385902,0.018640567708977,0.0921146953405017,1.0,0.4078947368421052,16.144161289694168,0.2957388794339461,0.2209346223493856,0.5,0.8,0.3,0.8,0.15,0.95,0.5,1.0,0.3
0.09,0.9874467169840836,1.250000000000001,0.1280754669711865,0.3278966610399732,0.5495818399044206,0.4944392170604936,0.0593303410204819,0.3409159281197637,0.2945665445665446,0.0395604395604395,1.0,3.336916009682442,0.0778674437229212,0.0426024309435922,0.6123058542413381,0.0,0.5531660692951016,0.0,0.0591397849462365,0.0,0.2508771929824561,15.811970255543962,0.1295761752620752,0.201881401716456,0.5,0.7,0.5,0.5,0.15,0.9,0.5,1.0,0.5
0.13,0.988843813387424,1.2,0.096965092247587,0.0330288900841814,0.3511494252873563,0.0012205548774841,-0.0001992503206686,0.9918158658840036,0.2793987621573828,0.055287356321839,1.0,4.0857707153688985,0.0203578217514829,0.0171081798640474,0.3959770114942529,0.4927750410509031,0.3568965517241378,-0.0967980295566501,0.039080459770115,0.4,0.1977124183006534,18.002282773042253,2.1709104926346763,0.1759862567685323,0.0,0.8,0.1,0.9,0.1,0.95,0.0,1.0,0.1
0.04,0.9977827050997782,1.0416666666666667,-0.0023565793513684,0.2848196208870546,0.6354166666666666,0.2589064781265241,0.0591255868544599,0.4181316324317515,0.3906249999999999,0.0195833333333333,1.0,1.8659040625482863,0.0390563931877671,0.0369303654345496,0.5,0.5,0.5,0.0,0.0,1.0,0.0,0.0,3.754110047609605,0.1651395578081623,0.0,0.85,0.9,0.1,0.15,0.45,0.0,0.8,0.9
0.13,0.999833787222073,1.647058823529414,-0.0864439017586511,0.0564746475222694,0.3689655172413792,0.1658785193638756,-0.0215065814871542,0.6480916261569805,0.2802829354553492,0.0642528735632183,1.0,3.513018064045484,0.0404610781192384,0.0388205395766788,0.3488505747126436,0.4855360551504414,0.3603448275862069,-0.1366854804377978,-0.0114942528735632,0.4,0.3071895424836599,16.552045115033767,3.864329189916612,0.1947739712944478,1.0,0.8,0.95,0.05,0.05,0.2,1.0,0.8,0.95
0.14,0.9909295505694604,1.291666666666668,0.1236684348057971,0.3032251983585779,0.5995073891625616,0.5046493011918913,0.0443591783257686,0.1521346900182834,0.2736710963455149,0.0683720930232558,1.0,3.822779826819075,0.0422700822595456,0.0384595602565302,0.607799671592775,0.6241423111556593,0.5983579638752051,-0.0163426395628842,0.0094417077175699,0.7,0.2918300653594772,20.824810058658752,0.109464508122095,0.2223800599285815,0.5,0.75,0.85,0.2,0.05,0.85,0.5,1.0,0.85
0.07,0.998922164908769,1.2000000000000008,-0.0057697750408692,0.1755444078407036,0.6630824372759857,0.3428650863132758,0.054174509422124,0.1741872166239595,0.4831029185867895,0.0346236559139784,1.0,2.7494731016975944,0.0429375141498141,0.1178287626081955,0.6684587813620072,0.4630028735632184,0.6523297491039427,0.2054559077987888,0.0161290322580645,0.4,0.0,19.437935805352367,1.8402216987024689,0.2686825971366592,0.0,0.85,0.1,0.9,0.05,0.95,0.0,1.0,0.1
0.09,0.9927960238519242,1.0909090909090904,0.0512556974017695,0.2966906903409289,0.494384707287933,0.4222098847421354,-0.0535692789213916,0.3407707632355006,0.3257020757020757,0.0375824175824175,1.0,3.45462484814431,0.0,0.0241295952564696,0.4905615292712066,0.489509949326412,0.5126642771804061,0.0010515799447946,-0.0221027479091994,1.0,0.2283625730994152,17.876633949410305,1.1289091805728084,0.2556927650014323,1.0,0.85,0.9,0.1,0.0,0.2,1.0,0.8,0.9
0.11,0.9927701793371098,1.1250000000000009,0.0555661416023059,0.4879412760725026,0.6522349936143039,1.284105573112298,0.1202434217151737,0.0741404626436351,0.3603166496424923,0.0519101123595505,1.0,3.4867781659467205,0.0122300211208244,0.0889700999614575,0.6843550446998723,0.3808009045912271,0.6436143039591314,0.3035541401086452,0.0407407407407408,0.1,0.3362745098039217,20.689849844695168,0.5137899902629988,0.2256801424961641,1.0,0.7,0.9,0.6,0.15,0.4,0.5,0.8,0.4
0.07,0.9961699495670376,1.0,0.0335744322264685,0.1611948080270774,0.6272401433691756,0.1278333472556214,0.0228900283420956,0.7455574049230415,0.3271889400921659,0.0308602150537634,1.0,2.5466954193295175,0.0383898702716108,0.0455243628597491,0.6236559139784946,0.3674245818399044,0.6200716845878136,0.2562313321385902,0.003584229390681,0.4,0.2704678362573099,15.871786614457491,1.822950464896544,0.1681431701861383,0.0,0.85,0.1,0.8,0.1,0.6,0.0,0.8,0.1
0.08,0.9943948782557273,1.1200000000000003,0.0377299227270377,0.2733293459949032,0.5884109916367981,0.5097089786338187,0.0698101653398652,0.2912726303973401,0.3369565217391304,0.0391304347826087,1.0,2.9962651898957673,0.0256612183864117,0.0744836202104242,0.6534050179211469,0.5876320678044816,0.5884109916367981,0.0657729501166652,0.0649940262843488,0.7,0.2429824561403507,16.258053057061854,1.8554845076998123,0.187425010185919,0.5,0.6,0.8,0.2,0.1,0.8,0.5,0.8,0.8
0.14,0.9898028198324752,1.1500000000000004,0.1305211418375332,0.0550226256015702,0.3321018062397373,0.0463996008216694,-0.0066679144635253,0.9762085965711594,0.2583056478405315,0.0569767441860465,1.0,3.610842000655686,0.0,0.01802977766006,0.3793103448275861,0.7051332982923638,0.3344006568144499,-0.3258229534647777,0.0449096880131361,0.1,0.3261437908496732,18.331503205962264,0.2896473659105001,0.2931366359402576,0.5,0.8,0.1,0.85,0.1,0.95,0.5,1.0,0.1
0.11,0.9913705840672132,1.12,0.1304148723641538,0.0726023225036929,0.4599297573435505,0.2114308070076257,-0.0283272669726222,0.4768896661766134,0.3117977528089887,0.0506741573033707,1.0,3.651583990658892,0.0245431996780264,0.0327301278296379,0.4801085568326947,0.1442182966376514,0.4599297573435505,0.3358902601950433,0.0201787994891442,0.1,0.3034313725490196,18.14372160661816,0.6965329419991169,0.1750832335645615,0.5,0.8,0.2,0.8,0.05,0.9,0.5,0.8,0.2
0.03,0.9977659351655764,1.0,0.0188764284961171,0.2727708446128795,0.5243055555555556,0.7561038432828625,0.1316974009002469,0.1345635156953418,0.5326460481099656,0.0132989690721649,1.0,1.4413906265828418,0.0153054352815968,0.1186645853352373,0.5,0.5,0.5,0.0,0.0,1.0,0.0,0.0,1.8380846386729992,0.1237685486736148,0.0,0.9,0.1,0.85,0.0,0.95,0.0,0.8,0.15
0.06,0.9901949385730342,1.0,0.0653709552127421,1.2064612832345545,0.7807459677419355,3.4032269467986613,0.2553690939966038,0.0043032672158225,0.4680851063829787,0.0293617021276595,1.0,2.8698669515573196,0.0395433887871791,0.1153627881347831,0.8553427419354839,0.787130376344086,0.7807459677419355,0.0682123655913978,0.0745967741935483,0.7,0.2038011695906432,18.68296414011821,0.6954955020848193,0.1806487506458992,0.5,0.8,0.9,0.1,0.15,0.85,0.5,1.0,0.9
0.13,0.9976028028766368,1.1764705882352933,0.0696167885812981,0.0596066889166243,0.6114942528735633,0.1074231221081885,0.0144082888133397,0.9060960990653146,0.2073386383731211,0.0627586206896551,1.0,3.888518955942325,0.0951763780107039,0.0341741966278309,0.553448275862069,0.5914618535586277,0.6114942528735633,-0.0380135776965586,-0.0580459770114942,1.0,0.4235294117647057,17.59349697106706,0.7261727115152627,0.327456073711711,1.0,0.85,0.95,0.0,0.05,0.15,1.0,1.0,0.95
0.09,0.9860409860409858,1.1034482758620692,0.1287576296687654,0.1999621396751741,0.7047789725209079,0.1567218334836025,0.0248499544274192,0.7311667434395046,0.28998778998779,0.0445054945054945,1.0,2.9861688185952846,0.0713656423034965,0.0750275732297818,0.7565113500597372,0.6454301075268817,0.6937873357228196,0.1110812425328555,0.0627240143369176,0.7,0.339766081871345,15.700307223822294,-0.4479361914625621,0.201881401716456,0.5,0.8,0.1,0.9,0.1,0.95,0.5,1.0,0.1
0.1,0.9956533550665582,1.3333333333333346,0.0637808185138476,0.3719924020959874,0.25,0.5744835068250687,-0.0622848200312989,0.1086413137012106,0.2805555555555555,0.0488888888888888,1.0,2.9442517708578175,0.0348211241238764,0.0252255150957422,0.2462962962962962,0.5739087301587301,0.2462962962962962,-0.3276124338624339,0.0,0.2,0.2944444444444446,19.662753835550472,-0.0291138338050376,0.3358459770890317,0.5,0.85,0.75,0.25,0.05,0.45,0.5,1.0,0.75
0.14,0.993217054263566,1.2799999999999994,0.0519600961124987,0.2662138116756883,0.5604269293924466,0.6546332307319638,0.0648308455383463,0.1221594307468416,0.3347176079734219,0.0602325581395348,1.0,3.725572929761004,0.0212433494121959,0.0445076113291476,0.5955665024630542,0.5059954590605932,0.5535303776683087,0.089571043402461,0.0420361247947455,0.7,0.2869281045751635,17.360107930870075,1.230439848635597,0.2761023914032865,0.5,0.7,0.6,0.6,0.15,0.9,0.5,0.8,0.5
0.09,0.9886887306242148,1.2142857142857144,0.1131712026786966,0.0894067402005338,0.5652329749103943,0.3307532750819221,-0.0434057335465786,0.3691361420465621,0.3037240537240537,0.0425274725274725,1.0,3.205565154625159,0.0383665594247991,0.0432673599591121,0.5616487455197133,0.5766642720306513,0.5800477897252091,-0.0150155265109379,-0.0183990442054957,1.0,0.1448830409356725,18.35260723868383,0.1141056943244631,0.2786900817869301,1.0,0.85,0.9,0.1,0.05,0.15,1.0,1.0,0.9
0.04,0.9945996829171622,1.0,0.0464635221985438,0.3866103788378269,0.5416666666666666,0.577164022185571,-0.1006455399061033,0.2244954285190089,0.3567708333333333,0.0195833333333333,1.0,2.381981732913907,0.0461792171727333,0.0566724076275854,0.5,0.5,0.5,0.0,0.0,1.0,0.0,0.0,-0.7249425941648804,0.2522540606638907,0.0,0.9,0.1,0.85,0.05,0.95,0.0,0.6,0.1
0.11,0.9875270590660756,1.1250000000000009,0.1202728229698328,0.3341193288783744,0.7162196679438059,0.9178217377842076,0.0957717705620854,0.242463606611344,0.3983656792645557,0.0506741573033707,1.0,3.3773286970475724,0.0061207538690883,0.0877714731005042,0.725383141762452,0.7115900383141763,0.7246487867177521,0.0137931034482756,0.0007343550446998,0.7,0.1315359477124182,19.34461424204647,-0.8859250613179235,0.4445256132714093,0.5,0.85,0.9,0.1,0.0,0.9,0.5,0.8,0.9
0.04,0.9953161592505856,1.03125,0.0468103805982538,0.3583015811525574,0.2864583333333333,0.5001666765238084,0.0812793427230045,0.53193406602563,0.3802083333333333,0.0191666666666666,1.0,1.5882421539075984,0.0498167773654809,0.0490615221491744,0.5,0.5,0.5,0.0,0.0,1.0,0.0,0.0,-0.0460823993298107,0.1854342621855831,0.0,0.9,0.1,0.8,0.0,0.95,0.0,0.8,0.1
0.1,0.9887987640015448,1.2068965517241383,0.103701503038009,0.072036173682066,0.7185185185185184,0.0896418512234873,0.0148669796557119,0.9724724366560256,0.3444444444444444,0.0455555555555555,1.0,3.359945537900704,0.040770864167156,0.073110138018959,0.75,0.6032165368928438,0.7175925925925926,0.1467834631071561,0.0324074074074074,0.4,0.1555555555555554,18.529471973491116,-0.2405393846832657,0.2993480947871813,0.0,0.85,0.1,0.9,0.1,0.95,0.0,1.0,0.1
0.07,0.9939665132314917,1.0,0.0485244160286538,0.3519949173538027,0.3566308243727598,0.3188883718240194,0.0504316219900045,0.9031375712299138,0.3306451612903226,0.0286021505376344,1.0,2.6182427194656412,0.0144114206103121,0.0617927727636531,0.4587813620071685,0.2492308841099163,0.3566308243727598,0.2095504778972521,0.1021505376344086,0.2,0.3087719298245615,15.975094383949902,0.7093546044286283,0.1478504569588263,0.5,0.8,0.2,0.8,0.1,0.95,0.5,0.8,0.2
0.06,0.9930465919973352,1.28125,0.0599801114324567,0.1174882746878004,0.5584677419354839,0.1506480960126587,-0.0279692338427728,0.6420995067410458,0.301418439716312,0.0274468085106383,1.0,2.9329748883990767,0.0,0.0530484685149703,0.5100806451612904,0.0,0.5477150537634409,0.0,-0.0376344086021505,0.0,0.4634502923976608,18.42527918332121,-0.7699449620058125,0.2152282818998848,0.0,0.85,0.1,0.8,0.1,0.95,0.0,1.0,0.1
0.11,0.9920372643439398,1.3333333333333328,0.091299288339871,0.5798116630308402,0.6582694763729245,1.7490368150882794,0.1331769986620438,0.0188265304624067,0.3472931562819203,0.0531460674157303,1.0,3.5541722767022867,0.0613621114234705,0.0848921906514566,0.69029374201788,0.4048479792361883,0.6619731800766283,0.2854457627816916,0.0283205619412516,0.1,0.2212418300653593,17.702319706519848,-0.1502945737884986,0.2543811196147781,0.5,0.8,0.9,0.1,0.05,0.85,0.5,1.0,0.9
0.06,0.998061568283565,1.1428571428571428,0.0138836477873671,0.4508997597737203,0.4781586021505377,0.5686307902019158,0.0851563280391569,0.4242331366907211,0.3049645390070922,0.0274468085106383,1.0,2.889694743858817,0.0264220201277347,0.0389161051052159,0.4889112903225807,0.5982187466058434,0.4835349462365592,-0.1093074562832627,0.0053763440860215,0.1,0.4377192982456142,16.49560887727673,2.4837976660980328,0.1099809018182054,1.0,0.7,0.8,0.1,0.1,0.2,1.0,1.0,0.8
0.08,0.993242743347555,1.1000000000000003,0.0888978301254264,0.090021311263389,0.5420549581839903,0.0248060999735607,0.0046693202694428,1.0,0.3016304347826087,0.0356521739130434,1.0,3.180141981842801,0.0257407940583135,0.0754737840205831,0.5885304659498208,0.3723118279569892,0.5277180406212664,0.2162186379928315,0.0608124253285544,1.0,0.1774853801169589,18.532424469131215,-0.1814485713120821,0.251634796097221,1.0,0.85,0.9,0.1,0.05,0.15,1.0,0.8,0.9
0.09,0.997694744141589,1.0,0.0008231772571578,0.1754437848515242,0.4173237753882914,0.1864481113035515,-0.0268448296617311,0.6426113099661757,0.271978021978022,0.0445054945054945,1.0,3.349112976786631,0.0328233693987967,0.0486345120137844,0.3849462365591398,0.441483803552769,0.4173237753882915,-0.0565375669936292,-0.0323775388291517,1.0,0.2950292397660818,21.018728244965025,3.110069067142912,0.2275678125935937,0.5,0.9,0.1,0.85,0.0,0.95,0.5,0.8,0.1
0.07,0.9934080543604706,1.0909090909090904,0.0526456221138467,0.3311120547345232,0.7508960573476703,0.3530492108056752,0.0523138832997988,0.4329111449462126,0.3241167434715821,0.0316129032258064,1.0,2.739401498476776,0.0335005534827945,0.0491819236725559,0.8082437275985663,0.2473566308243727,0.7455197132616487,0.5608870967741936,0.0627240143369176,0.1,0.1853801169590642,16.70036691970926,1.2944964733093114,0.1527852862655811,0.5,0.7,0.2,0.8,0.15,0.9,0.5,1.0,0.2
0.08,0.991455139482282,1.0,0.0489553339093869,0.3560050665475593,0.582437275985663,0.5682380293356002,0.0789957134109002,0.2127531185538301,0.2839673913043478,0.0347826086956521,1.0,3.318501004061894,0.0465811242499198,0.0435960510713064,0.6759856630824373,0.5720099879495736,0.582437275985663,0.1039756751328637,0.0935483870967743,0.4,0.2795321637426899,16.229940143293174,1.9620089781229009,0.1761464439782173,0.5,0.8,0.85,0.15,0.05,0.9,0.5,1.0,0.85
0.06,0.9953999974655632,1.240000000000001,0.0290220113730865,0.1041461358372351,0.5359543010752689,0.0149225136907375,0.0028468684447107,0.895910352025807,0.2845744680851064,0.0293617021276595,1.0,2.9538974231157824,0.0,0.031738938395548,0.5199932795698925,0.0,0.5357862903225806,0.0,-0.0157930107526881,0.0,0.4187134502923977,17.723170999295714,1.8441745675482857,0.1806487506458992,0.0,0.8,0.2,0.8,0.15,0.95,0.0,1.0,0.2
0.14,0.9837962962962962,1.291666666666668,0.1198066589698356,0.3672159435924631,0.7129720853858785,1.1546925039488911,0.092882878667353,0.0800260491047198,0.3193521594684385,0.0667441860465116,1.0,3.889603558782985,0.0923250681068577,0.1118209735964215,0.7722495894909689,0.5296135100794599,0.7158456486042694,0.242636079411509,0.0564039408866995,0.2,0.1696078431372549,16.82866540889955,1.7416936196845345,0.1885795378712353,0.5,0.8,0.9,0.1,0.15,0.8,0.5,1.0,0.9
0.05,0.9956515219673115,1.238095238095238,0.0575756647636989,0.3688641970238972,0.7620967741935484,0.0864028980011518,0.0177909562638992,0.8866475043529304,0.3789473684210526,0.021578947368421,1.0,2.4019886518735003,0.0120078028038757,0.0780071820480214,0.7516801075268816,0.5257412838057999,0.7620967741935484,0.2259388237210817,-0.0104166666666667,0.4,0.0105263157894736,18.04675110012448,0.5086692549957119,0.240823717300155,1.0,0.7,0.9,0.8,0.1,0.6,0.0,0.8,0.2
0.05,0.9959100814998358,1.0810810810810811,0.0293197859944758,0.494274346366178,0.73622311827957,0.7516067576098722,-0.1180133432171979,0.0933303257785106,0.3868421052631579,0.0210526315789473,1.0,2.5224415822575033,0.0079995789132487,0.0912072721921458,0.752016129032258,0.5926197458455523,0.7466397849462366,0.1593963831867056,0.0053763440860213,0.4,0.0631578947368421,17.38897631153332,0.7531784845885987,0.2476418159025596,0.0,0.9,0.1,0.85,0.05,0.9,0.0,0.8,0.1
0.06,0.9946079860099096,1.0,0.0212591936921833,0.9388673246199584,0.7914986559139785,1.3613784843895107,-0.1465388073119568,0.028766559990893,0.3395390070921986,0.025531914893617,1.0,2.0151322108562923,0.0176494071448242,0.064969842410518,0.7647849462365591,0.4406158357771261,0.796875,0.324169110459433,-0.0320900537634408,0.1,0.1853801169590643,17.011775856206533,2.505973766781338,0.1500782042488747,0.5,0.85,0.9,0.1,0.1,0.85,0.5,1.0,0.9
0.12,0.9804940324208772,1.108108108108108,0.122822567382806,0.0166423292543145,0.4501915708812261,0.0996756732607712,0.0141912078531797,0.7101791399619444,0.2064393939393939,0.06,1.0,3.4383132350501304,0.0,0.0335677046643418,0.5120689655172413,0.3116858237547892,0.4588122605363984,0.2003831417624521,0.0532567049808428,0.4,0.3637254901960786,21.321965092601538,1.5104942084889164,0.4361140988065473,1.0,0.7,0.8,0.2,0.2,0.1,0.5,0.8,0.8
0.13,0.9866339765896868,1.1428571428571432,0.1072707816654882,0.2742950339422682,0.4195402298850575,0.508800163057007,-0.0510205352361738,0.3613248099173096,0.2170645446507515,0.0597701149425287,1.0,4.146866839125397,0.0473891199645419,0.0328954715625481,0.4517241379310345,0.4792693756666071,0.4086206896551724,-0.0275452377355726,0.0431034482758621,0.4,0.3408496732026144,18.03297464986379,1.908018754944326,0.1821324328795806,0.5,0.8,0.4,0.7,0.05,0.9,0.5,0.8,0.4
0.12,0.9887334887334888,1.0416666666666667,0.1408513795200545,0.8503659631051863,0.8770114942528734,1.9812270805270007,0.1386043533930858,0.0108340555196986,0.4535984848484848,0.0531818181818181,1.0,3.595871894360368,0.0323495129813598,0.1675850091687649,0.8912835249042145,0.2896072796934866,0.8770114942528734,0.6016762452107278,0.014272030651341,0.1,0.0503267973856208,16.795406140203234,0.8734545826258646,0.2566232148015288,0.5,0.85,0.9,0.1,0.1,0.85,0.5,0.8,0.9
0.14,0.9825445871957498,1.2857142857142865,0.2043311329255158,0.0852906694547049,0.4114121510673234,0.0921729949420361,-0.0116980955500444,0.7314523777955045,0.2603820598006644,0.061860465116279,1.0,3.8320834666935726,0.0569094841250013,0.0393328629744457,0.5832512315270936,0.3221292977565379,0.4032840722495894,0.2611219337705556,0.1799671592775041,0.1,0.3366013071895424,15.62128509978094,0.7451780804271393,0.1950788630963232,0.0,0.8,0.1,0.85,0.1,0.95,0.0,1.0,0.1
0.1,0.9860452869931544,1.2142857142857146,0.1358678305324351,0.6736748081984738,0.7138888888888889,1.3085131727952637,0.1195618153364632,0.1177550733262709,0.3027777777777778,0.0477777777777777,1.0,3.235313047633559,0.0699685736758292,0.0732129542072066,0.7731481481481483,0.3929850039138136,0.7157407407407407,0.3801631442343346,0.0574074074074075,0.1,0.2166666666666667,18.168919673176724,-0.7521277522453036,0.2303466122545444,0.5,0.8,0.85,0.15,0.05,0.9,0.5,1.0,0.85
0.1,0.9847729237316312,1.090909090909091,0.134967352244524,0.3552859460634808,0.5120370370370371,0.5698039139987607,0.0599374021909232,0.2121355289849874,0.3638888888888889,0.0488888888888888,1.0,3.564241784121149,0.0875942912582262,0.0902207817897265,0.6259259259259259,0.5262328513162774,0.5148148148148148,0.0996930746096484,0.111111111111111,0.1,0.0999999999999999,16.181074806400186,-0.1357441235582648,0.2591131035603004,0.5,0.7,0.85,0.1,0.05,0.8,0.5,1.0,0.85
0.07,0.9916856771177012,1.1250000000000002,0.0716241847524304,0.3325835252830877,0.503584229390681,0.3908806715062652,0.0647324809069471,0.4737075845320249,0.3847926267281105,0.0338709677419354,1.0,2.7676853955526197,0.0477718088179906,0.0691490346305439,0.6093189964157707,0.3943697729988052,0.514336917562724,0.2149492234169654,0.0949820788530466,0.4,0.2192982456140351,17.585850975554074,-0.4594104299661579,0.2763735818638145,0.5,0.7,0.8,0.2,0.15,0.9,0.5,0.8,0.8
0.06,1.0161528148532286,1.161073825503356,-0.0866850689266082,0.6009530393657504,0.7147177419354839,0.4383847851128534,-0.067226051343522,0.3488565382293787,0.3989361702127659,0.03,1.0,2.8542843159775297,0.0,0.1333221285153663,0.8257728494623655,0.0,0.704133064516129,0.0,0.1216397849462365,0.0,0.1847953216374269,22.057292902490275,0.2211640813750155,0.3811754409896692,0.5,0.8,0.9,0.1,0.15,0.75,0.5,0.8,0.9
0.1,1.0231753325958073,1.0753968253968256,-0.1367902653009439,0.2702015332337796,0.4527777777777778,0.5977319543025923,0.0657276995305164,0.3546632507263884,0.2444444444444444,0.05,1.0,3.384703330916362,0.0,0.0468909484213056,0.4518518518518519,0.5065558862433862,0.4472222222222222,-0.0547040343915343,0.0046296296296297,1.0,0.5,17.798859178716192,0.5460787411855055,0.2745779676034576,0.5,0.8,0.85,0.15,0.05,0.9,0.5,1.0,0.85
0.09,1.0275403940562309,1.0630630630630635,-0.1483655859872423,0.0477968930171383,0.3457586618876941,0.1003820949181756,-0.015443085865621,0.8141737276933612,0.2759462759462759,0.0445054945054945,1.0,3.46285555400871,0.0712625724435161,0.0307007827645058,0.4556750298685783,0.0,0.3421744324970131,0.0,0.1135005973715651,0.0,0.1359649122807019,16.99284549722308,2.3858528803299306,0.1726165491651992,1.0,0.8,0.9,0.2,0.1,0.1,0.5,1.0,0.3
0.11,1.0223580374594232,1.282700421940928,-0.1475639248040987,0.2941266820106909,0.3954980842911877,0.4316930978776011,0.0477492123322159,0.4113227564587367,0.2660878447395301,0.0543820224719101,1.0,3.4910553949077077,0.0489217126291548,0.0170174545543355,0.4075670498084291,0.3368634259259259,0.3975415070242656,0.0707036238825031,0.0100255427841635,0.7,0.2444444444444444,16.96752808403947,1.375045720448666,0.3119010114745237,1.0,0.8,0.95,0.05,0.05,0.2,1.0,0.8,0.95
0.13,1.0363549788527566,1.2982456140350884,-0.2214838498449687,0.2456606109619191,0.710919540229885,0.5249072937634738,0.0533368202139451,0.1677772683764996,0.3580901856763925,0.0582758620689655,1.0,3.803121035686475,0.0270253405583879,0.1273478783883822,0.7626436781609196,0.4565544608648057,0.713793103448276,0.3060892172961139,0.0488505747126436,0.1,0.1173202614379084,15.897242319265349,2.8353484908215156,0.2432082407530671,0.5,0.85,0.9,0.1,0.05,0.85,0.5,1.0,0.9
0.15,1.051883239834165,1.1859296482412065,-0.250046431135478,0.4447128970439505,0.5192118226600986,0.9660188617492792,-0.0757249378624689,0.0953714551277814,0.238235294117647,0.0705882352941176,1.0,3.6850884562630815,0.0440577562590311,0.0347151871060367,0.5482758620689655,0.5321086480569239,0.5168308702791462,0.0161672140120415,0.0314449917898193,1.0,0.3647058823529411,14.882563511297514,0.989584676809156,0.1950717540485712,0.5,0.8,1.0,0.0,0.0,0.3,0.5,1.0,1.0
0.06,1.0112061785416826,1.0272727272727271,-0.0815287219730234,0.2079272283346399,0.4586693548387097,0.1392570904372236,-0.0245230246728598,0.6575039717748978,0.3856382978723404,0.03,1.0,2.6812732605100567,0.0,0.0543278525479075,0.4791666666666667,0.3280689964157706,0.4633736559139785,0.151097670250896,0.0157930107526881,0.1840386271964254,0.171345029239766,20.49031736495378,1.3845833537799723,0.2031913843417485,0.0,0.8,0.1,0.85,0.1,0.95,0.0,1.0,0.1
0.04,1.0104655836189025,1.07608695652174,-0.061900318043162,0.1711222297379508,0.2760416666666667,0.0458470194618003,0.0110035211267605,0.9368537586944142,0.3723958333333333,0.0179166666666666,1.0,1.892729667180604,0.0248694230487823,0.0747624995443937,0.5,0.5,0.5,0.0,0.0,1.0,0.0,0.0,2.439156873271777,0.1700533316295372,0.0,0.9,0.1,0.85,0.0,0.95,0.0,0.8,0.1
0.1,1.027226842965807,1.2095808383233535,-0.1638462824543449,0.4026110682612587,0.7194444444444444,0.5787479870378873,-0.070735524256651,0.1899062098398658,0.3222222222222222,0.0433333333333333,1.0,3.190407338052762,0.0350347059283253,0.0719035165811168,0.7083333333333334,0.6026785714285715,0.7194444444444444,0.1056547619047618,-0.011111111111111,0.6579050194284821,0.1333333333333333,14.548214863119057,2.213556266879424,0.197815193268222,0.5,0.7,0.8,0.2,0.05,0.85,0.5,0.8,0.8
0.07,1.0151108625164962,1.0805687203791474,-0.1009826388261818,0.1305272700962268,0.5448028673835125,0.2229990731361701,-0.0401116375673393,0.6217160138598852,0.3817204301075269,0.0323655913978494,1.0,3.049806421675586,0.0190676051083013,0.0590481928245969,0.578853046594982,0.4082810633213858,0.5268817204301075,0.1705719832735961,0.0519713261648745,0.4,0.2538011695906431,17.677758683099157,1.961953296447943,0.2539169949232104,0.0,0.9,0.1,0.85,0.05,0.95,0.0,1.0,0.1
0.12,1.0365366697723948,1.178082191780822,-0.1919268557388869,0.254399097636427,0.2973180076628353,0.2873108020153716,-0.0353179684165599,0.3235702448129856,0.2556818181818182,0.06,1.0,3.757027644273803,0.0,0.0187742839531474,0.3870689655172414,0.6736270753512134,0.2973180076628353,-0.2865581098339719,0.0897509578544061,0.1,0.4254901960784314,17.161296304938624,0.9470928438556164,0.2643704412697942,0.5,0.8,0.3,0.7,0.05,0.9,0.5,1.0,0.3
0.11,1.0337023247567758,1.12962962962963,-0.1783080759265498,0.0786048450686745,0.5890804597701149,0.0308185353764463,-0.0042008948481491,0.9604190300134116,0.2939223697650664,0.049438202247191,1.0,3.521113134757327,0.0492646974982797,0.0954410153878248,0.66772030651341,0.6125159642401022,0.6059386973180078,0.0552043422733077,0.0617816091954022,0.7,0.16078431372549,16.133030497408665,1.4573220069999406,0.2697733292097824,0.0,0.85,0.2,0.8,0.1,0.85,0.0,0.8,0.6
0.08,1.0276108331028238,1.1666666666666663,-0.1258567832539132,0.3097663385372236,0.6290322580645161,0.1236366778602548,-0.0215094917330067,0.9797097568571432,0.4184782608695652,0.037391304347826,1.0,3.0204329209981235,0.0153642341698945,0.1636274114525434,0.6859020310633214,0.1493145743145743,0.6471923536439665,0.5365874567487471,0.0387096774193548,0.1,0.1397660818713449,18.1876053415774,0.8119045928418864,0.2984587882726994,0.5,0.85,0.9,0.1,0.1,0.6,0.5,0.8,0.9
0.05,1.012568836618705,1.0526315789473677,-0.0752730058658237,0.33972686681093,0.6053427419354839,0.3554625212463367,-0.0615270570793179,0.3969203249012361,0.2973684210526315,0.0242105263157894,1.0,2.572390539112038,0.0159130493203664,0.0572980634778438,0.5460349462365591,0.0,0.6001344086021505,0.0,-0.0540994623655913,0.0,0.4368421052631579,17.55824489881957,1.6377097050278904,0.1976624322722601,0.0,0.9,0.0,0.9,0.05,0.95,0.0,1.0,0.0
0.1,1.021919879062736,1.1069182389937096,-0.163841392519358,0.1953777280052145,0.3037037037037037,0.4249836626459639,0.0575899843505476,0.3284588698411621,0.2749999999999999,0.0466666666666666,1.0,3.305836519305212,0.0173862830992635,0.0608759159327759,0.3314814814814814,0.0,0.2972222222222222,0.0,0.0342592592592592,0.0,0.3333333333333332,18.43767142056704,3.684113348877929,0.1684069992978157,0.5,0.8,0.4,0.6,0.05,0.9,0.5,1.0,0.4
0.09,1.014650956897564,1.32142857142857,-0.133408419971736,0.4839334849599374,0.4352449223416965,0.8074753082025697,-0.0886343703245111,0.1712474884135831,0.2936507936507936,0.0385714285714285,1.0,2.671983326921172,0.0109724776456181,0.0457819747319997,0.460931899641577,0.4971264367816092,0.4352449223416965,-0.0361945371400321,0.0256869772998805,1.0,0.2149122807017544,14.906131180539775,3.696887644017268,0.1782431600642325,0.5,0.7,0.9,0.1,0.1,0.85,0.5,0.8,0.9
0.12,1.0251156476267094,1.2181818181818187,-0.1649569207986768,0.0281759458561198,0.253544061302682,0.0625723609531262,-0.0097097737942807,0.7948122810737606,0.2765151515151515,0.0586363636363636,1.0,3.866272049123413,0.0514548016864525,0.0130612423640224,0.3185823754789272,0.3541666666666667,0.2678160919540229,-0.0355842911877394,0.0507662835249042,1.0,0.2712418300653596,16.59911810018331,0.2388985355390818,0.2490564267978769,0.5,0.6,0.1,0.8,0.35,0.95,0.5,1.0,0.1
0.11,1.0229588118357438,1.5142857142857136,-0.1738708217126496,0.2379000228136378,0.5531928480204341,0.1606552189675499,-0.0230905350386281,0.6394082907683423,0.3258426966292135,0.0457303370786516,1.0,3.5586226804964434,0.0061508633344954,0.0800830227758151,0.5167943805874841,0.4387160778289811,0.5346743295019157,0.0780783027585029,-0.0178799489144316,0.7,0.155065359477124,14.83176563985929,3.20386208119397,0.2256801424961641,0.5,0.7,0.5,0.6,0.15,0.9,0.5,0.8,0.5
0.13,1.0235710124951802,1.6964285714285716,-0.1901229282907268,0.4668236353463103,0.7333333333333334,1.1249035989272833,-0.0924895082253023,0.0270287061054063,0.3994252873563218,0.055287356321839,1.0,3.6544629142805967,0.0203396522257612,0.0740481017721623,0.7540229885057471,0.3492330714552937,0.7333333333333333,0.4047899170504533,0.0206896551724138,0.1,0.0470588235294117,16.977847415951043,1.960012703025643,0.2286395559806741,0.5,0.8,0.9,0.1,0.0,0.3,0.5,1.0,0.9
0.08,1.013349136048905,1.104895104895105,-0.1130014303201099,0.2876379413299441,0.2437275985663082,0.050648744676815,-0.0084966319657072,0.9290793163393848,0.2921195652173913,0.0347826086956521,1.0,3.083590784948242,0.0309242240400169,0.0813709833783564,0.2948626045400238,0.4597904330662951,0.2508960573476702,-0.1649278285262713,0.0439665471923536,1.0,0.3921052631578947,15.258768609265948,2.6924686790621557,0.2241996354055846,0.5,0.7,0.85,0.15,0.15,0.9,0.5,1.0,0.85
0.08,1.021832952526022,1.1775700934579434,-0.1256357556122092,0.1262321557149344,0.4362007168458781,0.1182290685849674,-0.0197489283527249,0.7360789676623896,0.2758152173913043,0.037391304347826,1.0,3.012739376643255,0.0410879550346814,0.0378567517058561,0.4571087216248506,0.6662118789395625,0.4362007168458781,-0.2091031573147118,0.0209080047789725,0.1,0.4312865497076024,17.69602236816791,1.953346267972801,0.2589253848731839,0.0,0.85,0.0,0.9,0.05,0.95,0.0,1.0,0.0
0.12,1.0217070232033891,1.2000000000000002,-0.1767348605283649,0.4658505904550172,0.631896551724138,0.8397997348162377,-0.0777848911651728,0.0977097366410779,0.3607954545454545,0.0518181818181818,1.0,3.754335463191215,0.0323842257040333,0.0517535474926887,0.631992337164751,0.6279342567579498,0.6347701149425288,0.0040580804068012,-0.0027777777777777,1.0,0.1375816993464053,14.243655084246448,1.4510583063632732,0.1526654747702829,0.5,0.8,0.9,0.1,0.15,0.75,0.5,1.0,0.9
0.12,1.027773346912232,2.006944444444444,-0.175727719677381,0.1909386050933018,0.3601532567049808,0.1163214722591924,0.0168053777208707,0.8651158774073253,0.2452651515151515,0.0531818181818181,1.0,3.430827586107679,0.0258180244069492,0.0312556188409231,0.3941570881226053,0.5149744572158365,0.3746168582375479,-0.1208173690932311,0.0195402298850574,0.7,0.276797385620915,16.136625736998802,1.5850869804095271,0.2804424001615672,0.5,0.75,0.85,0.7,0.05,0.8,0.0,1.0,0.2
0.09,1.0246788858421128,1.0636363636363635,-0.1418039682363845,0.130331022562484,0.2725209080047789,0.1471650992887535,-0.0217028667732893,0.7539366656876203,0.2142857142857143,0.0445054945054945,1.0,3.1685520469188204,0.0054565942717328,0.0192431229363707,0.3452807646356033,0.3564145346681497,0.2725209080047789,-0.0111337700325463,0.0727598566308244,1.0,0.5728070175438595,16.69995119977888,1.674934241963844,0.2144465818624542,0.5,0.8,0.1,0.9,0.1,0.95,0.5,1.0,0.1
0.11,1.023000460350207,1.1933701657458566,-0.1591925719886626,0.035518418868302,0.2946040868454661,0.023137299054256,-0.0038412291933417,0.9824097481289682,0.2007150153217569,0.0482022471910112,1.0,3.304048951583861,0.0369532854519017,0.023594785651591,0.3897509578544061,0.0,0.2946040868454661,0.0,0.0951468710089399,0.0,0.3464052287581701,15.940957134754166,1.8657489064387465,0.2397047038136498,0.5,0.8,0.3,0.7,0.1,0.95,0.5,1.0,0.3
0.08,1.0192421634737467,1.135,-0.123818637775048,0.588093047252102,0.4903225806451612,0.6722597440985368,-0.0782302510716474,0.1148306874709243,0.3084239130434782,0.0391304347826087,1.0,3.277050345013356,0.0051175229755357,0.0628160699650077,0.6015531660692951,0.7222670250896058,0.490442054958184,-0.1207138590203107,0.1111111111111111,0.4,0.3245614035087719,16.16418807877458,2.251738050300988,0.1652952453412832,0.0,0.85,0.2,0.8,0.05,0.85,0.0,1.0,0.2
0.08,1.014762010541408,1.0583333333333331,-0.0972335497968239,0.1016495565777492,0.505615292712067,0.0874565456467466,-0.0150796080832822,0.7650821738894724,0.2622282608695652,0.04,1.0,3.1528568337265317,0.0,0.053987285532248,0.5384707287933095,0.2890622818042173,0.505615292712067,0.2494084469890922,0.0328554360812425,0.1,0.5023391812865496,21.119287984584403,0.3120583634733114,0.237588487550914,0.5,0.85,0.9,0.1,0.05,0.35,0.5,0.8,0.9
0.11,1.0229572015391428,1.1166666666666667,-0.1554289504421742,1.0278467982288733,0.7754789272030651,2.1270850900954175,-0.163187500899164,0.0018735027866645,0.38585291113381,0.0543820224719101,1.0,3.5860426778686154,0.0,0.1069741823526271,0.7798212005108557,0.2793227042392782,0.764367816091954,0.5004984962715775,0.0154533844189016,0.1,0.1297385620915033,21.161676038615216,1.203078864463869,0.2777605047880729,0.5,0.85,0.9,0.1,0.05,0.4,0.5,0.8,0.9
0.08,1.0227618923271098,1.0264150943396229,-0.1173795888013711,0.1158799558601368,0.2545997610513739,0.0821648301325726,-0.0127832210655236,0.8337875745687782,0.2635869565217391,0.037391304347826,1.0,3.088687860773799,0.0153646049306779,0.0224187269836021,0.2948626045400238,0.3744922341696535,0.2510155316606929,-0.0796296296296296,0.0438470728793309,0.4,0.518421052631579,18.005635772487718,0.6044880165608082,0.3159426717112412,0.5,0.6,0.2,0.8,0.25,0.9,0.5,1.0,0.2
0.09,1.025317683577457,1.05982905982906,-0.144443428528322,0.9790241530607876,0.8193548387096774,1.3556392044772194,-0.1316445682642865,0.0273422236954621,0.2841880341880342,0.0375824175824175,1.0,2.7707284210965866,0.0165093388191916,0.0894474370014201,0.8081242532855436,0.575194660734149,0.8193548387096774,0.2329295925513945,-0.0112305854241337,0.2,0.0839181286549708,16.723929453423473,2.060459933691492,0.2708241992361264,0.5,0.8,0.85,0.15,0.05,0.85,0.5,0.8,0.85
0.05,1.013389026718192,1.0333333333333332,-0.0763198745313495,0.4699128190549947,0.623991935483871,0.8822588275261618,-0.125574499629355,0.0478408107031579,0.4999999999999999,0.0221052631578947,1.0,2.3002262688561146,0.023976227367834,0.0780483586013386,0.59375,0.5,0.5,0.09375,0.09375,1.0,0.0947368421052633,14.754647572647414,1.8827862170740504,0.1976624322722601,0.5,0.9,0.1,0.9,0.05,0.9,0.0,1.0,0.1
0.11,1.0396331011106588,1.2845528455284554,-0.1759828664178242,0.4687280180480042,0.4195402298850574,0.7510176498551119,-0.075817520033377,0.1914430011370272,0.2617466802860061,0.0543820224719101,1.0,3.7438333609176166,0.0612355728354352,0.0497897513743623,0.4967752234993614,0.4116789819376027,0.4224137931034482,0.0850962415617586,0.0743614303959131,1.0,0.2607843137254901,15.534295206003344,0.1411304740742416,0.1869938692742485,0.0,0.8,0.2,0.8,0.05,0.9,0.0,1.0,0.4
0.1,1.0199823025212302,1.1929133858267713,-0.1243535769126749,0.570317570137526,0.7546296296296297,1.2995282581656162,0.1153364632237872,0.0718568773154986,0.3083333333333333,0.0488888888888888,1.0,3.577924090166852,0.0057845791967297,0.0782897048191067,0.7870370370370371,0.6207555720347712,0.7546296296296297,0.1662814650022659,0.0324074074074074,0.4,0.25,21.467829462035013,-0.3771997713989461,0.2667478487440981,0.5,0.7,0.8,0.2,0.1,0.6,0.5,1.0,0.8
0.11,1.032432424839622,1.4318181818181814,-0.1734594113236476,0.5303565648999554,0.7116538952745849,1.5662860529055154,-0.12825677250428,0.0105145219726812,0.4055158324821246,0.0519101123595505,1.0,3.5065264991427583,0.0305956093292309,0.0870545517200865,0.7395274584929757,0.4141776184786938,0.708876117496807,0.3253498400142819,0.0306513409961687,0.1,0.1163398692810456,16.681048904077514,1.0836814423384349,0.2397047038136498,0.5,0.85,0.9,0.1,0.1,0.85,0.5,0.8,0.9
0.1,1.0186621539040095,1.8294573643410843,-0.1481785292512913,0.0727689677692291,0.3157407407407407,0.0641371448533412,-0.0104851330203443,0.7561973574408791,0.2583333333333333,0.0488888888888888,1.0,3.0928891555266724,0.0815666355467539,0.0339415942970059,0.2935185185185185,0.6824331561817657,0.3009259259259259,-0.3889146376632472,-0.0074074074074073,0.2,0.4722222222222222,17.388592004226616,2.593065314346301,0.3263044008033975,0.0,0.8,0.9,0.1,0.05,0.3,0.0,0.8,0.9
0.08,1.0205517225855103,1.0978723404255324,-0.119468382556354,0.0189458593404855,0.2643966547192353,0.0891482848593963,0.0146968769136557,0.9240283785240708,0.2241847826086956,0.0356521739130434,1.0,3.0385575341068027,0.0051259745844671,0.063957564800343,0.3099163679808841,0.0,0.2571087216248506,0.0,0.0528076463560334,0.0,0.5327485380116959,16.891698985950004,1.5699097867739598,0.2664067193691003,0.5,0.8,0.9,0.1,0.05,0.9,0.5,1.0,0.9
0.07,1.0163948915108931,1.0185185185185184,-0.1014715311742002,0.0784104895212778,0.4910394265232975,0.1792944497064615,-0.0298998290820189,0.7868366760133569,0.2668970814132104,0.0323655913978494,1.0,2.9071275289736507,0.0095258685929721,0.0530652832368719,0.525089605734767,0.0,0.4946236559139785,0.0,0.0304659498207885,0.0,0.3847953216374268,16.35105640407793,1.27489251277977,0.2265687413490328,0.5,0.85,0.4,0.8,0.05,0.95,0.5,0.8,0.3
0.1,1.0239734761540424,1.27683615819209,-0.1488937214182077,0.2543855129688644,0.5962962962962962,0.1428504752546457,-0.023317683881064,0.747496230529455,0.2916666666666666,0.05,1.0,3.534760893424602,0.0,0.0437783594310341,0.6203703703703703,0.4393916766228594,0.5962962962962963,0.1809786937475109,0.024074074074074,0.4,0.2500000000000001,15.8821794814194,0.9229122885315356,0.2040510943349349,0.5,0.7,0.3,0.7,0.15,0.9,0.5,1.0,0.3
0.13,1.030610031911268,1.061728395061729,-0.1818065444745584,0.8995527925186871,0.782183908045977,1.7648513704726725,-0.1114930075590591,0.0163023609807845,0.3870468611847922,0.055287356321839,1.0,3.977431596653632,0.0135450257822107,0.0641938708806219,0.7982758620689655,0.2791022947307708,0.782183908045977,0.5191735673381946,0.0160919540229884,0.1,0.0653594771241831,15.569965706916586,0.3659121443215976,0.3088168285371553,0.5,0.8,0.85,0.15,0.05,0.9,0.5,1.0,0.85
0.12,1.022081611570248,1.2484076433121016,-0.1679628524722529,0.0865044056993378,0.6296934865900382,0.010162829571933,0.0016005121638924,0.9069995215018776,0.284090909090909,0.0545454545454545,1.0,3.612725729200359,0.0193106709320983,0.0702753083644256,0.6550766283524904,0.5744014513480586,0.6239463601532567,0.0806751770044317,0.0311302681992337,0.7,0.1761437908496733,17.029389198189556,1.9254798493572125,0.2416618127886581,0.5,0.7,0.1,0.9,0.2,0.95,0.5,1.0,0.1
0.1,1.0302282541640966,1.2623762376237622,-0.1528642916961524,0.0036218153518002,0.3564814814814814,0.0399796557017093,-0.0062597809076681,0.7342771896736384,0.2694444444444445,0.0488888888888888,1.0,2.8664465916475583,0.040568729698804,0.0150568107045868,0.4824074074074073,0.4675925925925925,0.349074074074074,0.0148148148148147,0.1333333333333333,0.7,0.1555555555555554,19.75082635013698,0.7322527339340557,0.355874120934971,0.5,0.7,0.1,0.85,0.25,0.95,0.5,1.0,0.1
0.1,1.0213458700381886,1.1458333333333333,-0.1334229340421913,0.2918394356106578,0.4314814814814814,0.5136466499755634,-0.0651017214397495,0.2524806051079423,0.2277777777777778,0.0455555555555555,1.0,3.5431577742914784,0.0232257727126377,0.0576570382368134,0.525,0.5209007951221521,0.4314814814814814,0.0040992048778478,0.0935185185185186,1.0,0.3222222222222223,17.434336602525146,-0.4515154787947804,0.2372888921325374,0.5,0.8,0.9,0.1,0.05,0.85,0.5,1.0,0.9
0.08,1.0218494813506953,1.1363636363636358,-0.1241563046924492,1.0923047214146078,0.7896057347670252,1.8558475716798637,-0.1554654011022658,0.0035841647661846,0.4334239130434782,0.0347826086956521,1.0,2.707047958998077,0.0102739524197159,0.0939213276582852,0.7604540023894862,0.6755952380952381,0.7931899641577062,0.0848587642942481,-0.0327359617682199,0.7,0.0587719298245614,16.953464775067257,1.7395381428129904,0.2589253848731839,0.5,0.8,0.8,0.2,0.15,0.6,0.5,1.0,0.8
0.16,1.03601933799793,1.1958333333333329,-0.2424845135281959,0.0049852378255377,0.4107142857142857,0.043414658143494,0.0057847082494969,0.9100798609667672,0.206845238095238,0.08,1.0,4.00196873562179,0.0,0.0264611333065582,0.4829365079365079,0.4865166983222539,0.4083333333333334,-0.0035801903857459,0.0746031746031745,1.0,0.3351715686274511,22.26430110179688,1.065984130071028,0.4653227855637769,0.5,0.7,0.2,0.8,0.25,0.95,0.5,1.0,0.2
0.1,1.028682397977004,1.1658291457286434,-0.1596129799142407,1.3318880454188802,0.7842592592592593,1.7361044798926366,-0.1312989045383411,0.0228117304628413,0.3222222222222222,0.0477777777777777,1.0,3.5287087464671187,0.0464502769332033,0.120841128326855,0.8648148148148148,0.4772525027808676,0.787962962962963,0.3875623120339472,0.0768518518518518,0.1,0.2333333333333331,17.23189673370129,1.823090162156329,0.2443921849312755,0.5,0.8,0.9,0.1,0.1,0.85,0.5,0.8,0.9
0.17,1.0515231037049375,1.3239436619718317,-0.2737776428249294,0.4828707618915416,0.7255584950029395,1.001011296699747,0.0778291292760104,0.1173567961439343,0.2903968816442239,0.0839759036144578,1.0,4.261793313509932,0.0632813684951993,0.1022487199557632,0.7395208700764256,0.4255618866729977,0.7276161081716638,0.3139589834034278,0.0119047619047618,0.1,0.2583946078431373,18.30364237813089,0.9189282745747528,0.3253494380250828,0.5,0.8,0.85,0.1,0.15,0.75,0.5,0.8,0.85
0.08,1.0234688991353846,1.035087719298246,-0.1246930760513014,0.8139035201298545,0.8027479091995221,1.1838076747465391,-0.112905695039804,0.078042543363724,0.3152173913043478,0.0382608695652173,1.0,3.049858833125736,0.0513622809744343,0.0930330658217707,0.8448028673835125,0.2446839080459769,0.7990442054958183,0.6001189593375356,0.0457586618876941,0.1,0.2220760233918128,17.436869386546665,1.2920304680865111,0.251634796097221,1.0,0.7,0.8,0.7,0.15,0.2,0.5,1.0,0.2
0.08,1.0114752008160144,1.112820512820513,-0.1122574165013454,0.2875799148774446,0.6741935483870968,0.0891036643103384,0.0159216166564604,0.954357481494262,0.3478260869565217,0.0391304347826087,1.0,3.0960435940138855,0.0051207009387117,0.063448331955361,0.6777777777777777,0.4127837514934289,0.6777777777777777,0.2649940262843487,0.0,0.1,0.2035087719298246,20.820479877036192,2.8825884526864956,0.1761464439782173,0.5,0.8,0.85,0.15,0.05,0.9,0.5,1.0,0.85
0.07,1.0176252526267602,1.0965250965250966,-0.0983266389931425,0.1228209701330741,0.6971326164874552,0.1367526201338119,0.0220895264057462,0.8024768909044333,0.3721198156682028,0.0316129032258064,1.0,2.48933159859158,0.0190900949196667,0.1348782825971346,0.7060931899641577,0.6695676523297491,0.6756272401433692,0.0365255376344085,0.0304659498207885,1.0,0.1725146198830409,17.2000243757814,0.4229407047618836,0.3008277361717584,1.0,0.8,0.9,0.1,0.1,0.1,1.0,1.0,0.9
0.07,1.0167825770481866,1.012658227848101,-0.1039172164262427,0.0679241346729861,0.5125448028673835,0.0623363042114857,-0.0131541939810908,0.8605018373083118,0.3014592933947773,0.0301075268817204,1.0,2.9098212605823903,0.0047760370265942,0.0448984265973225,0.5232974910394265,0.6407818100358423,0.514336917562724,-0.1174843189964158,0.0089605734767024,0.2,0.3649122807017544,16.136843071107062,1.031604930934802,0.2686825971366592,0.0,0.85,0.95,0.05,0.0,0.2,0.0,0.8,0.95
0.1,0.9947106466325368,1.2343750354248118,0.0753316819184342,0.9267858199260622,0.9046296296296296,4.049278327341784,-0.370141320113854,0.0001495353380317,0.5027777777777778,0.0488888888888888,1.0,3.217634458536346,0.0057809417694182,0.2342544462367328,0.9250000000000002,0.583026113671275,0.9083333333333332,0.3419738863287251,0.0166666666666668,0.1,0.0638888888888886,20.86111560739738,-0.5407544090053085,0.3886248861814219,0.5,0.9,0.9,0.1,0.05,0.45,0.5,0.8,0.9
0.1,0.9975124431022804,1.1449279272912432,0.0481174359935979,0.7777318740930664,0.8388888888888889,3.5704881060172844,-0.3489304008441863,0.0004105134577691,0.4444444444444444,0.05,1.0,3.489795963831796,0.0,0.2079722905585464,0.8388888888888889,0.319683908045977,0.8416666666666667,0.5192049808429119,-0.0027777777777777,0.1,0.0555555555555556,20.948231952382574,-0.4216938438764495,0.3456956344401236,0.5,0.9,0.9,0.1,0.1,0.85,0.5,1.0,0.9
0.12,0.9939501879260216,1.058535626863652,0.0955733687927611,0.5712224310923713,0.8920498084291187,3.041134305349663,-0.2862522242588559,0.0023730891976064,0.4744318181818182,0.06,1.0,3.9282139044858857,0.0,0.1983821447312983,0.9090996168582376,0.524261843945752,0.8949233716475096,0.3848377729124855,0.014176245210728,0.1,0.0895424836601306,20.447325910462357,-0.1336219101149267,0.2973518888443784,0.5,0.9,0.95,0.05,0.05,0.4,0.5,0.8,0.95
0.1,0.9921660436887152,1.0547436718647958,0.0939286943112573,1.0079973115141698,0.8638888888888889,2.961595098943794,-0.307014121793571,0.0016103435867134,0.4333333333333333,0.0488888888888888,1.0,3.4453061024052114,0.0,0.1968752080239084,0.8768518518518519,0.5164874551971326,0.8675925925925926,0.3603643966547193,0.0092592592592593,0.1,0.1555555555555554,20.40995654562484,-0.5081565778563952,0.2443921849312755,0.5,0.85,0.95,0.05,0.0,0.25,0.5,0.8,0.95
0.05,0.9968993985892216,1.0604653010839606,0.0473164936308753,1.1599463682427378,0.9206989247311828,1.4383135001913523,-0.2708714383833888,0.0480324975036422,0.4921052631578947,0.0242105263157894,1.0,2.339402657919225,0.0,0.1872596823976275,0.9154905913978496,0.0,0.9206989247311828,0.0,-0.0052083333333333,0.0,0.0736842105263158,19.076627583768413,-0.0387778928956694,0.2546499336950821,1.0,0.85,0.9,0.1,0.05,0.4,1.0,1.0,0.9
0.03,1.00018743700922,1.009966625423553,0.0018702404507173,1.09336222242566,0.9292929292929294,1.7192820634442472,-0.388512645637966,0.0144795322125706,0.6408934707903781,0.0148453608247422,1.0,1.7910456595702406,0.0,0.2731360801038864,0.5,0.5,0.5,0.0,0.0,1.0,0.0,0.0,-0.6295758304949586,0.2610974657394437,1.0,0.9,0.9,0.1,0.05,0.4,1.0,0.8,0.9
0.13,0.9999775098125158,1.2254901031862826,0.0271039328228809,0.6564980260859844,0.7149425287356322,1.8735064681832887,-0.2009043985854118,0.038404594620737,0.3653846153846154,0.0642528735632183,1.0,3.5373747395094712,0.0,0.1330265257663138,0.7379310344827587,0.3521683439022149,0.7149425287356322,0.3857626905805437,0.0229885057471264,0.1,0.2823529411764705,19.61738405658086,-0.2972214378216682,0.3088168285371553,0.5,0.8,0.9,0.1,0.15,0.75,0.5,0.8,0.9
0.06,0.9961749940731012,1.0762720161597403,0.0541456092691281,1.2047884368684687,0.6774193548387096,1.0696183789149218,-0.2039524063301694,0.125686619649065,0.3262411347517731,0.03,1.0,2.7055551384618357,0.0,0.0955027806615602,0.6774193548387096,0.0,0.6774193548387096,0.0,0.0,0.0,0.4894736842105261,20.6092558752997,-0.0576750985884237,0.2278404939021251,1.0,0.8,0.8,0.2,0.1,0.6,1.0,0.8,0.8
0.08,0.99907869982566,1.101504224297613,0.0207771785927516,1.787440503897519,0.948148148148148,4.276401566176789,-0.4225559345702193,0.0002592933957196,0.5353260869565217,0.0391304347826087,1.0,3.1035014451982184,0.0051118912566071,0.2597387387474278,0.9448028673835126,0.0,0.9427718040621268,0.0,0.0020310633213859,0.0,0.0083333333333333,20.10489152463785,-0.6846784776071466,0.3650054191059058,1.0,0.9,1.0,0.0,0.05,0.4,1.0,1.0,1.0
0.09,0.9918295030128724,1.0775504845912531,0.1055243257694041,1.067610258769941,0.8555555555555555,3.0666377590166123,-0.3295249896712543,0.0008122803100301,0.5213675213675214,0.0445054945054945,1.0,3.2384180110798235,0.0,0.2233398523384613,0.8518518518518517,0.581795101553166,0.8481481481481481,0.2700567502986857,0.0037037037037036,0.1,0.0562865497076023,19.50269244485089,-0.2044028171564567,0.3124273325234697,0.5,0.85,0.9,0.1,0.1,0.85,0.5,0.8,0.9
0.11,0.9956134669564456,1.1896542760626068,0.0673116333425194,0.9485320951842826,0.7311302681992338,1.4094226859419694,-0.1777335732304116,0.1077307119993214,0.3592951991828396,0.0543820224719101,1.0,3.567574139972806,0.0,0.1126897897599806,0.7171455938697319,0.5250469363372589,0.7311302681992338,0.192098657532473,-0.0139846743295019,0.1,0.2852941176470587,19.881494476310426,-0.4186137934090266,0.2943686619507687,0.5,0.9,0.9,0.1,0.05,0.3,0.5,0.8,0.9
0.1,0.9918968392671432,1.075268757852549,0.0810468050669678,1.4279929915996017,0.9157407407407409,3.9056690519004738,-0.3239206427795375,0.0009550392660748,0.5083333333333334,0.05,1.0,3.2978649060848664,0.0,0.1915798066259784,0.9185185185185184,0.3990740740740741,0.9194444444444444,0.5194444444444444,-0.0009259259259258,0.0765225004750592,0.0833333333333333,20.558087827124552,-0.7785829476328456,0.4003752022584405,0.5,0.8,0.9,0.1,0.05,0.85,0.5,0.8,0.9
0.08,0.9932888669495524,1.15079213888063,0.0722281888847529,0.9944336498732276,0.8328554360812425,2.65724654213869,-0.286762434173359,0.0070669118479596,0.4809782608695652,0.04,1.0,3.012120215769346,0.0,0.1736056832633034,0.8526881720430107,0.0,0.8328554360812425,0.0,0.0198327359617682,0.0,0.189766081871345,21.2777708058348,-0.442291054718535,0.2901024814517316,1.0,0.85,0.9,0.1,0.05,0.4,1.0,0.8,0.9
0.09,0.9964691834264504,1.1532258158428654,0.0462113785043389,0.7038815866881962,0.5530465949820788,1.9043626264298503,-0.2387890974678801,0.0360964046910325,0.3476800976800977,0.0445054945054945,1.0,3.1367415330784283,0.0,0.1383054386246651,0.545400238948626,0.0,0.5493428912783751,0.0,-0.0039426523297491,0.0,0.2960526315789473,21.79930412650664,-0.8438492966293283,0.3715773937770473,0.5,0.9,0.9,0.1,0.05,0.4,0.5,0.8,0.9
0.08,0.9931209754542808,1.047847652075774,0.0817077330710742,1.165352032473472,0.8824372759856631,2.460591992490308,-0.3074425368200675,0.0046961012806632,0.4470108695652174,0.0391304347826087,1.0,1.9154982077495415,0.0,0.2016014540868723,0.8789725209080048,0.403584229390681,0.882437275985663,0.4753882915173238,-0.0034647550776581,0.1,0.1649122807017542,19.692866668185243,-0.0104433216804347,0.2445254367516372,1.0,0.9,0.9,0.1,0.05,0.4,1.0,0.8,0.9
0.09,0.9940700044995556,1.072726163636364,0.0649219754860075,1.3754318979660614,0.7673835125448029,2.6775587056769616,-0.2920743407722748,0.0050085823057583,0.3388278388278388,0.0445054945054945,1.0,3.415330694140464,0.0,0.1530209542749406,0.7673835125448027,0.5784647550776584,0.7710872162485066,0.1889187574671443,-0.0037037037037038,0.4,0.2776315789473685,20.29723405668646,-0.3800309844350389,0.3214992070499108,1.0,0.9,0.9,0.1,0.15,0.65,1.0,0.8,0.9
0.13,0.9937979781695276,1.1623937136609277,0.1002886374735808,1.0249022956475045,0.8798850574712644,4.5558583276192754,-0.3438092949295181,0.0001212160984458,0.4686118479221927,0.0642528735632183,1.0,3.7290147731462815,0.0,0.2219902691331454,0.8902298850574714,0.5905947819740923,0.8798850574712644,0.299635103083379,0.0103448275862069,0.1,0.0686274509803921,20.57279410962714,-0.0497163706095595,0.3472021494290074,0.5,0.85,0.9,0.1,0.0,0.3,0.5,0.8,0.9
0.09,0.9942438320642334,1.294736880620514,0.0739539804429021,0.9109239808280172,0.700836320191159,1.5489908630747566,-0.2153207634640405,0.0917345653757565,0.4655067155067155,0.0445054945054945,1.0,3.4010975334527664,0.0054518038415106,0.1536910751786741,0.6900836320191158,0.5990442054958184,0.697252090800478,0.0910394265232974,-0.0071684587813621,0.7,0.1415204678362572,19.483140398173752,-0.2858732071248875,0.3214992070499108,1.0,0.9,0.9,0.1,0.05,0.15,1.0,0.8,0.9
0.06,0.9946753620899746,1.0724142859489998,0.054888103809638,1.840385916164333,0.8445900537634409,3.82957600272723,-0.4485670965220818,0.000864855127369,0.476063829787234,0.03,1.0,2.657546175528423,0.0,0.212747134786026,0.860383064516129,0.5233898120994894,0.8445900537634409,0.3369932524166396,0.0157930107526881,0.2,0.0830409356725144,20.19219415031753,-0.8057687219831333,0.2853513427612196,0.5,0.9,0.95,0.05,0.25,0.8,0.5,0.8,0.95
0.11,1.0034456502382392,1.1583010912180831,-0.0223705795124637,0.7947738405065097,0.8009578544061302,3.75068749333399,-0.3335804577567161,0.0003730977103177,0.436414708886619,0.0543820224719101,1.0,3.3057915631610912,0.0,0.1954868687357102,0.8487547892720305,0.6553578049684835,0.7981800766283524,0.193396984303547,0.050574712643678,0.2,0.1794117647058823,21.199601676889,-1.0756739305647425,0.3501988980135451,0.5,0.85,0.9,0.1,0.05,0.3,0.5,0.8,0.9
0.09,1.000888947659268,1.0970148836711895,0.0061996222968477,1.043280191495814,0.855794504181601,3.8500484497596736,-0.3571279260313089,0.0003312963796216,0.4343711843711844,0.0445054945054945,1.0,3.0511838457458578,0.0,0.1911805937792308,0.8777777777777778,0.4574712643678161,0.855794504181601,0.4203065134099616,0.0219832735961768,0.1,0.0580409356725146,20.25686097534787,-0.4927024982925796,0.3608588768821253,0.5,0.9,0.95,0.05,0.0,0.25,0.5,0.8,0.95
0.09,0.9987616536590468,1.0300747059249724,0.0329091053020871,0.7959470426934278,0.760931899641577,1.849507465803658,-0.2372232954546217,0.0539535877080893,0.4255189255189255,0.0445054945054945,1.0,3.4254055661906593,0.0054514106684023,0.1566956552742179,0.7792114695340501,0.2552568697729988,0.760931899641577,0.5239545997610513,0.018279569892473,0.1,0.2843567251461987,19.718380380215333,-0.4065627093808874,0.3308583700705382,1.0,0.9,1.0,0.0,0.05,0.4,1.0,0.8,1.0
0.14,0.9932303608630776,1.2258070643679917,0.0953317997025831,1.186649042836722,0.8554187192118227,3.174936631324424,-0.2748325904404156,0.0077577780149696,0.4563953488372093,0.07,1.0,4.000002337353923,0.0,0.1839292658063997,0.8648604269293925,0.4366972663969326,0.8530377668308703,0.4281631605324598,0.0118226600985221,0.1,0.0913398692810458,21.644820603529237,-0.7198124621482336,0.3500140701823969,0.5,0.9,0.9,0.1,0.05,0.65,0.5,0.8,0.9
0.11,0.9909823180192364,1.22709281213992,0.1128534122802782,1.053294648115266,0.8613665389527458,4.181779640382875,-0.3440273951095344,0.0001053659428372,0.4412665985699693,0.0543820224719101,1.0,3.7847699355834377,0.0,0.2008926454885077,0.8679438058748404,0.4052782044717529,0.8585887611749681,0.4626656014030875,0.0093550446998723,0.1,0.1183006535947711,20.095073181192213,-0.6176147032479928,0.2859552312100065,0.5,0.85,0.95,0.05,0.05,0.45,0.5,0.8,0.95
0.11,0.999982076370246,1.0619473335423468,0.0105237851947007,0.842616344106306,0.8390166028097062,3.62732237396708,-0.330680576160143,0.0002051176693216,0.4522471910112359,0.0543820224719101,1.0,3.586943287862148,0.0,0.1882782526281404,0.8345785440613026,0.6155304708732128,0.8390166028097062,0.2190480731880898,-0.0044380587484036,0.4,0.0328431372549017,20.178719999973975,-0.4123571281396643,0.3605495687732355,0.5,0.9,0.9,0.1,0.15,0.6,0.5,0.8,0.9
0.1,0.997347031852602,1.1363648113833076,0.0440300863988032,0.5967960929022866,0.8361111111111111,2.5711481119224384,-0.2793076402713682,0.0078138526218893,0.3833333333333333,0.05,1.0,3.4182011866563373,0.0,0.1767289085189476,0.8787037037037037,0.6305061301701087,0.8361111111111111,0.2481975735335949,0.0425925925925925,0.7,0.1666666666666666,20.35367838498025,-0.5265043793265405,0.355874120934971,0.5,0.8,0.9,0.1,0.05,0.85,0.5,1.0,0.9
0.06,0.9968365606012868,1.0522648149983616,0.0389337164307981,1.0146680897719578,0.925739247311828,1.9621592982059104,-0.2966475082534238,0.0231155529164367,0.5097517730496455,0.03,1.0,2.315325897043554,0.0,0.210775766162346,0.936491935483871,0.4402538314176245,0.9311155913978496,0.4962381040662464,0.0053763440860215,0.1,0.1457602339181285,20.91847262911421,-0.8845526854504357,0.3196171013576067,1.0,0.9,0.9,0.1,0.05,0.85,1.0,0.8,0.9
0.09,0.9955625403891888,1.1338590015442,0.0641631966406786,0.7945508959013963,0.8195937873357227,1.8880906889016784,-0.2348254656127327,0.0310745431674655,0.4981684981684982,0.0445054945054945,1.0,3.232154120950592,0.0,0.1650980225690618,0.8342891278375149,0.5485065710872162,0.8158900836320191,0.2857825567502986,0.0183990442054957,0.2,0.0678362573099417,21.629084226038227,-0.4585969980238418,0.3505162158555575,0.5,0.85,0.95,0.05,0.1,0.85,0.5,0.8,0.95
0.09,0.9927955790477488,1.1102357008402892,0.085845277715797,1.430770366591938,0.9313022700119474,3.5441870692104778,-0.3530759811408409,0.0004775078868287,0.4618437118437118,0.0445054945054945,1.0,3.0825336217341697,0.0,0.1985398833673492,0.9348864994026284,0.6827476958525346,0.9313022700119474,0.2521388035500937,0.0035842293906809,0.1,0.0646198830409358,21.043737031108407,-0.2954758880249137,0.3036255322569677,0.5,0.9,0.9,0.1,0.15,0.65,0.5,0.8,0.9
0.1,0.9960987939875098,1.144796596384201,0.0570623131344659,1.1261130000185433,0.6592592592592593,2.987666083968784,-0.3121224334594913,0.0035820828990605,0.4111111111111111,0.05,1.0,3.183747582846599,0.0,0.1528290321068637,0.6981481481481482,0.0,0.6592592592592593,0.0,0.0388888888888888,0.0,0.1944444444444445,20.343099776936455,-0.5735029040692234,0.3773118468524671,0.5,0.9,0.9,0.1,0.0,0.3,0.5,0.8,0.9
0.11,0.998506398895304,1.1320760414741209,0.0362092300589169,1.079946139072697,0.7956896551724139,3.0180565189833453,-0.3083123721883407,0.0027299524384562,0.4496935648621042,0.0543820224719101,1.0,3.2370883374001496,0.0,0.1685195520208625,0.881992337164751,0.4005376344086022,0.7956896551724139,0.4814547027561488,0.0863026819923371,0.1,0.2176470588235294,19.57663332902509,-0.2790663089266587,0.3119010114745237,0.5,0.85,0.9,0.1,0.1,0.6,0.5,1.0,0.9
0.08,0.9966815956590324,1.205238557818542,0.035535096331572,1.0499912321664528,0.8275985663082438,2.8315079670902334,-0.3246791289396073,0.0064207962938891,0.4592391304347826,0.04,1.0,2.9950293369983405,0.0,0.2070481995361458,0.8401433691756273,0.6045138888888889,0.8222222222222223,0.2356294802867383,0.0179211469534049,0.1,0.0959064327485379,19.113952977527113,-0.4612229554075568,0.2984587882726994,0.5,0.85,0.9,0.1,0.1,0.85,0.5,0.8,0.9
0.13,0.991036374048581,1.1999999989743606,0.1227482644790708,1.1347349898662606,0.8867816091954023,4.343872411962864,-0.3472768693209447,3.865786498020197e-05,0.5267462422634837,0.0642528735632183,1.0,3.3242642489767253,0.0067078422863514,0.2368795386447785,0.8965517241379309,0.3006956583152356,0.8867816091954023,0.5958560658226952,0.0097701149425286,0.1,0.0274509803921569,20.23947182983238,-0.1982225640820347,0.2432082407530671,0.5,0.9,0.95,0.05,0.05,0.4,0.5,0.8,0.95
0.13,0.991385705272552,1.2850681293381625,0.1127362424623519,0.9114814524048472,0.8666666666666667,4.408369225239114,-0.3297564105253093,0.0002334360617731,0.3983200707338638,0.0642528735632183,1.0,3.6369665212368103,0.0201389359849837,0.1893909666466785,0.8718390804597701,0.5965020576131687,0.8666666666666667,0.2753370228466014,0.0051724137931034,0.1,0.1735294117647058,20.47045452219024,-0.6372486568569911,0.327456073711711,0.5,0.9,0.9,0.1,0.15,0.85,0.5,0.8,0.9
0.11,0.9943850722022296,1.1844672918560664,0.0855945816953247,1.3167795326223368,0.958588761174968,3.867577736523807,-0.3429999707187091,0.0003084605071239,0.526046986721144,0.0543820224719101,1.0,3.641968736343137,0.0183010659897776,0.254029027845248,0.9613665389527458,0.6032428742106162,0.958588761174968,0.3581236647421296,0.0027777777777777,0.1,0.0026143790849675,18.680645823750325,-0.1938857168345804,0.2697733292097824,0.5,0.9,0.95,0.0,0.1,0.4,0.5,0.8,1.0
0.05,0.9995332488697816,1.0533805142943842,0.0087381382177091,1.029714384344702,0.768481182795699,2.1923653449058436,-0.3442977101178957,0.0044139789942443,0.531578947368421,0.0247368421052631,1.0,2.4432031202312565,0.0039751795076066,0.223302519047987,0.8209005376344086,0.6770833333333334,0.768481182795699,0.1438172043010752,0.0524193548387096,0.4,0.0684210526315791,21.306988144336547,-1.029105184661157,0.3813189579291228,1.0,0.9,0.9,0.1,0.05,0.6,1.0,0.8,0.9
0.1,0.9894598325586172,1.1201707668058465,0.0964562531456362,0.8849613727531943,0.7453703703703702,3.3913964647727672,-0.3428497495617054,0.0014583926825518,0.375,0.0488888888888888,1.0,3.2856306287576067,0.0115643533615506,0.1772856113430886,0.7351851851851853,0.0,0.7453703703703702,0.0,-0.0101851851851849,0.0,0.0888888888888888,18.3806068865912,-0.6680972806061685,0.3263044008033975,0.5,0.85,0.9,0.1,0.0,0.3,0.5,1.0,0.9
0.1,0.9951846013274216,1.1686749231141984,0.048656245044329,1.2554510952478874,0.762037037037037,2.810746337009086,-0.291339286576119,0.0041467808869225,0.4,0.05,1.0,3.3492416501823845,0.0,0.1522706186242759,0.812962962962963,0.2324074074074074,0.762962962962963,0.5805555555555556,0.05,0.1,0.1333333333333333,21.369648745685275,-0.8841418225063351,0.355874120934971,0.5,0.9,0.9,0.1,0.15,0.85,0.5,0.8,0.9
0.16,0.9996306212937168,1.1683173106460878,0.044722242490017,1.1833345698550035,0.7515873015873016,4.19196484855772,-0.307106740167236,0.000232158782904,0.3772321428571428,0.078095238095238,1.0,4.0598010795169355,0.0,0.1658030621628471,0.7706349206349207,0.2955205885313412,0.7444444444444445,0.4751143321035794,0.0261904761904762,0.1,0.1316789215686274,20.85437064234442,-0.3814474762181015,0.3762788664378237,0.5,0.85,0.9,0.1,0.05,0.4,0.5,0.8,0.9
0.1,0.9923796712113904,1.1120004604929403,0.0957508703458824,0.5829256302829368,0.8314814814814815,3.331407716827775,-0.3084273404739248,0.0010791106728651,0.436111111111111,0.05,1.0,3.5164845901124258,0.0,0.183749390266481,0.8277777777777778,0.5937852758208709,0.8314814814814815,0.2339925019569069,-0.0037037037037036,0.1,0.0916666666666664,19.316571941213457,-0.2594774094158953,0.2591131035603004,0.5,0.9,1.0,0.0,0.05,0.2,0.5,0.8,1.0
0.12,0.9926450140769368,1.1574813013304366,0.1025048758985291,0.93274605251043,0.8569923371647509,3.5689634896621194,-0.3213818194209187,0.0007718052788713,0.418560606060606,0.0586363636363636,1.0,3.7637379889043734,0.0064079642491792,0.1980182588141804,0.8596743295019159,0.3636116849409397,0.8542145593869733,0.4960626445609762,0.0054597701149425,0.1,0.1604575163398693,20.426425220542505,-0.4203103607067437,0.3439414160374818,1.0,0.9,0.9,0.1,0.1,0.7,1.0,0.8,0.9
0.17,0.9897064737495912,1.4678909159752982,0.1145252657933328,1.0115724829469082,0.8557907113462669,4.576391408725803,-0.3210183361525224,0.0004966953537472,0.4312544294826363,0.0839759036144578,1.0,3.8920241482314193,0.0,0.1899442319716151,0.8824514991181657,0.4566691928760895,0.85380658436214,0.4257823062420762,0.0286449147560257,0.1,0.1680453431372549,20.197255772015765,-0.8244732002594723,0.3897921199933103,0.5,0.95,0.95,0.0,0.05,0.3,0.5,0.8,0.95
0.09,0.9953678552585856,1.243698373024963,0.0635643697990672,1.0707857758140458,0.8422939068100358,2.8069255284481605,-0.3070226650047756,0.0028707448456053,0.5003052503052503,0.0445054945054945,1.0,3.3723178822260707,0.0,0.218663135673499,0.8827956989247312,0.4687779374201788,0.8387096774193549,0.4140177615045524,0.0440860215053763,0.1,0.052046783625731,20.77794876413777,-0.4699357746216788,0.3124273325234697,1.0,0.9,1.0,0.0,0.0,0.4,1.0,0.8,1.0
0.09,0.9941705307178512,1.190001059375808,0.0675583133945821,1.190287381452601,0.751015531660693,2.3972123777024517,-0.2800210311178882,0.0064853876079892,0.3782051282051282,0.0445054945054945,1.0,3.1202152978788287,0.0218221729355742,0.1462936977181756,0.7438470728793308,0.1546994671994671,0.751015531660693,0.5891476056798637,-0.0071684587813621,0.1,0.0982456140350876,17.594079214370556,0.204978024548319,0.2786900817869301,0.5,0.8,0.9,0.1,0.15,0.7,0.5,0.8,0.9
0.07,0.9962891335432048,1.0814822389522034,0.0527030013274646,0.739464006378166,0.6953405017921147,2.3266590318172775,-0.3212202080067658,0.0059710710930791,0.4493087557603686,0.0338709677419354,1.0,2.7464972518379973,0.0,0.1823472762250827,0.6881720430107526,0.6864695340501793,0.6953405017921147,0.0017025089605733,-0.007168458781362,1.0,0.0473684210526316,20.09474072211165,-0.5676987328487271,0.3184291442125138,0.5,0.9,0.95,0.05,0.1,0.85,0.5,0.8,0.95
0.08,0.9973921125258498,1.0625004273438658,0.050254962986338,0.9162274692705143,0.8739545997610514,2.5876184640120337,-0.3170564399329787,0.0050840596473371,0.4266304347826087,0.0391304347826087,1.0,3.0938943487646724,0.0,0.1882066191420336,0.855794504181601,0.2543608124253285,0.8667861409796894,0.6014336917562724,-0.0109916367980884,0.1,0.1764619883040936,20.406669546693788,-0.3570626601747793,0.3650054191059058,0.5,0.9,0.9,0.1,0.1,0.6,0.5,0.8,0.9
0.16,0.9871446866010516,1.0664336401120096,0.139275078714855,0.3304766817109259,0.5285714285714286,3.208319763953389,-0.2618561745655883,0.0014118116092768,0.3958333333333333,0.08,1.0,3.9878684066666463,0.0,0.1570341309196004,0.5361111111111111,0.4190552503052503,0.530952380952381,0.1170558608058607,0.0051587301587301,0.4,0.24375,20.6971377637063,-0.6753822669247964,0.4375185129539238,0.5,0.85,0.95,0.05,0.1,0.65,0.5,1.0,0.95
0.12,0.992789129999224,1.2623766258164486,0.0854087943788752,1.4620372563544286,0.9238505747126436,4.899286624050833,-0.3878266667753404,2.1535307051528575e-05,0.4460227272727272,0.0586363636363636,1.0,3.6537879682564425,0.0,0.2220872290452257,0.9380268199233716,0.6092891278375149,0.9238505747126436,0.3287376920858568,0.014176245210728,0.1,0.0700980392156862,20.63259624034589,-0.5181836134632061,0.3754987912070968,0.5,0.9,0.9,0.1,0.05,0.6,0.5,0.8,0.9
0.12,0.9927099824023023,1.1465507259517738,0.0984784403024069,1.1510458600385785,0.8118773946360154,3.045763877418035,-0.2711184025240345,0.0010073795141221,0.4583333333333333,0.06,1.0,3.1352680391743672,0.0,0.1633129523616079,0.8031609195402298,0.611111111111111,0.8118773946360154,0.1920498084291187,-0.0087164750957855,0.3758250874886983,0.0366013071895423,20.095160485994672,-0.7145565300065599,0.3061491464503254,1.0,0.9,1.0,0.0,0.05,0.6,1.0,0.8,1.0
0.1,1.0016979666490402,1.1596959727348777,-0.0053775151796451,0.9037628230409356,0.8712962962962963,4.4265764537070185,-0.3651756750677339,0.0001717481671285,0.4861111111111111,0.05,1.0,3.4232673367992,0.0,0.2037772159568322,0.8925925925925925,0.4933959543525728,0.8712962962962963,0.3991966382400196,0.0212962962962961,0.1,0.061111111111111,21.166329426644328,-0.6046333930422296,0.3263044008033975,0.5,0.9,1.0,0.0,0.05,0.9,0.5,0.8,1.0
0.15,0.994129506641366,1.2413793103448274,-0.1258250705053814,0.138782121686468,0.4370279146141215,0.2468849686349606,-0.0065388269845383,0.5176603949030283,0.2186274509803921,0.0741176470588235,1.0,3.73974156097911,0.0512887912253506,0.0098518981401276,0.4393267651888342,0.254074074074074,0.4370279146141215,0.1852526911147601,0.0022988505747126,0.1,0.3960784313725489,16.950078572193004,10.209058803080648,0.1755897680851504,0.5,0.9,0.75,0.1,0.1,0.45,0.5,0.8,0.8
0.09,1.0015476698969887,1.0,-0.0331262074495927,0.672945054282197,0.6606929510155317,1.1321368740709497,-0.0250896924905735,0.0871240167236541,0.3891941391941392,0.0375824175824175,1.0,3.2689619869803535,0.0054949248423782,0.0248537463424616,0.6422939068100358,0.4776689708141321,0.6572281959378734,0.1646249359959037,-0.0149342891278375,0.7,0.1201754385964912,17.547829581121132,1.8505370204293616,0.2144465818624542,0.5,0.9,0.9,0.1,0.05,0.9,0.5,1.0,0.9
0.1,1.0078687426753723,1.12,-0.1870362476067355,0.407939346211062,0.5944444444444444,0.6071048573067649,0.0154185022026431,0.2982766304853118,0.2083333333333333,0.0466666666666666,1.0,3.103788129126244,0.0057980221913137,0.0097908237397316,0.612037037037037,0.5712797619047619,0.6129629629629629,0.0407572751322751,-0.0009259259259258,0.2,0.5138888888888888,15.011688139417696,13.521799988295951,0.1216768937802477,0.5,0.85,0.85,0.1,0.1,0.85,0.5,1.0,0.85
0.12,1.0009306675803569,1.379310344827586,-0.0349938924986343,0.1575525209243699,0.5373563218390806,0.1600385812357477,0.0050393805900413,0.7745129514198283,0.2386363636363636,0.0559090909090909,1.0,3.742342857691499,0.0,0.0146196399117801,0.557088122605364,0.387712096332786,0.5373563218390806,0.1693760262725779,0.0197318007662834,0.2,0.4300653594771242,20.061980706227015,1.1775063652862698,0.2416618127886581,0.5,0.85,0.1,0.8,0.1,0.9,0.5,1.0,0.1
0.1,1.0013057929724598,1.2307692307692306,-0.1755865828330338,0.1952260634873665,0.4231481481481481,0.2815168267809556,-0.0084679393049437,0.6333580163884204,0.2888888888888888,0.0477777777777777,1.0,3.52325677585306,0.0057905112410904,0.0119561174096333,0.4361111111111111,0.4018518518518518,0.4259259259259259,0.0342592592592592,0.0101851851851852,1.0,0.4166666666666666,15.526220055357632,15.629187536362076,0.1216768937802477,0.5,0.9,0.85,0.1,0.15,0.65,0.5,1.0,0.85
0.06,1.0060183217875107,1.0937500000000002,-0.0664514103011775,0.3233508237259271,0.7170698924731181,0.4685313081364439,0.0177929827850157,0.3916718018600165,0.3679078014184397,0.0268085106382978,1.0,2.848194004077042,0.0043905373913341,0.0271826282481272,0.7224462365591396,0.2525034831069314,0.7170698924731181,0.4699427534522082,0.0053763440860215,0.1,0.1874269005847952,18.61629464173742,1.124189590522568,0.1649213263564441,0.5,0.85,0.75,0.15,0.1,0.6,0.5,1.0,0.8
0.1,0.9976194430603996,1.2400000000000004,0.0299612817210531,0.7941126644979672,0.6305555555555555,1.781371456330162,-0.0312775330396476,0.0173615432721563,0.3027777777777778,0.0488888888888888,1.0,3.633507571938727,0.0115794850731721,0.0129935827590742,0.6259259259259259,0.7183862433862434,0.6268518518518519,-0.0924603174603174,-0.0009259259259259,0.7,0.25,19.401666120821695,0.6749905577217534,0.2169168934683439,0.5,0.95,0.9,0.1,0.05,0.3,0.5,1.0,0.9
0.08,1.0001876084611416,1.0,-0.0386695384672621,0.8382280045647628,0.7200716845878136,2.1164913058434487,-0.043633882398008,0.0093543710636421,0.2717391304347826,0.0391304347826087,1.0,3.039394413706131,0.0153575650621292,0.0160131751539496,0.6768219832735961,0.2973876698014628,0.6966547192353644,0.3794343134721332,-0.0198327359617682,0.1,0.4095029239766083,20.215407638740707,1.9814990685934104,0.2052222301138984,0.5,0.9,0.9,0.1,0.05,0.6,0.5,1.0,0.9
0.14,1.0122729828972177,1.4166666666666663,-0.2744983788967294,0.2759274954183635,0.5780788177339902,0.2076771745515424,-0.0141159424532029,0.6123024986225283,0.2375415282392026,0.0683720930232558,1.0,4.053772770660003,0.0421986096886312,0.0198773283910705,0.5338259441707718,0.3228210425095854,0.5734811165845649,0.2110049016611864,-0.0396551724137931,0.1,0.430718954248366,16.209735820569794,12.380417248341384,0.1822008167137735,0.5,0.95,0.85,0.1,0.05,0.4,0.5,1.0,0.85
0.08,0.995939228453406,1.1764705882352935,0.026827229863463,0.1011733444816088,0.46415770609319,0.1379244520259565,0.0046087914192683,0.7846265244160737,0.248641304347826,0.0391304347826087,1.0,3.308477061087705,0.0616976611143203,0.0106788106207411,0.4998805256869773,0.3012771392081736,0.471326164874552,0.1986033864788036,0.0285543608124253,0.4,0.4090643274853801,16.68500782566741,1.329977130184803,0.1652952453412832,0.5,0.85,0.7,0.3,0.05,0.6,0.5,0.8,0.7
0.1,1.0065710872162483,1.090909090909091,-0.1670643953304118,0.4650193846579336,0.6722222222222222,1.0588361926657153,-0.0252080274106705,0.0857648578006224,0.2805555555555555,0.0488888888888888,1.0,3.4951396700026978,0.0289823078638391,0.0218409221572964,0.6972222222222223,0.3637992831541218,0.6611111111111111,0.3334229390681004,0.0361111111111112,0.1,0.4277777777777778,17.422490088175138,11.25674891622315,0.1917036060486344,0.5,0.85,0.9,0.1,0.1,0.6,0.5,1.0,0.9
0.05,1.004619537008201,1.1034482758620687,-0.0731960616589677,0.0922460761132551,0.4375,0.0623446868675823,0.0029677718525387,0.7158871836590776,0.3631578947368421,0.0247368421052631,1.0,2.564400372547168,0.007960044065302,0.0166460288819772,0.5845094086021505,0.2967069892473118,0.4637096774193548,0.2878024193548387,0.1207997311827956,0.1,0.3,19.087986642909783,5.940544084577079,0.1708169989237653,1.0,0.7,0.8,0.6,0.15,0.9,0.5,1.0,0.2
0.11,1.0013218770654333,1.333333333333333,-0.0397424553076562,0.1567549107715953,0.2314495530012771,0.1904246629085195,0.0055864790557658,0.8212601893487684,0.2048008171603677,0.0519101123595505,1.0,3.5906749868386596,0.0061111291050177,0.0037128544090473,0.2350574712643678,0.5951056729699665,0.2230204342273307,-0.3600482017055987,0.012037037037037,0.1,0.6892156862745097,18.278479492526568,0.8899003570059638,0.2777605047880729,0.5,0.9,0.1,0.9,0.05,0.95,0.5,1.0,0.1
0.13,1.0016670163903847,1.4,-0.0590780660805929,0.117584789828241,0.2867816091954023,0.1646888664317472,-0.0051648184718214,0.7120454586171352,0.2009283819628647,0.0582758620689655,1.0,3.333786317464707,0.0202621976538914,0.0083152245758108,0.3264367816091954,0.5753086419753086,0.3189655172413793,-0.2488718603661132,0.0074712643678161,0.1,0.5062091503267974,17.537699638837772,1.7476329718686223,0.214679294978628,0.5,0.9,0.2,0.8,0.0,0.95,0.5,1.0,0.2
0.2,1.0024123920771963,1.1785714285714286,-0.3170939712637137,0.3768843937427171,0.5558947225613893,0.9229086633403368,0.0167676211453744,0.1944339170615565,0.271875,0.0975,1.0,4.488159023934287,0.0262135230485741,0.0090352827306651,0.5413557635779859,0.5147650703206259,0.5523673857007191,0.0265906932573599,-0.0110116221227332,1.0,0.321875,19.711456610348453,11.26354529302022,0.2533454413184208,0.5,0.9,0.85,0.15,0.05,0.85,0.5,1.0,0.85
0.06,0.9993385514276264,1.1764705882352944,-0.013407533877465,0.4097136162835168,0.4470766129032258,0.500912522379297,-0.0177929827850158,0.4459577111813491,0.3466312056737589,0.0293617021276595,1.0,2.8154483477994425,0.0087657867307333,0.0144393168900376,0.4469086021505377,0.0,0.4363239247311828,0.0,0.0105846774193548,0.0,0.3646198830409358,19.527020528516168,0.7680502955737416,0.2479665998322137,0.5,0.9,0.85,0.15,0.15,0.85,0.5,1.0,0.85
0.08,1.0056692650798282,1.0416666666666663,-0.1397961024590963,0.3704610951054852,0.3904420549581839,0.5424282940836129,-0.0170465428078912,0.3092973055805724,0.2581521739130435,0.0365217391304347,1.0,3.212209099375257,0.0051268576933668,0.0187994626096376,0.3839904420549582,0.5563125695216908,0.3922341696535245,-0.1723221274667326,-0.0082437275985662,0.2,0.4818713450292397,18.3970453438632,9.542375191666212,0.1652952453412832,0.5,0.85,0.8,0.2,0.2,0.85,0.5,1.0,0.8
0.12,1.0037878787878791,1.333333333333333,-0.1103128218734945,0.5269576351582749,0.7655172413793103,1.486772942092976,-0.0296689360566012,0.0284467477770241,0.3285984848484848,0.0572727272727272,1.0,3.9295624730119263,0.0064204657934395,0.0206613549883241,0.7738505747126437,0.6082675636068294,0.7625478927203065,0.1655830111058143,0.0113026819923371,0.1,0.2052287581699345,18.032643459106232,3.930868585141514,0.1639844266298288,0.5,0.85,0.8,0.2,0.1,0.6,0.5,1.0,0.85
0.08,1.0070106389520943,1.108108108108108,-0.1401347410368911,0.4314439780527191,0.5860215053763441,0.590224051922904,0.0188661176019919,0.3944862188940531,0.2717391304347826,0.0365217391304347,1.0,3.2468366631530947,0.0051252003031484,0.0160639415414311,0.5643966547192354,0.3045107990359659,0.589605734767025,0.2598858556832695,-0.0252090800477896,0.1,0.3141812865497075,16.179923570631487,9.455662520025028,0.1991660705493731,0.5,0.85,0.5,0.6,0.05,0.85,0.5,1.0,0.5
0.13,1.0000765890760408,1.4166666666666663,-0.1417774849632513,0.2603474830966532,0.6304597701149425,0.3475715820426663,-0.0086684038529701,0.6408593006530621,0.2281167108753315,0.0642528735632183,1.0,3.7625304217723903,0.0268964837874155,0.0110560933914681,0.5954022988505746,0.6904761904761906,0.6390804597701149,-0.0950738916256159,-0.0436781609195402,0.7,0.3447712418300656,17.869639244398165,6.272952354029053,0.1304979575360536,0.5,0.85,0.3,0.7,0.0,0.9,0.5,1.0,0.3
0.11,0.996278423761107,1.2799999999999998,-0.001177370667697,0.2277727183325875,0.5707535121328225,0.5568416116373108,-0.0135308437540778,0.203052528554703,0.3478038815117467,0.0531460674157303,1.0,3.3895592414858378,0.0183355481636379,0.0221003099030013,0.5727969348659003,0.233137054104796,0.5736270753512134,0.3396598807611043,-0.000830140485313,0.1,0.1138888888888889,19.06797735279296,2.27405609791541,0.2397047038136498,0.5,0.95,0.9,0.1,0.05,0.3,0.5,1.0,0.9
0.04,0.999623827226058,1.0,-0.0229072122039413,0.1317376169843181,0.3958333333333333,0.1026041656281571,-0.0055754405286343,0.7315103960303664,0.3333333333333333,0.02,1.0,1.755681481287276,0.0,0.0116972464951796,0.5,0.5,0.5,0.0,0.0,1.0,0.0,0.0,4.911303272199733,0.1090689161198549,0.5,0.9,0.1,0.8,0.05,0.95,0.5,1.0,0.1
0.13,1.004845380656952,1.1666666666666667,-0.0779091291445714,0.1253765622011798,0.5683908045977012,0.3962706324538646,0.0100881446772377,0.3779232391199887,0.2365163572060123,0.0642528735632183,1.0,3.957265922208958,0.0268851784545127,0.0129131488429729,0.5344827586206896,0.594726062467998,0.5655172413793103,-0.0602433038473083,-0.0310344827586206,1.0,0.3163398692810457,19.744410553562457,0.9419492481550144,0.2744024504945497,0.5,0.9,0.95,0.05,0.1,0.6,0.5,1.0,0.95
0.12,1.0035185983053283,1.25,-0.0497427386296982,0.0369779218520901,0.3704980842911877,0.0489078864524932,0.0017103857962888,0.8735447031188102,0.2386363636363636,0.0586363636363636,1.0,3.73612453136595,0.0385769431065877,0.0047985626555499,0.4207854406130268,0.4292882744495648,0.3561302681992337,-0.0085028338365379,0.0646551724137931,1.0,0.5245098039215685,19.01107764952746,0.8851408195531567,0.2566232148015288,0.5,0.9,0.1,0.9,0.05,0.9,0.5,1.0,0.1
0.12,1.001169248757673,1.0357142857142856,-0.0755520863824448,0.1755670827614264,0.3706896551724138,0.2545802680538037,-0.0079512081164063,0.4448289067769777,0.2367424242424242,0.0572727272727272,1.0,3.186333519989173,0.0451220294824452,0.014926878935536,0.3733716475095785,0.6685515873015873,0.3735632183908046,-0.2951799397920087,-0.000191570881226,0.2,0.54640522875817,18.57598165115824,2.5108568144525316,0.1526654747702829,0.5,0.95,0.1,0.8,0.05,0.95,0.5,1.0,0.1
0.07,1.006060411723209,1.3333333333333337,-0.1536272268190188,0.4513966780336317,0.7544802867383513,1.0644412810733035,-0.0285159395575766,0.1122948157773714,0.3498463901689708,0.0338709677419354,1.0,3.1379806210773777,0.0381701421320535,0.0212582463518057,0.7795698924731184,0.4474747474747474,0.7580645161290324,0.3320951449983709,0.021505376344086,0.1,0.3271929824561405,16.14361459624121,17.58707949377161,0.1734587343444355,0.5,0.95,0.95,0.0,0.05,0.4,0.5,1.0,0.95
0.08,1.004289735913133,1.1785714285714282,-0.0573328539308195,0.0137048234277044,0.652568697729988,0.136131609551558,-0.005530549703122,0.731467119772588,0.2894021739130435,0.037391304347826,1.0,2.9794808443675085,0.0,0.0282876954802165,0.6691756272401435,0.5786927604746014,0.6562724014336917,0.090482866765542,0.0129032258064517,0.5065551690490403,0.2308479532163743,17.831144296556833,0.6094361869361715,0.2740890886017931,0.5,0.85,0.1,0.8,0.0,0.4,0.5,1.0,0.1
0.05,1.0023712562503222,1.230769230769231,-0.0612355656234082,0.7519107555098252,0.6575940860215054,1.1719529876532109,-0.0347322049617435,0.0470655068375257,0.531578947368421,0.0242105263157894,1.0,2.113828627444212,0.0239018672554022,0.0297925198419583,0.683635752688172,0.0,0.6888440860215054,0.0,-0.0052083333333333,0.0,0.1789473684210526,16.22832294352236,6.363824410851581,0.1202386630645188,0.5,0.9,0.8,0.2,0.05,0.4,0.5,1.0,0.8
0.13,1.0056762442656322,1.44,-0.1741036976358552,0.1988922830614886,0.5471264367816092,0.2643236725838158,-0.006818261489384,0.4537810461128294,0.251105216622458,0.0597701149425287,1.0,3.474810703742523,0.0134743608734561,0.0088592239292687,0.5,0.725287356321839,0.5373563218390806,-0.225287356321839,-0.0373563218390805,0.1,0.3689542483660131,15.589505669352596,7.092786044477739,0.1304979575360536,0.5,0.9,0.8,0.2,0.0,0.2,0.5,1.0,0.8
0.12,0.9958549950821975,1.0,-0.0057755283433068,0.2771428457593521,0.6977011494252873,0.6441496264439228,-0.0159858496862901,0.2067148662669419,0.2471590909090909,0.06,1.0,2.537969814631988,0.0,0.0189261116215187,0.6748084291187739,0.6028922466422467,0.6949233716475097,0.0719161824765272,-0.0201149425287358,0.7,0.3862745098039215,19.40405501451882,1.7189551640655027,0.2416618127886581,0.5,0.95,0.95,0.05,0.05,0.3,0.5,1.0,0.95
0.05,1.0005071565423194,1.1249999999999991,-0.0641869477694898,0.1979795155491094,0.6483534946236559,0.2637871512249408,-0.0110827730118247,0.4197585220789337,0.3552631578947368,0.0247368421052631,1.0,1.8171243002305284,0.0079601878137088,0.0169669001843825,0.6325604838709676,0.0,0.6587701612903226,0.0,-0.0262096774193549,0.0,0.2789473684210526,16.317051590415193,11.028238452913794,0.1559849474624007,0.5,0.85,0.2,0.8,0.05,0.95,0.5,1.0,0.2
0.09,0.9994624940277111,1.1666666666666663,-0.0463896293009593,0.5696433663993076,0.6121863799283154,0.9889419677818656,-0.0248153706303486,0.0755133189906822,0.3281440781440781,0.0425274725274725,1.0,3.49478107339998,0.016401910212414,0.0192583618904709,0.5862604540023895,0.4316890166028097,0.6084826762246117,0.1545714373995797,-0.0222222222222222,0.2,0.2216374269005846,17.66273169106809,3.9955793102203314,0.1359607073791276,0.5,0.85,0.9,0.1,0.0,0.2,0.5,1.0,0.9
0.17,1.0042408020442148,1.1666666666666663,-0.1467177146119507,0.2958668194868443,0.5110817166372722,0.6677381741098626,-0.0137809595469205,0.1816784343605719,0.2381289865343728,0.0819277108433735,1.0,4.28440190684422,0.0316065220146186,0.0144731285372605,0.5257642563198118,0.48396531452087,0.5150499706055262,0.0417989417989417,0.0107142857142856,0.4,0.3550245098039215,17.341017014114204,4.110028277464445,0.1549635084114922,0.5,0.85,0.75,0.25,0.1,0.65,0.5,1.0,0.75
0.09,1.0039519380463853,1.0,-0.1059577935492246,0.9355330462195302,0.734647550776583,2.2297530720722154,-0.0408363051534857,0.0092585438079278,0.3363858363858364,0.0435164835164835,1.0,3.256469201011573,0.0109248705951222,0.018676920110553,0.730704898446834,0.3814238042269188,0.734647550776583,0.3492810942199151,-0.0039426523297489,0.1,0.0,18.556787945221537,6.5726194257285915,0.1670946308460906,0.5,0.85,0.9,0.1,0.15,0.75,0.5,1.0,0.9
0.11,1.0042239177254284,1.3333333333333337,-0.0755887145908165,0.4337796284975205,0.6303320561941251,0.9474427755841188,-0.0212727182731637,0.1442870512406626,0.2729826353421859,0.0531460674157303,1.0,3.1572714402022095,0.0061078448906577,0.037681471067798,0.6988505747126436,0.5465979064039409,0.62014687100894,0.1522526683087026,0.0787037037037036,0.4,0.5300653594771242,18.878828173478983,1.249633429920313,0.212251735187334,0.5,0.95,0.9,0.1,0.1,0.75,0.5,1.0,0.9
0.04,1.0011025128973208,1.0,-0.0329364934116693,0.1603259516634492,0.7447916666666666,0.300682847630315,-0.0142254038179148,0.5037415554317193,0.40625,0.0191666666666666,1.0,2.422966594421429,0.0070830554026434,0.0215848542234162,0.5,0.5,0.5,0.0,0.0,1.0,0.0,0.0,3.6066689024190826,0.1168814146415231,0.5,0.85,0.2,0.8,0.05,0.95,0.5,0.8,0.2
0.07,1.0017485892064355,1.0,-0.0432869708781255,0.0032056190950233,0.1218637992831541,0.0002156998549266,1.0150429363170456e-05,0.7765870821175518,0.2864823348694316,0.0338709677419354,1.0,2.7365859368362715,0.0238299025740706,0.0107518477430473,0.1057347670250896,0.6815205627705628,0.1326164874551971,-0.5757857957454733,-0.0268817204301075,0.1,0.2923976608187134,17.99602835365616,1.5544875020878184,0.2399034014625445,0.5,0.95,0.95,0.0,0.05,0.4,0.5,1.0,0.95
0.1,1.0026693360026693,1.2857142857142858,-0.0591021724051035,0.7780185007781156,0.611111111111111,1.967647027061172,-0.0387420460107685,0.0092425941010186,0.3416666666666666,0.0455555555555555,1.0,3.324686483682343,0.0,0.0177579419237385,0.637962962962963,0.5310550817781073,0.6194444444444445,0.1069078811848556,0.0185185185185184,0.7,0.125,19.389421584318857,1.0948401889941834,0.2372888921325374,0.5,0.9,0.9,0.1,0.05,0.3,0.5,1.0,0.9
0.1,1.007640878701051,1.12,-0.1952036655032314,0.3031630377280039,0.4972222222222222,0.5200876717399933,-0.0147087616250611,0.2480510702542183,0.2861111111111111,0.0488888888888888,1.0,3.2772027092966156,0.0405973342879207,0.0125499521108312,0.4583333333333333,0.2172438672438672,0.4851851851851851,0.241089466089466,-0.0268518518518518,0.4,0.5111111111111111,17.71129405002159,12.446124385225092,0.1265313555456286,0.5,0.95,0.9,0.1,0.1,0.4,0.5,1.0,0.9
0.09,1.0002529439869592,1.12,-0.0049470065079431,0.1925145585858072,0.5483870967741935,0.2358455655473626,-0.0083856427468762,0.4921625681433555,0.2802197802197802,0.0425274725274725,1.0,3.206859318767731,0.0,0.0163931622858447,0.5554360812425329,0.7405850893997444,0.5485065710872162,-0.1851490081572115,0.0069295101553166,0.1,0.343859649122807,18.73493895718477,0.3067794431938275,0.1957929415344674,0.5,0.85,0.7,0.3,0.05,0.4,0.5,1.0,0.7
0.08,1.0050890585241732,1.083333333333333,-0.0679235908661319,0.0331441896910794,0.6305854241338112,0.0686430908782994,0.0028011875119708,0.765193777375739,0.3179347826086957,0.0391304347826087,1.0,2.9355641849603336,0.0204916419406855,0.0236903963458542,0.6305854241338112,0.0,0.6305854241338112,0.0,0.0,0.0,0.1543859649122806,20.90947777410935,0.7533730452502767,0.2114092796278876,0.5,0.9,0.85,0.15,0.0,0.3,0.5,0.8,0.85
0.12,1.007030420940927,1.3200000000000005,-0.1718381275931255,0.0024605308777206,0.4834291187739463,0.068591282082499,-0.0023945401148044,0.758288758433211,0.21875,0.0559090909090909,1.0,3.695736990961209,0.0257427121696881,0.0068902618079447,0.514367816091954,0.4579644892144892,0.4776819923371647,0.0564033268774648,0.0366858237547892,0.4,0.3980392156862745,18.07769270957937,6.809599989668355,0.1878751019588835,0.5,0.9,0.1,0.8,0.05,0.9,0.5,1.0,0.1
0.06,0.9987654458297652,1.0937499999999998,-0.0019989468093559,0.0031181289895143,0.556619623655914,0.0179928109460647,0.0009060518011684,0.9884170774325614,0.3067375886524822,0.0274468085106383,1.0,2.6538460539995676,0.0043875173268817,0.0206871560767913,0.5667002688172044,0.6203703703703703,0.556619623655914,-0.0536701015531659,0.0100806451612903,1.0,0.5967836257309942,16.969335645027286,2.1005302558221235,0.1700604135786186,1.0,0.85,0.9,0.7,0.05,0.95,0.5,1.0,0.2
0.07,1.0008397129708388,1.1666666666666667,-0.0756491145209483,0.6606886959562321,0.4874551971326165,1.3602272487300424,-0.0336080716214295,0.0722634775338795,0.3160522273425499,0.0338709677419354,1.0,3.213912141650805,0.0238277454556755,0.0253715654492322,0.4516129032258065,0.3179808841099164,0.474910394265233,0.1336320191158901,-0.0232974910394265,0.1840386271964254,0.265204678362573,14.577963491304423,7.323338861801204,0.1070123032792404,0.5,0.85,0.9,0.1,0.0,0.3,0.5,1.0,0.9
0.11,1.0050751043614958,1.0,-0.1800817090788826,0.4523173594788801,0.4041187739463601,0.6185750761914256,-0.0165974450239163,0.2318529870893146,0.2581716036772217,0.0506741573033707,1.0,3.515759548125701,0.0061166022447608,0.0157685824985204,0.3832694763729247,0.53615127919911,0.3888250319284802,-0.1528818028261853,-0.0055555555555555,0.4,0.4637254901960784,16.290313686356,10.446914538545034,0.11173320270593,0.5,0.85,0.8,0.2,0.1,0.85,0.5,1.0,0.8
0.07,1.002428026361429,1.0,-0.1106325256723259,0.0527842495932103,0.53584229390681,0.0208325452696399,0.0009642907895003,0.8871572714909863,0.3056835637480799,0.0316129032258064,1.0,2.703747784076429,0.0047689461254184,0.0156615541227869,0.557347670250896,0.4703703703703704,0.557347670250896,0.0869772998805256,0.0,0.7,0.2909356725146199,16.815377421757482,12.344942307542748,0.1155790151814792,0.5,0.9,0.9,0.1,0.1,0.65,0.5,1.0,0.9
0.11,0.9948501872659176,1.2413793103448274,0.028225711108481,0.372529113491331,0.510632183908046,0.8388136222234763,-0.0190295770655123,0.1228171529261916,0.2563840653728294,0.0543820224719101,1.0,3.237744317680885,0.0,0.0180167973870003,0.4957215836526181,0.4947163515016685,0.5087803320561941,0.0010052321509496,-0.0130587484035759,1.0,0.5509803921568628,20.025646989103613,0.6140160191264612,0.1993706573734219,0.5,0.95,0.9,0.1,0.0,0.1,0.5,0.8,0.9
0.07,0.9990620708136536,1.0,-0.0207310630173463,0.149274881271744,0.3440860215053763,0.2605021602038462,0.0090203482273966,0.4614371741043568,0.379416282642089,0.0346236559139784,1.0,3.1590044779035287,0.0095252083232893,0.0192215101248492,0.3853046594982079,0.4056787634408601,0.3888888888888889,-0.0203741039426522,-0.0035842293906809,1.0,0.2204678362573099,19.26539564118326,4.625061386145368,0.1155790151814792,0.5,0.9,0.8,0.1,0.05,0.4,0.5,1.0,0.8
0.1,1.003026372676178,1.2413793103448278,-0.0233571096733442,0.1741008090142142,0.4842592592592592,0.2919058270593465,-0.0093245227606461,0.4277674926488866,0.2527777777777777,0.0466666666666666,1.0,3.425726170550853,0.0057928716785322,0.0143234320483612,0.474074074074074,0.5822420634920635,0.5,-0.1081679894179895,-0.0259259259259259,0.7,0.3888888888888889,18.44277453881544,0.1303047704304956,0.2443921849312755,0.5,0.9,0.7,0.3,0.0,0.3,0.5,1.0,0.7
0.1,0.9979101358411702,1.0,-0.0051610080141685,0.0846938213521328,0.3259259259259259,0.1687450936770686,-0.0054821341164953,0.6374762045787259,0.2138888888888888,0.0477777777777777,1.0,3.151110109986345,0.0173881228424945,0.0081872653631711,0.3296296296296296,0.2635665142339224,0.299074074074074,0.0660631153957072,0.0305555555555556,0.7,0.8194444444444444,18.34306869531051,1.640043265193829,0.2372888921325374,0.5,0.85,0.2,0.8,0.1,0.9,0.5,1.0,0.2
0.1,1.0735523371300704,1.1418685121107328,-0.2460073826927686,0.4887630938171253,0.5935185185185184,0.9709983719020012,-0.0217572197748409,0.1026779055212138,0.2638888888888889,0.05,1.0,3.529652687332858,0.0,0.0131983234348728,0.5898148148148148,0.462981502080501,0.5953703703703704,0.1268333127343138,-0.0055555555555556,0.1,0.4555555555555555,5.978632244283581,16.090001857531497,0.0200887124825478,1.0,0.85,0.9,0.1,0.05,0.15,1.0,1.0,0.9
0.07,1.0310182885975925,1.095890410958898,-0.1261574550181845,0.2421010126649675,0.6612903225806451,0.077469699440236,-0.0032718217313925,0.8025936445176493,0.2891705069124424,0.0346236559139784,1.0,2.5079256620087382,0.0,0.0283861932421002,0.6810035842293907,0.6498316498316499,0.6702508960573477,0.0311719343977407,0.010752688172043,1.0,0.3219298245614035,17.8605743896347,5.3153109546836,0.0677674300685494,1.0,0.9,0.9,0.1,0.05,0.1,1.0,0.8,0.9
0.06,1.052897065682863,1.1438953488372157,-0.2985603510608481,0.0479811785663513,0.6790994623655914,0.2142072073238161,-0.0085918705283219,0.5042271537060115,0.2890070921985815,0.0287234042553191,1.0,2.9560178644809474,0.0131462669098942,0.0161868736653205,0.7111895161290324,0.0,0.6629704301075269,0.0,0.0482190860215054,0.0,0.3169590643274854,0.6304003313252935,84.60601241094425,0.0027403376779166,1.0,0.9,0.95,0.05,0.05,0.1,1.0,1.0,0.95
0.09,1.066694029635378,1.0792951541850109,-0.3209607976450161,0.787321704701961,0.5692951015531661,1.491566823450029,-0.0305599931150592,0.0388062377319664,0.2976190476190476,0.0445054945054945,1.0,3.2817323112110732,0.0,0.0132898515873556,0.605973715651135,0.3274742647502505,0.5655913978494623,0.2784994509008845,0.0403823178016726,0.1,0.3333333333333332,3.4617085505018927,45.07577115068917,0.0127383559472523,1.0,0.9,0.9,0.1,0.05,0.2,1.0,1.0,0.9
0.11,1.0990321640117249,1.4922656960873562,-0.2991073489104678,0.8591070701226,0.7280332056194125,2.0883302309071485,-0.0330643963767757,0.0133562641435979,0.2888151174668029,0.0543820224719101,1.0,3.544904170564698,0.0121978095452669,0.0168394770949343,0.7466475095785441,0.5381226053639846,0.7270114942528735,0.2085249042145595,0.0196360153256706,0.1,0.2339869281045752,3.032133237525255,21.395260324922344,0.0172773909160672,0.5,0.9,0.9,0.1,0.2,0.85,0.5,1.0,0.9
0.07,1.0538231758802812,1.1000000000000305,-0.1546510327117767,0.1992160990227001,0.446236559139785,0.5101675208271642,-0.0176549801389932,0.3173088340883621,0.2964669738863287,0.0346236559139784,1.0,2.4545037669087972,0.00951240332719,0.020195361191493,0.5089605734767025,0.0,0.4569892473118279,0.0,0.0519713261648746,0.0,0.3950292397660819,3.9286443238259663,10.812892683621934,0.0270329834468609,1.0,0.85,0.95,0.05,0.1,0.1,1.0,1.0,0.95
0.2,1.1030941237649508,1.3617424242424438,-0.8411244301779055,0.8674360522746025,0.694229638674083,2.9224633769431407,-0.0313325991189427,0.0013642247172005,0.303125,0.0975,1.0,4.396891062831854,0.0087152993945714,0.0252135530231567,0.7262017817573373,0.3569444444444444,0.6942974720752498,0.3692573373128928,0.0319043096820874,0.1,0.31875,4.714564940954619,52.32278254274081,0.0090200082121758,0.5,0.8,0.85,0.15,0.05,0.85,0.5,1.0,0.85
0.07,1.0521140946104246,1.1878787878788066,-0.2656266067296764,1.1852501479035231,0.8100358422939068,2.685700220501581,-0.0532728367743289,0.0027020196817872,0.3725038402457757,0.0346236559139784,1.0,2.7056572590120926,0.0095125462743329,0.0338928492371133,0.8172043010752689,0.5989583333333334,0.8136200716845878,0.2182459677419355,0.003584229390681,0.1,0.1862573099415203,3.0993327309951626,55.15661923641048,0.0087199207036748,0.5,0.8,0.9,0.1,0.15,0.8,0.5,1.0,0.9
0.08,1.0620300191421235,1.1406491499227294,-0.17384797969248655,0.22608891215014454,0.5164874551971326,0.13862306546644307,-0.012725052671901924,0.7029896106774041,0.327445652173913,0.04,1.0,3.2811113803942584,0.0,0.02454731735599761,0.6103942652329749,0.5049997682610308,0.5324970131421743,0.10539449697194414,0.07789725209080056,0.7,0.3312865497076023,5.744618155828527,9.954616765490696,0.02826798580425999,1.0,0.95,0.95,0.0,0.0,0.1,1.0,0.8,0.95
0.13,1.108122004293592,1.548571428571394,-0.471385529741446,0.1616514795857508,0.4988505747126436,0.2465255067227687,-0.0065358713391525,0.7005571401572674,0.2316534040671972,0.0642528735632183,1.0,3.842173722300327,0.0201393004081637,0.0223881377364062,0.5919540229885057,0.4378962991031956,0.5091954022988506,0.15405772388531,0.0827586206896551,0.4,0.4107843137254902,1.6604547510900105,39.53556015214468,0.0109905039940315,1.0,0.9,0.95,0.05,0.05,0.1,1.0,0.8,0.95
0.06,1.0535784107826334,1.2080645161290369,-0.238189774385539,0.770560384708442,0.21471774193548387,1.1929486532690892,-0.03382853750742025,0.06312293740456654,0.2978723404255319,0.02872340425531915,1.0,2.651596042194511,0.008762438278307253,0.03567359869705837,0.3219086021505377,0.638888888888889,0.2308467741935484,-0.31698028673835127,0.09106182795698928,0.7,0.2326023391812866,0.6156525189980899,54.30360432460291,0.008307763223414297,1.0,0.85,0.9,0.7,0.1,0.15,0.5,1.0,0.4
0.13,1.0761706652115834,1.2280701754386136,-0.40283600007186404,0.7878934538891815,0.7235632183908046,2.1233064236873416,-0.029623700518429386,0.00976998304784029,0.34261715296198053,0.06425287356321839,1.0,3.7525639542428575,0.006708185691419232,0.03219658730611282,0.7333333333333333,0.6015051997810618,0.7212643678160919,0.13182813355227152,0.012068965517241348,0.07652250047505924,0.24803921568627452,5.005999804025475,28.324537453230473,0.01852252776375689,0.5,0.85,0.9,0.1,0.05,0.9,0.5,1.0,0.9
0.06,1.0456107696855519,1.1285714285714366,-0.27183921325846505,0.6793673511352664,0.7331989247311829,1.1214576870017121,-0.031727434623676096,0.06310235270201953,0.34397163120567376,0.029361702127659574,1.0,2.5238292161957276,0.004378810042086453,0.01681621846193752,0.7439516129032259,0.0,0.7331989247311829,0.0,0.010752688172043001,0.0,0.20029239766081863,2.201238049284328,74.70428776669839,0.005509389310274827,0.5,0.8,0.85,0.1,0.05,0.85,0.5,1.0,0.85
0.19,1.1195686698600782,1.5094339622641344,-0.6392173643715475,0.33897404963870553,0.5041152263374485,0.5584447924834853,0.011987874728426579,0.27761917066308384,0.2014294996751137,0.09148148148148148,1.0,4.375525309501772,0.008441152361693832,0.011607112539157825,0.5582010582010583,0.42615316781983453,0.5067607289829512,0.13204789038122372,0.05144032921810704,0.2,0.4473651960784313,5.796424911953174,32.712512321691364,0.022295660814898702,0.5,0.85,0.5,0.6,0.05,0.9,0.5,1.0,0.5
0.11,1.0888118142822492,1.5621301775148067,-0.457242150168514,0.14723860290691976,0.38560025542784165,0.06593028199889316,0.0023938838966310327,0.6395651917918477,0.2119509703779367,0.05438202247191011,1.0,3.3481537147446363,0.01830222328580193,0.015340478189018188,0.4218071519795658,0.4185355862775218,0.38560025542784165,0.0032715657020440103,0.036206896551724155,0.7,0.5274509803921568,2.3458002224017465,59.52599193737925,0.006798403440847348,1.0,0.9,0.9,0.1,0.05,0.1,1.0,0.8,0.9
0.09,1.082758887746869,1.1261538461538512,-0.4589220336949893,0.6780727861490341,0.6336917562724014,1.2153334758859626,-0.028260530463173658,0.0670665584871608,0.29975579975579975,0.04351648351648352,1.0,3.4118943671614734,0.010911874603811812,0.049775989676067764,0.6188769414575865,0.7741858237547893,0.6336917562724014,-0.15530888229720274,-0.014814814814814836,0.7,0.32777777777777783,0.6656367635218365,83.87024306500986,0.0031337791488195922,1.0,0.9,0.95,0.05,0.0,0.2,1.0,1.0,0.95
0.07,1.0596418199650457,1.0502793296089494,-0.2595936931701823,0.25775384667371487,0.3010752688172043,0.4358165467385757,-0.01611888182870136,0.30758991224504173,0.3383256528417819,0.03462365591397849,1.0,3.0984923609757997,0.009511202825555893,0.021321491981324818,0.36738351254480284,0.8010080645161292,0.30286738351254483,-0.4336245519713263,0.06451612903225801,0.1,0.21140350877192993,1.9214897295503577,50.788640906328396,0.01168890915227018,1.0,0.85,0.9,0.8,0.1,0.85,0.5,0.6,0.2
0.1,1.098685097467445,1.153347732181436,-0.38365923295102355,0.8912980071972723,0.7287037037037036,1.7335211045558485,0.035070974057758234,0.011837167488416291,0.2777777777777778,0.04888888888888889,1.0,3.178365087419548,0.0,0.018406764856149182,0.725,0.5857084002801467,0.7111111111111111,0.13929159971985328,0.01388888888888884,0.4,0.3111111111111109,1.606945886000412,48.24827270104048,0.00988023684707642,1.0,0.85,0.9,0.1,0.05,0.4,1.0,1.0,0.9
0.08,1.0595155137591088,1.082589285714272,-0.24436294570542838,0.27690415188448675,0.45949820788530465,0.32642272983877735,-0.010223137330013385,0.5890892635944479,0.35054347826086957,0.04,1.0,2.632920020636344,0.0,0.023211681643557008,0.45758661887694135,0.39400838895068596,0.45949820788530465,0.06357822992625539,-0.0019115890083633014,0.7,0.18479532163742662,3.1705086281028603,29.398674822886704,0.015359331926545422,1.0,0.9,0.9,0.1,0.05,0.1,1.0,1.0,0.9
0.1,1.068338763354434,1.1111111111110965,-0.3296195074268766,0.17523668081844093,0.45462962962962955,0.3493186302739991,-0.009887420460107682,0.5538789960388629,0.24166666666666667,0.05,1.0,3.4154667701458368,0.0,0.023065288176305376,0.4694444444444444,0.7739224137931036,0.46296296296296297,-0.30447796934865917,0.0064814814814814214,0.2,0.5555555555555555,2.7879833513776173,32.4970162968259,0.016648068739641957,1.0,0.85,0.9,0.1,0.05,0.2,1.0,1.0,0.9
0.05,1.0433184827204312,1.0454086781029308,-0.13585001398858587,0.2831314487029351,0.6507056451612904,0.22019848425964553,0.009784372826338941,0.7218657147365473,0.3526315789473684,0.024736842105263158,1.0,2.5544673177588173,0.003975752513340567,0.04106521084710983,0.6609543010752689,0.0,0.6507056451612904,0.0,0.0102486559139785,0.0,0.24210526315789482,2.5325127386995083,21.213378120843263,0.013262433654605435,0.5,0.8,0.2,0.8,0.15,0.95,0.5,1.0,0.2
0.08,1.0624902790374986,1.1403743315507897,-0.2361269738639944,0.1666444744114138,0.5148148148148147,0.325557117103597,0.010713943688948471,0.5251179731845328,0.3179347826086957,0.04,1.0,2.4266246911879694,0.0,0.030819372538835283,0.5259259259259258,0.29791666666666666,0.509557945041816,0.22800925925925913,0.016367980884109845,0.2,0.2609649122807016,3.8603247208504854,28.172304565606023,0.012220955311766502,1.0,0.85,0.9,0.1,0.05,0.4,1.0,1.0,0.9
0.12,1.1128016884546457,1.3321428571428657,-0.6180681112740203,0.11969989606102138,0.3448275862068966,0.18255214252252044,0.005673474836470405,0.6292533212796969,0.20170454545454547,0.05863636363636364,1.0,3.7069569342951585,0.0,0.008659151251839692,0.3994252873563218,0.5119886293412433,0.3504789272030651,-0.11256334198492152,0.04894636015325671,0.7,0.5392156862745099,0.6992986845414217,81.23126096569352,0.003502625534051708,1.0,0.9,0.95,0.05,0.05,0.1,1.0,1.0,0.95
0.1,1.0859330394331659,1.1545189504373072,-0.4097983301926966,0.0037461583180069414,0.325,0.02315595553616733,0.0009544787077826744,0.9908285367234533,0.18888888888888888,0.05,1.0,3.294011068983639,0.0,0.011941243630939978,0.34722222222222215,0.5070366250566473,0.325,-0.1598144028344251,0.022222222222222143,0.1,0.675,1.6069458860004118,55.6729515275807,0.006551405360592303,1.0,0.85,0.95,0.0,0.1,0.1,1.0,0.6,0.95
0.08,1.0439191001123682,1.2532299741602102,-0.2420340790078166,0.5647507696393055,0.5344086021505376,1.0591870326048007,-0.026730990231756402,0.12251690103981235,0.3125,0.04,1.0,2.969340065611246,0.0,0.029835440150519338,0.5888888888888889,0.5072244623655914,0.5232974910394265,0.08166442652329753,0.06559139784946244,1.0,0.29415204678362583,5.623122485045505,31.645462457191286,0.01853243243477939,0.5,0.8,0.5,0.6,0.05,0.9,0.5,0.8,0.5
0.11,1.090008624763509,1.1499436302142305,-0.5174377295449926,0.4738443227270748,0.4907726692209451,0.7437489875451857,-0.0185975980164962,0.17350601185681636,0.2640449438202247,0.05438202247191011,1.0,3.6156493918856434,0.0060978221197496105,0.018136394193859987,0.5489463601532567,0.34577720666430345,0.4907726692209451,0.20316915348895326,0.05817369093231162,0.4,0.5101307189542482,1.1371348268363737,72.05960600653066,0.006798403440847348,1.0,0.9,0.95,0.05,0.05,0.1,1.0,1.0,0.95
0.11,1.080310948676676,1.1056910569105818,-0.5316482622965104,0.5451625154879274,0.7316730523627074,0.9686416320578454,-0.02132446576341049,0.12827962868629697,0.2903472931562819,0.05438202247191011,1.0,3.638237137860548,0.018303215428586237,0.026169959026360608,0.751500638569604,0.5159961685823755,0.7288952745849296,0.23550446998722852,0.022605363984674387,0.1,0.42941176470588227,1.3832971644932124,75.15758016646322,0.0033809817611032446,0.5,0.85,0.9,0.1,0.05,0.4,0.5,1.0,0.9
0.07,1.0383232761321746,1.101604278074876,-0.2813350612361427,0.1780329154426058,0.6863799283154122,0.2993109562537849,-0.009944037299444472,0.37200526483340024,0.30145929339477723,0.03387096774193549,1.0,2.9397435949924664,0.0,0.02273395084310254,0.6810035842293907,0.0,0.6810035842293907,0.0,0.0,0.0,0.26038011695906427,2.9038412013802892,58.884632705353326,0.005782547225246593,1.0,0.9,0.95,0.05,0.05,0.1,1.0,1.0,0.95
0.13,1.092870512500572,1.3352601156069395,-0.38809021856617587,0.8490233100840768,0.7270114942528737,2.2977093779785895,-0.03527150352306058,0.0026642813206057122,0.3379752431476569,0.06425287356321839,1.0,4.033219590378609,0.013421141562129231,0.02541698059923895,0.7316091954022989,0.6153198653198654,0.735632183908046,0.11628933008243347,-0.004022988505747116,0.7,0.11241830065359482,4.697792820548738,29.395078327561514,0.022352846433138313,0.5,0.85,0.95,0.05,0.05,0.4,0.5,0.8,0.95
0.04,1.0318306323378859,1.0572597137014381,-0.1408178528254913,0.10224781896775484,0.5885416666666666,0.20371906572750367,-0.009934838472834065,0.5555627108027784,0.3515625,0.02,1.0,2.198847638802082,0.0,0.02715823026394289,0.5,0.5,0.5,0.0,0.0,1.0,0.0,0.0,51.30428105598549,0.012474540596105957,0.5,0.8,0.2,0.8,0.15,0.95,0.5,1.0,0.2
0.08,1.0707929402137495,1.0855263157894657,-0.38055451519620753,0.250485182619359,0.5849462365591397,0.4551417450762389,-0.015035433824937772,0.3183694355065275,0.33695652173913043,0.0391304347826087,1.0,3.3204100164237103,0.0,0.019760827295557525,0.5616487455197132,0.653763440860215,0.5956989247311828,-0.09211469534050176,-0.03405017921146958,1.0,0.2426900584795324,0.6391300571063349,76.1506024730254,0.006045389033811363,1.0,0.9,0.9,0.1,0.0,0.15,1.0,1.0,0.9
0.16,1.1389112664006344,1.1986863711001496,-0.5926224030313323,0.6878266064863308,0.7154761904761905,2.170722980809338,-0.030391231382420822,0.008930298508615769,0.25967261904761907,0.08,1.0,4.071963025050158,0.0,0.016678970555625793,0.7488095238095238,0.4630389831539257,0.7154761904761905,0.2857705406555981,0.033333333333333326,0.1,0.3762867647058824,2.5279022844373555,41.37163503123913,0.016219257274117528,0.5,0.85,0.1,0.9,0.0,0.9,0.0,0.2,0.1
0.08,1.055270201837518,1.279212792127922,-0.20323622579273515,0.614753737938848,0.5978494623655913,1.1425505429668912,-0.028454797931430756,0.06443185023747844,0.32472826086956524,0.0391304347826087,1.0,2.911098031842196,0.005112229250156826,0.020175159239713036,0.6359617682198327,0.207904616240267,0.5978494623655913,0.42805715197956573,0.03811230585424141,0.1,0.2858187134502923,6.576495885371521,19.59925926116475,0.015359331926545422,0.5,0.8,0.85,0.1,0.15,0.8,0.5,1.0,0.85
0.1,1.0364375070257423,1.3075471698113148,-0.25967023128473077,0.23568741992991102,0.4148148148148148,0.3785105750237483,-0.011380323054331884,0.34894904237424273,0.25277777777777777,0.04888888888888889,1.0,3.658108194479407,0.005783325336590336,0.015363352274559126,0.4731481481481481,0.5364583333333334,0.40740740740740744,-0.06331018518518527,0.06574074074074066,0.7,0.43333333333333335,12.752276125578728,20.594343642809395,0.027087775377948688,1.0,0.85,0.2,0.7,0.0,0.25,1.0,0.8,0.2
0.15,1.0974179179948103,1.301408450704252,-0.5303231781622548,0.23925445294986383,0.6696223316912971,0.5341409675007407,-0.0121793210676341,0.3464632714291188,0.22450980392156863,0.07411764705882352,1.0,4.089535032663992,0.007295852744216886,0.020493426815467033,0.7284072249589492,0.7405496766607879,0.6696223316912971,-0.012142451701838697,0.058784893267652016,1.0,0.40784313725490196,4.345001133063972,40.27682620223997,0.015722797636953733,1.0,0.85,0.9,0.7,0.1,0.15,0.5,1.0,0.3
0.06,1.038197488106185,1.0449999999999944,-0.21974764743956143,0.5724094246515251,0.679771505376344,0.8899139661644023,0.026455150435842165,0.11190557848010495,0.3537234042553191,0.029361702127659574,1.0,2.748727686832567,0.0,0.021788772807364024,0.7009408602150539,0.0,0.6743951612903226,0.0,0.026545698924731242,0.0,0.20467836257309935,2.377003533538399,46.79312016034188,0.008307763223414297,0.5,0.85,0.9,0.1,0.05,0.4,0.5,1.0,0.9
0.1,1.0413392798444236,1.2658227848101304,-0.20972332724825682,0.14501858256956404,0.45555555555555555,0.2563381189595591,-0.009128732256485556,0.5235983602809966,0.2361111111111111,0.05,1.0,3.3180545162650112,0.0,0.013271870975872402,0.47962962962962963,0.4665925101965147,0.4527777777777778,0.013037119433114919,0.02685185185185185,1.0,0.5222222222222224,17.414194905586236,9.478625403439123,0.05292187298164166,1.0,0.85,0.9,0.1,0.05,0.1,1.0,1.0,0.9
0.1,1.0409385530770374,1.1618160651920693,-0.24704839853609206,0.0013995109503876966,0.4296296296296296,0.0005939688213756809,-2.447381302010665e-05,0.8857621117066913,0.20555555555555555,0.04888888888888889,1.0,3.245832649364957,0.005781150431268002,0.012971309443097125,0.49074074074074076,0.5204695767195767,0.4231481481481481,-0.029728835978835966,0.06759259259259265,1.0,0.538888888888889,16.545258735468437,17.945384303789773,0.027087775377948688,1.0,0.8,0.05,0.9,0.1,0.2,1.0,1.0,0.05
0.07,1.0536691163183625,1.0953346855983705,-0.2732615729848966,0.8789026409188857,0.7849462365591396,1.686932614674385,-0.03895734789581602,0.01736703782082831,0.32334869431643626,0.03462365591397849,1.0,2.8787859496617383,0.0047550013891653675,0.026266788367277204,0.7921146953405017,0.6871863799283154,0.7813620071684587,0.10492831541218628,0.010752688172043001,0.7,0.4201754385964912,1.0614944794943955,51.21109621408967,0.005782547225246593,1.0,0.9,0.95,0.05,0.05,0.3,1.0,1.0,0.95
0.05,1.0340406960885935,1.2105263157894848,-0.20761261168546863,0.14261687922962907,0.2427755376344086,0.13744251477917138,-0.0065615580802226015,0.680833955962221,0.28421052631578947,0.024210526315789474,1.0,2.4730262086302734,0.00795571131262128,0.02101982337028794,0.26898521505376344,0.6502016129032259,0.2479838709677419,-0.38121639784946243,0.02100134408602153,0.2,0.38421052631578945,2.561697883118233,66.04234787189257,0.005221455468481325,0.5,0.85,0.75,0.15,0.0,0.3,0.5,1.0,0.8
0.07,1.0569941191082128,1.072463768115962,-0.3231508783069561,0.08697785387043677,0.23476702508960576,0.027588192875225032,-0.0012789540997583948,0.9139014004397583,0.23732718894009217,0.03462365591397849,1.0,2.6415971773286206,0.00951228897411551,0.036769044129648654,0.23476702508960576,0.6876795977011495,0.23476702508960576,-0.4529125726115437,0.0,0.1,0.7514619883040934,1.2917059873690202,73.89004005181329,0.005782547225246593,0.5,0.8,0.9,0.1,0.05,0.85,0.5,1.0,0.9
0.1,1.0929015661426704,1.3009922822491538,-0.3009108319132112,1.1657824333729536,0.7648148148148147,3.1608553310300445,-0.04645129711209006,0.0015754368670711412,0.39444444444444443,0.04777777777777778,1.0,3.025500464549795,0.0,0.022227184488947234,0.8027777777777777,0.2835867012730194,0.7648148148148147,0.5191910765047583,0.037962962962962976,0.1,0.07222222222222219,1.3395850143591421,25.089345337211398,0.013245521950366192,0.5,0.85,0.9,0.1,0.15,0.65,0.5,1.0,0.9
0.12,1.1000832238852558,1.1571428571428404,-0.3630863799086157,0.530819127582429,0.600095785440613,1.2089566262013622,-0.024462688559604873,0.07816048867972812,0.29829545454545453,0.05863636363636364,1.0,3.10729954780681,0.0,0.022768024415859796,0.6247126436781609,0.6958702177452176,0.6112068965517241,-0.0711575740670567,0.013505747126436818,0.7,0.3692810457516339,2.6029963556433815,24.987268608738958,0.017901333662634997,1.0,0.9,0.95,0.05,0.05,0.1,1.0,1.0,0.95
0.14,1.0637531820809547,1.1600000000000186,-0.3476804551776391,0.07094129460574534,0.25952380952380955,0.04134151086690347,-0.0014598914045691885,0.8230907127608571,0.2649501661129568,0.06674418604651162,1.0,3.8006461951909074,0.0,0.004757388637133538,0.36674876847290633,0.7144488062050787,0.2760262725779967,-0.34770003773217234,0.0907224958949096,0.1,0.3192810457516341,15.84590154709974,15.47034496307391,0.03941132254906367,1.0,0.9,0.95,0.0,0.05,0.1,1.0,1.0,1.0
0.11,1.0848366104574307,1.1554332874827888,-0.4002114910572576,0.2992536032793739,0.5425287356321838,0.32805641219577236,-0.009663281330855478,0.4806184979151631,0.186414708886619,0.05438202247191011,1.0,3.359133737536701,0.006097528618332803,0.01446090732597604,0.5610472541507024,0.6361378794328986,0.5303001277139208,-0.07509062528219612,0.03074712643678168,0.4,0.5558823529411763,1.608139344642097,42.40476631559995,0.010253060045812947,1.0,0.85,0.95,0.05,0.05,0.1,1.0,1.0,0.95
0.11,1.0896724295366649,1.1299435028248463,-0.33795090737447353,0.3482811223029364,0.6091954022988505,0.32288787157676124,-0.009355046280255436,0.6277043622399818,0.2323799795709908,0.05438202247191011,1.0,3.277943607319948,0.012197956387407937,0.02216043515701123,0.6013090676883781,0.6162937242798354,0.603448275862069,-0.014984656591457313,-0.002139208173690843,1.0,0.3297385620915033,2.577857794922722,26.459866179849584,0.017277390916067257,1.0,0.9,0.95,0.0,0.05,0.1,1.0,0.8,0.95
0.1,1.0408597250702523,1.1799999999999917,-0.4226307626719432,0.3410549942946646,0.5027777777777778,0.6467787577125385,-0.015467449828683325,0.2297421974174465,0.20277777777777778,0.04777777777777778,1.0,3.478791834154504,0.005786199973745318,0.010746512073063295,0.5361111111111111,0.599910394265233,0.48981481481481476,-0.06379928315412187,0.046296296296296335,1.0,0.40555555555555556,5.379591536849892,61.719670302690744,0.006551405360592303,0.5,0.8,0.9,0.7,0.05,0.9,1.0,1.0,0.2
0.18,1.1511086989432577,1.456122448979598,-0.7934731482201842,0.5254061967097752,0.6706349206349206,1.692886880293354,-0.025366211811897854,0.02263548921963582,0.22289972899729002,0.09,1.0,4.31342120488917,0.0,0.02017419328174911,0.6826131687242798,0.43951559934318557,0.6705614344503233,0.24309756938109423,0.01205173427395645,0.1,0.4569852941176471,2.633640461610183,58.2563212852414,0.01284395669749363,1.0,0.9,0.9,0.1,0.05,0.4,1.0,1.0,0.9
0.12,1.1082112693892532,1.1849315068493294,-0.6225217547886235,0.25633919379917913,0.5303639846743295,0.22045516024680542,-0.006357629154985958,0.5847604990341,0.22443181818181818,0.06,1.0,3.277068877526775,0.0,0.01903630193861418,0.542337164750958,0.6223214285714286,0.5331417624521073,-0.07998426382047064,0.00919540229885063,1.0,0.4281045751633987,0.45556526108332407,81.84171493161136,0.003502625534051708,0.5,0.85,0.85,0.15,0.1,0.9,0.5,0.8,0.85
0.12,1.0036070452580648,1.1489319620253164,-0.08607862938100352,0.2966627564443389,0.5234674329501916,0.48578473257859695,-0.05596087732246996,0.1956398622674701,0.32196969696969696,0.06,1.0,3.153067868466533,0.0,0.03375962816252634,0.5262452107279693,0.5879310344827586,0.5234674329501916,-0.06168582375478937,0.002777777777777657,0.7,0.24052287581699328,19.494305322986868,1.227955261780191,0.2804424001615672,0.5,0.75,0.85,0.8,0.1,0.9,1.0,1.0,0.2
0.1,1.0130160871918275,1.112574139976275,-0.1414128738270921,0.35101817327578655,0.5351851851851851,0.6786178882831744,-0.06943134639851223,0.2626047659361854,0.3194444444444444,0.05,1.0,3.3407206770281617,0.0,0.042707551699343156,0.5074074074074074,0.8323356398513209,0.5351851851851851,-0.32492823244391345,-0.02777777777777768,0.1,0.21111111111111114,20.72837105993251,3.8578976332224038,0.29086645455863797,1.0,0.9,0.1,0.8,0.05,0.9,1.0,1.0,0.1
0.08,1.0048928177061935,1.023518711018711,-0.059432410355920284,0.29869676465926887,0.3946236559139784,0.42661945445334565,0.06210688082608362,0.3005849621782732,0.23641304347826086,0.04,1.0,2.9086203500869714,0.0,0.024813811436546887,0.43261648745519715,0.5392361111111111,0.3999999999999999,-0.10661962365591399,0.03261648745519724,0.4,0.6592105263157895,20.01265415720637,0.5116975318622146,0.27408908860179315,1.0,0.9,0.9,0.1,0.05,0.15,1.0,0.8,0.9
0.12,1.0019815328474184,1.2949644549763042,-0.03262425004425695,0.04403919157947259,0.5239463601532567,0.08234393848316983,0.013276869738154673,0.9281595753362489,0.2556818181818182,0.06,1.0,3.638075362758778,0.0,0.025331001946323158,0.535632183908046,0.3281063321385902,0.5239463601532567,0.20752585176945582,0.011685823754789326,0.1,0.3921568627450981,20.696725819296265,-0.5845655464324793,0.364633429088284,1.0,0.9,0.1,0.85,0.05,0.95,1.0,0.8,0.1
0.1,0.9995014019250602,1.1729559748427671,-0.02213976038672061,0.1939139550275519,0.536111111111111,0.4017179703113629,-0.0429821487259997,0.4113538176047917,0.24722222222222223,0.05,1.0,3.2598387426902997,0.0,0.022746724266020354,0.5370370370370371,0.681872676888358,0.536111111111111,-0.14483563985132086,0.0009259259259261077,0.2,0.5888888888888889,20.86423163267234,-0.41079680726369894,0.3170520754166312,1.0,0.9,0.4,0.4,0.05,0.2,1.0,1.0,0.4
0.12,1.0043423514765042,1.201215484211917,-0.06740228815314175,0.22622346994235493,0.5635057471264369,0.5645410225600075,-0.0562100965679016,0.23692995621266433,0.35511363636363635,0.06,1.0,3.0849122674401483,0.0,0.03485623432068556,0.5068965517241378,0.46069163811099295,0.560632183908046,0.04620491361314488,-0.0537356321839082,0.4,0.2173202614379086,18.808124917989613,0.14509116074831008,0.32449420297482057,1.0,0.9,0.9,0.1,0.0,0.2,1.0,0.8,0.9
0.08,1.008789725861105,1.0465981399902105,-0.07190196334397136,0.2897036819134967,0.7005973715651135,0.36204872900424845,0.05833863599766054,0.6157593800050287,0.3804347826086956,0.04,1.0,3.2430977275482107,0.0,0.04090398731602603,0.727479091995221,0.18817204301075266,0.7041816009557945,0.5393070489844684,0.023297491039426466,0.1,0.17309941520467842,20.12304273953473,-0.4241226568450309,0.3345676608134979,1.0,0.9,0.2,0.8,0.0,0.95,1.0,0.6,0.2
0.06,1.004111917634397,1.1213449376995803,-0.03955457955972669,0.5259838479824235,0.4017137096774193,0.9805716431203935,-0.11987235820215619,0.22553850787179042,0.2916666666666667,0.03,1.0,2.0725261900950134,0.0,0.04506419662712868,0.4020497311827957,0.42371022048441404,0.4017137096774193,-0.021660489301618346,0.00033602150537637154,1.0,0.5298245614035089,21.17662480057016,-0.862564432659283,0.39299693408171954,0.5,0.8,0.9,0.7,0.05,0.85,1.0,1.0,0.6
0.09,1.0073236710667575,1.1268018018018018,-0.07016688344478617,0.506157400338855,0.6805256869772999,1.122300962787948,-0.11664714582871855,0.04179767277715304,0.39163614163614163,0.04450549450549451,1.0,3.0964243000205944,0.0,0.041338325492693034,0.6547192353643968,0.31529271206690557,0.6805256869772999,0.33942652329749123,-0.02580645161290307,0.1,0.12865497076023402,19.954083650917312,-0.2483213944687339,0.29507810259416395,1.0,0.85,0.8,0.1,0.0,0.3,1.0,1.0,0.85
0.14,0.9995786799235221,1.202476547842402,-0.03239239680539541,0.29489846450171,0.56559934318555,0.537032410841648,-0.05684439467202018,0.2855687546927417,0.25789036544850497,0.07,1.0,4.0948984594159885,0.0,0.02570213992648817,0.5645320197044336,0.5391203703703704,0.568472906403941,0.025411649334063147,-0.003940886699507429,1.0,0.4320261437908497,20.945080552962246,-0.11612823462075461,0.35001407018239694,1.0,0.9,0.1,0.8,0.05,0.4,1.0,0.8,0.2
0.11,1.0090185459028798,1.1696997270245668,-0.10758092880347825,0.2108059880903103,0.6440932311621967,0.2663331743872454,-0.030314985703656316,0.45047069744114676,0.3258426966292135,0.05438202247191011,1.0,3.8322069729924677,0.006096391700509692,0.0383178356762393,0.6318646232439337,0.5222943722943723,0.6354725415070243,0.10957025094956141,-0.0036079182630905926,0.4,0.33300653594771257,21.72232007962962,1.0120610384138269,0.30301288125238973,1.0,0.85,0.1,0.8,0.05,0.85,1.0,0.8,0.1
0.09,1.012089076727437,1.079703991265316,-0.10551560432274987,0.03728550432092778,0.40286738351254475,0.002162842448226893,-0.00040115104280580294,0.699923823871516,0.2869352869352869,0.04450549450549451,1.0,2.8225886466604866,0.0,0.012872612776616207,0.45113500597371564,0.42290816957112837,0.40286738351254475,0.028226836402587274,0.04826762246117089,0.7,0.3605263157894738,19.324749577052415,0.3756973846962497,0.21444658186245427,1.0,0.9,0.1,0.8,0.05,0.95,1.0,0.8,0.1
0.06,1.002219623154307,1.0687747035573125,-0.04185938631193209,0.49029807590790947,0.6150873655913979,0.7947414216649636,-0.09548704758610949,0.1446553115003637,0.4157801418439716,0.029361702127659574,1.0,2.55200471649291,0.0,0.056528835909984344,0.5779569892473119,0.0,0.6098790322580645,0.0,-0.03192204301075263,0.0,0.15526315789473677,19.666992488775506,1.6505716746472174,0.19737270704972007,1.0,0.9,0.2,0.8,0.05,0.85,1.0,1.0,0.2
0.07,1.0076002578773111,1.03402878500502,-0.08424362948749309,0.3781285995028447,0.3172043010752688,0.49703921668347556,0.07462416835139674,0.44144773974558316,0.27572964669738864,0.03462365591397849,1.0,2.6683383568697048,0.0,0.03499149576201249,0.3387096774193548,0.2192204301075269,0.3172043010752688,0.11948924731182792,0.021505376344086002,0.5065551690490403,0.3801169590643276,20.952864454432863,2.378058571860816,0.25391699492321046,0.5,0.6,0.8,0.8,0.25,0.9,1.0,1.0,0.2
0.11,1.0127294714626938,1.2965785633209013,-0.14187358303285236,0.11807935029029859,0.6354725415070243,0.15519363567749953,-0.024556509568327223,0.973635262112621,0.32916241062308477,0.05438202247191011,1.0,3.551488998142652,0.0,0.03634007812674037,0.6803001277139208,0.6736909323116219,0.626117496807152,0.006609195402298873,0.05418263090676878,1.0,0.3058823529411765,19.83750470087759,1.612434770365308,0.21889461833742901,1.0,0.9,0.1,0.85,0.05,0.3,1.0,0.8,0.15
0.13,1.0097594302778767,1.2113611213574327,-0.10974047896096928,0.32073490907646746,0.578735632183908,0.5047902266727646,0.0578406744587574,0.3892627478900099,0.23563218390804597,0.06425287356321839,1.0,3.326551983464987,0.0,0.03834692264070065,0.593103448275862,0.3849390064667843,0.578735632183908,0.20816444180907773,0.014367816091954033,0.1,0.38660130718954255,20.098727053279987,-0.03660284417939286,0.31800599117206824,1.0,0.9,0.2,0.8,0.05,0.9,1.0,0.8,0.2
0.07,0.996724182960987,1.1094418120882927,0.00634627598925519,0.1906587148448238,0.46236559139784944,0.24944567761284567,0.04336868887028533,0.6171773978843937,0.27764976958525345,0.03462365591397849,1.0,2.848768701850842,0.004754001854320789,0.030565280650357227,0.46415770609319,0.5008624551971326,0.46236559139784944,-0.03670474910394256,0.0017921146953405742,0.7,0.773684210526316,19.091111797496943,0.0005192732975145553,0.30082773617175845,1.0,0.9,0.5,0.1,0.0,0.2,1.0,0.8,0.5
0.16,1.0218461413360513,1.1103569632981398,-0.20249991681460822,0.21038966443824753,0.5567460317460318,0.22173617430794068,0.025411656020959517,0.7527804553850661,0.25148809523809523,0.08,1.0,4.308695927342111,0.0,0.02290771915379502,0.598015873015873,0.5834075780849974,0.5547619047619048,0.014608294930875565,0.04325396825396821,1.0,0.2142769607843139,19.59756839163146,0.808172449693672,0.295993949702987,1.0,0.9,0.3,0.7,0.05,0.4,1.0,0.8,0.3
0.1,1.0032639762051112,1.323729162379091,-0.06978286284802648,0.48065284013863596,0.7277777777777779,1.059528211678743,-0.11242535320309255,0.03499986924852994,0.35833333333333334,0.05,1.0,3.7345370907396096,0.0,0.051060991672093145,0.7231481481481481,0.4815937149270482,0.724074074074074,0.24155443322109987,-0.0009259259259258856,0.1,0.13888888888888895,19.143179689513097,0.9417389737555686,0.2516641727248349,0.5,0.85,0.9,0.7,0.05,0.2,1.0,0.8,0.8
0.08,1.0019310774181853,1.0513749939587258,-0.033608324229869924,0.5022869485176855,0.5873357228195938,0.7842460474025844,-0.10286879803639182,0.16414839304294437,0.35733695652173914,0.0391304347826087,1.0,2.688356047748297,0.0,0.03140305049386198,0.5396654719235364,0.7536439665471925,0.5873357228195938,-0.21397849462365603,-0.047670250896057365,0.7,0.2728070175438597,20.825260477140674,-0.37475676272710956,0.34435689770027694,0.5,0.7,0.9,0.8,0.15,0.9,1.0,0.8,0.2
0.11,1.0150188690300437,1.2447487524660557,-0.11343723566563468,0.06777551438333489,0.6386015325670499,0.06536839506231201,0.01208460559520319,0.8514415370191643,0.30081716036772216,0.05438202247191011,1.0,3.8532508600620172,0.0,0.030148016418924242,0.6724137931034483,0.5894804526748971,0.6386015325670499,0.08293334042855116,0.03381226053639841,1.0,0.319607843137255,20.663047330730045,-0.5284742874128878,0.30301288125238973,1.0,0.9,0.1,0.9,0.05,0.95,1.0,0.8,0.1
0.09,1.0052773301262878,1.0635530928417956,-0.08001809721049502,0.009328168133972106,0.7537634408602151,0.15794200986028922,0.02889439727805776,1.0,0.34523809523809523,0.04450549450549451,1.0,2.7851114777512955,0.0,0.04712023165204423,0.7575866188769415,0.6047493614303959,0.7537634408602151,0.15283725744654553,0.0038231780167263807,0.2,0.18040935672514613,19.45121478651849,2.711471140595216,0.20809745538282085,1.0,0.9,0.1,0.8,0.05,0.2,1.0,0.8,0.1
0.08,1.0003294715396687,1.127330579435079,-0.009689502381405812,0.34051447185922373,0.6796893667861411,0.3597087564021511,-0.04950343931345247,0.5892077490608503,0.389945652173913,0.04,1.0,2.4643294626650265,0.0,0.05302187896623006,0.6885304659498207,0.8022764491410209,0.6850657108721624,-0.11374598319120022,0.0034647550776583103,1.0,0.2225146198830411,21.179710190093996,-0.6440379699034215,0.3345676608134979,1.0,0.9,0.5,0.2,0.05,0.95,1.0,0.8,0.5
0.11,0.9990616214554273,1.1736722879436194,-0.02543957471100733,0.15201512120076058,0.5472541507024267,0.22001690026414875,-0.0295624979965593,0.5228544904922596,0.3480592441266599,0.05438202247191011,1.0,3.443031258644248,0.0,0.03637270982953974,0.5322477650063857,0.4348201247842825,0.5472541507024267,0.0974276402221032,-0.015006385696040958,1.0,0.3738562091503267,19.24930805276581,-0.41766620029653057,0.3304674442501229,1.0,0.9,0.5,0.5,0.0,0.2,1.0,0.8,0.5
0.08,1.006113048138608,1.1222069439669986,-0.07441910668342655,0.4358425438860053,0.6847072879330943,0.7252529717052485,-0.09066926115686968,0.13410780170239156,0.3247282608695652,0.04,1.0,2.8959849664515613,0.0,0.05653994628141362,0.7082437275985664,0.5086805555555555,0.691995221027479,0.19956317204301088,0.01624850657108734,0.2,0.25380116959064336,20.05491835808626,0.8983236020476473,0.2664067193691003,1.0,0.9,0.1,0.8,0.0,0.85,1.0,0.8,0.1
0.07,1.000933443209455,1.2016129032258072,-0.027429476961604915,0.032719092621833236,0.20788530465949817,0.033106954198894055,-0.00694811940400808,0.6431847030685649,0.23041474654377878,0.03462365591397849,1.0,2.7039245487351695,0.0,0.010167747878494213,0.21326164874551967,0.7438936781609194,0.20430107526881716,-0.5306320294153998,0.00896057347670251,0.1,0.47485380116959075,20.369948195775503,-0.3476884130379818,0.3184291442125138,1.0,0.85,0.4,0.6,0.05,0.3,1.0,0.8,0.4
0.14,1.0045433671533295,1.305165736129973,-0.06325140873634905,0.11399649459858288,0.6943349753694582,0.13051153196817625,0.017952882960057925,0.8502939950482536,0.2807308970099668,0.07,1.0,3.583415496048771,0.0,0.030171839446888962,0.6810344827586207,0.4236453201970443,0.6919540229885058,0.25738916256157635,-0.010919540229885172,0.1,0.23692810457516345,21.449858655537614,-0.3538138187853894,0.37129625505080455,1.0,0.9,0.1,0.9,0.05,0.3,1.0,0.8,0.1
0.13,1.0183738245550362,1.112577083034562,-0.18767203914539055,0.02462184520648521,0.5781609195402299,0.039742561964900135,0.006016339662383685,0.9428040104821138,0.28205128205128205,0.06425287356321839,1.0,3.549326622233605,0.0,0.02127157378785926,0.6494252873563219,0.5138883166939031,0.5724137931034483,0.13553697066241877,0.07701149425287357,0.2,0.36274509803921584,20.142719422441477,1.8100232287654006,0.29987442469443343,1.0,0.9,0.1,0.8,0.05,0.95,1.0,0.8,0.1
0.11,1.0078355147923945,1.1281152160300563,-0.10061130367232352,0.7674175747374229,0.7786079182630908,2.1948440355688437,-0.17029499024613726,0.004253043154784782,0.32916241062308477,0.05438202247191011,1.0,3.5141690834626513,0.0,0.050502931361504605,0.7841634738186464,0.5247765006385696,0.7786079182630908,0.25938697318007675,0.005555555555555536,0.1,0.20457516339869264,19.964627635890672,1.0292485973732823,0.2943686619507687,0.5,0.85,0.9,0.7,0.0,0.9,1.0,0.6,0.3
0.16,1.0080683528733136,1.2690366157127624,-0.10978339428313433,0.389742839271475,0.7809523809523808,0.6503553739040533,-0.05227112130328582,0.2988302912669921,0.3117559523809524,0.08,1.0,4.120405479496033,0.0,0.04604695971125082,0.796031746031746,0.6975885225885227,0.778968253968254,0.09844322344322332,0.017063492063492003,0.2,0.29166666666666674,20.640159111885595,-0.08972459490676954,0.30509954150710267,1.0,0.9,0.1,0.8,0.05,0.4,1.0,0.8,0.2
0.06,1.0043156531673672,1.0754004427659847,-0.05736380619174719,0.2521111318256657,0.5090725806451613,0.17635750453517063,-0.032939624266869916,0.5664343074488958,0.4494680851063829,0.03,1.0,2.763486267701721,0.0,0.06077059437368235,0.5680443548387096,0.5105324074074074,0.5035282258064516,0.05751194743130228,0.06451612903225801,0.7,0.1134502923976608,18.589230630054814,1.294064541223925,0.21522828189988485,1.0,0.9,0.9,0.1,0.0,0.2,1.0,0.8,0.9
0.12,1.0096290390994898,1.3510422870756407,-0.16254784302741876,0.05878368437908797,0.4520114942528736,0.08545315259843904,-0.011996262879239938,0.6752285751454211,0.2168560606060606,0.06,1.0,3.6335782766014573,0.0,0.013004164787409053,0.4804597701149425,0.6318878254362125,0.4493295019157088,-0.15142805532126996,0.0311302681992337,0.2,0.6179738562091505,20.055953921825616,6.339012204362978,0.24166181278865814,1.0,0.9,0.1,0.85,0.05,0.95,1.0,0.8,0.1
0.15,1.0119199177915745,1.2868474923234394,-0.13353692061696054,0.0663732602047943,0.45008210180623975,0.0016579344212008453,0.00027395914353967044,0.8696471300031046,0.2784313725490196,0.07411764705882352,1.0,3.842022203632074,0.0,0.022028938922804664,0.43119868637110015,0.5310344827586208,0.45008210180623975,-0.0998357963875206,-0.018883415435139606,0.4,0.17647058823529393,20.3760578178483,-0.012449700775237549,0.3421214145708698,1.0,0.9,0.1,0.85,0.05,0.3,1.0,0.8,0.1
0.1,1.0063938019349519,1.2555393821769365,-0.08955188361295385,0.08492871993289076,0.4425925925925926,0.20955927723816967,0.030044688012348386,0.27252498484522414,0.3333333333333333,0.05,1.0,3.027106714332732,0.0,0.041750488242403364,0.45740740740740743,0.5478835978835979,0.44166666666666665,-0.09047619047619043,0.015740740740740777,0.4,0.3388888888888889,18.637944948031645,1.5783487250571957,0.2040510943349349,0.5,0.7,0.8,0.7,0.15,0.9,1.0,1.0,0.3
0.12,1.0010240008335924,1.264624596959927,-0.02662588303209401,0.1757413394336949,0.6412835249042146,0.20672231162330074,0.027669360258673503,0.8278601155480719,0.30965909090909094,0.06,1.0,3.503144937663378,0.0,0.03843605283338114,0.6472222222222223,0.3115233857725515,0.6440613026819924,0.33569883644967075,0.0031609195402299006,0.2,0.16045751633986927,19.830516923562563,-0.41177796771250463,0.3151918425227835,1.0,0.9,0.1,0.9,0.0,0.2,1.0,0.8,0.1
0.09,1.0060431540326784,1.10120016273393,-0.06808841439156887,0.7089473355277708,0.7955794504181601,1.1489599044758332,-0.11561576730454315,0.07465250664867827,0.4734432234432234,0.04450549450549451,1.0,3.1749281264963645,0.010904459750118682,0.06526877594738016,0.8284348864994026,0.593265168970814,0.799163679808841,0.2351697175285885,0.029271206690561602,0.7,0.18654970760233913,19.416134419640265,-0.22972999558007956,0.27869008178693017,1.0,0.9,0.1,0.8,0.05,0.9,1.0,0.8,0.2
0.1,1.0083535237174892,1.141655955441302,-0.0726921703018783,0.8573141771250323,0.7546296296296298,1.5369009232616502,-0.12693355324871908,0.026982295100529123,0.36944444444444446,0.05,1.0,2.8631723778670435,0.0,0.05558903883449694,0.7388888888888889,0.6699712643678161,0.7546296296296298,0.06891762452107286,-0.015740740740740833,0.7,0.2833333333333332,19.994444704240465,-0.5499326202725077,0.3080718577756169,0.5,0.7,0.9,0.7,0.05,0.6,1.0,1.0,0.3
0.06,1.005302571906456,1.0794885745375404,-0.04751274892275287,0.11333885687284466,0.8244287634408601,0.018941406406711662,0.004874600679377394,0.8446562980184138,0.43617021276595747,0.03,1.0,2.5596808548366625,0.0,0.04432709412935218,0.8403897849462365,0.6506944444444445,0.8298051075268816,0.18969534050179204,0.010584677419354871,0.7,0.11578947368421044,20.234305574165106,-0.6869626857490423,0.24796659983221375,1.0,0.9,0.9,0.1,0.05,0.15,1.0,0.8,0.9
0.07,1.0068611703732149,1.0553410553410547,-0.06618279128064941,0.0622004958469544,0.27777777777777773,0.06706874017227853,0.013184005344426097,0.989221269928485,0.2799539170506913,0.03387096774193549,1.0,2.791580169894677,0.004755372805571335,0.018187424130755123,0.29390681003584224,0.0,0.27419354838709675,0.0,0.019713261648745484,0.0,0.6716374269005847,19.092653163780703,-0.01300843572956989,0.23315535083499683,1.0,0.9,0.1,0.8,0.05,0.95,1.0,0.8,0.1
0.08,1.0096910914365538,1.095086953646763,-0.08668152430650056,0.42830733141037797,0.7893667861409797,0.19976152592731153,-0.03383168624632238,0.331221433795331,0.375,0.04,1.0,2.9300098469205516,0.0,0.05616950647425248,0.8268817204301074,0.3824404761904762,0.7839904420549582,0.4444412442396312,0.04289127837514928,0.1,0.23801169590643279,19.712144282427573,-0.22563613005133965,0.20522223011389848,1.0,0.9,0.1,0.9,0.05,0.95,1.0,0.8,0.1
0.09,1.00920109480149,1.1316843848496176,-0.08700101252554704,0.38147388744546373,0.5720430107526883,0.684504406636119,-0.07728429445438378,0.22841654359812624,0.27472527472527475,0.04450549450549451,1.0,3.154452153694989,0.0,0.031273162360556495,0.5902031063321386,0.44993614303959123,0.5720430107526883,0.14026696329254734,0.01816009557945031,0.12118327283746318,0.6084795321637427,21.471875241199683,0.1023481570020417,0.3505162158555575,1.0,0.8,0.85,0.15,0.15,0.85,1.0,1.0,0.85
0.04,1.0046571212025062,1.0702681651274062,-0.04143634211129965,0.745945948441457,0.59375,0.8337854239959469,-0.13788120867164944,0.20850592177822047,0.40104166666666663,0.02,1.0,2.1545790253996877,0.0,0.06225587018785538,0.5,0.5,0.5,0.0,0.0,1.0,0.0,0.0,0.15677303402293274,0.17507068211715232,0.5,0.8,0.9,0.8,0.05,0.4,1.0,1.0,0.4
0.13,1.0098235373248219,1.117867611970823,-0.1125479788594016,0.1910054345366279,0.4988505747126437,0.26345009562712624,-0.02980976507557187,0.5729454258728074,0.21485411140583555,0.06425287356321839,1.0,4.050910466751418,0.0,0.02484199517701456,0.5183908045977011,0.38902572523262186,0.49367816091954025,0.1293650793650793,0.024712643678160895,0.4,0.4578431372549021,20.83247833572379,-0.02390051684603689,0.2911657513742897,0.0,0.4,0.9,0.8,0.45,0.9,1.0,0.8,0.2
0.07,1.0042637210237986,1.0750663770214821,-0.048752651336159136,1.2469545239514814,0.8763440860215054,1.3331460813883493,0.13781959182111936,0.03873729242285281,0.40092165898617516,0.03462365591397849,1.0,2.6436978278459455,0.0,0.08270325354234506,0.8781362007168458,0.6789202508960573,0.8763440860215054,0.1992159498207885,0.0017921146953404632,0.4,0.1459064327485381,19.504126356597382,-0.4233024410302577,0.23315535083499683,0.5,0.8,0.9,0.7,0.05,0.85,1.0,0.8,0.5
0.07,1.0030923178962634,1.0805978488615735,-0.040077646159908054,0.1670910596298121,0.550179211469534,0.18875278981437052,-0.035087699165041286,0.4574861315535343,0.3924731182795699,0.03462365591397849,1.0,3.073112796466629,0.0,0.03900319292575427,0.53584229390681,0.7376530764635604,0.550179211469534,-0.20181078255675033,-0.014336917562723928,0.1,0.24005847953216386,19.086824141116658,0.19783907279766355,0.22656874134903288,1.0,0.9,1.0,0.0,0.05,0.1,1.0,0.8,1.0
0.14,1.0165484574872028,1.376553019358567,-0.17738494873261934,0.5612591347630864,0.6656814449917898,1.374901944383989,0.12349634693303357,0.038805569548277186,0.2674418604651163,0.07,1.0,4.035259940856222,0.0,0.047728872774090984,0.7077996715927751,0.4140556265077338,0.6656814449917898,0.2937440450850413,0.0421182266009853,0.1,0.3875816993464053,20.526633643485486,1.588439581378596,0.3398517136881799,1.0,0.9,0.9,0.1,0.0,0.3,1.0,0.8,0.9
0.1,1.0109179088131308,1.0908081822506477,-0.09606409378818842,0.19221369185742884,0.7046296296296296,0.28325353576686896,-0.040184258684408614,0.3983940097879024,0.3222222222222222,0.05,1.0,3.2601001125089097,0.0,0.034985760777464944,0.7314814814814815,0.4620039682539682,0.700925925925926,0.2694775132275133,0.030555555555555558,0.1,0.28888888888888886,20.578317031842655,-0.5699410453135987,0.2745779676034576,1.0,0.9,0.5,0.3,0.05,0.95,1.0,0.8,0.5
0.05,1.0024270183393522,1.066583156677587,-0.03812411717014552,0.46043897543446616,0.6928763440860215,0.5322902890325206,0.08663036899713905,0.3869349661139057,0.3842105263157895,0.024736842105263158,1.0,2.5956300965553067,0.0,0.04809551397668018,0.6772513440860215,0.6107190860215054,0.6928763440860215,0.06653225806451613,-0.015625,0.8247780950825133,0.24736842105263157,20.235167401956673,1.023766576082786,0.22771816513941218,0.5,0.75,0.85,0.6,0.1,0.9,1.0,1.0,0.4
0.09,1.0042733289203527,1.0336591809775428,-0.06071755255870426,0.13504687025731918,0.41027479091995217,0.10792667522310662,-0.01838160228642427,0.7043892189246455,0.2774725274725275,0.04450549450549451,1.0,3.1651438654273854,0.0,0.019056725097033135,0.45328554360812423,0.5746714456391876,0.4029868578255675,-0.12138590203106336,0.05029868578255675,0.4,0.44415204678362574,21.54222174655227,0.24618653065873763,0.3124273325234697,1.0,0.95,0.8,0.1,0.1,0.9,1.0,1.0,0.8
0.11,1.0172146225162841,1.1274231678487001,-0.1429471745948262,0.6066761828522551,0.8040868454661557,1.1918119479861708,-0.11892853158252242,0.028360406809562616,0.370020429009193,0.05438202247191011,1.0,3.589574716773308,0.0,0.06014138968129188,0.8173371647509579,0.6517323775388292,0.8040868454661557,0.16560478721212868,0.013250319284802137,0.1,0.16928104575163405,19.480104628684078,0.30529014384581465,0.2543811196147781,1.0,0.9,0.1,0.85,0.0,0.9,1.0,0.8,0.1
0.07,1.004196074918902,1.0,-0.04287611790997248,0.5166169698295273,0.7150537634408604,0.7875923405837133,0.22811059907834097,0.1274255259905637,0.2530721966205837,0.03462365591397849,1.0,2.822075040135484,0.023796532922201012,0.07823249386258611,0.6971326164874552,0.28754208754208754,0.7150537634408601,0.4095905289453676,-0.017921146953404965,0.1,0.2492690058479532,19.43301776935766,0.32883396402597986,0.26868259713665926,0.5,0.9,0.9,0.1,0.0,0.2,0.5,1.0,0.9
0.06,1.007234090925582,1.205479452054795,-0.05578981212128892,0.6622793169035068,0.7731014784946236,0.9543810526732585,0.26241134751773043,0.1094920562315585,0.3528368794326241,0.03,1.0,2.304051033508776,0.0,0.1063952658143235,0.719758064516129,0.384744623655914,0.7731014784946236,0.335013440860215,-0.053343413978494625,0.2,0.23347953216374262,20.66898577554696,0.07415622055174476,0.19167952482775932,0.5,0.85,0.8,0.2,0.05,0.4,0.5,1.0,0.85
0.1,1.0099312033106969,1.2333333333333334,-0.10499232426526439,0.5074853237206606,0.6092592592592593,0.9550961223478597,0.21111111111111114,0.0759448248970387,0.19722222222222222,0.05,1.0,3.253925120699809,0.0,0.07397776338598959,0.6101851851851852,0.24119082931652455,0.6018518518518519,0.3689943558686606,0.008333333333333304,0.1,0.3777777777777779,20.22980656641499,1.3127200485283455,0.19781519326822208,0.5,0.9,0.85,0.1,0.1,0.65,0.5,1.0,0.85
0.11,1.005469427540916,1.2142857142857142,-0.044370179771673485,0.8614833734630946,0.7700830140485313,1.9296701262438094,0.35291113381001016,0.013421506674386333,0.33043922369765066,0.05438202247191011,1.0,3.605021400271345,0.018307626905012937,0.1375386265704127,0.7331736909323117,0.6309353131933777,0.7700830140485313,0.10223837773893396,-0.03690932311621964,0.7,0.25898692810457535,19.944982638171993,-0.1315873746641416,0.2943686619507687,0.5,0.9,0.9,0.1,0.1,0.6,0.5,0.8,0.9
0.08,0.999172448914635,1.0,0.00974615563389207,0.3881250627592171,0.5287335722819594,0.7475691001315123,0.19021739130434778,0.1214692987828301,0.25,0.0391304347826087,1.0,3.1654077310516526,0.02559355081186771,0.07270349289195985,0.48291517323775385,0.5287037037037038,0.5287335722819594,-0.04578853046594994,-0.04581839904420554,0.7,0.25160818713450295,19.177062761073028,0.0727049741771113,0.2819836406510497,0.5,0.9,0.9,0.1,0.15,0.85,0.5,1.0,0.9
0.13,1.0092550336795605,1.1785714285714288,-0.09338858975285047,0.7236159081101335,0.6681034482758621,1.2947851766016385,0.23695844385499554,0.046226414687723726,0.23673740053050396,0.06425287356321839,1.0,3.691883966994667,0.013424621340700797,0.09239571389196168,0.7097701149425287,0.30504115226337447,0.6704022988505747,0.40472896267915426,0.039367816091954055,0.1,0.35016339869281055,19.402648157220025,0.21630225942448256,0.24320824075306716,0.5,0.85,0.85,0.2,0.1,0.65,0.5,0.8,0.85
0.08,1.001726498642313,1.2200000000000002,-0.025207697790642858,1.1636233363083945,0.8491636798088411,2.0475650994812558,0.4130434782608695,0.007552632536721671,0.35733695652173914,0.03826086956521739,1.0,3.287579651895182,0.005116906581021662,0.13243309890228866,0.7996415770609319,0.0,0.8787933094384707,0.0,-0.07915173237753881,0.0,0.07938596491228078,18.936896165716405,0.42393054896115956,0.2664067193691003,0.5,0.8,0.9,0.1,0.05,0.85,0.5,1.0,0.9
0.08,1.000964652380624,1.0526315789473681,-0.009923993238273726,0.3061279657400233,0.7545400238948625,0.24619087559413544,0.08695652173913049,0.44816640599566626,0.31929347826086957,0.04,1.0,2.824841019235265,0.0,0.0584069307136047,0.7526881720430106,0.37546296296296294,0.7903823178016726,0.3772252090800477,-0.03769414575866192,0.1,0.12543859649122824,20.436979894044626,-0.33430864499699764,0.30706694059542466,0.5,0.8,0.85,0.15,0.05,0.85,0.5,0.8,0.85
0.11,1.001176254587494,1.142857142857143,-0.015230304355531979,0.12884448129404058,0.6471583652618135,0.008356069187291062,-0.003064351378958108,0.8145256794659383,0.14121552604698673,0.05438202247191011,1.0,3.404715163891278,0.012201004559044468,0.02148680528158431,0.5864303959131545,0.47770950674176477,0.6577266922094509,0.10872088917138972,-0.07129629629629641,0.1,0.4700980392156864,20.465179209425543,-0.04172753617307867,0.2859552312100065,0.5,0.8,0.1,0.8,0.05,0.9,0.5,1.0,0.1
0.13,1.0071033025043217,1.2400000000000002,-0.06730650778346986,0.7417124131447069,0.7494252873563219,1.6864396100486247,0.28514588859416445,0.013795660238686195,0.3001768346595933,0.06126436781609195,1.0,3.720895905038755,0.0,0.1015802146818574,0.7040229885057472,0.38241652983032287,0.7494252873563219,0.3216064586754243,-0.045402298850574674,0.1,0.22990196078431369,18.554479134060642,0.16674783543344907,0.2826787944479349,0.5,0.85,0.9,0.1,0.05,0.4,0.5,1.0,0.9
0.13,1.0036589422330635,1.2419354838709677,-0.03324888384464113,0.2756463164938932,0.7080459770114942,0.7182099350595993,0.1640141467727675,0.16058320358491807,0.2539787798408488,0.06425287356321839,1.0,3.699750773037709,0.006708751414756944,0.08435824985537368,0.6689655172413792,0.584687266138879,0.7086206896551724,0.0842782511025002,-0.03965517241379324,0.7,0.2743464052287583,20.833558021053115,-0.011250907337262195,0.32745607371171104,0.5,0.9,1.0,0.0,0.0,0.2,0.5,1.0,1.0
0.09,1.001606123611691,1.1,-0.03130601976141478,0.6728566019640476,0.569295101553166,1.4040483399496146,0.3009768009768009,0.029544243712688534,0.26495726495726496,0.04450549450549451,1.0,2.610909968013043,0.010909543529294359,0.09901114078616063,0.5653524492234169,0.41463560334528077,0.5581839904420549,0.1507168458781361,0.007168458781361964,0.4,0.2986842105263158,19.879459647966634,0.6560434850876087,0.2209346223493856,0.5,0.85,0.9,0.1,0.05,0.6,0.5,1.0,0.9
0.08,1.0033934252386,1.0714285714285716,-0.04046339890828271,0.9550471928747084,0.6526284348864994,1.522366341747713,0.3125,0.02703526772368515,0.24999999999999997,0.0391304347826087,1.0,3.3505335311999995,0.010231410504140719,0.10471856374598684,0.6892473118279571,0.0,0.6562126642771804,0.0,0.033034647550776675,0.0,0.3019005847953218,19.531954355467743,0.486909414698828,0.2901024814517316,0.5,0.8,0.9,0.2,0.1,0.85,0.5,1.0,0.8
0.08,1.0028908418131357,1.078125,-0.0465105847444276,0.10553488628809976,0.4644563918757467,0.36512122042862083,0.11413043478260865,0.3162050350188248,0.19565217391304346,0.04,1.0,3.2516844575204455,0.0,0.056162215760202944,0.4505376344086021,0.28541666666666665,0.4680406212664277,0.16512096774193546,-0.017502986857825586,0.1,0.4719298245614034,20.755048085202915,0.14765642182065664,0.2664067193691003,0.5,0.85,0.75,0.2,0.1,0.4,0.5,1.0,0.8
0.12,1.009030228510292,1.1486486486486485,-0.09163200598643928,0.8686863969959503,0.5442049808429119,1.4678621342269038,0.27462121212121204,0.02433830504932703,0.19223484848484848,0.06,1.0,3.7676690234980534,0.0,0.08971689194248303,0.5473180076628352,0.3890716316189063,0.5499521072796935,0.15824637604392894,-0.002634099616858232,0.1,0.2936274509803922,22.10114094778509,0.32291984593966516,0.23443166662520976,0.5,0.9,0.9,0.1,0.05,0.4,0.5,1.0,0.9
0.08,1.0063203852125053,1.0615384615384618,-0.0725212581647684,0.9034565354129089,0.7235961768219833,1.338688743780321,0.3097826086956522,0.03948887497027841,0.25271739130434784,0.0391304347826087,1.0,3.2373420670101645,0.015346330608750383,0.10184643927270746,0.6866188769414577,0.5683269476372924,0.7235961768219833,0.11829192930416532,-0.03697729988052556,0.2,0.30804093567251467,20.68871024437949,0.9313696261404516,0.19916607054937313,0.5,0.9,0.9,0.1,0.0,0.2,0.5,0.8,0.9
0.1,1.0059544750983032,1.098214285714286,-0.0643921598248205,0.7211727045595674,0.7643518518518518,1.1655304484534472,0.23888888888888893,0.04397689817948623,0.275,0.05,1.0,3.6929458086055784,0.0,0.09690612446493822,0.7018518518518518,0.5930292918057101,0.7643518518518518,0.10882256004614177,-0.0625,0.7,0.2694444444444445,18.22677835473918,0.35054726801815717,0.22355817836913108,0.5,0.85,0.9,0.1,0.05,0.3,0.5,0.8,0.9
0.15,1.0029421379535797,1.2592592592592589,-0.05257423481441881,0.04511041378361232,0.5203201970443351,0.28573522234322635,0.07647058823529407,0.4211259876091521,0.18529411764705883,0.07411764705882352,1.0,4.134149718816446,0.0072963369408429275,0.05324756533303118,0.532512315270936,0.8048941798941799,0.5300082101806239,-0.2723818646232439,0.00250410509031207,0.1,0.415686274509804,19.851150197604998,0.6245797640597424,0.24521420950559272,0.5,0.85,0.8,0.2,0.05,0.85,0.5,0.8,0.8
0.12,1.0006514984464268,1.2660550458715598,-0.01635234905110239,0.47846595799374625,0.7097701149425287,0.8708024744508429,0.19128787878787878,0.09165551805197512,0.26325757575757575,0.06,1.0,3.5788126087302525,0.0,0.08789247451697665,0.6481800766283525,0.5088761174968072,0.7097701149425287,0.13930395913154536,-0.0615900383141762,0.7,0.3990196078431374,20.411534524861633,-0.20876019691511383,0.3439414160374818,0.5,0.85,0.8,0.2,0.1,0.85,0.5,0.8,0.8
0.09,1.0048742479063277,1.090909090909091,-0.036898102729627125,0.9948534357701306,0.6905615292712067,1.5915147231831408,0.3131868131868132,0.019870619505400425,0.32020757020757024,0.04351648351648352,1.0,2.983758110184651,0.02183893831245518,0.1156198572783212,0.7001194743130227,0.40098566308243727,0.6905615292712067,0.2991338112305854,0.009557945041815952,0.2,0.28230994152046773,19.65975812414233,-0.413793642526636,0.2867706778499049,0.5,0.9,0.85,0.2,0.15,0.65,0.5,1.0,0.85
0.1,1.0047241619768803,1.1320754716981138,-0.04710973050383063,0.20136213327934255,0.4694444444444444,0.042188336026243625,-0.016666666666666607,0.8053089578998283,0.14166666666666666,0.05,1.0,3.4632168245234842,0.0,0.021608680078702855,0.46388888888888885,0.4305555555555555,0.4694444444444444,0.033333333333333326,-0.005555555555555536,0.7,0.5805555555555555,19.932261148802475,0.25275250879203437,0.3170520754166312,0.5,0.8,0.2,0.8,0.1,0.95,0.5,1.0,0.2
0.14,1.0088700438187255,1.3666666666666658,-0.08308171322781838,0.7948218276525789,0.7569786535303776,1.2750508791919364,0.24003322259136206,0.043892312303314494,0.28446843853820597,0.07,1.0,4.002312999250979,0.0,0.09302495470280356,0.7201149425287356,0.4156388736848507,0.7569786535303776,0.30447606884388495,-0.036863711001641986,0.4,0.3251633986928105,21.149784779363713,-0.12648577046629894,0.2931366359402576,1.0,0.75,0.85,0.65,0.05,0.85,0.5,1.0,0.45
0.12,1.0104239054899233,1.0166666666666668,-0.10022625010410602,0.29746488929718395,0.6471743295019157,0.6258844795069846,0.1515151515151516,0.17118819255612017,0.22821969696969696,0.05863636363636364,1.0,3.896214308985255,0.025674180695937198,0.06436601924277076,0.5586206896551724,0.7769722089799954,0.6529214559386972,-0.218351519324823,-0.0943007662835248,0.2,0.29885620915032673,19.677777473343582,0.08785617006381452,0.2973518888443784,0.5,0.85,0.85,0.15,0.1,0.65,0.5,1.0,0.85
0.12,1.0026289087722535,1.2448979591836742,-0.07229653313828122,0.3302529655195015,0.6742337164750958,0.7478709955273996,0.16856060606060608,0.11854791690930745,0.22537878787878787,0.057272727272727274,1.0,3.714373317436184,0.0,0.061971849575488396,0.6307471264367815,0.5362669279799425,0.6796934865900384,0.09448019845683908,-0.04894636015325682,0.1,0.311111111111111,18.990184570978897,1.9240508784953274,0.18173615517029668,0.5,0.85,0.75,0.25,0.1,0.65,0.5,1.0,0.75
0.08,1.0029213445798801,1.1095890410958906,-0.02046937236567517,0.5475467818874702,0.31714456391875745,0.3375346216589515,-0.11413043478260865,0.5694190054807273,0.18206521739130435,0.0391304347826087,1.0,2.455652593985078,0.015343560462947433,0.05466942239524389,0.3577060931899641,0.2896057347670251,0.32455197132616487,0.06810035842293899,0.033154121863799235,1.0,0.4704678362573099,19.270509544874635,-0.568923001238193,0.3159426717112412,0.5,0.8,0.9,0.1,0.0,0.85,0.5,0.8,0.9
0.08,1.004988107949749,1.1739130434782608,-0.042592246238974785,0.4786735413901824,0.8140979689366786,0.7868452277789618,0.2119565217391305,0.12349165551639801,0.36684782608695654,0.03826086956521739,1.0,3.1313243030784443,0.005115782234956667,0.10495708411743347,0.7387096774193548,0.31067821067821066,0.8176821983273598,0.4280314667411441,-0.078972520908005,0.1,0.1505847953216375,19.931636117892143,-0.5466151108840966,0.3345676608134979,0.5,0.85,0.8,0.2,0.15,0.85,0.5,1.0,0.8
0.11,1.0105851902697296,1.4193548387096775,-0.09721873954843985,0.2980838236971518,0.5267560664112388,0.7237411198953483,0.17211440245148113,0.18846916076763298,0.1810520939734423,0.05314606741573034,1.0,3.7287513825359886,0.0244412671353663,0.06479593731488163,0.554757343550447,0.6572414708615426,0.5295338441890166,-0.10248412731109557,0.025223499361430424,0.4,0.36013071895424853,20.21605888556485,0.005135850995196645,0.21225173518733406,0.5,0.9,0.9,0.1,0.0,0.2,0.5,1.0,0.9
0.1,1.009342950181077,1.1376146788990826,-0.07087769195023069,0.6007683612666426,0.7305555555555556,1.0855275004083453,0.23888888888888893,0.05878660181664679,0.3555555555555555,0.05,1.0,3.111002033233883,0.0,0.11032372376762617,0.7777777777777778,0.37884024577572967,0.7305555555555556,0.3989375320020481,0.047222222222222165,0.1,0.15555555555555545,19.016966979041253,-0.12853255605919323,0.2516641727248349,0.5,0.85,0.9,0.1,0.05,0.9,0.5,1.0,0.9
0.1,1.00578066699454,1.0999999999999999,-0.04300845987073598,0.18382325406768713,0.6296296296296297,0.40550688444321215,0.12222222222222223,0.3567570685379391,0.13611111111111113,0.04666666666666667,1.0,3.261924226243151,0.02319615960914391,0.06671551980423698,0.6175925925925926,0.4056049216779504,0.6324074074074074,0.21198767091464216,-0.014814814814814836,0.7,0.6444444444444445,18.31144400698145,-0.481613028774349,0.2993480947871813,0.5,0.8,0.9,0.1,0.05,0.4,0.5,1.0,0.9
0.16,1.0145308781159965,1.0781249999999998,-0.11857698848429604,0.15511670118896814,0.5339285714285714,0.14790881702650774,0.04166666666666663,0.5255544524131079,0.15848214285714285,0.07809523809523809,1.0,3.927655376776505,0.007588844853107168,0.03063470754415975,0.5638888888888888,0.4167695473251029,0.5386904761904762,0.14711934156378587,0.02519841269841261,0.1,0.5717830882352941,21.78876158006417,-0.28075294724962285,0.33389083977967215,0.5,0.85,0.1,0.9,0.05,0.95,0.5,1.0,0.1
0.1,1.0021539810525915,1.1884057971014494,-0.032881274544109385,0.03285644045550036,0.6726851851851853,0.13151514450855384,0.0444444444444444,0.6537007223589357,0.26666666666666666,0.04888888888888889,1.0,3.3453386298575722,0.0231490552168146,0.062162978196223996,0.7166666666666668,0.2724931318681319,0.6652777777777777,0.4441735347985349,0.05138888888888904,0.1,0.24444444444444458,19.806641467771755,-0.3116412199205323,0.3358459770890317,0.5,0.85,0.9,0.1,0.15,0.6,0.5,1.0,0.9
0.06,1.004496267452617,1.0967741935483868,-0.04660155209172667,0.26998527578104065,0.514700940860215,0.4631349162340983,-0.17553191489361697,0.4152920060797357,0.2677304964539007,0.0274468085106383,1.0,2.776887995413575,0.008774267284924434,0.07798353484688475,0.48202284946236557,0.8125,0.5094926075268816,-0.33047715053763443,-0.02746975806451607,0.2,0.2576023391812866,18.312577041183037,0.3396275648860816,0.18064875064589928,0.5,0.9,0.9,0.1,0.05,0.3,0.5,0.8,0.9
0.17,1.019056975450038,1.471698113207548,-0.178085351628674,0.11226622799563217,0.7663212815990593,0.5038465110531483,0.1133947554925584,0.26338765462974156,0.3134301913536499,0.08397590361445784,1.0,4.162211575968218,0.007869740964697237,0.08082298967142931,0.7556437389770724,0.5556366437592491,0.7583847736625514,0.20000709521782323,-0.002741034685479038,0.2,0.2297181372549021,20.12275735306718,0.8836971310892681,0.24594860184785813,0.5,0.85,0.8,0.3,0.1,0.85,0.5,0.8,0.8
0.07,1.0013884052756572,1.1333333333333333,-0.021642686324515603,0.008300168372817524,0.6460573476702509,0.34254569264580986,0.12442396313364057,0.4504815889114715,0.1328725038402458,0.03387096774193549,1.0,2.77047438251785,0.01427650204639331,0.06789275725898268,0.5913978494623655,0.0,0.6478494623655914,0.0,-0.05645161290322587,0.0,0.5994152046783627,19.93524092733708,0.447178946312063,0.22656874134903288,0.5,0.85,0.9,0.1,0.1,0.4,0.5,0.8,0.9
0.15,1.0152474944662284,1.4237288135593225,-0.11869157213018583,0.352306366677711,0.6188834154351396,0.8225373505739791,0.16078431372549018,0.09544299276918343,0.26372549019607844,0.07411764705882352,1.0,3.7719024961783094,0.007296535049068184,0.06018473293817992,0.5789819376026273,0.47160493827160493,0.6165024630541872,0.10737699933102235,-0.03752052545155993,0.1,0.315686274509804,20.365317141691516,-0.21054317412414347,0.2859821417468397,0.5,0.8,0.85,0.4,0.05,0.9,0.5,0.8,0.75
0.19,1.000233654524457,1.403508771929825,0.012629335581993278,0.07435863842383918,0.6324221046443269,0.45715144295337484,0.11013645224171542,0.3410798311631906,0.20630279402209226,0.09382716049382717,1.0,4.366209190703263,0.008430659109921922,0.07144469048583937,0.6241916519694298,0.3938135938135938,0.6400646678424456,0.230378058155836,-0.015873015873015817,0.1,0.3660539215686275,20.74729049313749,-0.5150101350755767,0.40518201526154035,0.5,0.9,1.0,0.0,0.05,0.3,0.5,1.0,1.0
0.15,1.0176064332571797,1.1076923076923078,-0.12551342178417252,0.5178838446693632,0.6153940886699507,1.075745465604404,0.19215686274509802,0.05661146275657311,0.22941176470588237,0.07411764705882352,1.0,3.969286734924651,0.021911894208424116,0.08054781246809553,0.6966338259441708,0.4354132457580733,0.6392857142857143,0.2612205801860975,0.057348111658456435,0.1,0.25490196078431393,19.208957363898524,0.021075727722282167,0.2859821417468397,0.5,0.85,0.85,0.15,0.15,0.65,0.5,1.0,0.85
0.1,1.0062003119175322,1.1140350877192986,-0.07238807454433549,0.16576624728195774,0.5819444444444444,0.4497704118880811,0.12222222222222223,0.24329661267073555,0.23055555555555557,0.04888888888888889,1.0,3.074152370222567,0.0,0.056975699305142964,0.5555555555555555,0.5329316524533433,0.5819444444444444,0.022623903102212184,-0.026388888888888906,0.8247780950825133,0.38888888888888906,20.574272158965858,0.8640091368431841,0.22355817836913108,0.5,0.8,0.85,0.15,0.1,0.95,0.5,0.8,0.9
0.05,1.0035655589985977,1.0724637681159417,-0.030663888017836816,0.33909700991308794,0.553763440860215,0.5045182416981823,0.20000000000000007,0.27389019394812897,0.3105263157894737,0.024210526315789474,1.0,2.170964938615533,0.003977520842119137,0.0913767469390672,0.6221438172043011,0.0,0.553763440860215,0.0,0.06838037634408611,0.0,0.38421052631578956,19.592498668734883,-0.22411760473337372,0.27692851701643645,0.5,0.85,0.85,0.15,0.0,0.2,0.5,1.0,0.85
0.11,1.007232861756812,1.207547169811321,-0.0605066751607275,0.8619260215020379,0.6549648786717752,1.5720805562464342,0.30796731358529106,0.02078700795408179,0.2433605720122574,0.05314606741573034,1.0,3.4647639313624246,0.006102781357087191,0.10332744941521124,0.6634418901660281,0.3687739463601533,0.6607120051085569,0.29466794380587474,0.002729885057471182,0.2,0.23856209150326801,18.8247435588201,-0.02973141450531047,0.2859552312100065,0.5,0.85,0.85,0.15,0.05,0.4,0.5,1.0,0.85
0.1,1.0053304065175193,1.0555555555555556,-0.047207864941151256,0.1660721080924971,0.6074074074074073,0.4677157181516835,0.13333333333333341,0.259441538729413,0.2361111111111111,0.05,1.0,3.425846284229399,0.0,0.06425330383277005,0.6166666666666666,0.7623015873015873,0.6148148148148148,-0.14563492063492067,0.0018518518518517713,1.0,0.3777777777777779,21.14133662086978,0.28064225048143854,0.2516641727248349,0.5,0.8,0.3,0.8,0.05,0.9,0.5,1.0,0.3
0.07,1.0017480446034541,1.0434782608695654,-0.006485590408146627,0.6095889227427598,0.4874551971326165,0.3290090484043425,0.11904761904761907,0.4598637215770731,0.22196620583717358,0.03462365591397849,1.0,2.8582133912181655,0.009513833088683237,0.051423299607574115,0.4498207885304659,0.32175179211469535,0.485663082437276,0.12806899641577058,-0.035842293906810097,0.4,0.37763157894736854,19.468202072488914,-0.5558252057705939,0.2842857965034611,0.5,0.8,0.3,0.7,0.05,0.9,0.5,1.0,0.3
0.14,1.014020653177735,1.2692307692307694,-0.09617949333356612,0.2485625207720181,0.5574712643678161,1.059314204571893,0.20514950166112955,0.0670000721932263,0.22840531561461794,0.06837209302325581,1.0,4.027585435749755,0.0,0.07766548736626133,0.5247947454844007,0.6118226600985222,0.5517241379310345,-0.0870279146141214,-0.026929392446633726,0.4,0.3431372549019608,20.067640618020352,-0.32461056249879805,0.2845135637984511,0.5,0.85,0.9,0.1,0.05,0.4,0.5,1.0,0.9
0.11,1.0057185088041851,1.2602739726027403,-0.05130591641263316,0.7559674685230987,0.7303480204342273,1.5863259841411275,0.30234933605720116,0.018970826499759917,0.3638917262512768,0.05438202247191011,1.0,3.358281561001167,0.012198250087600298,0.12017054971905483,0.7208492975734355,0.4025537634408602,0.7303480204342273,0.31829553413257533,-0.009498722860791786,0.2,0.1370915032679736,20.359941406989428,-0.3112838805410414,0.34017839181328113,0.5,0.85,0.75,0.3,0.1,0.65,0.5,0.8,0.75
0.12,1.006996963932747,1.1249999999999996,-0.06012787714408785,0.8953450098059699,0.7103927203065133,1.7048871822288052,0.27462121212121204,0.011074754605167646,0.3210227272727273,0.05863636363636364,1.0,3.7309233033795177,0.012824388406235102,0.10879236661760255,0.696551724137931,0.3109523556123173,0.7103927203065133,0.38559936852561366,-0.013840996168582365,0.1,0.1926470588235295,19.921562272172466,-0.02192289727521768,0.3340717404545705,0.5,0.85,0.6,0.7,0.0,0.9,0.5,1.0,0.6
0.07,1.0031345045563718,1.1147540983606563,-0.034160542820419804,0.4800586884712978,0.689068100358423,0.6616076901235423,0.21198156682027647,0.18614634724830847,0.2872503840245776,0.03387096774193549,1.0,2.435648430788177,0.004757116768722803,0.08954258836172195,0.7150537634408604,0.44302170762126264,0.689068100358423,0.2720320558195977,0.025985663082437327,0.2,0.2359649122807017,19.905932544350655,0.3603095002337362,0.23315535083499683,0.5,0.9,0.85,0.15,0.05,0.4,0.5,1.0,0.85
0.11,1.005327838402382,1.2352941176470593,-0.04190002812413074,0.36775679420954405,0.5646232439335886,0.3021194057325279,0.0873340143003064,0.4239287495339873,0.31307456588355465,0.05438202247191011,1.0,3.792942236939005,0.006098978193703968,0.05173485822007429,0.6213920817369093,0.6167305236270754,0.5720306513409962,0.00466155810983393,0.04936143039591312,1.0,0.12205882352941178,21.735579722542543,-0.4916405005359046,0.3605495687732355,0.5,0.9,0.9,0.1,0.15,0.85,0.5,1.0,0.9
0.07,1.0080315407368057,1.2307692307692308,-0.06191146887364868,0.6039533401982057,0.7544802867383513,1.044458799386057,0.272657450076805,0.09259962552058425,0.34907834101382484,0.03462365591397849,1.0,2.8655812665715548,0.0,0.1124699919549855,0.7043010752688171,0.31098246087122616,0.7652329749103943,0.39331861439759097,-0.06093189964157719,0.1,0.11111111111111116,20.984343512714318,-0.12095748893500069,0.22013601174053507,0.5,0.85,0.9,0.1,0.2,0.8,0.5,1.0,0.9
0.11,1.0133900973187937,1.153846153846154,-0.11675756886731348,0.5391201450883051,0.6056673052362708,1.0259285454748124,0.19560776302349336,0.10456101779804257,0.20582226762002043,0.05314606741573034,1.0,3.2114357698254836,0.012208616593076106,0.06958154954744421,0.5858237547892721,0.49779384501297735,0.5999201787994891,0.08802990977629471,-0.014096424010217046,0.4,0.2964052287581699,18.227813413698822,0.7595779657647834,0.23261459824381364,0.5,0.9,0.85,0.2,0.05,0.9,0.5,0.8,0.85
0.05,1.0015075832382252,1.105263157894737,-0.016273909880667625,0.27026125650548827,0.3161962365591398,0.38882527708217407,0.15263157894736845,0.3311318780909267,0.24999999999999997,0.024210526315789474,1.0,2.645901164925268,0.011935397141282287,0.07256388054481583,0.30510752688172044,0.6125631313131313,0.29469086021505375,-0.3074556044314109,0.010416666666666685,0.1,0.5684210526315789,18.678604900839296,0.05119431081600645,0.22771816513941218,0.5,0.85,0.8,0.2,0.1,0.6,0.5,1.0,0.8
0.06,1.0032742679801692,1.0499999999999998,-0.03726828161940615,0.1795222207316106,0.4899193548387097,0.04762266946008142,0.023049645390070927,0.7797805367197419,0.26329787234042556,0.03,1.0,2.7750795468587435,0.0,0.03813593688138006,0.4831989247311828,0.42847833170413824,0.4899193548387097,0.05472059302704457,-0.006720430107526876,1.0,0.33172514619883053,19.08673674014404,0.3073376663947518,0.26229102424777784,0.5,0.85,0.75,0.25,0.1,0.85,0.5,1.0,0.75
0.11,1.008606562061027,1.058823529411765,-0.07028415181348896,0.7139362923040137,0.6602011494252874,1.5127403475416332,0.26864147088866186,0.03154215047722548,0.23723186925434117,0.05438202247191011,1.0,3.6083695635125905,0.0,0.09779708605338379,0.6879948914431672,0.5518539117538005,0.6601053639846742,0.13614097968936667,0.027889527458492935,0.1,0.29738562091503273,20.875156566545556,0.24808381623007758,0.23261459824381364,0.5,0.85,0.9,0.1,0.05,0.5,0.5,0.8,0.9
0.08,1.005962421236056,1.0267857142857142,-0.06915988021607178,0.006856550133934702,0.47574671445639183,0.34770495350540287,0.11141304347826086,0.4222568137566597,0.20652173913043478,0.0391304347826087,1.0,3.1140990382034213,0.0,0.05609459698959185,0.5274790919952209,0.0,0.47574671445639183,0.0,0.05173237753882909,0.0,0.4739766081871344,19.216265270885245,0.9696138420587528,0.19323536504473196,0.5,0.8,0.85,0.15,0.1,0.6,0.5,0.8,0.85
0.1,1.002770309919893,1.0,-0.02445955728877426,0.9965209362179899,0.8194444444444445,2.1675505040978775,0.3944444444444444,0.006979546616410725,0.34444444444444444,0.04777777777777778,1.0,3.2528735071875667,0.005785973331605679,0.1454516207547803,0.8388888888888889,0.7005237560793116,0.8222222222222223,0.1383651328095773,0.016666666666666607,0.4,0.09444444444444444,19.645926081184985,0.014564364369260119,0.29086645455863797,0.5,0.9,0.9,0.1,0.05,0.4,0.5,1.0,0.9
0.06,0.9994749880413946,1.0526315789473686,0.014777088600906207,0.25071402928482744,0.4124663978494623,0.4185670202155296,0.14184397163120566,0.2855327645205794,0.2278368794326241,0.028085106382978724,1.0,2.928506387101465,0.008768452415285066,0.06319092028085023,0.4494287634408602,0.0,0.3694556451612903,0.0,0.07997311827956988,0.0,0.3114035087719299,18.522061413619703,0.11416517780432489,0.21522828189988485,0.5,0.85,0.85,0.1,0.1,0.6,0.5,1.0,0.85
0.14,1.0062164189696072,1.2244897959183676,-0.08438556404833109,0.5684102347595754,0.6419950738916256,1.1358429497336922,0.21096345514950166,0.07507667654981248,0.24750830564784052,0.06837209302325581,1.0,3.8531598359361765,0.021046038685847125,0.08481887448305502,0.6398193760262725,0.3062628600823046,0.6477422003284072,0.3335565159439679,-0.007922824302134757,0.1,0.326797385620915,18.597164315798018,0.3510830798923119,0.24438212991570554,0.5,0.9,0.85,0.2,0.05,0.6,0.5,1.0,0.85
0.1,1.0010758016061136,1.2399999999999998,-0.02102867342970094,1.0121778569321822,0.8240740740740741,1.9849904301974441,0.3666666666666666,0.010252488089927621,0.4111111111111111,0.04777777777777778,1.0,3.4266265647862766,0.011576446997623424,0.12836800835825435,0.8175925925925925,0.5251828631138976,0.812037037037037,0.2924097294786949,0.005555555555555536,0.1,0.0972222222222221,19.070363326278333,0.4369486740228612,0.2745779676034576,0.5,0.85,0.8,0.2,0.1,0.65,0.5,1.0,0.8
0.13,0.9965211253940787,1.1875,0.009617739774084644,0.39588637244682573,0.6658045977011494,0.4539053616872583,0.11405835543766585,0.2410978114635398,0.3183023872679045,0.06425287356321839,1.0,3.6283433572104373,0.026868774504395686,0.06879861114998458,0.628735632183908,0.5516420361247948,0.6732758620689655,0.07709359605911326,-0.04454022988505746,0.4,0.2508169934640525,21.041295585938947,-0.4045383546123018,0.36819677272583,0.5,0.8,0.85,0.15,0.05,0.85,0.5,0.8,0.85
0.13,0.996863897246697,1.1923076923076927,0.01839632233926048,0.056060124672579696,0.4396551724137931,0.15151518706403405,0.04509283819628651,0.5204498163198357,0.1282051282051282,0.06425287356321839,1.0,3.6078712920812404,0.0,0.030698919359267562,0.4545977011494253,0.5157687991021324,0.4597701149425287,-0.06117109795270703,-0.005172413793103348,0.4,0.5052287581699346,20.003209649037547,0.10610870302980757,0.2911657513742897,1.0,0.8,0.2,0.8,0.05,0.2,0.5,1.0,0.2
0.13,1.0053327748849357,1.4347826086956528,-0.06470597472210027,0.4216045787857596,0.6275862068965518,0.9478978791883951,0.19672855879752427,0.0759560742193568,0.1843501326259947,0.06425287356321839,1.0,3.68154434096948,0.026870640766233727,0.06575282308071519,0.6040229885057472,0.29989711934156377,0.6333333333333334,0.30412586916418344,-0.02931034482758621,0.1,0.3712418300653596,18.889345159839635,0.164657496202961,0.2584412095386802,1.0,0.9,0.9,0.1,0.0,0.4,1.0,0.8,0.9
0.08,0.9991313836911814,1.0312500000000002,0.007499090997286233,0.5290812550529176,0.6327359617682199,0.8479233774713912,0.2282608695652174,0.110316320938571,0.2391304347826087,0.04,1.0,2.895206965942232,0.0,0.09098055051916518,0.6313022700119474,0.2800477897252091,0.6327359617682199,0.3512544802867383,-0.0014336917562725038,0.1,0.38596491228070173,20.56452107999436,0.09956525251251547,0.25892538487318395,0.5,0.9,0.85,0.1,0.2,0.85,0.5,1.0,0.85
0.1,1.0006471737775493,1.2040816326530608,-0.023766949349779687,0.563910366289896,0.7708333333333334,1.2107157883306356,0.26111111111111107,0.05329400643302178,0.3583333333333334,0.04777777777777778,1.0,3.0781886505609304,0.0,0.11619712020882057,0.7652777777777778,0.43136200716845874,0.774537037037037,0.3339157706093191,-0.00925925925925919,0.1,0.22499999999999987,19.729646114723685,1.1678569501238796,0.22355817836913108,0.5,0.85,0.9,0.1,0.15,0.65,0.5,0.8,0.85
0.05,1.0018993520901749,1.0357142857142856,-0.02167836829398906,0.19779009519853818,0.3209845430107527,0.41645923866034823,0.1578947368421053,0.304567120758538,0.2763157894736842,0.024210526315789474,1.0,2.637848457305907,0.003977771944836205,0.06856796115507477,0.3654233870967742,0.0,0.341817876344086,0.0,0.023605510752688186,0.0,0.16842105263157903,18.70046311381798,0.4282507080408742,0.24082371730015503,0.5,0.85,0.8,0.2,0.0,0.2,0.5,1.0,0.8
0.08,1.004559517993812,1.137931034482759,-0.052685714380694026,0.4106695440489415,0.458363201911589,0.6812984884213733,0.18206521739130432,0.17547636888056384,0.19293478260869562,0.04,1.0,2.8633519926552897,0.0,0.07188676298703867,0.4645161290322581,0.7335125448028674,0.45872162485065715,-0.26899641577060934,0.005794504181600935,0.1,0.3483918128654969,20.475049904397174,0.11527153181727412,0.27408908860179315,0.5,0.85,0.8,0.2,0.2,0.7,0.5,0.8,0.8
0.05,1.001654267362876,1.025,-0.024915545075288703,0.32263721626131414,0.512684811827957,0.30080376383807594,0.13157894736842113,0.43480118261032796,0.21842105263157893,0.024736842105263158,1.0,2.3210519311349342,0.007954420037831872,0.07851367420544614,0.3684475806451613,0.7083333333333334,0.469674059139785,-0.33988575268817206,-0.10122647849462368,0.1,0.5315789473684212,20.776672084043728,0.31510975295288945,0.19205932419806082,0.5,0.9,0.9,0.1,0.05,0.3,0.5,1.0,0.9
0.08,1.0069224180749419,1.1176470588235292,-0.06937777190451033,0.22862023359785835,0.5309438470728792,0.0712294570931785,-0.029891304347826053,0.8433988736003739,0.18478260869565216,0.0391304347826087,1.0,3.323367109723035,0.005113674159995664,0.03509655234750726,0.5221027479091994,0.3547892720306513,0.5198327359617682,0.1673134758785481,0.0022700119474312608,0.7,0.43991228070175425,19.577454194028803,0.5922326555232482,0.19323536504473196,0.5,0.8,0.9,0.1,0.0,0.4,0.5,1.0,0.9
0.07,1.0048319976231832,1.1071428571428572,-0.04845572599412884,0.44451606781588754,0.6729390681003583,0.6347297398185557,0.18509984639016897,0.16982264890958598,0.2622887864823349,0.033118279569892474,1.0,3.1048856622688024,0.004759478462612322,0.08413291073590666,0.600358422939068,0.0,0.6657706093189963,0.0,-0.0654121863799283,0.0,0.316812865497076,17.814274088712924,0.3627710072562311,0.19004985107727812,0.5,0.9,0.9,0.1,0.05,0.3,0.5,1.0,0.9
0.08,1.0032664455460505,1.2105263157894735,-0.04110380539008318,0.4539574713048017,0.4916965352449223,0.46181705395128214,-0.1467391304347826,0.4560543543569099,0.2404891304347826,0.04,1.0,2.9653191758167625,0.0,0.06386476395238265,0.5105137395459975,0.618499721913237,0.4970728793309438,-0.10798598236723944,0.013440860215053752,1.0,0.31374269005847955,19.564013644340456,0.7596402252782797,0.20522223011389848,0.5,0.85,0.8,0.2,0.1,0.85,0.5,1.0,0.8
0.13,1.0000561960463918,1.169811320754717,-0.012591911877938733,0.6473422193760191,0.792241379310345,1.3976405128232599,0.25243147656940756,0.03291706179037268,0.3012820512820513,0.06425287356321839,1.0,3.412084556586946,0.006709883290948954,0.10781594479061782,0.7459770114942529,0.4236081242532855,0.7922413793103448,0.3223688872409674,-0.04626436781609189,0.1,0.231045751633987,20.782127368032363,-0.14426139391255877,0.34720214942900746,1.0,0.85,0.9,0.1,0.05,0.7,0.5,0.8,0.85
0.07,1.0000564533770715,1.2363636363636363,-0.007913525953436279,0.8626385174609222,0.8037634408602151,1.2820003418600232,0.30645161290322576,0.042372757669177905,0.4051459293394777,0.03462365591397849,1.0,2.849841061940007,0.009512775003166439,0.1251866895077913,0.8064516129032259,0.6561155913978495,0.803763440860215,0.1503360215053764,0.0026881720430108613,0.4,0.17573099415204685,19.550729389374265,-0.2361540434682481,0.3184291442125138,1.0,0.8,0.9,0.8,0.05,0.9,0.5,1.0,0.5
0.13,1.008696289644176,1.1836734693877555,-0.08179613868984359,0.03007119488322706,0.4945402298850574,0.09363944029787447,0.03138815207780721,0.799038286039521,0.1253315649867374,0.06425287356321839,1.0,3.662034412342672,0.013426807701781611,0.02417329507052353,0.44540229885057464,0.4313765736179529,0.4916666666666667,0.014025725232621744,-0.046264367816092056,1.0,0.4294117647058824,19.822424309453705,0.29953019641541134,0.32745607371171104,1.0,0.8,0.9,0.1,0.1,0.15,1.0,0.8,0.9
0.11,1.0057646809412764,1.2000000000000002,-0.04272731000786299,1.16490258681556,0.8155172413793105,1.3751636311875457,0.27936670071501535,0.03769967809518337,0.28217568947906024,0.05314606741573034,1.0,3.280791236211138,0.006101365822916682,0.10204875666889288,0.7781928480204342,0.5711047254150703,0.8155172413793105,0.2070881226053639,-0.03732439335887627,0.2,0.2465686274509804,18.446539832892338,-0.10756100953170034,0.2859552312100065,0.5,0.85,0.9,0.1,0.1,0.85,0.5,1.0,0.9
0.11,1.0056784726199217,1.3333333333333335,-0.07595954721064568,0.24762039549669418,0.7275223499361431,0.4969032004177979,0.13278855975485193,0.23839230382978516,0.29315628192032683,0.050674157303370784,1.0,3.865686317671421,0.006114067241309068,0.0711339046121103,0.6410280970625798,0.4315535780496848,0.7275223499361431,0.209474519012895,-0.08649425287356327,0.7,0.23774509803921573,18.864402631191126,0.6553286723311809,0.2619833880203319,0.5,0.9,0.9,0.1,0.15,0.85,0.5,1.0,0.9
0.11,1.0030830867138745,1.132075471698113,-0.06491905961619637,0.38301207029299017,0.5005747126436781,0.6004127421659483,0.14964249233912164,0.1737509288142376,0.21705822267620017,0.05438202247191011,1.0,3.5635578281940212,0.018305861931698475,0.05730924143431539,0.4990102171136654,0.4784163473818646,0.49224137931034484,0.020593869731800774,0.006768837803320549,0.7,0.3964052287581701,19.305373942618324,2.271622993542441,0.1750832335645615,0.5,0.85,0.8,0.2,0.1,0.65,0.5,1.0,0.8
0.07,1.0019538271356037,1.111111111111111,-0.015243199052801339,0.15091906080700004,0.4014336917562724,0.09454660563217705,0.04070660522273428,0.75952966752776,0.17127496159754224,0.033118279569892474,1.0,2.6342510555914362,0.009519529935237397,0.04044204614578574,0.43010752688172044,0.315948275862069,0.4068100358422939,0.11415925101965146,0.02329749103942652,0.37582508748869836,0.21520467836257318,18.43623346195525,-0.4929049336541116,0.2924323928798953,0.5,0.85,0.9,0.1,0.05,0.3,0.5,1.0,0.9
0.14,1.0029458584158235,1.274193548387097,-0.03448530071995337,0.885344229468077,0.7155993431855502,1.0843700132827332,0.20598006644518263,0.08150868840477367,0.3525747508305648,0.07,1.0,3.9507486916496473,0.0,0.09834302568592453,0.6912972085385878,0.5602956989247311,0.7155993431855502,0.1310015096138567,-0.024302134646962403,0.1,0.1702614379084968,20.223097687835683,-0.5439338298754754,0.3398517136881799,0.5,0.85,0.9,0.1,0.05,0.45,0.5,1.0,0.9
0.14,1.0103279938218888,1.4339622641509437,-0.10015520822163226,0.10601064349618268,0.4283251231527094,0.6286976450094427,0.14036544850498334,0.2105415425649283,0.13372093023255816,0.06511627906976744,1.0,3.899482234722651,0.007024270960270409,0.06236371914718308,0.45348932676518877,0.42992216117216114,0.43292282430213463,0.023567165593027628,0.020566502463054137,0.7,0.5604575163398692,20.08250010383691,0.15824841339929607,0.23689026603421945,0.5,0.85,0.9,0.1,0.05,0.4,0.5,1.0,0.9
0.12,1.0105936630253998,1.1192660550458715,-0.08000185616291505,0.37830797188739995,0.7130747126436782,0.7319987352551014,0.16856060606060608,0.12800050355286263,0.3172348484848485,0.06,1.0,3.672901150879408,0.0,0.09192930462055068,0.7271072796934867,0.6655572623314558,0.7043582375478928,0.06155001736203081,0.022749042145593812,0.7,0.2227124183006537,19.10212244117658,-0.1664049150287812,0.26437044126979425,0.5,0.85,0.9,0.1,0.05,0.9,0.5,0.8,0.9
0.14,1.0050511660138415,1.372549019607843,-0.030986307716986627,0.16408653610291138,0.5869047619047619,0.1442317772757476,0.04485049833887045,0.6248052399969941,0.15074750830564784,0.07,1.0,3.9387126471965335,0.0,0.05339462230126055,0.5833333333333333,0.42260886129073,0.5869047619047619,0.16072447204260326,-0.0035714285714286698,0.1,0.4942810457516341,19.022470976645106,-0.5891063349656318,0.30198267802267453,0.5,0.8,0.9,0.1,0.0,0.2,0.5,1.0,0.9
0.1,0.9975816327580707,1.0923076923076924,0.001429639482194267,0.5287217562250238,0.6138888888888889,1.0954073314076045,-0.23888888888888893,0.14886183153677152,0.22222222222222224,0.04888888888888889,1.0,3.3504272635973287,0.011569924966714265,0.08894766050812643,0.6518518518518518,0.6083447802197802,0.6277777777777778,0.04350707163207157,0.024074074074074026,1.0,0.25277777777777766,20.98864087152704,-0.2438076473268258,0.3170520754166312,0.5,0.8,0.9,0.1,0.1,0.75,0.5,1.0,0.9
0.12,1.0024597460605018,1.2830188679245287,-0.041005233972829236,1.3186546427925958,0.796551724137931,2.1976721714977314,0.3295454545454546,0.004450242987680774,0.2897727272727273,0.05863636363636364,1.0,3.53778090282929,0.025665807669035097,0.11690526098303061,0.8337164750957854,0.588154533844189,0.796551724137931,0.24556194125159636,0.03716475095785443,0.2,0.11748366013071876,19.88959422041185,-0.09256454751639209,0.3151918425227835,0.5,0.9,0.9,0.1,0.05,0.6,0.5,1.0,0.9
0.09,1.0054389674057311,1.183673469387755,-0.06452006350244321,0.0007394027188841797,0.5108124253285543,0.004130872064509355,0.001831501831501825,0.8902716779848006,0.17857142857142858,0.04153846153846154,1.0,2.9869221940667425,0.01093107236045944,0.025709459061491295,0.5194743130227001,0.7039611914472871,0.5034050179211469,-0.184486878424587,0.016069295101553194,0.2,0.38786549707602336,18.521495830200383,0.6176796602162731,0.19579294153446747,1.0,0.85,0.9,0.1,0.0,0.2,1.0,1.0,0.9
0.15,1.01912504890137,1.2903225806451615,-0.16608179063175565,0.15131839750373058,0.5345238095238095,0.13021980951850176,0.039215686274509776,0.7440393428273333,0.15588235294117647,0.07411764705882352,1.0,3.8864098090717936,0.014602412540723055,0.0350872117717571,0.5509852216748768,0.660823754789272,0.5323070607553366,-0.10983853311439518,0.01867816091954022,0.4,0.4294117647058824,19.480643231578934,0.9548958090590713,0.26095845859356476,0.5,0.8,0.0,0.9,0.15,0.95,0.5,1.0,0.0
0.07,1.0015317252750127,1.046153846153846,-0.018094984897216837,0.2686919824999234,0.3216845878136201,0.6473247483170047,0.20122887864823347,0.18223309635424,0.20814132104454686,0.03462365591397849,1.0,2.9457549567450907,0.004755658569731319,0.08744815609886525,0.3172043010752688,0.0,0.3216845878136201,0.0,-0.004480286738351269,0.0,0.34122807017543866,19.639975207639544,0.1649996452708118,0.24682102733559824,0.5,0.85,0.85,0.15,0.05,0.4,0.5,1.0,0.85
0.16,1.0161774821468177,1.321428571428572,-0.134135330595263,0.2359989999283857,0.5079365079365079,0.9485702307775707,0.17261904761904767,0.11809566013914204,0.19345238095238096,0.07809523809523809,1.0,4.122247898326533,0.0,0.07659494994055255,0.4444444444444445,0.411309067688378,0.5031746031746032,0.03313537675606648,-0.05873015873015869,1.0,0.4401654411764706,20.10734508997666,-0.01809998756878972,0.269984742423551,0.5,0.9,0.9,0.1,0.15,0.85,0.5,1.0,0.9
0.14,1.0000150272960098,1.111111111111111,0.014203902650702316,0.4580552533007111,0.5666256157635469,0.07725984880366434,-0.027408637873754138,0.8338607416264889,0.1461794019933555,0.07,1.0,4.066654173038712,0.0,0.03626550766557973,0.551888341543514,0.4371184371184371,0.5690065681444992,0.11476990442507684,-0.017118226600985276,0.4,0.41470588235294115,20.386021236558626,-0.27644721723990706,0.30198267802267453,1.0,0.9,0.95,0.05,0.05,0.1,1.0,1.0,0.95
0.13,1.0129543238977645,1.180327868852459,-0.10512935675208684,1.4094988283614045,0.685632183908046,2.978069977079143,0.3793103448275862,0.0007125472058986316,0.37886825817860303,0.06425287356321839,1.0,3.1440060981233633,0.02014653222419458,0.12236838127291405,0.7413793103448277,0.5015713373471994,0.6885057471264368,0.23980797299762835,0.052873563218390984,0.2,0.19656862745098047,18.946686880208368,0.4265660639347493,0.25073789855715184,0.5,0.9,0.85,0.15,0.05,0.45,0.5,0.8,0.85
0.1,1.0008530967411704,1.1491228070175439,-0.03852574363973338,0.27469532525760787,0.7000000000000001,0.7509483577579233,0.1777777777777777,0.14874492908707476,0.28888888888888886,0.05,1.0,3.3336861481055875,0.0,0.0784380661236304,0.7018518518518521,0.5996926025487853,0.7000000000000001,0.10215924930306675,0.0018518518518519933,1.0,0.31666666666666654,20.60605878903816,0.9076693731304744,0.24439218493127557,0.5,0.85,0.85,0.15,0.2,0.8,0.5,1.0,0.85
0.1,1.0094732233037644,1.1475409836065578,-0.07970881220644871,0.6442133621258872,0.6819444444444445,1.20494689079312,0.2666666666666666,0.05626679722087891,0.24166666666666664,0.04888888888888889,1.0,3.466819308424781,0.01156950681695868,0.10803938035457582,0.6574074074074074,0.7055617352614014,0.6819444444444445,-0.04815432785399398,-0.024537037037037024,0.4,0.1694444444444445,20.112849002242317,0.09602783137240678,0.3080718577756169,0.5,0.9,0.85,0.15,0.05,0.4,0.5,0.8,0.85
0.12,1.004996604249539,1.4339622641509433,-0.04545800210579101,0.11683539847240523,0.4876436781609195,0.26888771433243797,0.08333333333333337,0.49340213950840206,0.13446969696969696,0.06,1.0,3.1066984294898816,0.0,0.05092215597649349,0.44588122605363995,0.24669312169312166,0.4847701149425287,0.1991881043605183,-0.03888888888888875,0.1,0.5709150326797385,21.38688424214106,-0.1980226919328132,0.364633429088284,0.5,0.85,0.8,0.2,0.1,0.85,0.5,1.0,0.8
0.08,1.0031033539464176,1.027777777777778,-0.01809096014901511,1.0970677529544142,0.7413978494623655,1.637283452562344,0.34782608695652173,0.01841715079180234,0.2785326086956522,0.0391304347826087,1.0,2.721893327425307,0.005113674159995664,0.11159023760567637,0.7456391875746714,0.49548611111111107,0.7376941457586619,0.25015307646356033,0.007945041816009524,0.1,0.11301169590643267,20.05258840072915,-0.28346163004653757,0.2664067193691003,0.5,0.9,0.9,0.1,0.05,0.4,0.5,1.0,0.9
0.06,1.002424739223868,1.0869565217391308,-0.013786424441045407,0.9121770097140384,0.45463709677419356,0.4690539211276652,0.1684397163120568,0.2799033227367719,0.16578014184397163,0.03,1.0,2.8445516557502932,0.0,0.06051992425852874,0.4627016129032258,0.50625,0.4490927419354838,-0.043548387096774166,0.013608870967741993,1.0,0.6105263157894737,20.717998560495182,-0.5389519927873723,0.27743835625712643,0.5,0.8,0.6,0.4,0.05,0.85,0.5,1.0,0.6
0.1,1.0087161366313306,1.3200000000000005,-0.063251291279148,0.19634470965717984,0.3143518518518518,0.17924996697520346,0.061111111111111116,0.5271223056875345,0.2638888888888889,0.05,1.0,3.5406921645782146,0.0,0.035883983926307116,0.3416666666666666,0.5925755248335892,0.3208333333333333,-0.2509088581669226,0.020833333333333315,0.2,0.2944444444444443,19.405317061688148,-0.024019112714902313,0.2372888921325374,1.0,0.9,0.9,0.1,0.05,0.15,1.0,0.8,0.9
0.12,1.00459907263363,1.1506849315068497,-0.05119304258673041,1.1136921340562353,0.6834291187739464,2.2748211709553026,0.3617424242424243,0.005130069473813658,0.331439393939394,0.06,1.0,3.7186300584756555,0.0,0.11568365282502784,0.6899425287356321,0.37182539682539684,0.6834291187739464,0.3181171319102353,0.006513409961685701,0.1,0.20653594771241834,21.008629416764496,-0.19395662441131423,0.32449420297482057,0.5,0.9,0.8,0.2,0.1,0.9,0.5,0.8,0.8
0.09,1.0076078866517564,1.0333333333333332,-0.055058541548804796,0.7201976966911087,0.5536439665471923,1.093157293751758,0.23504273504273498,0.051485148135751245,0.31959706959706957,0.04450549450549451,1.0,3.28923553367451,0.005454049834651344,0.08476221121264581,0.5694743130227001,0.7005778024966012,0.568100358422939,-0.13110348947390105,0.0013739545997610847,0.7,0.17002923976608197,17.570924338542433,-0.1877120381035784,0.26316186465505126,0.5,0.9,0.85,0.1,0.0,0.3,0.5,1.0,0.85
0.07,1.00461209245451,1.1228070175438598,-0.04672725829331631,0.1971850482370074,0.6854838709677419,0.3633397275716326,0.13517665130568357,0.4466831727960491,0.20583717357910908,0.03462365591397849,1.0,2.4249151505651056,0.014271693582021306,0.06350839027753677,0.6648745519713262,0.3857758620689655,0.6801075268817204,0.27909868990236064,-0.015232974910394215,0.1,0.47616959064327485,19.899281884626006,0.44155982826424234,0.22656874134903288,0.5,0.85,0.4,0.6,0.0,0.9,0.5,1.0,0.4
0.05,1.0020571307229154,1.1232876712328765,-0.015572362411345492,0.11234305569131828,0.6509576612903226,0.2293832630516585,-0.09999999999999998,0.7467964379486371,0.2763157894736842,0.024736842105263158,1.0,2.715396806781426,0.003976062994925464,0.061048627471719755,0.6589381720430108,0.0,0.6613743279569892,0.0,-0.0024361559139784994,0.0,0.363157894736842,19.495384779119952,-0.466277270707367,0.2929593997543535,0.5,0.8,0.8,0.2,0.05,0.4,0.5,1.0,0.8
0.06,1.0056375133640085,1.1061946902654871,-0.04600297060880859,1.0135701955030458,0.7193380376344086,1.3474125387429692,0.3457446808510638,0.03645816250625087,0.324468085106383,0.029361702127659574,1.0,2.7589540516960533,0.0,0.12266662427994061,0.716733870967742,0.42506720430107525,0.7193380376344086,0.29166666666666674,-0.0026041666666666297,0.2,0.30760233918128654,20.846132423806704,0.003963337008873413,0.3106239536598473,0.5,0.9,0.9,0.1,0.15,0.6,0.5,0.8,0.9
0.11,1.0073612029081291,1.2427184466019419,-0.08584193175836763,1.280597193602902,0.6830459770114943,1.9957575941282597,0.297752808988764,0.006654137953192056,0.22446373850868231,0.05438202247191011,1.0,3.4346253237593687,0.018308123395746938,0.09433584914763335,0.6711047254150703,0.44930213464696217,0.6801724137931034,0.2218025907681081,-0.009067688378033179,0.1,0.2550653594771244,20.827720664543044,0.64417554283947,0.23261459824381364,0.5,0.85,0.85,0.15,0.15,0.8,0.5,1.0,0.85
0.06,1.0015296333155763,1.1293103448275863,-0.01729875947932713,0.4885188647391134,0.3362735215053763,0.5813361259311238,0.18971631205673767,0.2026291034108657,0.21276595744680848,0.03,1.0,2.5982405462182023,0.0,0.08317772144860894,0.3178763440860215,0.7157407407407407,0.3308971774193548,-0.3978643966547192,-0.013020833333333315,0.1,0.5698830409356724,19.065004357695056,-0.03249006107724561,0.24796659983221375,0.5,0.85,0.9,0.1,0.1,0.6,0.5,1.0,0.9
0.1,1.057820410338396,1.0737704918032758,-0.23225591716398197,0.8685486403242519,0.6629629629629629,2.065112891634967,-0.27172995780590714,0.010903680813854065,0.2777777777777778,0.05,1.0,2.7750640517524023,0.0,0.09686120864910949,0.6564814814814814,0.0,0.6629629629629629,0.0,-0.0064814814814814214,0.0,0.31666666666666676,10.082147491526218,13.880370636083107,0.041583139919281496,0.5,0.9,0.9,0.1,0.05,0.3,0.5,1.0,0.9
0.11,1.0462331921164119,1.0780141843971673,-0.2031050461289552,1.265855264013742,0.8043422733077906,3.4826182947829705,-0.3544045202415278,0.00039182243541378224,0.37691521961184876,0.05438202247191011,1.0,3.458110003311738,0.006097913847634469,0.20089109632579483,0.7978607918263091,0.5077894088669951,0.8043422733077906,0.290071382959314,-0.0064814814814815325,0.1,0.19166666666666665,19.777745163017705,6.389654801886259,0.06717378536868862,0.5,0.9,0.95,0.05,0.05,0.3,0.5,0.8,0.95
0.06,1.0239205806789555,1.0714285714285734,-0.11851958447963717,1.0653280361463517,0.7222782258064516,2.0579670899303513,-0.31681479486488906,0.016275910314531333,0.4157801418439716,0.029361702127659574,1.0,2.642173566279505,0.004379862710256908,0.14661015415471668,0.7006048387096774,0.15994623655913978,0.7006048387096775,0.5406586021505376,-1.1102230246251565e-16,0.1,0.1416666666666666,16.716298459156768,10.149213582790944,0.05095689851580968,0.5,0.9,0.9,0.1,0.05,0.4,0.5,0.8,0.9
0.02,1.0088126159554731,1.0591715976331368,-0.03267597895467089,0.7270666646741599,0.653061224489796,1.1109166885516564,-0.3882717644019633,0.08687250261050374,0.44897959183673475,0.009795918367346938,1.0,1.3283530631412006,0.0,0.13566683748204605,0.5,0.5,0.5,0.0,0.0,1.0,0.0,0.0,3.506063567223827,0.07071496397488536,0.0,0.9,0.1,0.8,0.1,0.85,0.0,1.0,0.2
0.12,1.0585527168979383,1.2035398230088556,-0.31218341438118813,1.7574846108399025,0.8447318007662835,4.943603631338643,-0.4181051016494055,5.7248363161107045e-06,0.3390151515151515,0.05863636363636364,1.0,3.8415799263089374,0.0,0.12642496192989539,0.8418582375478927,0.6116071428571428,0.8447318007662835,0.2302510946907499,-0.002873563218390829,0.1,0.12026143790849686,10.997833620214877,23.88637030077006,0.03684123755382379,0.5,0.9,0.95,0.05,0.05,0.45,0.5,0.8,0.95
0.08,1.0433131236877493,1.1627906976744162,-0.23535532338330434,1.660530894681109,0.8305854241338112,3.9577101301122166,-0.4630572372041827,0.00010020512634023894,0.4429347826086957,0.04,1.0,3.1422028138728053,0.0,0.25021586570084486,0.8377538829151732,0.6203652206154987,0.8305854241338112,0.21738866229967446,0.007168458781361964,0.4,0.09269005847953204,8.837763896697515,36.8598944258141,0.0249859416120602,0.5,0.9,1.0,0.0,0.0,0.2,0.5,1.0,1.0
0.14,1.074872376630743,1.2065217391304393,-0.25404074794237785,1.1612911328335132,0.7423645320197044,3.6039662969398543,-0.31187181967282057,0.0004962182798928633,0.27159468438538203,0.07,1.0,3.903068635975733,0.0,0.12165800019896073,0.7320197044334975,0.5846707818930041,0.7371921182266009,0.14734892254049337,-0.005172413793103403,0.4,0.219607843137255,20.037121304558934,3.442299319181333,0.08869795553942518,0.5,0.9,0.9,0.1,0.05,0.4,0.5,1.0,0.9
0.06,1.0302924096756847,1.0955414012738867,-0.11053559195049667,0.07049230016587354,0.8459341397849464,0.33138538991357364,-0.09668731483975218,0.4545782304214131,0.38563829787234044,0.03,1.0,2.3006885720562473,0.0,0.18866625423850994,0.8519825268817205,0.6398392527424784,0.8620631720430109,0.21214327413924206,-0.01008064516129037,0.4,0.16666666666666663,18.20550732493735,7.629147842805892,0.06452323699143929,0.5,0.85,0.9,0.1,0.05,0.4,0.5,1.0,0.9
0.1,1.0729440290967873,1.2946428571428643,-0.39298665600497884,0.9491764095616361,0.75,2.1621801572419885,-0.2911392405063291,0.00633296348896609,0.3583333333333333,0.04888888888888889,1.0,3.449121728441061,0.005783586490213884,0.15111117773859684,0.7481481481481481,0.5514880952380953,0.7657407407407407,0.19666005291005284,-0.017592592592592604,0.2,0.2333333333333334,3.5351488844893804,56.8669841158063,0.00988023684707642,0.5,0.9,1.0,0.0,0.0,0.2,0.5,1.0,1.0
0.06,1.0199200342710268,1.072,-0.15685011367440005,0.8646384703221385,0.6330645161290323,1.4450802064644463,-0.27987251997486307,0.03334424103580883,0.3280141843971631,0.03,1.0,2.5558625221905533,0.0,0.10603486276843191,0.6276881720430106,0.0,0.6330645161290321,0.0,-0.005376344086021501,0.0,0.2833333333333333,17.166762315452083,27.03270708623842,0.03805320961483515,0.5,0.85,0.85,0.15,0.0,0.3,0.5,1.0,0.85
0.13,1.0603933385839357,1.1881188118811916,-0.27177696206459023,0.46736978472348073,0.6741379310344828,1.5130271381167577,-0.1976407122631479,0.025395728576413295,0.2541998231653404,0.06425287356321839,1.0,3.473889584197773,0.0,0.09318838039122732,0.6885057471264368,0.6218237456341522,0.6913793103448276,0.06668200149228454,-0.002873563218390829,0.07652250047505924,0.42418300653594776,16.43282399332228,9.672540815357634,0.06327009711171071,0.5,0.9,1.0,0.0,0.05,0.3,0.5,0.8,1.0
0.15,1.1042021108417774,1.3658536585365872,-0.3667233564826131,1.8725071836832445,0.9192939244663383,6.4898933336675775,-0.383469843633656,4.998858829133797e-07,0.43529411764705883,0.07411764705882352,1.0,3.948660551212987,0.014599237623871601,0.17423242142007567,0.9145320197044335,0.5717738200496821,0.9145320197044335,0.3427581996547514,0.0,0.1,0.04901960784313719,9.275449090899563,16.93843814085281,0.0321765069782089,0.5,0.9,0.95,0.05,0.05,0.4,0.5,0.8,0.95
0.17,1.1061270459286554,1.3333333333333335,-0.4797890703040686,0.6888154050337255,0.761331569664903,2.2803887320882708,-0.22280634077635939,0.005567025666027189,0.27994330262225375,0.08397590361445784,1.0,4.241777838511,0.015745148521162874,0.12454682159713365,0.7597736625514404,0.3899070755343157,0.7589506172839506,0.3698665870171247,0.0008230452674897748,0.1,0.3852941176470589,8.402682358651557,24.839335638123952,0.038734445247651024,0.5,0.9,0.9,0.1,0.05,0.4,0.5,1.0,0.9
0.1,1.0531232885538482,1.2882882882882891,-0.19383168389521588,0.45708415945354464,0.8083333333333335,1.5686616245781086,-0.22545710267229252,0.009082398836499344,0.4638888888888889,0.05,1.0,3.4104558835217804,0.0,0.15576091850464052,0.8027777777777777,0.4516534391534391,0.8083333333333335,0.3511243386243386,-0.005555555555555758,0.1,0.02499999999999991,17.489286452192342,6.333390857066744,0.06872208615678614,0.5,0.85,0.9,0.1,0.05,0.3,0.5,0.8,0.9
0.13,1.0747624189237828,1.2323232323232327,-0.3009133535365307,1.338473369532814,0.7086206896551724,3.688724493231489,-0.33719459647002203,0.00013383013728592122,0.21883289124668437,0.06425287356321839,1.0,3.8065665089086305,0.006709883290948954,0.09337615202289935,0.7235632183908045,0.6321291735084839,0.7086206896551724,0.09143404488232065,0.014942528735632066,0.4,0.25130718954248377,10.807185324803203,13.545441866346206,0.038126555724973706,0.5,0.9,0.9,0.1,0.15,0.85,0.5,1.0,0.9
0.08,1.0315780405862736,1.0320512820512842,-0.13608019884026712,0.31946644349669895,0.6001194743130226,0.6144210104238816,-0.1323610346725373,0.19929409280829713,0.3125,0.04,1.0,3.2981116546805516,0.0,0.098104863285458,0.5984468339307049,0.46992272960014897,0.6001194743130226,0.1285241043305559,-0.001672640382317736,0.7,0.22923976608187124,19.476449514836048,3.926159066172172,0.09071533113157829,0.5,0.8,0.9,0.1,0.0,0.4,0.5,0.8,0.9
0.05,1.0298391232502044,1.0413223140495906,-0.09061341448223326,0.4507320055371938,0.6801075268817205,0.5516333874805268,-0.1552298467688208,0.25128077809284666,0.3631578947368421,0.024736842105263158,1.0,2.277695992938057,0.0,0.16364637159954482,0.7172379032258065,0.0,0.6801075268817205,0.0,0.037130376344086,0.0,0.1578947368421053,18.40821724228579,7.285922740954488,0.05783896585059864,0.5,0.85,0.9,0.1,0.0,0.3,0.5,0.8,0.9
0.07,1.0335686414678464,1.127516778523492,-0.14229149208455594,1.3732132238263972,0.8835125448028674,3.20193834294995,-0.40611328238931343,0.0015293620880909129,0.4735023041474654,0.03462365591397849,1.0,3.035371475687437,0.0,0.2086921755488107,0.8870967741935485,0.6415770609318997,0.8870967741935485,0.2455197132616488,0.0,0.07652250047505924,0.016666666666666607,17.055160096520744,10.368863408116537,0.050058247396984085,0.5,0.9,1.0,0.0,0.05,0.3,0.5,0.8,1.0
0.13,1.0633012024247241,1.2307692307692284,-0.3243391087843581,1.1032826350528318,0.7247126436781609,3.2954236504543357,-0.30168216767954886,0.000862718934830364,0.33996463306808133,0.06275862068965517,1.0,3.758630058475655,0.0,0.16682989404778997,0.7212643678160919,0.3025471178048115,0.7275862068965516,0.4187172500112804,-0.00632183908045969,0.1,0.12712418300653594,17.5837328746232,15.386017863916845,0.030147091328066665,0.5,0.9,1.0,0.0,0.05,0.3,0.5,0.8,1.0
0.08,1.0506395197076481,1.1102941176470582,-0.167059525769353,0.21031907369384717,0.7197132616487455,0.6801577523687687,-0.14962850853054488,0.17182738350257765,0.35733695652173914,0.03739130434782609,1.0,2.8962772862680337,0.005117800425751046,0.060052338170765496,0.7271206690561529,0.2877336584233136,0.7287933094384708,0.4393870106328393,-0.001672640382317847,0.1,0.10760233918128659,10.140982867399886,11.561892518026108,0.04879051750646598,1.0,0.9,0.85,0.1,0.0,0.3,1.0,0.8,0.85
0.09,1.0480667248228641,1.3097345132743388,-0.15672232567454136,1.5657391305001975,0.878853046594982,3.637546739104565,-0.3796386454614303,0.00013073866909083415,0.3421855921855922,0.04450549450549451,1.0,3.096153780257676,0.010907049949310188,0.15894634794847354,0.8751493428912783,0.5007183908045977,0.882437275985663,0.37443095208668065,-0.007287933094384691,0.1,0.12660818713450284,17.531975744182247,3.433551384595866,0.08618674903233615,0.5,0.9,0.9,0.1,0.05,0.4,0.5,0.8,0.9
0.08,1.0418126060492847,1.179487179487179,-0.163120679608189,0.7531427633191002,0.8075268817204301,1.2396366577865705,-0.20851678591084213,0.06260849795737872,0.3709239130434782,0.04,1.0,3.0328891563922897,0.0,0.12849226954434712,0.8148148148148148,0.0,0.8113500597371566,0.0,0.0034647550776581992,0.0,0.0682748538011696,16.33823574798323,10.320161419946123,0.0523584158460523,0.5,0.85,0.9,0.1,0.05,0.4,0.5,1.0,0.9
0.1,1.0370611183355007,1.22727272727273,-0.1608161781555446,0.9261374808617924,0.6842592592592593,2.1055861841493115,-0.2548523206751055,0.009370523709974429,0.25277777777777777,0.05,1.0,3.316641162633748,0.0,0.1183060620736131,0.6722222222222222,0.13381410256410256,0.6842592592592593,0.5384081196581196,-0.01203703703703718,0.1,0.33333333333333337,20.66996768081874,1.9491264385060054,0.157390272063336,0.5,0.9,0.9,0.1,0.05,0.4,0.5,0.8,0.9
0.09,1.0432996378182606,1.0816326530612215,-0.1762212920489148,0.8488580739100823,0.7034647550776584,1.9913247555169997,-0.2778782399035564,0.01705222291853439,0.3693528693528693,0.04450549450549451,1.0,2.9038613769177175,0.01636633419069461,0.1581362660668234,0.7070489844683393,0.3683722654801631,0.7070489844683393,0.3386767189881762,0.0,0.1,0.16345029239766085,17.136531561666754,7.357953281990346,0.0699728708339523,0.5,0.9,0.8,0.1,0.05,0.45,0.5,1.0,0.8
0.07,1.038929014088163,1.0510948905109496,-0.12424486403032153,0.7868965784625742,0.5931899641577061,1.479553020482721,-0.26683388749538195,0.02358558184970043,0.3225806451612903,0.03462365591397849,1.0,2.99630748763698,0.014269977450418699,0.14453337114771952,0.6200716845878136,0.4753951149425288,0.6075268817204301,0.1446765696452848,0.012544802867383464,1.0,0.1333333333333333,15.692999707089035,4.9700234247398285,0.08280199858094828,0.5,0.9,0.95,0.05,0.05,0.3,0.5,0.8,0.95
0.14,1.089206585373743,1.1855670103092766,-0.290826207787362,1.4639880892578645,0.821264367816092,3.644237744111081,-0.32173346229866684,0.00014404611358243718,0.3164451827242525,0.06837209302325581,1.0,3.663356190990989,0.0,0.15772036084457774,0.819376026272578,0.43373015873015874,0.8217569786535304,0.38564586754241925,-0.0023809523809523725,0.1,0.12581699346405228,10.899306665857527,9.779479307217997,0.05652964518517882,0.5,0.9,0.95,0.05,0.1,0.45,0.5,0.8,0.95
0.08,1.048769843434619,1.4396551724137947,-0.1343639003207564,1.7271443932443762,0.6913978494623656,3.0070517500083866,-0.3629609246009906,0.00011766039547118547,0.43478260869565216,0.04,1.0,3.2020699827173287,0.0,0.14773437047435178,0.7164874551971326,0.37677859658880236,0.6802867383512545,0.3397088586083303,0.03620071684587811,0.1,0.0798245614035088,19.202716106410623,2.4562277809384154,0.08664031055297675,0.5,0.9,0.9,0.0,0.05,0.15,0.5,1.0,0.9
0.13,1.0588645071403693,1.1132075471698133,-0.23860065545265963,0.823501951389627,0.6293103448275863,1.6492021630107918,-0.21657768973351682,0.020218368824713204,0.22435897435897434,0.06425287356321839,1.0,3.6677527281234292,0.013423528560603689,0.10284897820766853,0.685632183908046,0.36399379675241744,0.6293103448275863,0.3216383871556286,0.056321839080459735,0.1,0.318627450980392,17.9712516908455,5.085520261115898,0.1000232697933203,0.5,0.8,0.8,0.2,0.15,0.8,0.5,1.0,0.8
0.11,1.0560786805695965,1.103448275862074,-0.22631174175063107,1.3225962938523341,0.6393997445721583,3.1158627852924057,-0.31377923740318847,0.000529263699478744,0.3003064351378958,0.05438202247191011,1.0,2.719407014450254,0.012201188256825668,0.11445885676217966,0.6254150702426564,0.5756575976882491,0.6348659003831417,0.04975747255440732,-0.009450830140485311,0.7,0.20163398692810464,17.6876966034597,9.533896319319625,0.06304401513979195,0.5,0.85,0.9,0.1,0.05,0.6,0.5,0.8,0.9
0.07,1.0319376322238365,1.1376146788990864,-0.1375733533703496,1.7694662451256677,0.7956989247311829,4.026040041597954,-0.41340488829259747,0.00013847230805318813,0.43663594470046085,0.03462365591397849,1.0,3.088277965610086,0.00475570143879883,0.16213128106975097,0.8028673835125448,0.4595959595959596,0.7956989247311829,0.3432714239165852,0.007168458781361964,0.1,0.10204678362573094,18.06654775550517,9.478429537313572,0.05700607074185958,0.5,0.9,1.0,0.0,0.0,0.3,0.5,0.8,1.0
0.12,1.075912266132578,1.2248062015503862,-0.22527505458381603,1.297666872871518,0.7371647509578545,3.8384699348940003,-0.3357786728039892,0.0002570375371312252,0.30492424242424243,0.06,1.0,3.533724445195827,0.0,0.1266270305053988,0.7373563218390805,0.48199920350457975,0.7371647509578545,0.25535711833450075,0.00019157088122601085,0.1,0.15637254901960795,19.531652936909687,5.310613218580366,0.0783749314217285,0.5,0.85,0.9,0.1,0.0,0.35,0.5,1.0,0.9
0.15,1.0981138411596798,1.4065934065934018,-0.4101646354897843,1.775442873891515,0.8449917898193761,5.504202319574164,-0.4051129312484489,1.973455395565045e-06,0.3558823529411764,0.07235294117647059,1.0,3.745337907589108,0.007304030977744239,0.1447806524837282,0.8311165845648606,0.5077122728958101,0.8449917898193761,0.3234043116690505,-0.013875205254515466,0.1,0.09019607843137256,9.29586426073514,24.580581233899895,0.027990820396334524,0.5,0.9,0.95,0.0,0.05,0.2,0.5,1.0,0.95
0.12,1.0615669897466267,1.0642201834862446,-0.21513555572244525,1.0956163531411702,0.7394636015325671,2.8525138886115182,-0.28198120444955893,0.0003487074102281756,0.37784090909090906,0.05863636363636364,1.0,3.7394635136017857,0.0064104934891037,0.147465862696889,0.7394636015325671,0.36428571428571427,0.7394636015325671,0.3751778872468528,0.0,0.1,0.17222222222222228,18.30062902738367,3.9718341582139747,0.0783749314217285,0.5,0.9,0.9,0.1,0.1,0.6,0.5,0.8,0.9
0.13,1.0511838098044997,1.023999999999999,-0.21862438519423644,1.0521590264449316,0.5787356321839081,3.0372230530246815,-0.32342835398269704,0.002100623666750114,0.28846153846153844,0.06425287356321839,1.0,3.8458586845886806,0.01342255742451556,0.10413012946209256,0.5816091954022988,0.5953703703703703,0.5816091954022988,-0.013761174968071499,0.0,1.0,0.22483660130718963,20.06215524029845,2.4259684869726623,0.146841110182982,0.5,0.9,0.85,0.15,0.15,0.7,0.5,1.0,0.85
0.11,1.0610471728153572,1.2844036697247787,-0.21982735445673196,1.210023388453347,0.8325351213282248,3.2898191305207205,-0.3435176685070015,0.0002946187540778222,0.3794688457609806,0.05438202247191011,1.0,3.3074481586117295,0.018305255340006682,0.18426496989803962,0.8373563218390805,0.47341269841269834,0.8354086845466155,0.36394362342638215,0.0019476372924649432,0.1,0.12287581699346406,18.456501284745126,8.727644871133696,0.07559837781621565,0.5,0.9,0.8,0.2,0.05,0.4,0.5,1.0,0.8
0.14,1.0779302123532624,1.1692307692307737,-0.5847673098172379,0.6791558608651481,0.6023809523809525,1.7772667452356175,-0.20905000210269575,0.01596444695719131,0.21719269102990033,0.06837209302325581,1.0,4.140511958310137,0.007008188596144561,0.09917039435588716,0.5955665024630542,0.6031746031746031,0.6070607553366174,-0.007608100711548937,-0.011494252873563204,1.0,0.42679738562091507,7.163970086144203,58.718700737121736,0.007530291628185439,0.5,0.85,0.9,0.1,0.05,0.6,0.5,1.0,0.9
0.12,1.0510830632781856,1.2211538461538496,-0.25697774021308994,1.4309088030586703,0.8296934865900383,3.7286097119017576,-0.3617663981588033,0.00019551158730919446,0.2869318181818182,0.05863636363636364,1.0,3.819527097235423,0.006409257455809785,0.14754390128089306,0.8153256704980842,0.33378468073808576,0.821072796934866,0.4815409897599985,-0.005747126436781769,0.1,0.15392156862745088,16.976444990123316,11.885739017589717,0.06112225780167023,0.5,0.9,0.9,0.1,0.05,0.4,0.5,0.8,0.9
0.07,1.0359182883144544,1.207547169811322,-0.13309786979213056,0.890086435439733,0.7885304659498208,1.9265334286567797,-0.30574189659530626,0.023177077195394042,0.3978494623655914,0.03462365591397849,1.0,2.9071305482960335,0.0,0.16673009675485012,0.8118279569892474,0.4543458781362007,0.7885304659498208,0.35748207885304667,0.023297491039426577,0.1,0.046198830409356684,17.490480587877453,7.24860981284699,0.05700607074185958,0.5,0.85,0.9,0.1,0.1,0.65,0.5,1.0,0.9
0.13,1.086558138114291,1.3599999999999959,-0.31740009080772236,1.5469484193209366,0.786206896551724,5.166374875666501,-0.40074315325297427,1.4118063124476321e-05,0.4005305039787798,0.06425287356321839,1.0,3.6805548424991135,0.013421182009122597,0.14938621745924635,0.764367816091954,0.3546378352829966,0.7810344827586206,0.40972998080895745,-0.016666666666666607,0.1,0.09052287581699348,9.274531960074857,13.602361602210674,0.03411312147034994,0.5,0.9,0.95,0.05,0.05,0.35,0.5,0.8,0.95
0.14,1.0750410650989888,1.3012048192771137,-0.28861485662813324,1.1087806551717136,0.7990147783251231,3.4584844903409393,-0.30884393792842435,0.00029783826355099594,0.31852159468438535,0.07,1.0,3.958525210286888,0.0,0.10650839675308903,0.7960591133004926,0.6301018376287194,0.7990147783251231,0.1659572756717732,-0.002955665024630516,0.4,0.13366013071895422,19.04553106601876,7.664476802450734,0.05652964518517882,0.5,0.9,0.95,0.0,0.05,0.9,0.5,0.8,0.95
0.06,1.0245095897592729,1.0277777777777803,-0.1100930481906155,0.8775471857564162,0.692540322580645,1.6370252948066057,-0.2998473830684981,0.026301862980275505,0.3962765957446809,0.029361702127659574,1.0,2.936437985941697,0.0043802181571519746,0.10301258724704221,0.7140456989247311,0.46415770609319,0.6927083333333334,0.24988799283154112,0.02133736559139776,0.1,0.4067251461988304,18.246661486372965,7.320069147306146,0.04767142155220503,0.5,0.85,0.95,0.0,0.0,0.2,0.5,0.8,0.95
0.1,1.0429340605552058,1.1428571428571452,-0.19105838413061127,1.3198578355528299,0.8398148148148148,3.3872592949371914,-0.36441631504922645,0.00013895944258768785,0.4083333333333333,0.05,1.0,3.381181661309127,0.0,0.12698136553529218,0.8333333333333334,0.42685185185185187,0.837037037037037,0.4064814814814815,-0.0037037037037036535,0.1,0.06388888888888888,18.125882871075383,7.943066148750836,0.07280247297910734,0.5,0.9,0.9,0.1,0.05,0.4,0.5,0.8,0.9
0.03,1.0152177935421254,1.0285714285714276,-0.08014534518176575,1.119036341808999,0.9378156565656566,1.4368755865736422,-0.35908477967723695,0.016163513694531766,0.5773195876288659,0.014845360824742268,1.0,1.386787009511981,0.0030481485445234455,0.2848362217717033,0.5,0.5,0.5,0.0,0.0,1.0,0.0,0.0,25.239227624929494,0.01641439747035892,0.5,0.9,1.0,0.0,0.0,0.3,0.5,0.8,1.0
0.1,1.0577083541937857,1.1970802919708017,-0.18656536384304978,1.5813102089821869,0.837037037037037,3.351956873368532,-0.3617440225035161,0.0002572181681245413,0.3194444444444444,0.04888888888888889,1.0,3.3372353900637237,0.0,0.12488506682471633,0.8277777777777778,0.5042330985045111,0.837037037037037,0.3235446792732667,-0.00925925925925919,0.1,0.10833333333333328,19.142489831596585,5.7227020685281715,0.08112955630243293,0.5,0.85,0.9,0.1,0.05,0.4,0.5,1.0,0.9
0.14,1.0843643464203976,1.46728971962617,-0.30391126785871814,2.2660408885856214,0.9146141215106732,6.565608795898347,-0.42308339290971037,3.51536514458706e-07,0.40905315614617943,0.06837209302325581,1.0,3.7898064202328903,0.014021793201404583,0.19834832800064012,0.9120689655172414,0.4217448154229763,0.9146141215106732,0.49032415009426505,-0.002545155993431858,0.1,0.08235294117647063,18.37306251742921,8.66095779281371,0.043611900707331015,0.5,0.95,0.95,0.05,0.0,0.2,0.5,1.0,0.95
0.07,1.0395399482782088,1.2345679012345654,-0.13203686516307567,0.3568712407391566,0.6863799283154122,0.7840982464628798,-0.17486243170195803,0.16397898953166767,0.31144393241167434,0.03387096774193549,1.0,3.0124672569685593,0.0,0.08493395400051032,0.7060931899641577,0.5028673835125449,0.6827956989247311,0.2032258064516128,0.023297491039426577,0.4,0.20730994152046778,16.9779308151025,5.8217403324297585,0.050058247396984085,0.5,0.9,1.0,0.0,0.05,0.6,0.5,0.8,1.0
0.05,1.0255762779120519,1.2911392405063282,-0.10368464576260505,1.2678197234690174,0.7878024193548386,2.3835467223027913,-0.37881412391738845,0.005362990553957833,0.4368421052631579,0.024210526315789474,1.0,2.441693158198531,0.003977221972307141,0.1449338818978879,0.7982190860215054,0.6143518518518519,0.7982190860215054,0.18386723416965345,0.0,0.4,0.06315789473684208,16.835541844649278,11.800279502751296,0.036051934220023306,0.5,0.9,0.95,0.05,0.05,0.4,0.5,1.0,0.95
0.06,1.0311524217558639,1.1237113402061851,-0.11419222968785592,0.5243828565732155,0.6685147849462365,0.5586660145056456,-0.13421312505610916,0.2513687632663073,0.3342198581560284,0.029361702127659574,1.0,2.425680194337197,0.008760963013897054,0.1745316486375737,0.663138440860215,0.0,0.6633064516129031,0.0,-0.00016801075268813026,0.0,0.3059941520467837,17.94510049854913,8.107377066679225,0.05428374235868525,0.5,0.85,0.9,0.1,0.0,0.3,0.5,1.0,0.9
0.07,1.0364351330624764,1.1599999999999997,-0.1683183379301849,0.602417857630921,0.6953405017921147,1.432998946797896,-0.24040910770188018,0.032198998509713514,0.38517665130568357,0.03387096774193549,1.0,2.7450361930694216,0.0,0.11208996478797636,0.6648745519713262,0.39699447431302265,0.6899641577060932,0.2678800776583035,-0.02508960573476704,0.1,0.22807017543859653,17.53542272222902,17.81726866940539,0.03666659246258577,0.5,0.85,0.9,0.1,0.1,0.6,0.5,1.0,0.9
0.08,1.0324139005765938,1.0500000000000032,-0.16468590182173637,1.1959757452787156,0.8500597371565113,3.0377242242819364,-0.36536873968079253,0.0010197272947647705,0.4551630434782608,0.04,1.0,3.2979909656383777,0.0,0.20382774425577896,0.8537634408602149,0.20837736373748608,0.8500597371565113,0.6453860771227289,0.0037037037037036535,0.1,0.06257309941520461,18.586424530233987,9.505221118217138,0.04526646906287251,0.5,0.9,1.0,0.0,0.05,0.35,0.5,0.8,1.0
0.04,1.0415297301696183,1.3259917137561856,-0.06662862218829702,0.3007205923378902,0.6770833333333334,0.16578646979692166,-0.06141774891774893,0.609821163040977,0.3984375,0.02,1.0,1.7301641934027052,0.0,0.1731530483405483,0.5,0.5,0.5,0.0,0.0,1.0,0.0,0.0,3.7801624630843316,0.05437494060185534,0.0,0.85,0.4,0.6,0.0,0.25,0.0,1.0,0.4
0.11,1.1231078564913721,1.643983290661727,-0.21127151166481317,0.6486353825354615,0.6780651340996169,1.5135021000924271,0.20819017550376073,0.03165445829048736,0.2530643513789581,0.05438202247191011,1.0,3.403509872152715,0.0,0.127536307920884,0.7266922094508302,0.48362193362193356,0.6780651340996169,0.24307027582889668,0.048627075351213356,0.1,0.27908496732026145,3.920817700055182,5.619032158756594,0.05494249706261113,1.0,0.75,0.9,0.2,0.1,0.75,0.5,1.0,0.85
0.05,1.0525611686303857,1.139498917414169,-0.0806241525059177,0.772360387774639,0.770497311827957,0.9231608327886215,-0.21763499658236496,0.09829183411303961,0.2868421052631579,0.024736842105263158,1.0,2.362886015822891,0.0,0.15001927546138072,0.84375,0.41365265558813946,0.770497311827957,0.43009734441186054,0.073252688172043,0.1,0.27368421052631575,5.70057475041711,1.7556138690018601,0.06778607831316792,0.5,0.85,0.95,0.05,0.0,0.4,0.5,0.8,0.95
0.06,1.0636643278785254,1.1733851918781473,-0.10128424279202974,0.0180493799314303,0.3627352150537635,0.040102092160991934,0.014506769825918808,0.9710459476400041,0.2907801418439716,0.03,1.0,2.6833277405195757,0.0,0.10027385557704709,0.4532930107526882,0.5336805555555556,0.3679435483870968,-0.08038754480286742,0.08534946236559138,0.7,0.374561403508772,5.794165382882731,4.454382772547897,0.05765300857883899,0.5,0.9,0.9,0.1,0.05,0.4,0.5,1.0,0.9
0.15,1.1758032307683588,3.6672617090242907,-0.25263600727918467,0.31853770331473374,0.5898193760262725,0.8852894918843432,0.13521772345301747,0.2837519723749654,0.21274509803921568,0.07411764705882352,1.0,3.7291298118484333,0.0,0.09950965962142437,0.6952380952380953,0.43644245539406823,0.58752052545156,0.2587956398440271,0.10771756978653535,0.1,0.43333333333333335,6.522293431394865,0.39762595352632024,0.09164219315375764,1.0,0.85,0.9,0.1,0.05,0.2,1.0,1.0,0.9
0.1,1.1108463380245348,1.2935712858964676,-0.1761351736592789,0.18694274224908042,0.6583333333333333,0.09105326822778038,-0.023953823953823894,0.7302706877106901,0.2361111111111111,0.05,1.0,3.419921829015179,0.0,0.10371993746993745,0.7546296296296297,0.6142112635438554,0.6564814814814814,0.1404183660857743,0.0981481481481482,0.4,0.2333333333333334,5.796186511773088,4.315986427763785,0.06072040639985532,1.0,0.85,0.9,0.1,0.1,0.1,1.0,1.0,0.9
0.12,1.1360520780869567,12.418148426413019,-0.20761080445390245,0.000601496798153057,0.3708812260536399,0.046733596977853335,0.011707988980716177,0.8568519362039648,0.16382575757575757,0.06,1.0,4.002823037963034,0.0,0.0627009871441689,0.5083333333333333,0.6127658221408221,0.3708812260536399,-0.10443248880748879,0.13745210727969343,0.2,0.5460784313725489,5.2120190906802355,2.2287692461583495,0.08283447983427261,1.0,0.85,1.0,0.0,0.1,0.1,1.0,1.0,1.0
0.07,1.0751259241083349,1.636743215031448,-0.13476894223248115,0.3261120837430552,0.40860215053763443,0.4914827696752139,-0.12173080375845358,0.3304982713574306,0.2999231950844854,0.03462365591397849,1.0,2.624245176308691,0.0,0.14277243468257297,0.4551971326164875,0.5369971264367815,0.40860215053763443,-0.08179999382029407,0.04659498207885304,0.4,0.38099415204678366,3.2087433256895523,6.3326921162225585,0.04328115283447782,0.5,0.85,0.9,0.1,0.2,0.6,0.5,1.0,0.9
0.1,1.110873906216808,3.4629286258572516,-0.2434246073564008,0.2691434032241886,0.4064814814814815,0.3198602532344895,-0.07330447330447332,0.5348357228349991,0.225,0.05,1.0,3.047776495830909,0.0,0.07400389610389616,0.4851851851851851,0.4878223317403425,0.40370370370370373,-0.002637146555157399,0.08148148148148138,1.0,0.461111111111111,4.968449137228053,23.811526750501134,0.030648012540470705,0.5,0.85,0.2,0.8,0.1,0.9,0.5,1.0,0.2
0.13,1.148935890056888,4.028442267847051,-0.23921891007833418,0.5164043859338856,0.689080459770115,1.4301503604136134,0.19125701884322593,0.04288747194328292,0.2822723253757736,0.06425287356321839,1.0,3.5341288728997577,0.0,0.1664190292466155,0.7735632183908047,0.6036008230452675,0.689080459770115,0.16996239534553714,0.08448275862068966,0.1,0.25588235294117667,4.554383059167338,3.8963877314912203,0.058946542576912966,0.5,0.85,0.9,0.1,0.0,0.3,0.5,1.0,0.9
0.11,1.123401748912547,4.793254216114922,-0.19839433672036666,0.09167842668117165,0.6590996168582376,0.19191901216651544,0.046456097528620455,0.6633507215851306,0.2936670071501532,0.05438202247191011,1.0,3.6347866229575407,0.006096611699488527,0.13808150820918952,0.7319923371647509,0.4494663382594417,0.6590996168582376,0.28252599890530916,0.07289272030651328,0.1,0.24183006535947715,5.387154689661978,4.419045564276805,0.06717378536868862,1.0,0.85,0.9,0.1,0.05,0.15,0.5,1.0,0.8
0.13,1.1492564977302642,31.268567405843992,-0.23236004953514255,0.5101678026764033,0.5396551724137931,1.0421119249549553,-0.1476110096799753,0.08780449573036649,0.16865605658709107,0.06425287356321839,1.0,3.966049719888777,0.0,0.07744961360478603,0.6,0.5842666650972176,0.5373563218390803,0.015733334902782392,0.06264367816091965,1.0,0.4950980392156862,5.616739068508951,4.3923294310247005,0.08576498235512608,1.0,0.9,0.95,0.05,0.05,0.35,1.0,1.0,0.95
0.07,1.0751635946761682,2.4957458363504803,-0.12812226410161465,0.11304098536154782,0.6200716845878135,0.08617804339624313,0.028248249446406137,0.8288322897925319,0.24654377880184333,0.03462365591397849,1.0,2.997021254883573,0.0,0.11544045457870346,0.6756272401433693,0.29305555555555557,0.6200716845878135,0.3825716845878137,0.0555555555555558,0.1,0.42309941520467836,4.783693053123206,6.554302415954565,0.04664888535564284,0.0,0.85,1.0,0.0,0.05,0.35,0.0,1.0,1.0
0.14,1.1622193420722915,2.588023812512329,-0.24251994313037817,0.589463519959737,0.7523809523809524,1.5948375403263608,0.20546231177460406,0.0263294678057396,0.2861295681063123,0.07,1.0,3.580371144609852,0.0,0.2022816909004616,0.8027093596059114,0.5152709359605911,0.747208538587849,0.28743842364532024,0.05550082101806242,0.1,0.30588235294117627,6.9400895125643975,2.529167685901541,0.08869795553942518,0.5,0.85,0.95,0.05,0.0,0.2,0.5,1.0,0.95
0.08,1.0868495257831468,1.6874702239161647,-0.14955724947687,0.4631192070476521,0.6211469534050179,0.8723691069260685,0.1843591191417278,0.1581576295122158,0.24864130434782605,0.04,1.0,3.189930818435985,0.0,0.10470209862601167,0.7205495818399044,0.274702380952381,0.6175627240143369,0.4458472008875234,0.10298685782556749,0.1,0.392982456140351,4.424143025441346,6.789047853836626,0.04879051750646598,0.5,0.85,0.9,0.1,0.0,0.3,0.5,1.0,0.9
0.08,1.0867194031116474,1.740963855421706,-0.14158696881130828,0.41284743573187,0.4908004778972521,0.3782757900461934,0.09457933370976851,0.48053655087333824,0.2595108695652174,0.04,1.0,3.3015825769937113,0.0,0.12747273197816675,0.5538829151732377,0.3602678571428572,0.4908004778972521,0.19361505803038054,0.06308243727598561,0.1,0.4039473684210526,4.645434887594655,4.04697771574747,0.05963022842829204,0.5,0.85,1.0,0.0,0.05,0.3,0.5,1.0,1.0
0.06,1.0637176290325439,2.7590560649331968,-0.1094942023612715,0.4045955995133448,0.7589045698924731,0.7097577878584259,0.1624297688127475,0.22823258712050698,0.34219858156028365,0.03,1.0,2.8793347372117784,0.0,0.21343782045377796,0.7642809139784946,0.6255660048763497,0.7589045698924731,0.1387149091021449,0.005376344086021501,0.4,0.3789473684210526,4.050565381466691,6.191263017419871,0.04767142155220503,0.5,0.85,0.9,0.1,0.0,0.3,0.5,1.0,0.9
0.07,1.0751223431436319,2.3040454584004926,-0.12709254864706132,0.2120644684066777,0.6577060931899642,0.28479615400961766,0.07596704370897928,0.5253724212754978,0.2676651305683564,0.03462365591397849,1.0,2.8812820434932154,0.0,0.12544004561746508,0.6953405017921147,0.20666486291486294,0.6612903225806451,0.48867563887725174,0.03405017921146958,0.1,0.3371345029239766,5.031133844690379,5.786989554231276,0.05700607074185958,1.0,0.9,0.9,0.1,0.05,0.3,1.0,1.0,0.9
0.08,1.086831801740252,1.7130566641744722,-0.13694264295242853,0.2856621922273304,0.5056152927120668,0.38032409308692877,0.0966967814793902,0.4306650028378536,0.22282608695652173,0.04,1.0,2.9497761395351003,0.0,0.09262618812347076,0.5851851851851851,0.27956989247311825,0.5056152927120668,0.3056152927120669,0.0795698924731183,0.1,0.48464912280701744,5.298862912013924,3.494242146375231,0.06709127669503995,0.0,0.85,0.9,0.1,0.05,0.3,0.0,1.0,0.9
0.16,1.1899092503791193,4.909623430962411,-0.349818298723064,0.5891068495462969,0.5750000000000001,1.4879883788769837,-0.18467841682127384,0.03270642911650874,0.1599702380952381,0.08,1.0,4.158469933155734,0.0,0.07837843357039785,0.6892857142857144,0.49212937622899305,0.5750000000000001,0.19715633805672134,0.11428571428571432,0.1,0.47653186274509807,5.1147439991271195,13.002053435041798,0.04199409943363658,0.5,0.9,1.0,0.0,0.0,0.3,0.5,1.0,1.0
0.16,1.190033249164855,1.566286897980249,-0.31559976172978077,0.0036634643353484417,0.7511904761904762,0.11208675073203982,0.02446660482374774,0.7207706140920553,0.22619047619047616,0.08,1.0,4.163616705264248,0.0,0.15257746469800043,0.778968253968254,0.6071123321123322,0.7511904761904762,0.1718559218559218,0.02777777777777779,0.4,0.45833333333333337,3.9649776756509723,5.144687882447471,0.06025445648520296,0.5,0.85,0.9,0.1,0.05,0.35,0.5,1.0,0.9
0.17,1.2043962321836323,4.907826892995769,-0.3317468118967959,0.08391527549785818,0.7584068195179307,0.09767099534827227,0.021436394930370972,0.8007045102697115,0.26594613749114104,0.08397590361445784,1.0,4.250721251301714,0.0,0.14973318330618124,0.8123456790123459,0.4686507936507936,0.7564226925338037,0.3436948853615523,0.055922986478542214,0.1,0.25698529411764715,6.010377730629653,9.963592352915024,0.07192677590035221,0.5,0.8,0.9,0.1,0.0,0.3,0.5,1.0,0.9
0.15,1.1763117395487892,31.933322995814063,-0.28415431433818483,0.357755436578297,0.601888341543514,0.6074592985686702,0.09686783804430882,0.38216430870201323,0.2715686274509804,0.07411764705882352,1.0,3.332237614429951,0.0,0.1439228418640184,0.68440065681445,0.4775356827080965,0.601888341543514,0.20686497410635346,0.08251231527093594,0.1,0.26470588235294135,5.486552214960279,4.976561841103507,0.06757364802187023,0.5,0.7,0.4,0.7,0.2,0.95,0.5,1.0,0.4
0.07,1.0751787802151767,1.8548515165951738,-0.12893828583089118,0.5554157023182602,0.546594982078853,0.9727482745717944,0.194186765615337,0.1701618258383406,0.33986175115207373,0.03462365591397849,1.0,3.144305844668271,0.0,0.17976328126558544,0.618279569892473,0.23729508657206097,0.546594982078853,0.380984483320412,0.07168458781361997,0.1,0.11988304093567248,4.1244018897944175,5.800915966782002,0.05351028170838882,0.5,0.85,0.9,0.1,0.0,0.35,0.5,1.0,0.9
0.1,1.1109405388449487,1.9940621589314476,-0.19028570062072214,0.07595372556382406,0.3916666666666666,0.1882546723853241,0.047330447330447334,0.7345483512433503,0.19722222222222222,0.04888888888888889,1.0,3.604353046370125,0.0,0.06277520442520441,0.512962962962963,0.5966269841269841,0.3981481481481481,-0.08366402116402116,0.11481481481481487,0.4,0.5111111111111112,5.2842366443252144,6.488707326317648,0.05679639398192089,0.0,0.8,0.9,0.1,0.0,0.3,0.0,1.0,0.9
0.1,1.1104131921592733,1.3370546020864151,-0.1668141654677091,0.06324822028707047,0.42407407407407405,0.06308321893500174,0.017027417027416947,0.8496012131209383,0.21666666666666667,0.05,1.0,3.3915669509105726,0.0,0.07483278018278015,0.6083333333333334,0.5456144687512875,0.42407407407407405,0.0627188645820459,0.18425925925925934,1.0,0.2777777777777779,6.216599569039641,2.0286220924150182,0.08112955630243293,1.0,0.85,0.9,0.1,0.0,0.2,1.0,1.0,0.9
0.13,1.1487991445650947,1.9607036783184841,-0.29158870765806233,0.2571728784663445,0.5396551724137931,0.41012616728896445,0.08225108225108235,0.47926386614991756,0.25442086648983203,0.06425287356321839,1.0,3.634793982814133,0.0,0.13731785455923395,0.6166666666666667,0.393103448275862,0.5402298850574713,0.22356321839080467,0.07643678160919543,0.1,0.392483660130719,3.8268199083184107,11.958362559765865,0.04630027606760421,0.5,0.8,0.9,0.1,0.05,0.4,0.5,1.0,0.9
0.09,1.098662143974306,4.689699296225606,-0.1955786394682768,0.5594796569227113,0.45734767025089607,1.2171957797799962,0.21110635396349692,0.06352788388535845,0.21947496947496947,0.04450549450549451,1.0,3.0535551146466826,0.0,0.10830222951651526,0.519115890083632,0.6015946502057613,0.45734767025089607,-0.08247876012212929,0.06176821983273595,0.2,0.4049707602339181,3.3093685109529853,10.395943979288925,0.03293190564798827,1.0,0.85,0.9,0.1,0.05,0.2,1.0,1.0,0.9
0.11,1.123468971522006,9.411195700851009,-0.21051942546265323,0.7286965886197238,0.6920817369093232,1.8328776797104471,0.22149556266001613,0.024218442431284362,0.26455566905005107,0.05438202247191011,1.0,3.55641818120199,0.006097198479891548,0.13681447629660087,0.7566411238825032,0.5216820987654321,0.6920817369093232,0.234959025117071,0.06455938697317998,0.1,0.2419934640522876,5.128737359335925,6.965461415554115,0.05494249706261113,0.5,0.85,0.9,0.1,0.0,0.3,0.5,1.0,0.9
0.08,1.0863772446141247,1.5420954685028363,-0.13632612959061907,0.47110483802037656,0.6021505376344086,0.7507919909832609,0.15175042348955403,0.2248869805371292,0.21875,0.04,1.0,2.773834057951493,0.0,0.10087691746659141,0.717562724014337,0.7453055904668808,0.5931899641577061,-0.02774286645254387,0.12437275985663088,0.7,0.3345029239766081,5.755934809217836,3.5196378679519853,0.06709127669503995,0.5,0.85,0.9,0.1,0.05,0.4,0.5,1.0,0.9
0.08,1.0866195247134784,1.0659973434708934,-0.12811943643119728,0.21330305369951005,0.5021505376344085,0.35085033396427373,-0.08625070581592309,0.5005331287302062,0.22282608695652176,0.04,1.0,3.1478093240884704,0.0,0.1127302489177489,0.5818399044205496,0.36213462489185516,0.5021505376344085,0.2197052795286944,0.07968936678614102,0.1,0.45073099415204687,7.220650863044328,1.9560260972416224,0.09484911605985957,0.0,0.85,0.9,0.1,0.1,0.85,0.0,1.0,0.9
0.1,1.1104800920959577,1.391234567901205,-0.19462776929690317,0.06209097764493856,0.38055555555555554,0.05587273776103513,0.01587301587301576,0.913047506938682,0.15,0.05,1.0,3.427103254420127,0.0,0.04344973544973542,0.48148148148148157,0.6542990153668685,0.3768518518518518,-0.17281753388538695,0.10462962962962974,0.2,0.6083333333333334,3.634340990326609,6.320309319385755,0.04909560892698437,1.0,0.9,0.1,0.9,0.05,0.3,1.0,0.8,0.1
0.09,1.0986161033901327,2.1747398175510426,-0.16774137937176858,0.37729209721314527,0.37622461170848265,0.44711910486893586,0.0906553763696622,0.4884829131392835,0.1865079365079365,0.04450549450549451,1.0,2.861617801153113,0.0,0.0666974216259931,0.46403823178016723,0.5211170848267622,0.37622461170848265,-0.05707885304659499,0.08781362007168458,1.0,0.3956140350877193,4.491872720136026,5.089283697310606,0.04719917318396215,0.5,0.85,0.8,0.1,0.1,0.6,0.5,1.0,0.85
0.12,1.1357137892472342,1.4110337558594426,-0.20910808406798176,0.28572474843845347,0.6110153256704981,0.4753639715529609,-0.09272924045651315,0.3756111019674522,0.2168560606060606,0.06,1.0,3.551337725694996,0.0,0.10987233536665353,0.7163793103448276,0.4625779901765565,0.6110153256704981,0.2538013201682711,0.1053639846743295,0.1,0.37450980392156874,4.987129125765444,2.1382162907391216,0.06963460252873158,0.5,0.85,0.9,0.1,0.15,0.65,0.5,1.0,0.9
0.1,1.1109058761838206,3.9026909630257802,-0.18139274346635137,0.2533039862972359,0.6101851851851852,0.318177200364473,0.07936507936507936,0.501207185819845,0.21666666666666665,0.05,1.0,3.639929765806254,0.0,0.11191904761904764,0.6666666666666666,0.2104166666666667,0.6138888888888889,0.45624999999999993,0.0527777777777777,0.1,0.411111111111111,4.794936491694757,4.046171475735467,0.06072040639985532,0.5,0.85,0.85,0.1,0.05,0.4,0.5,1.0,0.85
0.09,1.0985824140549216,3.056253669994151,-0.1699326275291595,0.6802814732750846,0.6056152927120669,1.401280377521094,0.2191776477490765,0.07164994005503006,0.32020757020757024,0.04450549450549451,1.0,3.3327291543949045,0.0,0.19684874649160367,0.6388291517323775,0.8257808499743984,0.6020310633213859,-0.18695169824202085,0.036798088410991636,0.4,0.345029239766082,4.788226175631976,6.9513597735455335,0.058367907116117355,0.5,0.75,0.85,0.2,0.05,0.85,0.5,1.0,0.85
0.1,1.1109359960724705,1.3307819462411974,-0.1760154743739828,0.06752296738473593,0.4870370370370371,0.060647043892164444,-0.016883116883116833,0.6130523046862348,0.2722222222222222,0.05,1.0,3.6086120725783335,0.0,0.098022631072631,0.5685185185185185,0.361090369042878,0.49259259259259264,0.20742814947564053,0.0759259259259259,0.1,0.4083333333333332,5.018287726802126,3.5775605269836177,0.06872208615678614,0.0,0.85,1.0,0.0,0.2,0.85,0.0,1.0,1.0
0.09,1.0987683077662198,1.940221757994605,-0.2057783744233217,0.29361859265080476,0.5763440860215053,0.29584071711781623,-0.07435421721135999,0.5305641332545099,0.28998778998778996,0.04450549450549451,1.0,2.9769096639483807,0.0,0.15885208706637272,0.6345280764635602,0.0,0.5946236559139785,0.0,0.039904420549581765,0.0,0.4223684210526314,3.1488059719063086,14.321275548142943,0.03643502694109829,0.5,0.85,0.9,0.1,0.05,0.6,0.5,1.0,0.9
0.07,1.0751586698370148,3.7454334330758092,-0.12011940978622393,0.10333415587031566,0.5931899641577061,0.043166521077696904,-0.014503161968599798,0.9515113122206093,0.271505376344086,0.03462365591397849,1.0,3.017315861429359,0.0,0.13770054727658415,0.6505376344086021,0.0,0.5931899641577061,0.0,0.05734767025089604,0.0,0.3410818713450293,5.055320302497401,4.3307551398356665,0.06413345368369576,0.0,0.8,0.9,0.05,0.1,0.4,0.0,1.0,0.95
0.16,1.1900216640152903,2.685190700048932,-0.27537166454156736,0.017435947399899294,0.5115079365079365,0.04959560858957607,-0.011518243661100713,0.917599049296896,0.1443452380952381,0.08,1.0,4.321534998164572,0.0,0.06727638631210059,0.6373015873015873,0.6639194139194139,0.5115079365079365,-0.026617826617826634,0.1257936507936508,1.0,0.5640012254901962,6.328004359300067,0.9200491202217917,0.0844542390708133,1.0,0.85,0.95,0.05,0.05,0.2,1.0,1.0,0.95
0.07,1.0749878427909796,1.3097260852155335,-0.12154762883418213,0.46784785462694833,0.8422939068100358,0.6418185418625842,0.149819458575219,0.24510278256236562,0.3360215053763441,0.03462365591397849,1.0,2.498290719067496,0.0,0.20026822869910427,0.9193548387096774,0.5577586206896551,0.8369175627240143,0.3615962180200223,0.08243727598566308,0.2,0.2435672514619882,5.4861573861884665,3.9927630606052036,0.05700607074185958,0.5,0.85,0.9,0.1,0.0,0.35,0.5,1.0,0.9
0.11,1.1233212298446318,2.7990383255550872,-0.205000356899546,0.04222175839730955,0.4806194125159642,0.034066076143958963,0.009352241221495472,0.9868112011018508,0.2487231869254341,0.05438202247191011,1.0,3.5271775887754666,0.0,0.0938336340200487,0.562962962962963,0.5861409796893667,0.4806194125159642,-0.02317801672640374,0.08234355044699881,0.7,0.28627450980392166,4.6473739915234145,5.339854829307363,0.05896736957771389,0.5,0.8,0.9,0.8,0.05,0.85,0.0,1.0,0.2
0.09,1.0987703868361565,2.3614527564751993,-0.17053366074946563,0.0051505371658809255,0.5741935483870967,0.040008055976123495,0.012543012543012544,0.9855805674527033,0.27625152625152627,0.04450549450549451,1.0,3.0175034252217108,0.0,0.10890661190661192,0.6365591397849463,0.5809788654060066,0.5741935483870967,0.05558027437893964,0.062365591397849585,0.4,0.2926900584795321,4.251620756262309,7.307776707198579,0.0545981623470728,1.0,0.9,0.9,0.1,0.0,0.2,1.0,1.0,0.9
0.12,1.135687871686605,2.157294236375877,-0.21106947518806196,0.073314517927069,0.5908045977011495,0.17645502997738724,0.04033844942935855,0.7422013825720635,0.1903409090909091,0.06,1.0,3.8144367086997906,0.0,0.08046908205430933,0.6704980842911876,0.6420167028620867,0.5908045977011495,0.02848138142910095,0.07969348659003817,0.7,0.36650326797385624,5.921324112213961,3.29086668877256,0.06963460252873158,0.0,0.9,1.0,0.0,0.05,0.3,0.0,1.0,1.0
0.12,1.1360602514849822,1.3344272910788995,-0.1931436711736907,0.2528146107346844,0.7271072796934867,0.2892709345251508,-0.06026170798898073,0.5452788328220812,0.22348484848484848,0.06,1.0,3.4999854123602776,0.0,0.10481858356290177,0.83544061302682,0.4927088299168388,0.7271072796934867,0.34273178310998126,0.10833333333333339,0.1,0.3666666666666666,7.867533385933419,0.09252437624051524,0.11588450473619422,0.5,0.8,0.1,0.8,0.1,0.95,0.5,1.0,0.1
0.12,1.1360376634078884,2.1364382743693286,-0.2195327140201302,0.08570301670318135,0.3102490421455939,0.0829785710339566,0.02149744195198744,0.8402216856080589,0.14204545454545453,0.05863636363636364,1.0,3.7373111554430256,0.0,0.04432006755870388,0.41350574712643673,0.4608058608058608,0.3102490421455939,-0.04730011367942405,0.10325670498084283,0.7,0.6379084967320262,4.943730432527285,4.723927618896815,0.06535067941885057,0.5,0.9,0.0,0.9,0.05,0.9,0.5,1.0,0.0
0.09,1.0987234795021188,8.133281066248596,-0.16278959298642492,0.1461474549005615,0.40059737156511344,0.26498149263351334,0.062413776699491,0.5549646831158788,0.21581196581196582,0.04450549450549451,1.0,3.3563434120205264,0.0,0.07289098996241854,0.5169653524492234,0.2582133256528418,0.40059737156511344,0.2587520267963816,0.11636798088410993,0.1,0.35029239766081866,4.711295480386268,3.9871761019878775,0.058367907116117355,0.5,0.8,0.8,0.1,0.15,0.6,0.5,1.0,0.85
0.08,1.086625841599126,1.3788799201131734,-0.14335548130458475,0.288596418439148,0.6849462365591398,0.6613822765874501,-0.14271597967250138,0.17791154582491997,0.25,0.04,1.0,2.9426344720794964,0.0,0.10684837897609636,0.7252090800477897,0.3686977299880525,0.6849462365591398,0.3565113500597372,0.040262843488649946,0.1,0.20994152046783632,6.134551025817523,9.435723644185577,0.0523584158460523,0.5,0.85,0.9,0.1,0.15,0.45,0.5,1.0,0.9
0.05,1.0525630963163999,1.2970749542961628,-0.09021865214145253,0.15133707535984084,0.4939516129032258,0.18551995129730006,0.06425153793574828,0.6808303345590465,0.19736842105263158,0.024736842105263158,1.0,1.7878384245041912,0.0,0.07939095465937569,0.5571236559139785,0.4104502688172043,0.4887432795698925,0.1466733870967742,0.068380376344086,0.1,0.5210526315789472,4.16329140782525,5.9947006855101534,0.045159410617762,1.0,0.9,0.95,0.05,0.05,0.05,1.0,1.0,0.95
0.14,1.1618159236376404,1.5337162837162837,-0.26559340553032973,0.2181351315675325,0.7000821018062399,0.34395621112397295,0.06189325624541553,0.43538682115837546,0.22466777408637872,0.07,1.0,3.9906022136283523,0.0,0.13357879578892867,0.7684729064039408,0.3732829572867887,0.7000821018062399,0.39518994911715216,0.06839080459770097,0.1,0.4277777777777778,4.87462976701327,5.822135701909399,0.06541841571730837,0.5,0.85,0.9,0.1,0.05,0.4,0.5,1.0,0.9
0.1,1.0619983100971697,1.181250000000002,-0.28074578523460314,0.11947658979118843,0.43703703703703706,0.144969169170651,-0.03825597749648385,0.6457079910631933,0.23055555555555554,0.05,1.0,3.811184655117959,0.0,0.06922914840252631,0.4888888888888889,0.18297413793103448,0.4407407407407407,0.30591475095785436,0.04814814814814816,0.1,0.3666666666666666,8.614000787527312,24.518996982171245,0.02356831688098055,0.5,0.85,0.9,0.1,0.05,0.4,0.5,1.0,0.9
0.08,1.0582143647552176,1.0486322188449824,-0.2530233416009562,0.24964004932900136,0.5641577060931899,0.6937344911632881,-0.1492845349477161,0.20115813052605103,0.2581521739130435,0.04,1.0,2.961103349354872,0.0,0.07558728089206149,0.5819593787335723,0.3835125448028674,0.5641577060931899,0.1984468339307049,0.01780167264038235,0.1,0.3388888888888889,4.127301423507632,31.807489206906276,0.012220955311766502,0.5,0.85,0.9,0.1,0.05,0.4,0.5,1.0,0.9
0.06,1.0481255981231654,1.0390624999999996,-0.15435106311112712,0.44170067567909416,0.592741935483871,1.0791228330535947,-0.21132956279737858,0.11355314958496794,0.3608156028368794,0.03,1.0,2.7154645716507466,0.0,0.09246722678541051,0.5984543010752689,0.7242424242424242,0.5981182795698925,-0.12578812316715537,0.00033602150537637154,0.7,0.15482456140350864,5.062390241237794,24.86387628742368,0.02276217535561106,0.5,0.85,0.9,0.1,0.05,0.3,0.5,1.0,0.9
0.08,1.0318297301184025,1.0597345132743328,-0.1577513762099101,0.6518162267773062,0.548984468339307,1.1842832799521708,-0.20892955421023662,0.11203770449601408,0.2622282608695652,0.0391304347826087,1.0,3.0397671465561786,0.0,0.08613241297154789,0.5583034647550776,0.40275074156470153,0.5436081242532855,0.1555527231903761,0.014695340501792109,0.7,0.44736842105263147,18.63473294499823,9.85350875664124,0.04879051750646598,0.5,0.85,0.9,0.1,0.05,0.3,0.5,1.0,0.9
0.09,1.0411078083085623,1.0735294117647096,-0.1799376520129119,1.4590179511779273,0.8132616487455196,2.8293691097499987,-0.35177199734161757,0.0013502874874493683,0.32570207570207566,0.04450549450549451,1.0,3.322158961838323,0.005451541716653315,0.1330684073527706,0.8242532855436081,0.16239986067572273,0.8132616487455196,0.6618534248678853,0.010991636798088456,0.1,0.14064327485380113,18.71964443659188,8.293553110475848,0.05087564093974519,0.5,0.9,1.0,0.0,0.05,0.45,0.5,1.0,1.0
0.09,1.0573968783445966,1.4092827004219328,-0.19068731271333839,0.36100148101838625,0.5777777777777777,0.1602768706630124,-0.04678443918950237,0.749452951928611,0.27442002442002444,0.04450549450549451,1.0,3.4177567303566527,0.0,0.04775523833793867,0.6475507765830347,0.4832455300127714,0.5816009557945042,0.16430524657026335,0.06594982078853051,0.2,0.2861111111111111,9.832911458572186,9.702547253335435,0.04356763234163859,0.0,0.9,0.9,0.1,0.3,0.75,0.0,0.8,0.9
0.12,1.0920587025893775,1.165289256198349,-0.3057713094388914,0.9183865748524509,0.6253831417624521,2.473726492001412,-0.2698504027617952,0.0021289261851918017,0.32954545454545453,0.06,1.0,3.6072483401842046,0.0,0.07991847249579859,0.6138888888888889,0.5080645161290323,0.6253831417624521,0.10582437275985668,-0.011494252873563204,1.0,0.19052287581699356,5.367775858863136,18.00089795399001,0.02913294639370313,0.5,0.85,0.8,0.2,0.05,0.3,0.5,1.0,0.85
0.12,1.068706352182771,1.2820512820512775,-0.26676864942290246,0.7613098459277401,0.5887931034482757,1.1989574691483686,-0.17879746835443033,0.06638158920903402,0.2471590909090909,0.06,1.0,3.7031261113842167,0.0,0.08578909089753027,0.6200191570881226,0.5262151950138603,0.5887931034482757,0.09380396207426234,0.031226053639846874,0.7,0.43333333333333335,10.615185547997326,14.554570050321175,0.04875604441104534,0.5,0.85,0.95,0.05,0.0,0.3,0.5,1.0,0.95
0.11,1.0794339026424442,1.0867924528301884,-0.21720341407948318,0.41459551845100123,0.6946679438058748,0.7533037509493372,-0.14158079155945746,0.14420152789378127,0.2334014300306435,0.05438202247191011,1.0,3.6556251534928745,0.006096813386143233,0.07860242622446376,0.7380268199233716,0.6998722860791826,0.7003192848020433,0.03815453384418899,0.037707535121328295,0.7,0.36797385620915046,10.390181378624648,6.293704934692919,0.05096809699031732,0.5,0.8,0.9,0.1,0.05,0.85,0.5,1.0,0.9
0.16,1.1049620255396433,1.2205882352941158,-0.5248853365441315,1.0784588845293133,0.7722222222222221,3.3402096214494983,-0.29686558167570826,0.0004900490560288338,0.3229166666666667,0.08,1.0,4.213821852235509,0.0,0.09357477338585167,0.7809523809523808,0.37777777777777777,0.769047619047619,0.4031746031746031,0.011904761904761862,0.1,0.144485294117647,5.236497673672587,34.955845584752986,0.012095986887578953,0.5,0.9,0.95,0.0,0.0,0.2,0.5,1.0,0.95
0.11,1.0641115768190492,1.3966942148760366,-0.2725914711197035,0.12541810952889892,0.44543422733077903,0.012470395873558969,-0.003529822474496014,0.9385060387045321,0.21552604698672115,0.05438202247191011,1.0,3.479489403651907,0.006096795050165674,0.04679401669809547,0.5394316730523627,0.33756613756613757,0.4417305236270754,0.20186553548622516,0.09770114942528735,0.1,0.4122549019607844,9.180258004305818,22.23295966785717,0.028114603563223834,0.5,0.85,0.9,0.1,0.15,0.6,0.5,1.0,0.9
0.12,1.0876232933287988,1.3192019950124696,-0.5683041790282601,0.1598044340152326,0.6560344827586208,0.8060233256005286,-0.12418488684311468,0.16940363914363343,0.2755681818181818,0.06,1.0,3.694928090912687,0.0,0.05118000392251156,0.6588122605363985,0.721577380952381,0.638888888888889,-0.06276512041598248,0.01992337164750957,1.0,0.4983660130718956,2.7370537771814756,73.50907984993275,0.003502625534051708,0.5,0.9,1.0,0.0,0.05,0.4,0.5,1.0,1.0
0.15,1.097620390789272,1.3459119496855305,-0.2992464011538374,0.06170657340735808,0.41839080459770117,0.021393786086625437,-0.005162571357656853,0.9115740317929625,0.1568627450980392,0.07411764705882352,1.0,4.09389980500343,0.0,0.03219012336133612,0.4886699507389163,0.4417898193760263,0.41609195402298854,0.04688013136288999,0.07257799671592774,0.7,0.527450980392157,20.332149877688185,7.381576173195661,0.07225809404390512,0.0,0.6,0.9,0.8,0.25,0.9,1.0,1.0,0.1
0.12,1.085459850370174,1.3967741935483917,-0.32172549900130054,0.46485662229791097,0.7159003831417623,1.4176117100963619,-0.19533947065592638,0.02962200570178469,0.34943181818181823,0.06,1.0,3.6135241026321747,0.0,0.0935362453137653,0.7360153256704981,0.7090086869007891,0.7243295019157087,0.02700663876970899,0.011685823754789437,1.0,0.2591503267973856,6.4227565654373455,22.306962962702325,0.025345986565698045,0.5,0.85,0.85,0.15,0.1,0.4,0.5,1.0,0.85
0.15,1.0597411044583698,1.2461059190031216,-0.259495472635519,0.30903057764477965,0.6111658456486043,1.09079631414455,-0.1532886572350457,0.09196656844624519,0.24803921568627452,0.07411764705882352,1.0,4.316112692466846,0.0,0.046092612707887545,0.5949096880131363,0.4468938149972632,0.6111658456486043,0.14801587301587305,-0.01625615763546806,0.2,0.32156862745098047,19.3694865451469,2.8603671986232415,0.09665893627264305,0.5,0.85,0.9,0.1,0.15,0.6,0.5,1.0,0.9
0.08,1.0424918609227187,1.0689655172413781,-0.14556315627564986,0.611465318769352,0.6783751493428913,0.9043248299522838,-0.17363786461199782,0.11215729490331032,0.30027173913043476,0.04,1.0,2.9869014809767824,0.0,0.07530191745955608,0.7183990442054958,0.0,0.6765830346475509,0.0,0.041816009557944955,0.0,0.4045321637426901,17.63229245415459,4.736093381048444,0.05963022842829204,0.5,0.85,0.9,0.1,0.05,0.4,0.5,1.0,0.9
0.05,1.0378040047069663,1.087962962962964,-0.2322984521398226,0.8986293439649387,0.6515456989247311,1.3033583711724597,-0.2804796802131912,0.05862772884596506,0.31842105263157894,0.024736842105263158,1.0,2.5984254907071143,0.0,0.09815339982282836,0.6515456989247311,0.0,0.6515456989247311,0.0,0.0,0.0,0.25263157894736843,1.7035687021387746,79.39893837470171,0.0025971943486423356,0.5,0.85,0.95,0.05,0.0,0.2,0.5,1.0,0.95
0.13,1.0959303599815005,1.2227979274611451,-0.3346589691780215,0.5245334144815874,0.560344827586207,1.1633773285359748,-0.16759001219935316,0.05651593899018457,0.20358090185676392,0.06425287356321839,1.0,3.6085380303415935,0.0,0.08479985795506495,0.6155172413793104,0.4154077723043241,0.5649425287356321,0.20010946907498633,0.0505747126436783,0.4,0.5624183006535948,7.660712567626563,16.77886571695423,0.022352846433138313,0.5,0.85,1.0,0.0,0.05,0.3,0.5,1.0,1.0
0.09,1.0408548704547924,1.1351351351351364,-0.17360967011102835,0.07632308772465586,0.6139784946236558,0.6470274920735486,-0.12696867127246875,0.24500493292749836,0.27380952380952384,0.04450549450549451,1.0,3.4887860052548687,0.0,0.054970324900727355,0.6437275985663082,0.5935105363984674,0.6028673835125448,0.05021706216784083,0.04086021505376347,0.7,0.337719298245614,18.311270691683156,7.204860959147034,0.058367907116117355,0.5,0.85,0.9,0.1,0.05,0.4,0.5,1.0,0.9
0.11,1.0647336664922138,1.094017094017097,-0.26110085627528257,0.2352889548555655,0.46130268199233715,0.4340133917643245,-0.09309421910758853,0.31063544434464485,0.2773237997957099,0.05438202247191011,1.0,3.2423771595466695,0.0,0.07371787917342834,0.49019795657726695,0.6562467997951869,0.46417624521072803,-0.1660488432179199,0.026021711366538913,0.1,0.3887254901960786,10.74535623712764,17.418868436789406,0.043165751755780524,0.5,0.8,0.9,0.1,0.05,0.85,0.5,1.0,0.9
0.06,1.0410593101925485,1.0904872389791194,-0.1673407329855099,0.522322711848101,0.4314516129032258,0.6632865675371524,-0.15804829877008714,0.20919595138595137,0.2721631205673759,0.029361702127659574,1.0,2.6529165963074157,0.0043781788053891164,0.05506085126076916,0.4264112903225807,0.7154013250787444,0.4366599462365592,-0.28899003475616375,-0.0102486559139785,0.1,0.268421052631579,6.793306389226398,32.9570329334601,0.019807350416117968,0.5,0.85,0.8,0.2,0.0,0.3,0.5,1.0,0.8
0.17,1.0982350912757717,1.2903225806451684,-0.5021729113693372,0.3117511567268596,0.5553203997648443,1.0052008627022733,-0.13121136818308238,0.08861374097543691,0.19436569808646348,0.08397590361445784,1.0,4.062285559624392,0.007867124670636182,0.03778459110881793,0.5863168724279836,0.34519400352733687,0.5577013521457966,0.24112286890064671,0.028615520282186946,0.2,0.46825980392156874,8.733610702066313,27.404268246378805,0.029771226051936217,0.5,0.85,0.9,0.1,0.05,0.3,0.5,1.0,0.9
0.08,1.0540321752420998,1.2721712538226295,-0.13491265496385463,0.32851320269915757,0.6285543608124253,0.599977491041777,-0.12341772151898733,0.274250068659217,0.28260869565217395,0.04,1.0,2.944818381790731,0.0,0.08502614852506375,0.6698924731182796,0.4724537037037037,0.6213859020310634,0.1974387694145759,0.04850657108721623,0.1,0.3276315789473685,18.718760882456426,2.4380096962639985,0.09484911605985957,0.5,0.9,0.9,0.1,0.1,0.6,0.5,0.8,0.9
0.1,1.0532529162867899,1.0962099125364464,-0.20096852881035954,0.5830480084868064,0.6972222222222223,1.6493865264040906,-0.23642756680731378,0.027736673857270758,0.3194444444444444,0.05,1.0,3.0761848919004895,0.0,0.06834285046001225,0.7074074074074074,0.3185638363613892,0.6907407407407408,0.3888435710460182,0.016666666666666607,0.1,0.2055555555555555,19.90510691150973,8.021556327157464,0.06469519275745134,0.5,0.85,0.9,0.1,0.05,0.45,0.5,1.0,0.9
0.13,1.0763311565740545,1.2857142857142834,-0.2941960702119397,0.11135334029283948,0.6339080459770116,0.8787591769093633,-0.14389640622726613,0.13042293043522385,0.24137931034482757,0.06425287356321839,1.0,3.586023279578151,0.0,0.056417517600832474,0.621264367816092,0.44999999999999996,0.5971264367816093,0.171264367816092,0.024137931034482696,0.2,0.39117647058823535,10.565231371163522,13.173666851137074,0.04218854336679699,0.5,0.85,0.9,0.1,0.0,0.3,0.5,1.0,0.9
0.17,1.098608975811737,1.329411764705886,-0.3708068242197511,0.12081693131731475,0.26315402704291596,0.2519893610627635,0.04861441297580499,0.7724580716976139,0.16761162296243798,0.08397590361445784,1.0,4.365197124876054,0.007866554189525189,0.01632988141609904,0.37422104644326865,0.4342298647854203,0.26521164021164023,-0.06000881834215166,0.10900940623162841,0.7,0.557843137254902,20.40408914541017,10.512818621943753,0.06213676593309803,0.5,0.8,0.2,0.8,0.15,0.95,0.5,1.0,0.2
0.09,1.053753664310013,1.189473684210523,-0.33427454962257297,0.7614546347707865,0.7353643966547193,1.2177841979650599,-0.19964142748952876,0.03937536122160777,0.3128815628815629,0.04351648351648352,1.0,3.130851958959792,0.010910331330990876,0.07335337551378314,0.7722819593787337,0.6058542413381124,0.7391875746714457,0.1664277180406213,0.03309438470728798,0.7,0.09795321637426901,7.117909335165555,52.62873392438103,0.01273835594725236,0.5,0.8,0.9,0.1,0.05,0.9,0.5,1.0,0.9
0.14,1.0721137982866715,1.2040133779264153,-0.39799456261410615,0.9363606717233253,0.6225779967159278,1.6241562643142566,-0.20793557340510532,0.021705284561501646,0.23837209302325585,0.06837209302325581,1.0,3.9290873454152972,0.0,0.056906448694542866,0.6444170771756978,0.7204382565895359,0.6273399014778326,-0.07602117941383801,0.017077175697865266,0.7,0.3571895424836603,11.15057601081953,26.454801822510035,0.027108088584234816,0.5,0.85,0.95,0.0,0.05,0.45,0.5,0.8,0.95
0.09,1.0567376638805215,1.0677506775067687,-0.2557062139620454,0.49996993747479135,0.5927120669056153,1.1252046846831234,-0.1853448942056537,0.07656590394250858,0.2667887667887668,0.04450549450549451,1.0,3.1650858317841166,0.005451721923431019,0.07581689034729874,0.6221027479091994,0.7220131421744326,0.5964157706093189,-0.09991039426523318,0.025686977299880454,0.7,0.457017543859649,6.6593668983099,27.348580271040717,0.019318271285503497,0.5,0.85,0.9,0.1,0.0,0.3,0.5,1.0,0.9
0.09,1.0495309195100235,1.2000000000000066,-0.32556855738165513,0.6013019080983097,0.6222222222222222,1.1245619162053835,-0.17321216055393263,0.08274939738987483,0.25,0.04450549450549451,1.0,3.123035759411171,0.0,0.12179414746016437,0.6403823178016727,0.6628272669220945,0.6222222222222222,-0.02244494912042183,0.01816009557945042,0.7,0.35087719298245623,5.972995541016086,49.80999135160516,0.009502225608900669,0.5,0.85,0.95,0.05,0.1,0.6,0.5,1.0,0.95
0.05,1.0316036860659286,1.0602409638554253,-0.09975244451916998,0.8238516823662597,0.5463709677419355,1.1433173652063506,-0.243970686209194,0.08753689188296782,0.43157894736842106,0.024736842105263158,1.0,1.9701645100202765,0.003974952761271307,0.1556742028769877,0.5621639784946236,0.4988239247311828,0.5567876344086021,0.06334005376344082,0.005376344086021501,0.7,0.12105263157894741,10.306666185296665,9.05900130973281,0.04208683700604942,0.5,0.85,0.9,0.1,0.05,0.4,0.5,1.0,0.9
0.1,1.0690069991251097,1.0838150289017305,-0.22806074250019792,0.4348422841775857,0.5777777777777777,0.22834325590449028,-0.058649789029535826,0.444648082351517,0.22499999999999998,0.05,1.0,3.4452213348520555,0.0,0.05443625812055986,0.6361111111111111,0.4375149342891278,0.5768518518518518,0.19859617682198327,0.059259259259259234,0.1,0.4111111111111112,8.483066874678856,14.223614543161947,0.03424998552388784,0.5,0.85,0.6,0.3,0.1,0.85,0.5,1.0,0.6
0.16,1.0823292876560144,1.330960854092524,-0.5343434422826112,0.8798543349850699,0.5896825396825397,1.2262583869915367,-0.1500527426160338,0.08349622421192367,0.15625,0.08,1.0,4.336038708666402,0.0,0.04641861079626649,0.5976190476190476,0.5725722571600707,0.6083333333333333,0.025046790458976953,-0.010714285714285676,1.0,0.5803308823529412,8.112283616120878,34.98763159775987,0.020389914815970134,0.5,0.85,0.85,0.15,0.1,0.85,0.5,1.0,0.85
0.06,1.0290055248618784,1.0210526315789432,-0.1590697003818322,0.4148716430235734,0.516633064516129,0.4682310678912024,0.13520064637759222,0.2925483424002423,0.2570921985815603,0.03,1.0,2.7844174122954874,0.0,0.12020098013923969,0.5542674731182796,0.0,0.5005040322580645,0.0,0.05376344086021512,0.0,0.43742690058479533,10.464429443106557,26.954155750472534,0.02276217535561106,0.5,0.85,0.9,0.1,0.0,0.3,0.5,1.0,0.9
0.16,1.0967487608682467,1.2292358803986663,-0.332409719410113,0.7321639882650796,0.6809523809523809,2.3614872819508537,-0.2430681133212779,0.005941533232303263,0.29389880952380953,0.08,1.0,3.859146688589296,0.0,0.10217679359881059,0.7214285714285715,0.5564713064713064,0.6765873015873015,0.16495726495726515,0.044841269841270015,0.07652250047505924,0.27426470588235285,20.102989170458777,9.8704455973404,0.06974142393567731,0.5,0.9,0.9,0.0,0.0,0.2,0.5,1.0,0.9
0.09,1.0653898664324384,1.124999999999999,-0.35778310499917776,0.08218380562227572,0.509199522102748,0.2046451599051977,-0.0526112424846602,0.6601075724358163,0.2686202686202686,0.04450549450549451,1.0,3.4050795044187643,0.0,0.09130781658059946,0.578494623655914,0.446178955453149,0.527479091995221,0.13231566820276497,0.05101553166069295,0.1,0.4779239766081872,3.7358621936372964,58.832504373804085,0.009502225608900669,0.5,0.85,0.9,0.1,0.1,0.4,0.5,1.0,0.9
0.05,1.0328164897569498,1.2061068702290036,-0.11586998502879187,0.5485564095641561,0.6147513440860215,0.8786255119006894,-0.223850766155896,0.1172488606659237,0.3605263157894737,0.024736842105263158,1.0,2.566915241884703,0.003975107899308772,0.11173100961651086,0.53125,0.3923611111111111,0.5210013440860215,0.1388888888888889,0.0102486559139785,0.7,0.24736842105263146,5.870177741733084,22.100676317853775,0.04208683700604942,0.5,0.8,0.9,0.7,0.05,0.3,0.0,1.0,0.3
0.1,1.0638869392671157,1.2339832869080751,-0.328691768132666,0.9417267018393676,0.7037037037037037,2.073802767185602,-0.27172995780590725,0.015539831238665036,0.33888888888888885,0.05,1.0,2.8978852920299247,0.0,0.13944167067532423,0.724074074074074,0.6138888888888889,0.7064814814814815,0.11018518518518505,0.017592592592592493,0.4,0.21666666666666667,5.585842383919112,35.120340298132746,0.00988023684707642,0.5,0.8,0.7,0.3,0.05,0.6,0.5,1.0,0.7
0.08,1.0612987497667479,1.158469945355189,-0.20717848846970188,0.8223162833083697,0.5542413381123059,0.9545065639323701,-0.18395707209686302,0.08164683778381293,0.31657608695652173,0.0391304347826087,1.0,2.7944221064226515,0.0,0.13119908147805384,0.5884109916367981,0.0,0.5542413381123059,0.0,0.034169653524492194,0.0,0.1662280701754386,5.517643566294414,24.887267254613732,0.01853243243477939,0.5,0.85,0.9,0.1,0.05,0.4,0.5,1.0,0.9
0.11,1.0709524999007842,1.0858725761772878,-0.22858253109062332,0.1689875550472698,0.5516922094508301,0.3396065439757546,0.07338927606314893,0.4179486304708534,0.18947906026557712,0.05438202247191011,1.0,3.6427936320405987,0.006096978417386187,0.08122110707151742,0.6102171136653896,0.6950716845878135,0.5544699872286079,-0.08485457092242399,0.0557471264367817,0.7,0.6060457516339869,10.12374680675154,9.667147607934453,0.06304401513979195,0.5,0.85,0.9,0.1,0.1,0.6,0.5,1.0,0.9
0.08,1.0496601366912512,1.1522388059701507,-0.25202665999045415,0.04913165195026695,0.26463560334528075,0.030546133967948173,-0.009975233902036362,0.9898578979279476,0.19293478260869568,0.0391304347826087,1.0,2.8808856962610467,0.00511169156465433,0.01647971108550713,0.34181600955794506,0.6555555555555556,0.26463560334528075,-0.3137395459976105,0.07718040621266431,0.2,0.40087719298245617,6.617571776691748,37.612449378693576,0.012220955311766502,0.5,0.85,0.2,0.8,0.1,0.95,0.5,1.0,0.2
0.07,1.0480098521687917,1.0362116991643493,-0.22043636176566306,0.8818296514476122,0.6308243727598567,1.0858929298218178,-0.21596764471407187,0.0631503752751751,0.23540706605222733,0.03462365591397849,1.0,2.6795200450893892,0.0,0.08178305820082066,0.6236559139784946,0.38424432497013145,0.6093189964157707,0.23941158900836318,0.014336917562723928,0.2,0.3652046783625731,4.732903693700542,39.34161234854501,0.017724506846480297,0.5,0.85,0.95,0.05,0.05,0.4,0.5,1.0,0.95
0.09,1.0583309124785878,1.23875432525952,-0.34739077225736104,0.4302400390412718,0.43357228195937875,0.8965713599539012,-0.1571073090060432,0.10513897171063669,0.3037240537240537,0.04450549450549451,1.0,2.975351878204252,0.0,0.062076932593477026,0.44086021505376344,0.46541858678955456,0.4372759856630824,-0.024558371735791118,0.0035842293906810374,0.7,0.32573099415204687,4.2250953027263565,55.48138875244688,0.009502225608900669,0.5,0.85,0.9,0.1,0.1,0.4,0.5,1.0,0.9
0.12,1.078901283325885,1.1966666666666617,-0.2504081028059675,0.3025979925792042,0.4590996168582375,0.6800795980235427,-0.12279439969313377,0.19185205702512864,0.2168560606060606,0.06,1.0,3.7320882512826006,0.0,0.04323660430037899,0.4617816091954023,0.5551459293394777,0.4590996168582375,-0.09336432014407542,0.0026819923371647625,1.0,0.5241830065359476,10.327258524753782,8.722747935210112,0.040764721315711364,0.5,0.8,0.9,0.1,0.05,0.4,0.5,1.0,0.9
0.1,1.0581309786607809,1.1176470588235305,-0.22618285748531974,0.029459182987414047,0.47592592592592586,0.006275094301597972,-0.0018284106891700569,0.7650369404897863,0.20555555555555555,0.04888888888888889,1.0,3.2859879456645484,0.0,0.054865519488564087,0.5462962962962963,0.26617903169627305,0.4685185185185185,0.28011726460002323,0.07777777777777778,0.1,0.6944444444444445,9.745792534670672,17.50711244586272,0.045316413022230315,1.0,0.85,0.0,0.9,0.05,0.95,1.0,1.0,0.1
0.06,1.028040113650474,1.0593220338983007,-0.107853939302756,0.2073989917801293,0.6278561827956989,0.017167280457011345,-0.006598437920818767,0.9826263268320788,0.28546099290780147,0.03,1.0,2.3885454475092796,0.0,0.041925501526155075,0.6809475806451614,0.7140046296296297,0.6278561827956989,-0.033057048984468373,0.053091397849462485,1.0,0.3070175438596492,18.6467615706562,5.001233696748262,0.06802652360945124,0.5,0.75,0.1,0.8,0.2,0.95,0.5,1.0,0.1
0.09,1.0519433087369245,1.115942028985508,-0.24623630853315426,0.6564358070698968,0.5563918757467144,1.1144961949113725,-0.18032178791672465,0.08935850030335307,0.2329059829059829,0.04450549450549451,1.0,3.3159800096589005,0.0,0.05286646010391668,0.5377538829151732,0.5839513039179335,0.5747909199522102,-0.04619742100276025,-0.03703703703703698,0.2,0.295029239766082,9.500093477920538,29.72196751871133,0.026047151933387833,0.5,0.85,0.9,0.1,0.0,0.3,0.5,1.0,0.9
0.1,1.0669551969151534,1.2495088408644384,-0.2074880113896267,0.90295255986573,0.4888888888888889,1.7219415084807912,-0.22644163150492258,0.020873292518694728,0.2861111111111111,0.05,1.0,3.4984557129460607,0.0,0.0642506101524238,0.4972222222222222,0.6059587813620072,0.47407407407407404,-0.10873655913978503,0.02314814814814814,0.4,0.31666666666666665,9.464900185531844,9.760427313366149,0.045316413022230315,0.5,0.9,0.95,0.0,0.0,0.2,0.5,1.0,1.0
0.1,1.071419326447671,1.278625954198477,-0.35007177115066757,0.9889900053880342,0.7481481481481483,2.583123825593243,-0.291420534458509,0.004864630401215965,0.3472222222222222,0.04888888888888889,1.0,3.566562702451723,0.0,0.12231031681882025,0.7444444444444445,0.5223214285714286,0.7342592592592593,0.22212301587301586,0.010185185185185186,0.4,0.18055555555555558,3.2852019531312195,40.91028676404782,0.00988023684707642,0.5,0.9,1.0,0.0,0.05,0.6,0.5,1.0,1.0
0.09,1.060438589164062,1.1062801932367194,-0.21368252104468377,0.052803614771347915,0.736678614097969,0.23053096258731517,-0.05814438725831139,0.5590355451318858,0.3415750915750916,0.04450549450549451,1.0,3.1276188641520015,0.005451492572451666,0.10911054516384378,0.7474313022700119,0.42891278375149344,0.7218637992831541,0.3185185185185184,0.025567502986857726,0.1,0.383625730994152,8.138903504446297,18.17468867926606,0.029469594224053663,0.5,0.85,0.9,0.1,0.05,0.4,0.5,1.0,0.9
0.07,1.0144273213726678,1.0873786407766999,-0.14788310841981156,0.9092261561208997,0.6845878136200717,1.959553363213113,0.18746345572568285,0.020482997571986444,0.3218125960061444,0.03462365591397849,1.0,3.201534155458962,0.0,0.07835383824528752,0.7204301075268816,0.39211469534050175,0.6881720430107526,0.3283154121863799,0.032258064516129004,0.1,0.2763157894736843,18.463053485646373,14.055835514903535,0.07896581795951273,0.5,0.85,0.9,0.1,0.05,0.4,0.5,1.0,0.9
0.05,1.0081161217497754,1.031963470319634,-0.08698351308156305,0.26530565294427083,0.488239247311828,0.2419477643098492,-0.04278438030560261,0.5961521844866038,0.3078947368421052,0.024736842105263158,1.0,2.276757331954618,0.0,0.0209817072224538,0.4623655913978495,0.1163245356793744,0.488239247311828,0.3460410557184751,-0.0258736559139785,0.1,0.37894736842105275,18.85817879006781,9.234077646395818,0.12023866306451883,0.0,0.8,0.3,0.7,0.0,0.3,0.0,1.0,0.3
0.09,1.0259557268797017,1.1984732824427484,-0.17531196187150133,0.39257583749933067,0.46248506571087217,1.238107211112922,0.13786285399188625,0.07264100338604489,0.3495115995115995,0.04351648351648352,1.0,3.5494765255937137,0.02183828011858845,0.09076287340255604,0.5538829151732377,0.24737156511350059,0.4660692951015532,0.3065113500597372,0.08781362007168453,0.12118327283746318,0.1900584795321636,14.089933702380886,7.786983527038641,0.08204957481357301,0.5,0.8,0.9,0.1,0.15,0.75,0.5,1.0,0.9
0.04,1.009013605442177,1.0195530726256976,-0.07117150819025397,0.2511386359894197,0.375,0.017095163873186388,0.004435483870967871,0.8054272828164586,0.3307291666666667,0.019583333333333335,1.0,2.4498624519445533,0.0070740536926776265,0.039729757077809714,0.5,0.5,0.5,0.0,0.0,1.0,0.0,0.0,8.102847916920414,0.09781076051359476,0.0,0.85,0.95,0.05,0.0,0.2,0.0,1.0,0.95
0.09,1.023976023976024,1.2129380053908354,-0.14615815314079028,0.007715396265483258,0.6371565113500597,0.10375168597857695,0.015691835046673763,0.7177895405061461,0.2716727716727717,0.04450549450549451,1.0,3.3755608481678507,0.005452098777175866,0.04056822860619958,0.6698924731182796,0.6735961768219831,0.6299880525686977,-0.0037037037037035425,0.039904420549581876,0.7,0.4238304093567251,18.133441783619155,2.5417437485024834,0.15634974526519402,0.5,0.75,0.65,0.35,0.1,0.8,0.5,1.0,0.65
0.09,1.0240616037303647,1.4246575342465766,-0.1670264989870076,0.0497449966879803,0.6540023894862604,0.03653323099653568,-0.0073890267438655455,0.6820898284765962,0.2493894993894994,0.04351648351648352,1.0,3.413351871417849,0.0054551000094281155,0.041759543053429896,0.6573476702508961,0.8055139528929852,0.6577060931899642,-0.1481662826420891,-0.00035842293906807043,0.37582508748869836,0.2654970760233919,16.8088644608567,5.5707579847328415,0.08204957481357301,0.5,0.8,0.1,0.8,0.1,0.95,0.5,1.0,0.1
0.09,1.019636646432352,1.1069767441860467,-0.13821134289833314,0.6740100439495501,0.5739545997610515,2.045091844579388,0.19002717712395123,0.0399646986646379,0.29029304029304026,0.04450549450549451,1.0,3.346824825552416,0.0,0.0837806112828629,0.6034647550776583,0.5072238186462324,0.5739545997610515,0.09624093643142584,0.029510155316606834,0.7,0.2327485380116957,19.326623363096473,2.9593703529721083,0.17824316006423255,0.5,0.9,0.95,0.05,0.15,0.85,0.5,1.0,0.95
0.1,1.0254377090567726,1.190625,-0.18125644849579947,0.37816817120111523,0.5675925925925925,0.8812102353380771,0.09691756272401442,0.16782844458465818,0.2861111111111111,0.05,1.0,3.1400489741252358,0.0,0.055778429860410886,0.6185185185185186,0.3603386077524009,0.5638888888888889,0.2581799107661177,0.054629629629629695,0.1,0.44999999999999996,18.289587394804443,5.773776627281936,0.14675543904270796,0.5,0.85,0.9,0.1,0.0,0.3,0.5,1.0,0.9
0.05,1.0097871563597889,1.0447058823529418,-0.07233107813928674,0.060611207144554445,0.5381384408602151,0.18580499343632084,0.04156196943972834,0.7159541016156523,0.3605263157894737,0.024736842105263158,1.0,2.5859823735611456,0.0,0.09333539295497795,0.5589717741935484,0.0,0.5381384408602151,0.0,0.02083333333333326,0.0,0.36842105263157887,19.67054275315788,2.781064374249614,0.15122901566301494,0.5,0.8,0.6,0.4,0.15,0.8,0.5,1.0,0.6
0.09,1.0240408380546788,1.1595744680851066,-0.1480799335503542,0.22330241340760598,0.4432497013142174,0.08855927194513093,-0.015179802276576504,0.5835920237243433,0.2506105006105006,0.04450549450549451,1.0,3.2159092581058935,0.0,0.017713090542123264,0.39928315412186377,0.6062909405512298,0.4395459976105138,-0.20700778642936601,-0.04026284348865,0.1,0.5634502923976608,17.317606041204858,3.5360993955955085,0.1511197180052813,1.0,0.6,0.8,0.8,0.25,0.95,0.0,0.8,0.2
0.08,1.0112437068145073,1.095238095238095,-0.08900894593622177,0.08850826555749368,0.25531660692951014,0.005667356166462942,0.0010518934081347187,0.7993513947333482,0.2296195652173913,0.04,1.0,2.8405342201103445,0.0,0.03129936763767539,0.23739545997610514,0.7886904761904763,0.25161290322580643,-0.5512950162143712,-0.014217443249701284,0.1,0.7340643274853802,20.857072248499456,0.5846616848483874,0.34435689770027694,0.0,0.85,0.95,0.05,0.05,0.3,0.0,1.0,0.95
0.1,1.024677439559063,1.1807228915662655,-0.179770726275422,0.007240873168119711,0.3925925925925926,0.164791237217379,-0.024874551971326153,0.7915374750016111,0.2722222222222222,0.05,1.0,3.5933937671380862,0.0,0.04135374759222686,0.37592592592592594,0.517547274749722,0.38518518518518513,-0.141621348823796,-0.00925925925925919,0.7,0.37777777777777777,18.117518970861084,5.48817813134122,0.0984932761501543,0.0,0.7,0.2,0.8,0.15,0.8,0.0,1.0,0.2
0.12,1.0382857277498634,1.1691919191919196,-0.21542981235798875,0.29705753388186606,0.7388888888888889,0.023967682556846705,0.004643206256109589,0.9746105995724799,0.3541666666666667,0.06,1.0,3.355793374101281,0.0,0.06785384474151405,0.7357279693486589,0.48849206349206353,0.7388888888888889,0.24723590585659538,-0.0031609195402300116,0.2,0.2766339869281045,19.57986326953946,4.603888053392638,0.09659092409300278,0.5,0.85,0.9,0.1,0.05,0.4,0.5,1.0,0.9
0.12,1.0262498695334514,1.081081081081081,-0.19308915617119737,0.3399274868647694,0.38611111111111107,0.2994368343314797,-0.03951612903225804,0.5382477775257629,0.20833333333333331,0.06,1.0,3.7163984487372175,0.0,0.023616428127362206,0.3811302681992337,0.32088122605363983,0.38323754789272035,0.060249042145593845,-0.0021072796934866744,1.0,0.5424836601307188,17.410845891186643,3.468218135256797,0.17571078479045002,0.5,0.8,0.2,0.8,0.05,0.9,0.5,1.0,0.2
0.08,1.017225021539658,1.0520833333333326,-0.12129952715091652,0.004860805383016741,0.3590203106332139,0.01714160463132331,0.003436185133239733,0.893845445748042,0.25679347826086957,0.04,1.0,3.1079941966675784,0.0,0.019748644167008646,0.4562724014336918,0.5884109916367981,0.35543608124253284,-0.1321385902031063,0.10083632019115896,0.4,0.6568713450292398,19.41169687177857,2.7697576228329286,0.27408908860179315,0.5,0.7,0.1,0.8,0.2,0.95,0.5,1.0,0.1
0.03,1.008482475473769,1.0071942446043163,-0.04932438168873321,0.876610061904308,0.4921085858585858,0.8795228701001947,-0.1684292207072386,0.09147774457500267,0.42611683848797255,0.014845360824742268,1.0,2.0379015943240453,0.0030470045489866563,0.08266852070301337,0.5,0.5,0.5,0.0,0.0,1.0,0.0,0.0,4.348373965059244,0.11224716074655311,0.5,0.9,0.95,0.05,0.05,0.9,0.5,0.8,0.95
0.07,1.0175080510879189,1.115089514066497,-0.11370084092924637,0.436364478505348,0.4336917562724014,0.8174739476210945,-0.10417719637282591,0.20640721066361079,0.35791090629800304,0.03387096774193549,1.0,2.710343710121502,0.009515606888618354,0.07187809320474632,0.4480286738351254,0.3219310035842294,0.43010752688172044,0.12609767025089602,0.017921146953404965,0.7,0.2988304093567251,15.704885433166359,3.6134260635072497,0.12442047415559418,0.5,0.85,0.9,0.1,0.15,0.6,0.5,1.0,0.9
0.11,1.0340802953635375,1.209580838323354,-0.20149540163688862,0.0008171640518794148,0.31839080459770114,0.13814097285174026,0.020646479290915676,0.7535034676164175,0.23646578140960162,0.05438202247191011,1.0,3.7533093690077997,0.0,0.038218089181623706,0.37072158365261815,0.2777259777259777,0.3118135376756066,0.09299560592664047,0.05890804597701155,0.7,0.5183006535947714,15.946387632934261,5.265444872135841,0.08867074141599453,0.5,0.8,0.2,0.8,0.1,0.95,0.5,1.0,0.2
0.15,1.028138581649353,1.3669064748201447,-0.24904962502139072,0.8240015522958196,0.6779967159277503,2.276465511756588,0.14266919671094241,0.0029892862702629855,0.3205882352941177,0.07411764705882352,1.0,4.064324742264897,0.007295038630871752,0.08444995129788845,0.7177339901477833,0.31737623230678785,0.6779146141215108,0.4003577578409954,0.0398193760262725,0.1,0.28627450980392155,19.215257061766817,4.466093649197701,0.19507175404857127,0.5,0.85,0.9,0.1,0.2,0.8,0.5,1.0,0.9
0.07,1.017755895944782,1.0530973451327432,-0.11169961554044483,0.4266822649490676,0.568100358422939,0.6325247626567775,0.09476240027748872,0.16190684073399186,0.26305683563748083,0.03462365591397849,1.0,3.1385406868727834,0.0,0.047139261620070524,0.6057347670250895,0.0,0.5752688172043011,0.0,0.03046594982078843,0.0,0.39663742690058473,20.259730484614202,3.1928419371040464,0.16814317018613836,0.5,0.85,0.9,0.1,0.0,0.3,0.5,1.0,0.9
0.15,1.038923432083075,1.2474226804123707,-0.24953913156487606,0.552596066472763,0.6377668308702792,0.448871023134235,-0.04789373814041764,0.3982161241238398,0.28137254901960784,0.07411764705882352,1.0,4.241566067195228,0.0,0.04496880037060022,0.6327586206896552,0.5953582260033873,0.6376847290640394,0.03740039468626788,-0.0049261083743842304,0.7,0.4039215686274511,20.992642197620974,3.153235438283171,0.16932778905875398,0.5,0.8,0.2,0.8,0.15,0.95,0.5,1.0,0.3
0.14,1.0230799665890007,1.2228915662650601,-0.22848770694837395,0.373285174849493,0.6028735632183908,0.4774408538586049,0.04797985210588368,0.3179543353244927,0.27200996677740863,0.07,1.0,3.4199612052696664,0.0,0.04622454356300448,0.602216748768473,0.5966329104321936,0.6052545155993432,0.005583838336279401,-0.0030377668308702033,1.0,0.3872549019607844,18.340324041007317,4.950187044270912,0.1885795378712353,0.5,0.85,0.9,0.1,0.05,0.4,0.5,1.0,0.9
0.09,1.0221692754718545,1.1105882352941179,-0.15278446642389643,0.20349560246145185,0.5491039426523298,0.2257637743774901,-0.04380637283863098,0.7586900175399225,0.21001221001221002,0.04450549450549451,1.0,3.182895441461932,0.00545180384151062,0.04626700247335798,0.5599761051373955,0.0,0.5528076463560334,0.0,0.007168458781362075,0.0,0.6140350877192983,18.013328261498692,5.229281642384059,0.14598023521035125,0.5,0.8,0.8,0.2,0.05,0.85,0.5,1.0,0.8
0.1,1.0279293897821704,1.1153846153846152,-0.1708435635894443,0.3728696109925692,0.5185185185185185,0.433283170597815,-0.06379928315412192,0.5616868391968461,0.2611111111111111,0.05,1.0,3.19391521470349,0.0,0.03466648536847289,0.537962962962963,0.35636097721748444,0.5185185185185185,0.18160198574547853,0.019444444444444486,0.1,0.4222222222222224,19.133117108188543,4.177774694990454,0.1265313555456286,0.5,0.8,0.2,0.8,0.15,0.95,0.5,1.0,0.2
0.1,1.0256353574876023,1.1461318051575933,-0.16155372888122232,0.1835299161188998,0.2861111111111111,0.2632251750631995,0.0377777777777778,0.8812382331453928,0.19722222222222222,0.04888888888888889,1.0,3.0779767438417402,0.0,0.030791581458759355,0.32407407407407407,0.18587113253409138,0.2861111111111111,0.1382029415399827,0.037962962962962976,0.4,0.6361111111111111,19.86530373661938,2.484431516511078,0.16284918795421524,0.5,0.8,0.8,0.1,0.0,0.3,0.5,1.0,0.8
0.08,1.0211630110928542,1.1305483028720633,-0.1343678828398165,0.46444271319935426,0.5297491039426523,0.7282515040227586,-0.10711781206171112,0.3309890089111436,0.28940217391304346,0.04,1.0,2.956623808771051,0.0,0.07098470763661471,0.5313022700119474,0.42544802867383513,0.5297491039426523,0.10585424133811228,0.00155316606929512,0.4,0.5988304093567252,18.426958931578802,3.9920689812941,0.13025890221056005,0.5,0.8,0.5,0.6,0.05,0.85,0.5,1.0,0.4
0.09,1.0201358332567922,1.1306818181818183,-0.1632165240940111,0.016675895988720435,0.4741935483870967,0.22943568569348063,-0.036614281775572244,0.7678766379329006,0.2564102564102564,0.04450549450549451,1.0,2.5746468078850757,0.0,0.044086340978266185,0.46678614097968935,0.5042269187986651,0.4777777777777777,-0.03744077781897576,-0.010991636798088344,1.0,0.5301169590643275,17.80423056165146,8.205233281313037,0.12153815039030655,0.5,0.8,0.2,0.8,0.15,0.95,0.5,1.0,0.2
0.1,1.0208725674827368,1.0082191780821912,-0.15885253092289564,0.170317281351871,0.5731481481481482,0.1959166222109284,0.028172043010752823,0.3608789197291755,0.2277777777777778,0.05,1.0,3.392551654521768,0.0,0.03615414736820692,0.612037037037037,0.38660714285714287,0.562037037037037,0.22542989417989417,0.050000000000000044,0.7,0.37777777777777755,19.111779311740385,4.444847396470996,0.1798341549537923,1.0,0.6,0.1,0.8,0.1,0.3,0.5,1.0,0.2
0.08,1.020894540548677,1.031180400890869,-0.1407270774839282,0.07599913623043757,0.317921146953405,0.18018376972803257,0.02906732117812061,0.6982821681474236,0.26358695652173914,0.04,1.0,2.832574310857752,0.0,0.037132067600442104,0.4372759856630824,0.4913978494623656,0.314336917562724,-0.05412186379928319,0.12293906810035837,0.6579050194284821,0.5426900584795322,19.72175608444923,5.478964261931786,0.09484911605985957,0.5,0.7,0.2,0.8,0.2,0.95,0.5,1.0,0.2
0.09,1.0142610497850286,1.1657754010695194,-0.1209425804385702,0.5124576741595419,0.5020310633213859,0.831974002640283,-0.0959313088345346,0.23062403981658786,0.2445054945054945,0.04351648351648352,1.0,3.350888544829544,0.0,0.04517430000740578,0.5019115890083632,0.3914990421455939,0.4910394265232975,0.1104125468627693,0.010872162485065673,0.4,0.4491228070175439,19.73172964080148,2.4522445436641824,0.26316186465505126,0.5,0.85,0.9,0.1,0.15,0.6,0.5,1.0,0.9
0.07,1.0151309214957316,1.1443298969072164,-0.13397750240278672,0.07406934511081394,0.2347670250896057,0.02651992136352271,-0.006273227292998396,0.8711869135690009,0.21466973886328725,0.03387096774193549,1.0,2.9305861691914927,0.0,0.012724666354236039,0.3028673835125448,0.6829823775388292,0.23655913978494625,-0.3801149940262844,0.06630824372759853,0.1,0.5543859649122806,18.638807389089795,10.827335032527262,0.07896581795951273,0.0,0.75,0.85,0.1,0.05,0.4,0.0,1.0,0.85
0.11,1.036034227065543,1.0775862068965518,-0.19389088715331293,0.3312319188912268,0.4621647509578544,0.44717875156733616,0.05938251672213257,0.3160097672459542,0.23314606741573032,0.05438202247191011,1.0,3.2340818205366464,0.006096703372759335,0.028602491551242067,0.6085249042145594,0.4899744572158366,0.4649425287356322,0.1185504469987228,0.14358237547892722,0.2,0.5851307189542482,20.391280295560787,5.199432636403843,0.12144986069170187,0.5,0.8,0.8,0.1,0.05,0.9,0.5,1.0,0.8
0.12,1.0261426950982002,1.2115384615384606,-0.23079306101247354,0.2544111478802998,0.45680076628352495,0.49555759269241223,0.054203323558162264,0.6558573403829648,0.18844696969696967,0.06,1.0,3.383472354058549,0.0,0.03260336638598489,0.5252873563218391,0.5682862073543077,0.45967432950191567,-0.04299885103246859,0.06561302681992343,0.7,0.5879084967320263,19.055179470388396,9.440216076529184,0.1208916522650863,0.5,0.85,0.85,0.1,0.1,0.85,0.5,0.8,0.85
0.1,1.0214656539685352,1.1909814323607422,-0.1556287586720897,0.2685450914500826,0.5018518518518519,0.5480739816439419,0.07218637992831539,0.4725735215368875,0.28055555555555556,0.04888888888888889,1.0,3.644455237386545,0.005782089689281933,0.04746430037371058,0.549074074074074,0.5901785714285714,0.5018518518518519,-0.041104497354497394,0.047222222222222165,0.7,0.4638888888888889,20.12883032232408,3.333690041019519,0.18571145759821245,0.5,0.8,0.8,0.1,0.05,0.85,0.5,1.0,0.8
0.13,1.0178426109241963,1.129337539432176,-0.1752812322073234,0.3384289402233413,0.4586206896551724,0.5056032960176482,0.06304440831693348,0.18432060962369978,0.22148541114058357,0.06425287356321839,1.0,3.669183311016606,0.00670788268421037,0.042222069671317045,0.48390804597701154,0.6113811728395061,0.4586206896551724,-0.12747312686249457,0.02528735632183915,0.4,0.5356209150326798,18.843685604165742,2.9414609770598252,0.29987442469443343,0.5,0.85,0.85,0.15,0.05,0.85,0.5,1.0,0.85
0.08,1.013439968023868,1.2229729729729735,-0.11639628890206666,0.2638754333930773,0.23201911589008364,0.43360178758380835,-0.06967040673211783,0.42706950215732464,0.24864130434782608,0.04,1.0,3.2766166081332164,0.0,0.03673847103503809,0.22090800477897252,0.699975281176616,0.23201911589008364,-0.47906727639764346,-0.011111111111111127,0.1,0.8330409356725146,18.092137523086496,3.309194508957554,0.2901024814517316,0.5,0.8,0.2,0.8,0.15,0.95,0.5,1.0,0.2
0.09,1.0154518638524204,1.0886075949367098,-0.12900117320249427,0.403536898593924,0.5618876941457587,0.8501692652860322,0.09467092047737219,0.1586873764182838,0.286019536019536,0.04351648351648352,1.0,3.0824626926955156,0.0,0.04761197886013618,0.5945041816009558,0.622860791826309,0.5618876941457586,-0.028356610225353296,0.032616487455197185,1.0,0.4505847953216374,18.98007307942435,3.5394555963640215,0.18397852037120044,0.5,0.85,0.9,0.1,0.05,0.4,0.5,1.0,0.9
0.09,1.0224082940055594,1.3418530351437703,-0.15179345763650431,0.2891055462376209,0.3168458781362007,0.3814288334437066,0.05593761077632031,0.5270166493165864,0.22954822954822957,0.04450549450549451,1.0,2.929364396872397,0.0,0.02982703685554485,0.4016726403823177,0.22862439747868002,0.3168458781362007,0.17304824290363768,0.08482676224611702,0.1,0.5795321637426901,16.632205163402034,3.9548289496033853,0.11688219296637638,0.5,0.8,0.3,0.8,0.1,0.95,0.5,1.0,0.3
0.08,1.0229023778590205,1.0668693009118535,-0.13482653749812945,0.12315480464206689,0.6089605734767024,0.5555799024654118,0.08236325385694243,0.22980322119933205,0.3179347826086957,0.0391304347826087,1.0,3.239213093553328,0.020460850575521904,0.08437619875065212,0.6863799283154122,0.49030535237431794,0.6125448028673834,0.19607457594109423,0.07383512544802873,0.4,0.2764619883040935,18.259414284770735,3.358646928216883,0.1120075131586016,0.5,0.8,0.9,0.1,0.05,0.85,0.5,1.0,0.9
0.09,1.0146990624054846,1.1104972375690605,-0.15710932259626453,0.4001703916382598,0.6935483870967741,0.8371794548322834,-0.0983733112765372,0.1465864242543322,0.4136141636141637,0.04450549450549451,1.0,3.2861804662495606,0.010905869376485121,0.08035456075264719,0.6823178016726404,0.5126642771804062,0.6898446833930705,0.16965352449223425,-0.007526881720430034,0.1,0.09883040935672505,17.24905746057961,8.071684985662426,0.11229810018821201,0.5,0.9,0.9,0.1,0.05,0.4,0.5,0.8,0.9
0.05,1.0135020893215139,1.0593406593406594,-0.0810443645415535,0.4229494845906226,0.44052419354838707,0.17787383982243662,-0.04054329371816634,0.8680557198936337,0.3368421052631579,0.024736842105263158,1.0,2.28427113896071,0.0039749885607446925,0.04282160778526002,0.5307459677419355,0.0,0.43531586021505375,0.0,0.09543010752688175,0.0,0.41052631578947363,16.75753903025691,4.936059416568097,0.12023866306451883,0.5,0.9,0.1,0.9,0.05,0.95,0.5,1.0,0.1
0.07,1.0118016165377393,1.0682261208576993,-0.08741834121200287,0.550845530099549,0.41935483870967744,0.6798536491527835,-0.08424755958574898,0.40214699929960507,0.33294930875576034,0.033118279569892474,1.0,2.6081212421992817,0.004757774826889336,0.06533448089828992,0.3942652329749104,0.0,0.4121863799283154,0.0,-0.01792114695340502,0.0,0.31988304093567244,19.016364602895376,1.4677384981255788,0.3094875595251594,0.5,0.9,0.9,0.1,0.05,0.4,0.5,1.0,0.9
0.1,1.0270495214315438,1.0930232558139539,-0.16770341014095047,0.17995172686460012,0.5972222222222222,0.5342720061337488,-0.07247311827956993,0.39191502702662084,0.2833333333333333,0.04888888888888889,1.0,3.4634451801994293,0.011565293005393476,0.056802797003314386,0.5898148148148148,0.40932539682539676,0.6,0.18048941798941803,-0.010185185185185186,0.2,0.30000000000000004,18.228694912408372,3.619352564676273,0.14675543904270796,0.5,0.85,0.7,0.4,0.05,0.9,0.5,1.0,0.6
0.11,1.0408103517004452,1.137349397590362,-0.18187053188771873,0.4565256000090918,0.5208812260536398,0.7366323900337869,0.09010511054729986,0.3377502352854712,0.25510725229826353,0.05314606741573034,1.0,3.5209175932406946,0.006100410434780065,0.04839542600053263,0.6343550446998723,0.5760240655401946,0.5181034482758621,0.058330979159677665,0.11625159642401017,0.7,0.4709150326797388,20.166520825758916,1.782918194440719,0.15801803593765815,0.5,0.85,0.9,0.1,0.2,0.75,0.5,1.0,0.9
0.13,1.0273935767122817,1.4358974358974363,-0.21138716722616602,0.339123947553963,0.6908045977011494,0.09527661019202577,0.01381021647984959,0.8939821845456368,0.349027409372237,0.06425287356321839,1.0,3.5524247960105675,0.006707741294897276,0.05675351573637631,0.7465517241379311,0.48108324625566007,0.6879310344827587,0.26546847788227107,0.05862068965517242,0.1,0.18529411764705883,19.43741647391842,4.5116925848659,0.17598625676853236,0.5,0.8,0.8,0.2,0.05,0.4,0.5,1.0,0.8
0.11,1.0179071900685617,1.297297297297296,-0.15517576624035545,0.18443147041089397,0.6768837803320561,0.5736019485042919,0.061109097499093934,0.17706285010855682,0.35444330949948927,0.05438202247191011,1.0,3.6195836275688706,0.012198176660563307,0.09038505560115265,0.6920498084291187,0.5759369488536156,0.6768837803320561,0.1161128595755031,0.015166028097062578,0.4,0.30718954248366004,18.761761312638228,2.4218409711982787,0.2697733292097824,0.5,0.8,0.9,0.1,0.05,0.85,0.5,1.0,0.9
0.15,1.017338480911066,1.0843989769820963,-0.1751291566601496,0.2201047314652641,0.5761083743842365,0.05791912996754692,0.009715370018975267,0.8696250309524733,0.21568627450980393,0.07411764705882352,1.0,4.055879691519441,0.0,0.026545671240328063,0.5830870279146141,0.5133542085154988,0.5738095238095239,0.06973281939911524,0.009277504105090206,0.2,0.43137254901960775,20.285777831465136,2.3840140163900365,0.30371415653696715,0.5,0.8,0.1,0.85,0.15,0.95,0.5,1.0,0.1
0.05,1.013635263426835,1.0694444444444444,-0.08266526027342236,0.5180482922589678,0.7573924731182796,0.31701227041336316,-0.06567062818336156,0.7577177067679179,0.3894736842105263,0.024210526315789474,1.0,2.557558733510754,0.007952388748836376,0.07184462828638696,0.7525201612903226,0.7316868279569894,0.7573924731182796,0.02083333333333326,-0.004872311827956999,1.0,0.0736842105263158,18.507804601955307,4.050174003048092,0.12023866306451883,0.0,0.8,0.1,0.8,0.15,0.95,0.0,1.0,0.1
0.08,1.013328700056081,1.0780141843971631,-0.11221648277752472,0.16878111505058108,0.28315412186379924,0.24720369350622148,-0.042215988779803704,0.5935343118437361,0.19972826086956522,0.04,1.0,3.274299141987057,0.0,0.021984284500590708,0.3069295101553166,0.5347091605712295,0.28315412186379924,-0.22777965041591292,0.023775388291517374,0.2,0.6652046783625731,20.260876088933745,3.355311491791044,0.170669461317231,0.5,0.8,0.2,0.8,0.15,0.9,0.5,1.0,0.2
0.11,1.0273818782696675,1.1258278145695357,-0.20333136394527518,0.08077329052778826,0.4505108556832695,0.3226601991887835,-0.0432501894625853,0.3489240562144329,0.26404494382022475,0.05438202247191011,1.0,3.6480112361273584,0.01219894771059161,0.03952425165921258,0.46794380587484036,0.6494252873563219,0.44402937420178795,-0.18148148148148152,0.023914431673052405,0.4,0.3209150326797384,17.36439287360675,6.179141435700588,0.12642232595200714,0.5,0.85,0.2,0.8,0.05,0.95,0.5,1.0,0.2
0.09,0.9988692046739538,1.1020408163265307,0.008596394122932737,0.43476126700889095,0.36081242532855434,0.6354858509575344,-0.0817352582058464,0.231740399270441,0.278998778998779,0.04252747252747253,1.0,2.868279346035095,0.010922070068513465,0.03472918709195316,0.34659498207885303,0.6010257024265645,0.35364396654719227,-0.25443072034771147,-0.007048984468339237,0.2,0.36871345029239766,19.03859685411168,-0.6090833257152233,0.32149920704991086,0.5,0.85,0.85,0.15,0.15,0.6,0.5,1.0,0.85
0.05,0.9981167608286251,1.103448275862069,0.010933151604752785,1.017781983273868,0.5498991935483871,1.1586569135664715,-0.1442724458204334,0.0384762618275222,0.431578947368421,0.024736842105263158,1.0,1.9609474957722384,0.003977078538725519,0.08010187710139083,0.5551075268817204,0.0,0.5551075268817204,0.0,0.0,0.0,0.0368421052631579,19.93853672944268,-0.7150045498645983,0.28481616998877074,0.5,0.8,0.8,0.2,0.05,0.3,0.5,1.0,0.8
0.09,1.0026860047127575,1.1578947368421049,-0.11555306500558915,0.5583009001388995,0.654599761051374,1.265524865284649,0.13847590318178554,0.1521513766653167,0.31807081807081805,0.04153846153846154,1.0,3.373515973615338,0.005463490324577822,0.07573334478587601,0.6768219832735962,0.621743295019157,0.6473118279569892,0.05507868825443918,0.029510155316607056,0.7,0.2698830409356724,17.861248500725864,9.773531384610312,0.10778368387965782,0.5,0.8,0.9,0.1,0.1,0.6,0.5,1.0,0.9
0.08,0.9964178164426162,1.25,0.020196404328547024,0.06298330114920662,0.6308243727598566,0.5486726470473476,0.08120204603580564,0.1688335173095561,0.3627717391304348,0.03739130434782609,1.0,2.9896424440522225,0.005119589521378612,0.07535625830107744,0.6400238948626046,0.5624850657108722,0.6308243727598566,0.07753882915173238,0.009199522102747992,0.5065551690490403,0.320175438596491,19.915935934620162,-0.4903532960433723,0.2664067193691003,0.5,0.85,0.75,0.25,0.05,0.9,0.5,1.0,0.75
0.13,0.9982250405813371,1.283018867924528,0.015191835978792312,0.021860458006545316,0.5678160919540229,0.4691524285594093,0.0611119779476777,0.27459097325014825,0.30725022104332445,0.06275862068965517,1.0,3.64294836454513,0.0,0.06065115972612626,0.5614942528735631,0.3228106185002737,0.5649425287356321,0.23868363437328943,-0.0034482758620689724,0.2,0.34673202614379084,21.235597103324046,-0.9602911430323022,0.42736740032179943,0.5,0.8,0.1,0.85,0.1,0.95,0.5,1.0,0.1
0.11,0.9996767336383139,1.1555555555555552,-0.01895946281348876,0.617125856929414,0.6097381864623244,0.18600975538021347,-0.027458991768311042,0.7224945724949905,0.30566905005107253,0.05438202247191011,1.0,3.5082081529169695,0.024418779249315223,0.06539469522783736,0.6079821200510855,0.647294760197986,0.6126117496807152,-0.0393126401469005,-0.00462962962962965,1.0,0.28594771241830075,19.959759839517137,0.20614755474859603,0.30301288125238973,0.5,0.8,0.8,0.2,0.05,0.4,0.5,1.0,0.8
0.1,1.0031450969347038,1.2500000000000004,-0.13010303845097004,0.01621691170305298,0.7175925925925926,0.19042941648425463,0.029411764705882304,0.7070064337704788,0.3527777777777778,0.04666666666666667,1.0,3.4460655458754124,0.0115884035760012,0.0497703727622851,0.7175925925925926,0.0,0.7175925925925926,0.0,0.0,0.0,0.2611111111111113,16.484732298381665,10.46171114108922,0.13647684867109872,0.5,0.8,0.8,0.2,0.05,0.9,0.5,1.0,0.8
0.07,0.9963994415460355,1.1228070175438596,0.01821345595220794,0.4109971225834879,0.4910394265232975,0.09193744148765019,-0.018071744826963027,0.8595244089874463,0.30069124423963134,0.03387096774193549,1.0,2.9431084898650512,0.004758261393267158,0.057525717803760194,0.489247311827957,0.6161784699048325,0.4910394265232975,-0.1269311580768755,-0.0017921146953405187,0.7,0.42792397660818715,19.653611310501162,-0.25177394110402096,0.26120077054548846,1.0,0.85,0.7,0.3,0.2,0.75,1.0,1.0,0.7
0.09,0.9998514254898833,1.1153846153846152,-0.01939666904623427,0.22035855970420248,0.3419354838709678,0.7224982497555079,0.08927673633555991,0.1876554596559823,0.3055555555555556,0.04450549450549451,1.0,3.40053311323581,0.010911513353600986,0.07436771377164036,0.3419354838709678,0.6763290229885057,0.3419354838709678,-0.33439353911753794,0.0,0.1,0.42368421052631566,20.827725704635338,-0.3069203764781667,0.3505162158555575,0.5,0.8,0.7,0.3,0.1,0.6,0.5,1.0,0.7
0.09,1.0040439116663247,1.1428571428571428,-0.06288518011046096,0.08001071593891737,0.5383512544802868,0.2469684981369016,-0.043596925949867055,0.7062122082107822,0.2597680097680098,0.04450549450549451,1.0,3.1304903441629013,0.010914009996822021,0.05206469967328257,0.5309438470728792,0.7382232462877624,0.5383512544802868,-0.20727939921488314,-0.007407407407407529,0.1,0.3722222222222221,19.426330225436814,1.120092005939413,0.18982692800818718,0.5,0.85,0.2,0.8,0.05,0.9,0.5,1.0,0.2
0.1,0.996437808032011,1.4687500000000007,0.026832996243330045,0.2814215811818533,0.512037037037037,0.006499447578450972,0.0013071895424836555,0.9677193154636683,0.29444444444444445,0.05,1.0,3.0763726612007916,0.0,0.039426217597570985,0.5009259259259259,0.6517191620639897,0.5185185185185185,-0.15079323613806384,-0.017592592592592604,0.4,0.1444444444444445,20.41461401915453,-0.15572214035565235,0.22355817836913108,0.5,0.85,0.9,0.1,0.0,0.3,0.5,1.0,0.9
0.12,0.9989530622927935,1.0833333333333333,-0.006315543773802584,0.6124370399586881,0.34626436781609193,0.7085002053720117,-0.07531194295900179,0.13469526984121463,0.21496212121212122,0.05863636363636364,1.0,3.7095039647874923,0.0064111697473573275,0.028479761153270514,0.3349616858237548,0.399504740717199,0.34626436781609193,-0.0645430548934442,-0.011302681992337138,1.0,0.5212418300653596,19.30686131169822,-0.611805040079755,0.2973518888443784,0.5,0.8,0.8,0.2,0.05,0.4,0.5,1.0,0.8
0.1,1.0010505778178,1.1199999999999999,-0.03499730301589976,0.4339244520539601,0.5805555555555555,0.9004132381719053,0.10326797385620917,0.11732506601332737,0.30277777777777776,0.05,1.0,3.4708758273526135,0.0,0.058040209020223624,0.5851851851851851,0.5689747868001483,0.5787037037037036,0.016210398385036795,0.0064814814814815325,1.0,0.37222222222222223,20.364058490730656,0.1817489856315646,0.3456956344401236,0.5,0.85,0.9,0.1,0.1,0.8,0.5,1.0,0.9
0.08,1.0060362173038229,1.0576923076923073,-0.05214427600377075,1.0266289152771013,0.6739545997610513,0.901036462072958,-0.1029411764705882,0.07441617870750161,0.36413043478260865,0.04,1.0,2.463992305939673,0.0,0.054797888985222365,0.6632019115890084,0.7797619047619048,0.6739545997610513,-0.11655999317289634,-0.01075268817204289,0.7,0.24619883040935686,20.74323722324358,-0.5521933431440447,0.30706694059542466,0.5,0.8,0.4,0.6,0.05,0.9,0.5,1.0,0.4
0.13,1.0013398208871027,1.414634146341463,-0.01960063716317101,0.4224290998869926,0.43850574712643686,0.48419829822551025,-0.05705518281583183,0.19231471021113422,0.21109637488947833,0.06425287356321839,1.0,3.4604329809940673,0.013429278765414773,0.025776541664380405,0.4017241379310345,0.5437229437229437,0.43793103448275855,-0.1419988057919092,-0.036206896551724044,0.7,0.44019607843137243,19.943355840578167,-0.5263718581933583,0.32745607371171104,0.5,0.8,0.7,0.3,0.15,0.6,0.5,0.8,0.7
0.05,1.0034201914322973,1.1379310344827587,-0.037934981822238645,0.29844420080439343,0.5403225806451614,0.18317535810008795,-0.03529411764705884,0.7256702650887616,0.35526315789473684,0.024736842105263158,1.0,1.9037915784801687,0.007954898214439185,0.06901886184037309,0.535114247311828,0.0,0.5455309139784946,0.0,-0.01041666666666663,0.0,0.2210526315789474,19.125785183035866,0.4177917568089553,0.20925748328621718,0.5,0.85,0.75,0.2,0.1,0.4,0.5,1.0,0.8
0.07,1.0017162271023783,1.103448275862069,-0.0813053534134327,0.21309970098291942,0.36379928315412186,0.3618480524398887,0.061353573687539464,0.23166587493087532,0.2980030721966206,0.033118279569892474,1.0,3.1712759774699992,0.0,0.028973463449706534,0.3655913978494623,0.8538074712643677,0.36917562724014336,-0.4882160734149054,-0.0035842293906810374,0.1,0.3616959064327485,18.218923508992795,9.789116026845738,0.16814317018613836,0.5,0.8,0.2,0.8,0.1,0.95,0.5,1.0,0.2
0.07,0.9966501616321428,1.0666666666666667,-0.004427728954737531,0.009315248285143733,0.3207885304659498,0.09130193891176616,0.016897081413210557,0.9674034316733368,0.27112135176651303,0.03462365591397849,1.0,2.546258492787526,0.02380097411078644,0.03651782167503293,0.33512544802867383,0.0,0.3154121863799283,0.0,0.01971326164874554,0.0,0.6209064327485381,19.399184088542754,0.1501410398240126,0.2924323928798953,0.5,0.7,0.1,0.8,0.15,0.85,0.5,1.0,0.1
0.11,0.9984642988257314,1.365853658536585,-0.007910505253245714,0.43476408971283875,0.5351213282247765,0.7108438877065544,0.08958721384365798,0.32140087973860976,0.2688968335035751,0.05438202247191011,1.0,3.506897192457751,0.018308123395746938,0.05699412544937449,0.5313218390804597,0.341602809706258,0.5378991060025543,0.1897190293742017,-0.006577266922094593,0.2,0.3552287581699345,20.523407668046627,0.015705321617148993,0.3210473365082304,0.5,0.85,0.8,0.2,0.1,0.4,0.5,1.0,0.8
0.09,1.0033024971513547,1.2682926829268288,-0.05590339622323659,0.03129655886835618,0.19737156511350062,0.19473283920096196,0.026862026862026878,0.7377378643639829,0.2313797313797314,0.04450549450549451,1.0,3.1898412326096337,0.005454903055448988,0.021744058771408642,0.20095579450418158,0.21938431938431938,0.20465949820788532,-0.018428524880137798,-0.003703703703703737,1.0,0.5508771929824561,19.834481531560666,0.4674776971757906,0.23435281938180433,0.5,0.8,0.3,0.7,0.05,0.9,0.5,0.8,0.3
0.07,1.0004117140672537,1.0612244897959184,-0.01047004702756052,0.7504078814335798,0.6075268817204301,0.7208515673508255,-0.09568988885876929,0.26292280901588694,0.3206605222734255,0.03387096774193549,1.0,2.961648457719334,0.01428570317924383,0.05793168284172245,0.5949820788530465,0.6788125976112628,0.6075268817204301,-0.08383051875821623,-0.012544802867383575,1.0,0.39298245614035077,20.071222845043366,-0.6471365400712541,0.347145201150277,0.5,0.85,0.85,0.15,0.0,0.3,0.5,1.0,0.85
0.12,0.9992163009404387,1.3555555555555552,-0.008941959977385977,0.6350793029711009,0.4460727969348659,0.7119926010996502,-0.08311051693404634,0.21950827863534295,0.1808712121212121,0.057272727272727274,1.0,3.469318645374942,0.0064145155415319685,0.02795624636476543,0.4485632183908046,0.5523200381376132,0.45469348659003833,-0.10375681974680862,-0.006130268199233735,0.7,0.5771241830065359,19.911551462141286,-0.29411769714092895,0.3340717404545705,1.0,0.85,0.1,0.8,0.0,0.9,1.0,0.8,0.1
0.09,0.9994196917918631,1.1707317073170724,-0.0883306876735519,0.45507956350388257,0.5694145758661887,0.27389976557755824,-0.04424333836098543,0.577564289078832,0.33302808302808307,0.04450549450549451,1.0,3.305552044067685,0.038253785290039,0.08756416416837612,0.5614097968936679,0.6304358237547892,0.5694145758661887,-0.06902602686112136,-0.008004778972520832,0.7,0.23391812865497075,16.71804694978661,9.295851297616535,0.18982692800818718,1.0,0.85,0.1,0.8,0.05,0.95,1.0,0.8,0.1
0.14,1.0007427198981411,1.311111111111111,-0.03130875192933413,0.11446013673843083,0.4871100164203612,0.03414811674654304,-0.0056673832323625994,0.9720091445382191,0.21968438538205978,0.07,1.0,3.9476375309478735,0.0,0.029812205103374713,0.5233990147783251,0.5821018062397373,0.4871100164203612,-0.05870279146141222,0.03628899835796384,0.7,0.5369281045751635,20.322567857667483,0.12712005891804168,0.3299834604515559,0.5,0.85,0.85,0.1,0.05,0.4,0.5,1.0,0.85
0.09,1.005272754151678,1.2142857142857142,-0.05116144742210238,0.33485461669478656,0.5149342891278376,0.22062160374023854,-0.03756374344609645,0.5588523595408208,0.24572649572649574,0.04450549450549451,1.0,3.228470095468231,0.010911644713162708,0.05625402580785818,0.4967741935483871,0.7872257053291536,0.5149342891278376,-0.2904515117807665,-0.018160095579450475,0.1,0.6831871345029239,20.328733033872417,-0.27709016216896876,0.24840735476211143,0.5,0.85,0.9,0.1,0.0,0.3,0.5,1.0,0.9
0.12,1.0038038884192728,1.270833333333334,-0.05780463384421525,0.10697109115869546,0.7968390804597701,0.3370770475528648,0.045008912655971484,0.41998220378401996,0.3229166666666667,0.05454545454545454,1.0,3.8178622796375983,0.0,0.09009765294819777,0.8027777777777777,0.4934952874020974,0.7968390804597701,0.3092824903756803,0.0059386973180075575,0.4,0.14640522875816997,18.927237215466903,0.7126378683816981,0.2490564267978769,0.5,0.8,0.8,0.2,0.05,0.9,0.5,1.0,0.8
0.14,0.9974114553373327,1.125,0.009760745032529342,0.10232414197893172,0.6188834154351396,0.3047186806244663,0.03849912057846397,0.4551346584927264,0.24335548172757476,0.06837209302325581,1.0,3.9266783462326957,0.0,0.05861227274756,0.6117405582922824,0.6223864258347017,0.6188834154351396,-0.010645867542419363,-0.0071428571428572285,1.0,0.4274509803921567,21.35922472509638,-0.6738914743671924,0.37129625505080455,0.5,0.8,0.2,0.8,0.1,0.95,0.5,1.0,0.2
0.05,1.0006999480683694,1.0612244897959189,-0.011555925659854083,0.1693854517960907,0.46875,0.06696365959149184,-0.016718266253870018,0.7987101718135923,0.3342105263157895,0.024210526315789474,1.0,1.8576327867915015,0.00397823840465174,0.03276748221829666,0.4265793010752688,0.49787186379928317,0.457997311827957,-0.07129256272401435,-0.031418010752688186,1.0,0.4105263157894736,18.72864661871405,0.13240429453352753,0.2618589852798218,0.5,0.8,0.2,0.8,0.05,0.9,0.5,0.8,0.2
0.09,1.002119967637209,1.0333333333333334,-0.03373136249596598,0.049675073089494946,0.26463560334528075,0.14069362277259814,0.02255261078790491,0.21431717801520023,0.25946275946275943,0.04450549450549451,1.0,3.350605516510249,0.010911776077468708,0.03176649372769803,0.23512544802867386,0.694508744855967,0.2755077658303465,-0.4593832968272932,-0.04038231780167262,0.1,0.3330409356725146,20.420185489538564,-0.046754369238801274,0.29507810259416395,0.5,0.9,0.2,0.8,0.05,0.95,0.5,0.8,0.2
0.14,1.005468808527488,1.3636363636363635,-0.18908986618094925,0.25174912612978734,0.7339901477832512,0.6870634868667653,0.06918116083642756,0.1818141330959846,0.28571428571428575,0.06837209302325581,1.0,3.721881105532605,0.007009224883398148,0.07040295152882789,0.7195402298850575,0.570442054958184,0.7339901477832512,0.1490981749268735,-0.01444991789819372,0.1,0.276470588235294,19.306131589286533,9.82051021928795,0.21534864625842495,0.5,0.85,0.9,0.1,0.1,0.85,0.5,1.0,0.9
0.1,1.0076759758288423,1.0731707317073171,-0.17979593385260983,0.29090240590393485,0.625,0.49407158112206484,-0.06862745098039211,0.06304825292699345,0.39722222222222225,0.04888888888888889,1.0,3.3686684888696794,0.011581162277003357,0.064757319144776,0.5935185185185187,0.3906554019457245,0.6222222222222222,0.20286311657279416,-0.028703703703703565,0.07652250047505924,0.13888888888888895,17.955907906324327,13.411594410143131,0.2104164901127962,0.5,0.8,0.3,0.8,0.15,0.9,0.5,1.0,0.3
0.08,1.0005149709409251,1.0961538461538463,-0.09709294026345239,0.09042973468448746,0.525089605734767,0.14588511375131982,0.02397698209718671,0.6117748942629123,0.28125,0.04,1.0,3.147101832014908,0.0,0.02782309840144944,0.5252090800477897,0.3997610513739546,0.5467144563918757,0.12544802867383503,-0.021505376344086002,0.2,0.5359649122807018,18.752010836480288,8.715488716528371,0.1600200036503171,0.5,0.9,0.1,0.9,0.0,0.9,0.5,1.0,0.1
0.05,0.9992477736526654,1.1739130434782608,-0.0032652780460245556,0.03355502977439868,0.6149193548387096,0.5746322972445447,0.09659442724458203,0.3674566559971414,0.45526315789473687,0.024736842105263158,1.0,2.69752185609948,0.019897714853914672,0.09188229610894307,0.6255040322580645,0.0,0.6256720430107526,0.0,-0.00016801075268813026,0.0,0.015789473684210575,18.826296640312616,-0.2974199771615793,0.28481616998877074,0.5,0.8,0.8,0.1,0.0,0.3,0.5,1.0,0.8
0.12,1.0050041701417847,1.3111111111111111,-0.08468664942333015,0.2697443444778424,0.7280651340996168,0.7732097666972101,0.09157754010695188,0.2032918060837542,0.29450757575757575,0.05863636363636364,1.0,3.575217305652969,0.012827444268121602,0.08809033768874434,0.7448275862068966,0.3943336511467768,0.7393678160919541,0.3504939350601198,0.005459770114942475,0.1,0.3228758169934638,18.81660054669088,0.6590257610590289,0.2804424001615672,0.5,0.85,0.85,0.1,0.2,0.85,0.5,1.0,0.85
0.1,1.0031409501374167,1.0,-0.038195168848879024,1.1104820565365534,0.7259259259259259,0.9999544056765836,-0.11830065359477124,0.030914507941986115,0.3,0.04888888888888889,1.0,3.4000848764342644,0.0,0.06792032347350528,0.712037037037037,0.5555555555555555,0.7259259259259259,0.15648148148148155,-0.01388888888888884,0.2,0.17222222222222194,20.628700268369283,-0.532912376826717,0.355874120934971,0.5,0.8,0.7,0.3,0.05,0.4,0.5,1.0,0.7
0.09,1.0000449346201277,1.1666666666666667,-0.008023037384860016,0.5220526279795201,0.5933094384707288,0.06782057666066185,-0.013215542627307314,0.9903139254936913,0.3183760683760684,0.04252747252747253,1.0,3.0680488982908356,0.0,0.048574174455206905,0.5461170848267622,0.7367084826762246,0.5897252090800478,-0.19059139784946233,-0.04360812425328553,0.2,0.2777777777777777,19.46999040431497,-0.38866942240290303,0.27082419923612644,0.5,0.85,0.2,0.8,0.05,0.9,0.5,1.0,0.2
0.11,1.0106656020076425,1.2941176470588232,-0.09059500911995294,0.39392853955608076,0.5538314176245211,1.103651306659708,0.12479721204109837,0.15053377302773652,0.34244126659857,0.05438202247191011,1.0,3.56165003773234,0.030545679019080153,0.08192181888013546,0.5778097062579821,0.584893136864463,0.540676883780332,-0.007083430606480867,0.03713282247765015,1.0,0.31519607843137254,20.31216300715944,0.17472478688943127,0.24695764496101508,1.0,0.85,0.1,0.8,0.0,0.9,1.0,1.0,0.1
0.1,0.9982830512631835,1.1578947368421049,0.015715713856949448,0.0857557715858397,0.6990740740740741,0.20892020637336833,0.030065359477124243,0.5058101492210673,0.2888888888888889,0.04888888888888889,1.0,3.132103529133073,0.011568879677323795,0.07521468733604028,0.674074074074074,0.6962805393839876,0.6722222222222222,-0.022206465309913548,0.0018518518518518823,1.0,0.30555555555555547,20.493001615715198,-0.9981928529470276,0.38862488618142194,0.5,0.8,0.85,0.15,0.05,0.6,0.5,1.0,0.85
0.07,1.006243640943583,1.1176470588235299,-0.08871074648691035,0.5964948069502902,0.4480286738351254,0.16391108150957331,-0.031264118550646036,0.5953636128762176,0.3463901689708141,0.03387096774193549,1.0,3.1098479247696753,0.004757731901727785,0.07228373515577372,0.4498207885304659,0.46774193548387094,0.4695340501792114,-0.01792114695340502,-0.019713261648745484,1.0,0.2698830409356725,18.94483080888523,5.717495535625337,0.22013601174053507,0.5,0.8,0.2,0.8,0.15,0.95,0.5,0.8,0.2
0.11,0.9997846768194807,1.0625,-0.0019414425309590144,0.07254949049157315,0.4950830140485312,0.2909110334006611,-0.03893528810911495,0.5482971196416909,0.2826864147088866,0.05314606741573034,1.0,3.157650729268691,0.012211967457514634,0.046375914287020294,0.48470625798212,0.0,0.4950830140485312,0.0,-0.010376756066411197,0.0,0.20261437908496716,19.698655752750884,-0.13123342825415607,0.31190101147452376,0.5,0.8,0.2,0.8,0.15,0.95,0.5,0.8,0.2
0.12,1.0102307764178264,1.1632653061224485,-0.18543851538571632,0.5968322072253741,0.6281609195402299,0.38489635597336674,0.0501336898395722,0.2616387336975934,0.31534090909090906,0.05863636363636364,1.0,3.660885683511751,0.006412716284527901,0.04173372158910273,0.611111111111111,0.5879464285714286,0.6280651340996168,0.023164682539682402,-0.01695402298850579,1.0,0.21928104575163399,20.794948390716726,9.234577820505491,0.1697948483075147,0.5,0.8,0.2,0.8,0.05,0.9,0.5,1.0,0.2
0.11,1.0010654784967066,1.1538461538461537,-0.007897902413031097,0.22422744838760222,0.3694763729246488,0.2236358990636652,-0.03941597067836328,0.6123859946787993,0.1897344228804903,0.051910112359550564,1.0,3.541300760132587,0.006108084569796371,0.03400071848326929,0.3528097062579821,0.5835437192118227,0.3694763729246488,-0.2307340129538406,-0.01666666666666672,0.1,0.5843137254901961,19.50128482618938,-0.5536710068525359,0.2943686619507687,0.5,0.85,0.3,0.75,0.0,0.9,0.5,1.0,0.3
0.1,0.9990619136960599,1.068181818181818,-0.02789050952880545,0.5305681498169749,0.7037037037037037,0.3562189635050819,-0.05098039215686273,0.3739974246470654,0.2861111111111111,0.05,1.0,3.564865547303756,0.0,0.06684104418269453,0.724074074074074,0.3954741379310345,0.7111111111111111,0.3285999361430395,0.012962962962962843,0.1,0.33333333333333337,20.539679573472228,1.006209699825602,0.25911310356030043,0.5,0.8,0.7,0.3,0.05,0.9,0.5,1.0,0.7
0.12,1.0022794314829715,1.169811320754717,-0.028117683198383786,0.20351744829108379,0.6098659003831418,0.03322088900968448,0.005347593582887694,0.9744132419201054,0.19223484848484845,0.05863636363636364,1.0,3.6566582685465536,0.006410725324968269,0.032756993123564906,0.5932950191570882,0.5184255940528342,0.6098659003831418,0.07486942510425398,-0.016570881226053658,0.2,0.561111111111111,20.69141868729574,-0.5681512616105366,0.3151918425227835,0.5,0.8,0.8,0.2,0.05,0.9,0.5,1.0,0.8
0.14,1.0070967474964825,1.0909090909090908,-0.06458394569248718,0.6209411116921421,0.5761904761904763,0.4051723372570657,-0.045925346882939144,0.29077045359702236,0.3019102990033223,0.07,1.0,3.4710360979904067,0.0,0.06627847901574577,0.5834154351395732,0.5147130647130647,0.5780788177339901,0.06870237042650851,0.005336617405583111,0.4,0.3676470588235293,20.81420899488588,-0.6046019501145032,0.3824584080046163,0.5,0.85,0.8,0.2,0.05,0.85,0.5,1.0,0.8
0.07,1.00067489736993,1.304347826086956,-0.02237459715673873,0.08622867141719132,0.5519713261648745,0.3387811459082041,0.06505828137706687,0.5365449441436647,0.38210445468509985,0.03387096774193549,1.0,2.6133000441512193,0.0047577605183730595,0.08000212040698437,0.514336917562724,0.5568697729988052,0.5519713261648745,-0.04253285543608121,-0.037634408602150504,1.0,0.3400584795321637,20.253451579034326,0.3246478829125601,0.26120077054548846,1.0,0.85,0.8,0.1,0.05,0.65,1.0,0.8,0.8
0.08,1.0012041817949606,1.073170731707317,-0.09846296046437875,0.2452940157640325,0.41302270011947434,0.17719762294967398,-0.03260869565217389,0.49775255070911273,0.2798913043478261,0.04,1.0,2.935583359053002,0.0,0.023881822311627277,0.4236559139784946,0.62731159621802,0.41302270011947434,-0.2036556822395254,0.010633213859020274,0.1,0.2907894736842104,15.89679391130516,10.712055109928027,0.13983985796878845,0.5,0.8,0.2,0.8,0.1,0.95,0.5,1.0,0.2
0.11,0.9978369528931327,1.1320754716981136,0.028511926889200567,0.39443859478288545,0.6060025542784163,0.13477748621604704,-0.02018866790842999,0.8460632910449215,0.2581716036772217,0.05314606741573034,1.0,3.454149720259142,0.03670061332938005,0.05565424643402077,0.6247126436781608,0.2934582091670214,0.6060025542784163,0.3312544345111394,0.0187100893997445,0.1,0.3500000000000001,18.085484311456547,-0.8926902705012076,0.3712531625083437,0.5,0.9,0.2,0.8,0.05,0.9,0.5,0.8,0.2
0.06,1.0021159045491947,1.0624999999999998,-0.025478811956965053,0.20212263445382356,0.44993279569892475,0.6191286583083975,0.10221109720483937,0.1965459797520871,0.375886524822695,0.02872340425531915,1.0,2.661778107019588,0.0043819175986804775,0.06838999655963782,0.41330645161290325,0.17461170848267624,0.44993279569892475,0.238694743130227,-0.0366263440860215,0.2,0.27076023391812876,18.299603193138985,0.5410222437193895,0.22784049390212519,0.5,0.8,0.85,0.15,0.05,0.65,0.5,1.0,0.85
0.06,1.00005668720003,1.0612244897959182,-0.016885295920606946,0.33125419468906825,0.5806451612903226,1.1991004408329624,0.1508135168961202,0.019617768718089405,0.4671985815602837,0.03,1.0,2.0648598854618987,0.0,0.11121711162934934,0.6127352150537634,0.0,0.5860215053763441,0.0,0.02671370967741926,0.0,0.1380116959064328,20.11041874534674,0.3534240138948559,0.26229102424777784,0.5,0.8,0.8,0.2,0.1,0.6,0.5,1.0,0.8
0.09,0.9992249410296389,1.4365468567820643,0.0013642281793375122,0.33172004091081303,0.4751493428912783,0.41619762661135357,-0.056492669228850156,0.5795462332541723,0.25976800976800973,0.04351648351648352,1.0,3.105828750599132,0.005457432252558898,0.03747864346811065,0.4608124253285543,0.4365035224323322,0.4787335722819593,0.024308902896222118,-0.017921146953404965,1.0,0.35526315789473684,20.379111108915865,0.3337433745872609,0.26316186465505126,1.0,0.85,0.1,0.8,0.05,0.85,1.0,0.8,0.2
0.1,1.0048293481647448,1.136545281442665,-0.060022700227065684,0.0586018387190853,0.23425925925925928,0.061787394685343326,0.009276981633223103,0.9404663603566663,0.21666666666666667,0.05,1.0,3.613378312017015,0.0,0.011577070801367814,0.24629629629629626,0.7539511494252874,0.23425925925925928,-0.5076548531289912,0.012037037037036985,0.1,0.6055555555555555,22.14793965675946,-0.8435210902967416,0.3456956344401236,1.0,0.9,0.1,0.9,0.05,0.95,1.0,0.8,0.1
0.1,1.0054467017190398,1.1426578092233575,-0.057089585561365105,0.2260854317509141,0.4703703703703703,0.34533423066849495,0.047636247022603384,0.1493144131406147,0.30277777777777776,0.04777777777777778,1.0,3.6034887274327487,0.005788677338852002,0.030042299295973518,0.5027777777777778,0.615661434515717,0.4703703703703703,-0.11288365673793921,0.03240740740740744,0.4,0.41666666666666663,20.793463032555316,-0.7987836577639604,0.3456956344401236,1.0,0.8,0.1,0.8,0.15,0.95,1.0,1.0,0.1
0.04,1.001826221951411,1.0,-0.019371794286763243,0.01684743905808893,0.46875,0.05376544119972367,-0.014780689251613022,1.0,0.40625,0.019583333333333335,1.0,2.3273288015032696,0.017712704482521477,0.04290436625877776,0.5,0.5,0.5,0.0,0.0,1.0,0.0,0.0,-0.48805971862236674,0.22573551319930651,0.0,0.85,0.95,0.0,0.05,0.15,0.0,0.8,0.95
0.12,1.0066364461718451,1.2729021987706317,-0.09310787880164856,0.09081999981605056,0.563984674329502,0.305064404449696,-0.03193005106336877,0.6597951698671034,0.26704545454545453,0.05863636363636364,1.0,3.4958631965539393,0.01925034382668833,0.04815646416151974,0.5728927203065134,0.5233835655137101,0.5612068965517242,0.04950915479280327,0.011685823754789215,0.4,0.49248366013071887,19.357949026034593,0.10197088667344589,0.3151918425227835,1.0,0.85,0.9,0.1,0.05,0.15,1.0,0.8,0.9
0.06,1.0014889429237168,1.146123594716379,-0.032574643899946576,0.069794028320062,0.14516129032258066,0.006403395692901968,-0.0012899625203751652,0.8930708163500196,0.23670212765957446,0.03,1.0,3.05154112779047,0.0,0.01684292504902961,0.13961693548387097,0.12903225806451613,0.13978494623655915,0.010584677419354843,-0.00016801075268818577,1.0,0.531578947368421,18.309817064885344,1.0211539990226628,0.19167952482775932,0.0,0.8,1.0,0.0,0.1,0.2,0.0,0.8,1.0
0.1,1.0023456331087597,1.243104230770283,-0.02947813929244668,0.6131579280455438,0.5564814814814815,0.9875951084669409,0.10951357708234344,0.08173618463702283,0.2611111111111111,0.04666666666666667,1.0,3.5655021784965353,0.0,0.05068756568438636,0.5546296296296297,0.3636739417989418,0.5527777777777778,0.1909556878306879,0.0018518518518518823,0.2,0.45555555555555566,20.159782880450607,-0.23765555564567764,0.28261378093134015,1.0,0.9,0.0,0.9,0.0,0.85,1.0,0.8,0.0
0.11,1.005791364654118,1.2306537341251809,-0.06093027746384379,0.09903457520600267,0.4628352490421456,0.09162588900998078,-0.013581848034543098,0.817047174473198,0.23748723186925433,0.051910112359550564,1.0,3.6548984604258754,0.01222170428189614,0.028243079529779724,0.46663473818646234,0.5384377703621307,0.4628352490421456,-0.07180303217566836,0.0037994891443167145,0.2,0.4656862745098038,19.53414085860123,-0.6593762756379715,0.3210473365082304,1.0,0.9,0.9,0.1,0.0,0.1,1.0,0.8,0.9
0.09,1.0038738483503233,1.0,-0.04897869835156818,0.23753140596718264,0.5261648745519713,0.3350218779754926,-0.04855138246208118,0.6129471313582651,0.30128205128205127,0.04252747252747253,1.0,3.3152050633342833,0.01639512301321109,0.04824808761086086,0.5266427718040622,0.42573302469135804,0.529868578255675,0.10090974711270412,-0.003225806451612856,0.7,0.3725146198830409,19.260808896666617,-0.632054395576501,0.29507810259416395,1.0,0.8,0.1,0.85,0.05,0.9,1.0,0.8,0.1
0.11,1.0027975339877437,1.3331524618669766,-0.03848285252015046,0.09508896592610365,0.604661558109834,0.38768342458937594,0.04922478808348629,0.15528172911737934,0.35776302349336053,0.051910112359550564,1.0,3.458640280724006,0.0,0.04773070146482624,0.605683269476373,0.14783239460658812,0.604661558109834,0.4578508748697848,0.0010217113665389466,0.1,0.2199346405228758,20.39354147662251,-0.7203496038340957,0.3712531625083437,1.0,0.8,0.1,0.8,0.1,0.95,1.0,1.0,0.1
0.12,1.0062345712090028,1.5135277732248633,-0.07563911063718093,0.089388886880499,0.25699233716475095,0.0933837671316726,0.011720710259952027,0.8444267834479684,0.21306818181818182,0.057272727272727274,1.0,3.527251394368916,0.012842717578684604,0.02133933528997664,0.2768199233716475,0.4289910600255428,0.2598659003831417,-0.1521711366538953,0.01695402298850579,0.26828588367711736,0.5243464052287581,20.183223562665926,-0.8788280091140477,0.35412182742345827,1.0,0.8,0.1,0.9,0.05,0.9,1.0,1.0,0.1
0.07,0.9997328872421444,1.0834350317673367,0.0038369469423315122,0.009634505091279496,0.5770609318996415,0.07039902365814124,-0.013632823679372519,0.9367980224694822,0.35291858678955457,0.03387096774193549,1.0,3.0612838867992513,0.019049211176506882,0.04562836671776886,0.5663082437275985,0.6998922413793104,0.5806451612903225,-0.13358399765171192,-0.014336917562724039,0.4,0.21578947368421064,19.6131029023696,-0.5752530773655367,0.26868259713665926,1.0,0.8,0.0,0.85,0.15,0.85,1.0,0.6,0.1
0.07,1.0045661553996832,1.0612976803487126,-0.0519890710255308,0.39330377515221926,0.4139784946236558,0.6814208013315697,-0.07975901676829289,0.10791493636396185,0.3214285714285714,0.03462365591397849,1.0,2.757014270100967,0.02858070700280713,0.027869229943512888,0.43369175627240136,0.42034640060224043,0.4175627240143369,0.01334535567016093,0.016129032258064446,1.0,0.36315789473684223,20.134589289089778,-0.9965299417294209,0.30082773617175845,1.0,0.85,0.95,0.1,0.1,0.1,1.0,0.8,0.95
0.13,1.0096671569047708,1.035751673527503,-0.10548938836319605,0.21767307522304183,0.5804597701149424,0.39062834429810644,-0.04710801583682589,0.3005802553781083,0.2413793103448276,0.06425287356321839,1.0,3.461434459238313,0.020153771836437354,0.03493443725788979,0.5798850574712643,0.4184627200756233,0.5781609195402299,0.161422337395641,0.0017241379310344307,0.1,0.5826797385620914,21.60869319401448,-1.3965971162964315,0.5716182257004105,1.0,0.9,0.9,0.1,0.05,0.15,1.0,1.0,0.9
0.05,1.0025661353375048,1.0,-0.03515179588139422,0.42900088363571076,0.6774193548387096,0.5088752460092146,0.09255606416633677,0.28930597009733905,0.3657894736842105,0.024736842105263158,1.0,2.2531595872514414,0.01990058932893761,0.05878653577443131,0.6303763440860215,0.5470837406321277,0.6720430107526881,0.08329260345389378,-0.04166666666666663,1.0,0.1947368421052631,19.0965800178804,-0.2233399017763027,0.24082371730015503,1.0,0.8,0.9,0.1,0.05,0.2,1.0,0.6,0.9
0.09,1.0118067608604557,1.4544916637882945,-0.41764555584755314,1.0409002022840415,0.6924731182795698,1.7891427420263875,0.15986973152745465,0.005812026530503304,0.3577533577533577,0.04351648351648352,1.0,3.2536827237766586,0.005457382948881642,0.0721941809304606,0.6850657108721624,0.6512791991101224,0.6887694145758662,0.03378651176203995,-0.0037037037037037646,1.0,0.22178362573099408,10.637284838137225,72.893365352024,0.0031337791488195922,0.5,0.8,0.9,0.1,0.05,0.6,0.5,0.8,0.9
0.08,1.0020675622595585,1.0667535275315063,-0.024181968033814255,0.9219974922356318,0.8037037037037038,1.611560751548151,0.1567761404317513,0.020755045814408846,0.34646739130434784,0.03826086956521739,1.0,3.3513488418928277,0.0,0.05938397169651358,0.7965352449223416,0.5155612717834631,0.8090800477897252,0.2809739731388785,-0.012544802867383575,0.1,0.17397660818713467,20.10207111560765,-0.5234333250842158,0.34435689770027694,1.0,0.8,0.1,0.8,0.15,0.95,1.0,0.6,0.1
0.09,1.0005468222272624,1.1893888251481075,-0.022627864683117782,0.28073794692032106,0.5062126642771804,0.3879332376556264,-0.05118693973151467,0.30028228877307606,0.28907203907203904,0.04351648351648352,1.0,3.245716971999902,0.00545878040405339,0.03280117146304422,0.5060931899641578,0.3562126642771804,0.5136200716845878,0.14988052568697735,-0.007526881720430034,0.4,0.444298245614035,20.159511369709858,0.17010994533837298,0.3124273325234697,0.5,0.6,0.2,0.8,0.25,0.9,1.0,1.0,0.2
0.09,1.0011583473655534,1.0,-0.02538298326475147,0.47775807412371385,0.7010752688172043,1.184362659744465,-0.12680048720416714,0.14836314640317821,0.33577533577533575,0.04450549450549451,1.0,3.6263817952357353,0.010914831635702674,0.057581922461168306,0.6898446833930705,0.35510275165447575,0.7010752688172043,0.33474193173859473,-0.011230585424133799,0.1,0.234795321637427,20.323028877760464,-0.6796149849092461,0.3124273325234697,0.5,0.85,0.95,0.05,0.0,0.2,0.5,0.8,0.95
0.06,0.9987538115570576,1.2306537341251809,0.012227442351529482,0.07138370176490044,0.39213709677419356,0.11109180121477058,0.024347400522068963,0.9942097416575766,0.23049645390070922,0.02872340425531915,1.0,2.916574288749186,0.013152282566466387,0.026718982684416775,0.3654233870967742,0.15456989247311828,0.39213709677419356,0.2108534946236559,-0.026713709677419373,0.2,0.5539473684210526,20.196235651161945,-0.45854165457966056,0.26229102424777784,1.0,0.8,0.1,0.9,0.15,0.95,1.0,1.0,0.1
0.1,1.0006147603671438,1.0,-0.021411319087989378,0.13601572148310082,0.3685185185185185,0.01560162744146171,-0.0031676489024455856,0.9313286826472111,0.22777777777777775,0.04888888888888889,1.0,3.3787965520092524,0.005786252279559902,0.03191110369058532,0.35833333333333334,0.6327277221604252,0.37222222222222223,-0.27439438882709183,-0.013888888888888895,0.1,0.3944444444444446,20.11048712967433,-0.33726960177048415,0.3170520754166312,1.0,0.8,0.1,0.9,0.05,0.2,1.0,1.0,0.1
0.07,0.9990158180158354,1.3740086910679854,0.00884350474727684,0.25587160914967233,0.7132616487455197,0.4035786396989553,-0.07025813699244277,0.3052299985641785,0.29838709677419356,0.03462365591397849,1.0,2.65142347020211,0.00951970185842083,0.06359163212602313,0.7132616487455197,0.37937948028673835,0.7132616487455197,0.3338821684587813,0.0,0.1,0.4216374269005848,19.144034397763196,-0.14902901927496082,0.23315535083499683,0.5,0.6,0.8,0.6,0.15,0.85,1.0,0.8,0.4
0.12,0.9975881160493448,1.1708943709047297,0.011877789605290096,0.35137242109007244,0.6649425287356322,0.548279047517095,-0.05698524746380179,0.3700897022164007,0.2244318181818182,0.05863636363636364,1.0,3.567775192834736,0.012831044476176749,0.03397272832281541,0.6252873563218391,0.48526140155728587,0.6649425287356322,0.1400259547645532,-0.03965517241379313,0.1,0.5398692810457515,20.51910213122771,-0.7406829699338608,0.4230421986895617,1.0,0.9,0.1,0.9,0.05,0.9,1.0,1.0,0.1
0.09,1.0055048194714824,1.2798542615523594,-0.07758469173708105,0.5630818117994336,0.4661887694145759,0.8703953277593622,0.09235655944392818,0.14500979894755567,0.2506105006105006,0.04450549450549451,1.0,2.9392225171384707,0.021862078688800936,0.03220519814697578,0.4771804062126643,0.3849029786182178,0.4661887694145759,0.09227742759444646,0.0109916367980884,1.0,0.4400584795321636,20.6508785553285,-0.3782218976425904,0.3827003850982275,0.5,0.8,0.3,0.7,0.15,0.85,1.0,1.0,0.4
0.1,0.9989556129540158,1.2123723201457033,0.004032081432806672,0.3682180216569833,0.4388888888888889,0.6091589655442643,-0.07237382306349349,0.1493144131406147,0.3472222222222222,0.04888888888888889,1.0,3.4531149215509918,0.011573132288477166,0.04558256903694012,0.47962962962962963,0.4801587301587302,0.4388888888888889,-0.0005291005291005457,0.040740740740740744,1.0,0.22777777777777775,19.447073738668713,-0.6953829772035935,0.2745779676034576,1.0,0.8,0.9,0.1,0.0,0.3,1.0,0.6,0.9
0.09,1.0003717372567171,1.1576918720876188,0.0022092319696172535,0.29818308826138523,0.7340501792114695,0.2403456310965578,0.03767625028210653,0.6214307638628598,0.32875457875457875,0.04450549450549451,1.0,3.2759437535092575,0.010912071664504952,0.05537632708989142,0.7378733572281959,0.4996910147076999,0.7340501792114695,0.23818234252049603,0.0038231780167263807,0.1,0.1105263157894737,20.222658922623,-0.5226554728643604,0.29507810259416395,0.5,0.85,0.9,0.1,0.0,0.2,0.5,0.8,0.9
0.11,1.0034043209093588,1.2976111190636892,-0.034037153618988056,0.4690752569948236,0.6432630906768837,0.7082095223368987,0.0774358321434172,0.2384956148696542,0.2561287027579162,0.05438202247191011,1.0,3.3828246899089254,0.030540422848981858,0.035121784809805254,0.6239144316730523,0.3883128520225294,0.6432630906768837,0.23560157965052286,-0.019348659003831425,0.1,0.4212418300653594,20.145903307635567,-0.5396325407179523,0.2859552312100065,0.5,0.7,0.9,0.8,0.1,0.9,1.0,0.8,0.4
0.08,0.9964492957005738,1.1893890297093503,0.039211212411408625,0.08221534591776507,0.47013142174432493,0.054560976252087924,-0.010085246417357197,0.6983725694612379,0.26766304347826086,0.0391304347826087,1.0,3.145356983469038,0.010233905605768923,0.03416499157940524,0.46308243727598564,0.4986111111111111,0.47013142174432493,-0.03552867383512548,-0.007048984468339292,1.0,0.3929824561403509,20.352894617516917,0.04466990130256221,0.2901024814517316,1.0,0.8,0.1,0.85,0.15,0.95,1.0,0.8,0.1
0.18,0.9990525704631514,1.3428921461130072,0.060060264502869554,0.1778626092499753,0.5901675485008818,0.19563945839855684,-0.024419186579263452,0.47845726568023894,0.25745257452574527,0.08780487804878048,1.0,4.189144032346647,0.01633083165363397,0.04053329338012883,0.5903145208700765,0.416899093527446,0.5880364491475603,0.17341542734263055,0.0022780717225162617,0.1,0.3662377450980393,20.461447223082672,0.553583811883867,0.28845593276798054,0.5,0.8,0.2,0.8,0.15,0.95,0.5,1.0,0.2
0.07,0.9980591711897181,1.0,0.01570314928941259,0.3604429402586592,0.3387096774193548,0.4872376415666422,-0.060749091364467545,0.5599640242503404,0.2964669738863287,0.03387096774193549,1.0,2.293267780265796,0.023817543037971414,0.037537749277557195,0.3548387096774193,0.3737373737373737,0.3387096774193548,-0.018898664059954384,0.016129032258064502,0.7,0.5270467836257311,19.280925090008132,-0.7624170282913632,0.3276715305984524,0.5,0.6,0.8,0.8,0.3,0.9,1.0,0.8,0.2
0.13,1.0042943882256061,1.055615809003287,-0.061617213402049176,0.06664214848098829,0.4764367816091954,0.19506641996956783,0.02536071931030226,0.8335786573633955,0.2471264367816092,0.059770114942528735,1.0,3.4544444511171712,0.0,0.029734964356761512,0.47586206896551725,0.6563455320399765,0.47931034482758617,-0.18048346307445923,-0.003448275862068917,0.1,0.43758169934640534,20.86716759121336,-0.2598650522073829,0.3371825068991433,1.0,0.9,0.0,0.9,0.05,0.8,1.0,0.8,0.0
0.08,1.000806166175723,1.1789864035704196,-0.0038994437675581445,0.5872871715876489,0.4874551971326165,1.1425237272498452,-0.1135711427552083,0.049645902955509226,0.3736413043478261,0.0391304347826087,1.0,2.709898709272359,0.020472003338116822,0.057751938555072796,0.4910394265232975,0.5050925925925925,0.4874551971326165,-0.01405316606929502,0.0035842293906810374,1.0,0.21871345029239764,20.205151497936185,-0.5895434937426507,0.2664067193691003,1.0,0.9,0.95,0.05,0.05,0.6,1.0,0.6,0.95
0.15,1.0013943206035236,1.2861131873770018,-0.035173477245940526,0.10695548848940357,0.6491789819376027,0.2508989522641619,0.03330722751379078,0.3591075442551167,0.3186274509803922,0.07235294117647059,1.0,4.013245606878629,0.04399274694343853,0.039860612792638625,0.6541050903119868,0.5754850088183422,0.6491789819376027,0.07862008149364463,0.004926108374384119,0.2,0.25098039215686274,17.702884738820746,0.03964722880380567,0.26095845859356476,1.0,0.8,0.0,0.9,0.0,0.85,1.0,1.0,0.1
0.16,1.0000817845560748,1.2068674844326484,-0.007991991965320355,0.18789383334701495,0.44047619047619047,0.35626564341022854,0.037928805398719845,0.21631302768663185,0.23214285714285715,0.07428571428571429,1.0,3.8770599213976107,0.00761201012532783,0.023726134328665216,0.43214285714285716,0.5059929250542278,0.44523809523809527,-0.07385006791137061,-0.013095238095238104,0.7,0.358517156862745,18.262329100180438,0.05583286008314259,0.25363445561216624,1.0,0.85,0.1,0.8,0.0,0.3,1.0,1.0,0.2
0.15,0.9986932459281461,1.333727879698719,0.005205491903856815,0.03157458633565261,0.41576354679802957,0.045375089720008706,-0.006357415966484425,0.8469071601097427,0.1715686274509804,0.07411764705882352,1.0,3.972292921132029,0.05866235744470868,0.009092754536920614,0.42536945812807886,0.5549105912009137,0.42052545155993437,-0.12954113307283482,0.004844006568144488,0.1,0.5156862745098039,20.202426953632628,0.6386521322218073,0.2859821417468397,1.0,0.85,0.1,0.9,0.1,0.95,1.0,0.8,0.1
0.16,1.000740786935472,1.4411089252115554,-0.01545304934251783,0.09794042119644639,0.30317460317460315,0.21799593016020763,0.02602555989348576,0.38445871232606843,0.17559523809523808,0.07428571428571429,1.0,3.99246741356646,0.007610713738989849,0.017371888122731202,0.29365079365079366,0.569243400277883,0.3079365079365079,-0.27559260662708934,-0.014285714285714235,0.2,0.5612132352941176,19.133272134329758,-0.7502357303678568,0.3240345853742732,1.0,0.9,0.95,0.0,0.05,0.1,1.0,0.8,0.95
0.09,1.0035746853062064,1.0454949179054651,-0.0460629872503365,0.7428421196804853,0.5289127837514934,1.2248440391729614,-0.11519131865379284,0.08073199636265278,0.2951770451770452,0.04450549450549451,1.0,3.124169223735811,0.016370916410590713,0.048474717740605786,0.5362007168458781,0.5068068356374807,0.5289127837514934,0.029393881208397366,0.007287933094384691,1.0,0.48742690058479526,21.37198801266434,-0.6855575738316642,0.37157739377704735,0.5,0.85,0.95,0.05,0.05,0.6,0.5,0.8,0.95
0.13,1.0011120747126894,1.2976110650053592,-0.017051181230193918,0.0031947172060775757,0.40747126436781606,0.02874617456657367,-0.005169083667116547,0.8136367484756104,0.22458001768346597,0.06425287356321839,1.0,4.07926158110796,0.020158338628761242,0.010559656922709243,0.4091954022988506,0.5410840577321853,0.4097701149425288,-0.13188865543333467,-0.0005747126436781991,0.2,0.6777777777777777,21.810582601771255,-0.35083685173639845,0.31800599117206824,1.0,0.8,1.0,0.0,0.05,0.2,1.0,0.8,1.0
0.08,1.0036933498839489,1.2219208685209513,-0.047055794208810536,0.03650823399666978,0.38876941457586617,0.04662684214788871,0.008797633208978084,1.0,0.21875,0.03826086956521739,1.0,2.95063130548937,0.01536052803767244,0.028851791979371016,0.4303464755077659,0.6129629629629629,0.38876941457586617,-0.18261648745519704,0.04157706093189972,0.4,0.5157894736842106,19.06792258383604,-0.6305321884203532,0.2819836406510497,0.0,0.85,0.1,0.8,0.05,0.9,1.0,1.0,0.1
0.12,0.9988053420117207,1.2324551624402849,0.0002031258907312372,0.3290994024906102,0.38534482758620686,0.5334301331988821,-0.06177704556456698,0.296114254302411,0.20170454545454544,0.06,1.0,3.9760541846752195,0.0,0.019303078446186006,0.3652298850574713,0.43579064922223987,0.38534482758620686,-0.07056076416476859,-0.02011494252873558,1.0,0.5155228758169935,20.155666305238178,-0.8116359857448305,0.4361140988065473,0.5,0.8,0.9,0.7,0.05,0.95,1.0,1.0,0.8
0.08,0.9988106381341955,1.0,0.006835113980225863,0.16446060491116346,0.513142174432497,0.2035751123651154,0.03160103616878873,0.6043898447616535,0.3722826086956522,0.04,1.0,2.870080756225615,0.0,0.039641541065533525,0.4982078853046595,0.5854166666666666,0.513142174432497,-0.0872087813620071,-0.014934289127837508,0.7,0.2526315789473683,19.987085072673896,-0.8834059315296199,0.35449420021867795,1.0,0.8,0.1,0.8,0.1,0.9,1.0,1.0,0.2
0.07,1.000539676370876,1.1576918720876188,-0.007113732535344815,0.23117103016841695,0.528673835125448,0.15807374113561704,0.028756435829856652,0.5704418253117467,0.30414746543778803,0.03462365591397849,1.0,2.838960572533311,0.009518355376060909,0.04576955589378305,0.514336917562724,0.6588485663082437,0.528673835125448,-0.1445116487455197,-0.014336917562723928,0.4,0.3570175438596491,19.26042422751391,-0.3015746482053565,0.3094875595251594,1.0,0.8,0.1,0.8,0.1,0.95,1.0,0.8,0.2
0.07,0.9998278630238708,1.0770097230760893,-3.1820463809333066e-05,0.22150430047314698,0.456989247311828,0.33572324182092617,-0.047792073650955724,0.4656864095308183,0.25460829493087556,0.03462365591397849,1.0,2.8873516073500793,0.0,0.040833816219742955,0.449820788530466,0.0,0.456989247311828,0.0,-0.007168458781362019,0.0,0.617251461988304,21.084614628625037,-0.9782940993958866,0.36810674201048993,0.5,0.8,0.9,0.1,0.15,0.8,0.5,0.6,0.9
0.17,1.007945514312968,1.5168350083606,-0.11685219866001068,0.31417906901603976,0.5414462081128747,0.4826192671899248,-0.04622784930416013,0.4913112484238419,0.25106307583274273,0.08397590361445784,1.0,4.1083727944616015,0.015753588314470365,0.03476784658937025,0.5465314520870076,0.4912161203348943,0.5414462081128747,0.055315331752113284,0.0050852439741329025,0.4,0.3444240196078432,20.034452799452612,-0.373947411231323,0.36702476818316815,1.0,0.9,0.2,0.7,0.0,0.85,1.0,0.8,0.2
0.12,1.0031080645357016,1.0,-0.035961688047560586,0.3123933402622642,0.6570881226053639,0.5976553383299018,0.06874738458369989,0.17966013576264817,0.3001893939393939,0.05863636363636364,1.0,3.6599905000417823,0.019252204145243746,0.06991636594498458,0.6483716475095785,0.6514041514041514,0.6570881226053639,-0.00303250389457288,-0.008716475095785325,1.0,0.3908496732026143,19.904307408222827,-0.3972185190374353,0.3439414160374818,1.0,0.8,0.9,0.1,0.05,0.2,1.0,1.0,0.9
0.06,1.0016221673268324,1.0,-0.024387525059713033,0.30792621313488755,0.30930779569892475,0.37910804698656475,-0.0726098067200695,0.5373326868588267,0.3023049645390071,0.02872340425531915,1.0,2.609436382615455,0.008766525488811619,0.03307081206389208,0.31468413978494625,0.29421296296296295,0.30930779569892475,0.020471176821983295,0.005376344086021501,1.0,0.4988304093567252,18.843977651888352,-0.8100282287932488,0.29350921706823946,1.0,0.8,0.9,0.1,0.0,0.2,1.0,0.8,0.9
0.1,1.0036710875264339,1.1893888251481075,-0.053095816818414354,0.09493826817923469,0.4037037037037037,0.09052566506022174,0.014913910999154067,0.7346503019688932,0.25555555555555554,0.04777777777777778,1.0,3.6493231633308856,0.02317876823736421,0.02212375897141286,0.41759259259259257,0.4298768178634697,0.4037037037037037,-0.012284225270877136,0.013888888888888895,1.0,0.2888888888888891,19.168573180889624,-0.6613908546261897,0.3080718577756169,1.0,0.85,1.0,0.0,0.1,0.1,1.0,0.8,1.0
0.12,1.0043771866505382,1.2729021601898463,-0.05380452463628935,0.025316724758693468,0.36551724137931035,0.030563575482180663,0.004730371038403791,0.4872012369574753,0.20833333333333334,0.05590909090909091,1.0,3.599527097812501,0.012852514948891733,0.022943740070851204,0.3823754789272031,0.6444975441391212,0.36551724137931035,-0.2621220652119181,0.01685823754789273,0.1,0.519281045751634,19.36954380011862,-0.29667532591635704,0.3061491464503254,0.5,0.8,0.9,0.1,0.0,0.2,0.5,0.8,0.9
0.08,1.0048571013864962,1.249728803893492,-0.061323182650657365,0.2529343795313463,0.4653524492234169,0.3846187322194459,-0.05679825465998373,0.35697213846627274,0.2595108695652174,0.03826086956521739,1.0,2.936400161977479,0.015361037471825186,0.02930373177244333,0.5413381123058542,0.30320726733407494,0.4690561529271206,0.23813084497177922,0.07228195937873355,0.1,0.5184210526315788,20.41439594112817,-0.7973339913275428,0.38726857130644343,1.0,0.85,0.9,0.1,0.05,0.15,1.0,0.8,0.9
0.06,0.9984359764890325,1.0,0.014168580845444307,0.6307552605754707,0.6706989247311829,0.8753346893478726,0.12753640284044931,0.1528192092464865,0.29166666666666663,0.029361702127659574,1.0,2.414438115002163,0.004382484518908999,0.049654024344224904,0.6814516129032259,0.5489844683393071,0.6759072580645161,0.13246714456391873,0.005544354838709742,0.7,0.2789473684210525,20.1610554827054,-0.7099076166533975,0.31961710135760674,1.0,0.8,0.0,0.9,0.1,0.85,1.0,0.8,0.0
0.13,1.085351324258186,1.4183037036421138,-0.2639791200655761,0.16750230944857566,0.6321839080459769,0.2600103556849207,-0.03304988166939382,0.49226413101820754,0.2718832891246684,0.06425287356321839,1.0,3.733162080460248,0.006714477306881668,0.03483858074119824,0.6787356321839081,0.5729200875752599,0.6327586206896552,0.10581554460864817,0.04597701149425293,0.4,0.4372549019607843,9.907105571696254,7.891723933753385,0.06765006998572681,0.5,0.85,0.9,0.1,0.1,0.85,0.5,0.8,0.9
0.15,1.1281998482593645,1.4287458609537738,-0.36574327411223395,0.12988035786558286,0.47290640394088673,0.10932142856796177,0.013190760402728263,0.7137474014229871,0.18137254901960784,0.07235294117647059,1.0,3.9074960628484576,0.02197302427718223,0.01780850569364554,0.5270935960591133,0.4492945326278659,0.47282430213464693,0.07779906343124743,0.05426929392446639,0.7,0.37254901960784303,4.261296169878085,12.829666299904897,0.027990820396334524,1.0,0.8,0.9,0.8,0.15,0.1,0.5,1.0,0.2
0.13,1.1029183966173324,1.3876127359251291,-0.3165035730421475,0.1440393653073092,0.5522988505747125,0.21319321515950604,0.028644102342699318,0.5799430939207748,0.24314765694076038,0.06126436781609195,1.0,3.6339895947949503,0.033721259792600246,0.024845543820333497,0.6063218390804598,0.2551359241014413,0.5522988505747125,0.35118591497901847,0.05402298850574727,0.1,0.40065359477124174,6.721316105734166,15.869005315137066,0.030147091328066665,0.5,0.6,0.8,0.8,0.25,0.9,1.0,0.8,0.2
0.03,1.0213270419910119,1.0,-0.07850972748309992,1.2260437854376487,0.7095959595959597,1.6747827204271537,0.2636692237026358,0.044180581323438474,0.38316151202749144,0.014536082474226804,1.0,2.0070912851012253,0.009159123129175478,0.09085881948806912,0.5,0.5,0.5,0.0,0.0,1.0,0.0,0.0,21.578466247742526,0.013994078185117742,1.0,0.9,0.3,0.7,0.1,0.75,1.0,0.8,0.3
0.13,1.0967862304735698,1.5173865457659823,-0.3920309559844739,0.28822566578957687,0.4574712643678161,0.48397050095710337,0.04419850417087057,0.18611048912988892,0.231211317418214,0.059770114942528735,1.0,3.835429246460206,0.0,0.03570217495605723,0.5057471264367815,0.603394260655415,0.4597701149425288,-0.09764713421863347,0.04597701149425276,0.4,0.6712418300653594,4.425635149824711,31.462237703937028,0.01852252776375689,1.0,0.8,0.8,0.2,0.05,0.2,1.0,1.0,0.8
0.15,1.127428584559309,1.2077305797258453,-0.4868757012997085,0.005725635743794939,0.39515599343185553,0.08014954945511472,-0.009951420303023317,0.9154347266212022,0.1568627450980392,0.07235294117647059,1.0,3.9501579851381066,0.01463605237388071,0.010110468426074758,0.4986863711001641,0.4180373390050809,0.3904761904761905,0.08064903209508323,0.10821018062397364,0.7,0.5764705882352941,4.393929169281925,35.15725147532093,0.023854055607845478,1.0,0.85,1.0,0.0,0.05,0.15,1.0,1.0,1.0
0.12,1.0675881719113742,1.2858887119726954,-0.23772163513495048,0.4277353500611666,0.553831417624521,0.7065740560388233,0.0802619996504842,0.1679146582205533,0.23295454545454544,0.06,1.0,3.7734212063318644,0.0,0.02362352423391766,0.6198275862068965,0.35529100529100527,0.5509578544061302,0.2645365809158912,0.06886973180076628,0.1,0.5225490196078431,17.25875284155936,7.045099405760645,0.05694791514840151,1.0,0.8,0.1,0.85,0.05,0.9,1.0,1.0,0.15
0.04,1.0295542348710633,1.0612916048603795,-0.10841536667467544,0.6063978045658086,0.7552083333333334,0.8039303476732045,0.12685921147184787,0.0800830940837575,0.42447916666666663,0.02,1.0,2.1291420686476488,0.0,0.05647560046580004,0.5,0.5,0.5,0.0,0.0,1.0,0.0,0.0,26.669661215133903,0.02028548229061041,0.5,0.8,0.9,0.1,0.05,0.85,0.5,0.8,0.9
0.1,1.0798581183375968,1.180544430908277,-0.3261784951179454,0.7421303515676028,0.7250000000000001,1.386631970453193,-0.12755040932976225,0.10645965845777383,0.28888888888888886,0.04888888888888889,1.0,3.205719289598565,0.017371114361583184,0.0789854038138085,0.7564814814814814,0.5891227546399961,0.7138888888888889,0.16735872684148534,0.042592592592592515,0.7,0.26388888888888895,4.051139121489244,39.250707645509344,0.013245521950366192,1.0,0.8,0.7,0.3,0.1,0.4,1.0,0.8,0.7
0.12,1.0923555162033172,1.1137069870904235,-0.26972183095591085,0.003817229969453901,0.46005747126436775,0.06325359785481571,0.009826774255877524,0.8031526318135442,0.2178030303030303,0.05863636363636364,1.0,3.709045842321208,0.006416451917258774,0.0165708095252945,0.5479885057471264,0.5516226141921359,0.46293103448275863,-0.003634108445009443,0.0850574712643678,1.0,0.5045751633986928,6.676180132777454,11.460915566305577,0.02913294639370313,0.5,0.7,0.8,0.7,0.1,0.85,1.0,0.8,0.3
0.06,1.04200904730891,1.0732491617853803,-0.24243763593110224,0.5156625188316222,0.5863575268817204,0.7691941003826798,0.08940873943409722,0.15916498270359847,0.400709219858156,0.028085106382978724,1.0,2.728116132072019,0.0,0.060245919450304566,0.6186155913978495,0.3192204301075268,0.5861895161290323,0.2993951612903227,0.032426075268817245,0.1,0.19926900584795304,3.315941387108983,64.01294046978599,0.005509389310274827,1.0,0.85,0.85,0.1,0.0,0.6,1.0,0.8,0.85
0.05,1.040328074608603,1.132025062221823,-0.10094341299411447,0.3822677586957165,0.2970430107526882,0.49497141406593914,0.0839355151328467,0.3373134086499329,0.37368421052631573,0.024736842105263158,1.0,2.4747460087547406,0.011950645363395946,0.044068209429166824,0.3336693548387097,0.0,0.2970430107526882,0.0,0.0366263440860215,0.0,0.12105263157894741,5.814655627704199,8.224404215096143,0.030158293305092426,1.0,0.8,0.9,0.1,0.1,0.75,1.0,1.0,0.9
0.07,1.044112288209942,1.222026322597193,-0.2142895268615872,0.3230895587213128,0.4498207885304659,0.357641598555341,0.04918506893571373,0.51668864204701,0.28072196620583717,0.03462365591397849,1.0,2.6652459568154994,0.03814534557593659,0.0287896069116196,0.4767025089605735,0.5848491636798089,0.45161290322580644,-0.1081466547192354,0.02508960573476704,0.7,0.508625730994152,5.540287592671423,32.03363633987106,0.014690200858710024,0.5,0.9,0.3,0.7,0.05,0.9,0.5,0.8,0.3
0.1,1.0625619779797346,1.3169921982968749,-0.26867938331727004,0.11619873535214846,0.5935185185185184,0.10056899481596225,0.016707950519515347,0.9862494996122527,0.2,0.04777777777777778,1.0,3.4567310018359603,0.005793151625454805,0.027115130300270053,0.6555555555555554,0.5657407407407408,0.5796296296296296,0.08981481481481468,0.07592592592592584,0.7,0.5944444444444446,8.638351415581928,22.70478701864068,0.02356831688098055,1.0,0.8,0.1,0.8,0.1,0.95,1.0,0.8,0.1
0.05,1.0359839749010806,1.1320372244011743,-0.10883514565672803,0.03374422737873862,0.6859879032258065,0.0072068214950376215,-0.0018849153335348534,0.6578837354969194,0.48684210526315785,0.024736842105263158,1.0,2.728559010772935,0.03590100376629624,0.04145596135109611,0.6917002688172044,0.6207233626588465,0.6911962365591399,0.07097690615835783,0.0005040322580645018,1.0,0.13157894736842102,6.810036464871105,12.906191994159078,0.024399450307307887,1.0,0.85,0.1,0.9,0.0,0.9,1.0,1.0,0.2
0.13,1.0721310042206451,1.4784224149190994,-0.2920640338952003,0.16032974147590476,0.3988505747126436,0.2102005412539736,0.028768426504629296,0.9754701933351783,0.22701149425287354,0.06425287356321839,1.0,3.666621388161804,0.026898274428275148,0.01439144901959066,0.4017241379310345,0.33330017683465957,0.40114942528735636,0.06842396109637494,0.0005747126436781436,0.7,0.43823529411764695,9.956428918495007,12.505037355123273,0.050462990011973796,1.0,0.85,0.2,0.7,0.05,0.9,1.0,0.8,0.2
0.09,1.071324445939751,1.3440170905974544,-0.19167037107806362,0.09630453331452833,0.7362007168458781,0.12483053474689354,-0.02130063063776977,0.7088648533242425,0.3269230769230769,0.04351648351648352,1.0,3.1668575099354004,0.0,0.0326991603949677,0.7547192353643966,0.5921744324970132,0.7324970131421744,0.16254480286738338,0.022222222222222143,0.1,0.3453216374269006,5.474179535324124,10.836042312443745,0.03643502694109829,1.0,0.6,0.8,0.7,0.3,0.2,0.5,1.0,0.4
0.09,1.0704109420591206,1.2443166427447772,-0.20444251115572198,0.33209259682135517,0.46367980884109916,0.4583996459038628,0.05818968247587597,0.4848134059279614,0.3131868131868132,0.04450549450549451,1.0,3.0512253137286502,0.010919238785249889,0.037311067840515064,0.5001194743130227,0.6775665642601126,0.46726403823178014,-0.1774470899470899,0.032855436081242584,0.4,0.383625730994152,5.325954207868826,13.17447852843895,0.029469594224053663,0.5,0.75,0.2,0.8,0.1,0.9,1.0,0.8,0.2
0.1,1.0648164631233876,1.2002404366459725,-0.23185818182485463,0.19299034111534058,0.3361111111111111,0.2767931469505087,-0.04167862981599041,0.5931540252340164,0.2027777777777778,0.05,1.0,3.4146049300295447,0.0,0.024068254402451424,0.4222222222222222,0.5753326741647098,0.3416666666666666,-0.15311045194248757,0.0805555555555556,0.4,0.7583333333333333,8.450077544304655,18.635963168849585,0.03789468562341916,1.0,0.85,0.3,0.7,0.05,0.2,1.0,0.8,0.4
0.15,1.0969191091180004,1.399902339999996,-0.5227330540183921,0.4151589570895719,0.6074712643678161,0.8770949374032201,0.08443116131880601,0.13711800999612422,0.22647058823529415,0.07411764705882352,1.0,4.147843750518037,0.05874205970299093,0.05498823397607859,0.6093596059113301,0.4447960697070819,0.5979474548440066,0.16456353620424818,0.011412151067323517,0.1,0.30980392156862757,3.782944861605401,40.228196912679245,0.015722797636953733,0.5,0.85,0.95,0.0,0.1,0.85,0.5,1.0,0.95
0.06,1.0382834613883856,1.0526879384594066,-0.13864477982964374,0.21137342191158492,0.4731182795698925,0.21977805692496183,0.04702704844711558,0.7660534937844505,0.2367021276595745,0.02872340425531915,1.0,2.2675763232588846,0.039631585347745954,0.02785080001866619,0.5317540322580645,0.0,0.4837029569892473,0.0,0.04805107526881719,0.0,0.5226608187134503,7.655808544195179,14.893465386119843,0.031830219514513945,1.0,0.8,0.1,0.85,0.05,0.85,1.0,0.8,0.1
0.13,1.0984723290487417,1.1817778309223947,-0.29160377927438796,0.1838808265931603,0.45057471264367815,0.3215758072839578,-0.04458498877410999,0.6155121984507611,0.20402298850574713,0.06275862068965517,1.0,3.2328201452252023,0.01344567901039494,0.024200359750669483,0.5672413793103448,0.37006020799124245,0.4477011494252874,0.19718117131910234,0.11954022988505741,0.4,0.5941176470588235,7.534344391212448,11.953146131566001,0.038126555724973706,1.0,0.85,0.2,0.8,0.05,0.2,1.0,0.8,0.2
0.07,1.0562140533823814,1.1882796637696575,-0.1711882807118963,0.7460970360114721,0.682795698924731,1.1995762769680953,-0.12486284061450958,0.07454398416640974,0.34869431643625187,0.03462365591397849,1.0,2.7039904321970956,0.02381345138579446,0.053824378941620885,0.7275985663082438,0.2620330459770115,0.6738351254480287,0.46556552033123233,0.05376344086021512,0.1,0.14210526315789473,6.899706511536092,20.785653088573543,0.020792561887903734,1.0,0.85,0.75,0.25,0.0,0.4,1.0,1.0,0.75
0.13,1.0956478903696545,1.3794308308475822,-0.3295766454455551,0.3521181423311155,0.5908045977011495,0.4629819706689729,0.04986199129273372,0.246788064956179,0.21485411140583555,0.06275862068965517,1.0,3.777557227171273,0.026944956987345347,0.02720013009548152,0.617816091954023,0.43065843621399175,0.5902298850574713,0.18715765574003124,0.027586206896551668,0.1,0.4143790849673201,4.916096124891348,16.805609171303484,0.026227356428798657,0.5,0.75,0.85,0.7,0.1,0.95,1.0,0.8,0.2
0.08,1.0623130809879082,1.0714161157127582,-0.15487588534885655,0.47706528140710885,0.5879330943847073,0.6809881010771414,-0.08671019382239603,0.08766862315986772,0.34239130434782605,0.0391304347826087,1.0,3.0322463785451363,0.0051210097942296015,0.04265693612018405,0.6388291517323775,0.4414351851851852,0.5915173237753882,0.19739396654719232,0.047311827956989294,0.2,0.24766081871345014,8.616446706211686,7.649362167916388,0.055971270032431304,0.5,0.8,0.9,0.8,0.05,0.95,1.0,0.8,0.4
0.16,1.1247668574102805,1.925161759495987,-0.5633102153555667,0.31672169237509923,0.5226190476190476,0.6541634502425038,0.06389834018927754,0.13370412452898237,0.25,0.08,1.0,3.9879572393551834,0.0,0.03711449898735092,0.5924603174603175,0.5702107279693487,0.5226190476190476,0.02224958949096878,0.06984126984126982,0.7,0.49564950980392153,5.559603129688916,41.63971212984457,0.012095986887578953,1.0,0.85,0.85,0.1,0.0,0.3,1.0,1.0,0.85
0.15,1.1188287879561,1.5758472707381215,-0.33186218441391313,0.19561393824212805,0.3816091954022989,0.35099582392111867,-0.04011583647603256,0.5053611005941736,0.19901960784313727,0.07235294117647059,1.0,4.012672465010975,0.01464476568659829,0.03116246092913978,0.40032840722495894,0.47154673283705534,0.3792282430213465,-0.0712183256120964,0.021100164203612437,0.4,0.5588235294117647,6.340616287608862,9.48909571995143,0.040699384807673565,0.5,0.9,0.9,0.1,0.15,0.8,0.5,0.8,0.9
0.08,1.0531283575739296,1.1137069870904235,-0.2885358084174925,0.29384538120740883,0.6866188769414575,0.43034914633153026,0.060600836696644955,0.5293994168647038,0.3627717391304348,0.04,1.0,2.9155554911118933,0.0,0.04888692546605376,0.7379928315412186,0.0,0.691995221027479,0.0,0.04599761051373963,0.0,0.14649122807017534,3.875393137793491,51.13243871540463,0.012220955311766502,1.0,0.8,0.9,0.1,0.05,0.3,1.0,1.0,0.9
0.05,1.0369813630939206,1.1706068025571803,-0.11648120024697972,0.06748710261488,0.28881048387096775,0.03187146244883911,-0.008112356371948737,0.8993168047465148,0.31842105263157894,0.024210526315789474,1.0,2.1713133433207457,0.003983800700563484,0.01565534502684831,0.36239919354838707,0.7254704301075269,0.28360215053763443,-0.3630712365591398,0.07879704301075263,0.1,0.4263157894736842,5.1326377539397114,17.255131862659606,0.030158293305092426,1.0,0.8,0.8,0.1,0.1,0.15,1.0,0.8,0.8
0.12,1.0836271939896556,1.2955604806356353,-0.30095576114623324,0.6749535693150993,0.5983716475095786,1.744137430362212,-0.11342643699198973,0.05554515069484612,0.28882575757575757,0.057272727272727274,1.0,3.498093591480921,0.01928572392857866,0.044766996362023144,0.6670498084291188,0.5706349206349207,0.5872605363984674,0.09641488779419805,0.07978927203065134,0.7,0.3398692810457514,6.943766660712099,22.964152954701195,0.02913294639370313,0.5,0.85,0.9,0.1,0.05,0.9,0.5,0.8,0.9
0.14,1.0878246536629812,1.6667616382111754,-0.3418936401755328,0.25899244952189465,0.5235632183908047,0.41735922193007546,0.04558162454460235,0.27233781444700167,0.25332225913621265,0.06837209302325581,1.0,3.9635615680536342,0.035144583847409115,0.028256559143097687,0.5897372742200329,0.46296296296296297,0.5378489326765189,0.1267743112570699,0.05188834154351396,0.1,0.4352941176470587,7.634296080928432,18.936700691000404,0.047864274571022984,0.5,0.75,0.8,0.4,0.1,0.9,1.0,0.8,0.7
0.11,1.0901405021554464,1.4166242759072978,-0.24187745272816086,0.06864923213929622,0.4652298850574712,0.14072323727431602,-0.01954024191208592,0.5969529119612875,0.2750255362614913,0.05314606741573034,1.0,3.2801626628937877,0.006111498449031102,0.016384341897812568,0.5981162196679438,0.6968854282536151,0.46318646232439337,-0.09876920858567129,0.13492975734355045,1.0,0.32647058823529396,6.521237278479454,11.45895991561036,0.031810925984629396,1.0,0.85,0.3,0.6,0.05,0.2,1.0,0.8,0.3
0.11,1.095004741997919,1.1794350129331763,-0.2221621935450946,0.31842739279829585,0.5413793103448276,0.42249288158609394,-0.0575998413002351,0.473949069850937,0.2446373850868233,0.05314606741573034,1.0,3.7545274970859244,0.0,0.031204408204981413,0.6236270753512133,0.6275814985492404,0.535823754789272,-0.003954423198027079,0.08780332056194129,1.0,0.4307189542483658,6.229360869577853,7.727961448652994,0.0470429172329446,1.0,0.7,0.9,0.8,0.15,0.2,0.5,1.0,0.2
0.14,1.0953573344495673,1.3500488304607356,-0.3504801996143305,0.32292811052641396,0.4318555008210181,0.45614419619731095,0.048513836221811435,0.25536130709080573,0.21137873754152822,0.07,1.0,4.149751687163206,0.0,0.02014597060904224,0.47479474548440065,0.39948107448107445,0.4352216748768472,0.0753136710033262,0.03957307060755344,0.7,0.5859477124183008,7.172524131897955,15.677739125216839,0.027108088584234816,1.0,0.8,0.9,0.1,0.1,0.2,1.0,0.6,0.9
0.1,1.0674325262935263,1.1820334443158187,-0.2532325171072989,0.11494915941199077,0.27499999999999997,0.1377003707052981,0.021082149636833747,0.8137899838107132,0.2638888888888889,0.04888888888888889,1.0,3.413133102891906,0.011594010031935083,0.017603445007363466,0.31481481481481477,0.6137992831541219,0.27499999999999997,-0.29898446833930714,0.0398148148148148,0.1,0.3222222222222223,4.714452397074218,16.64942788849391,0.020088712482547868,1.0,0.85,0.1,0.9,0.1,0.95,1.0,0.8,0.1
0.09,1.0735057646795194,1.1578857223436743,-0.21088216396572657,0.7111404182486099,0.7538829151732377,1.7556887600675426,-0.1511444882956483,0.025072337911761694,0.35866910866910867,0.04351648351648352,1.0,3.0059588553904955,0.02733065284465594,0.05046912032345017,0.7869772998805257,0.25212324393358876,0.7428912783751493,0.5348540559469369,0.04408602150537633,0.1,0.18274853801169577,5.312438313828748,15.516148742246102,0.029469594224053663,0.5,0.8,0.85,0.15,0.05,0.85,0.5,1.0,0.85
0.1,1.0724930024744388,1.1555073243469454,-0.32496956068728355,0.0846324001235051,0.30370370370370375,0.10705319130335758,-0.016320802284928715,0.9954162844241846,0.19722222222222224,0.04777777777777778,1.0,3.294948457505494,0.0057920495690949965,0.0070817654764945785,0.42962962962962964,0.5818452380952381,0.30370370370370375,-0.1522156084656085,0.12592592592592589,0.7,0.561111111111111,4.524087996980699,44.37620319858633,0.020088712482547868,1.0,0.9,0.9,0.1,0.05,0.1,1.0,1.0,0.9
0.06,1.0509090558142724,1.1648510867328181,-0.13739553676963823,0.6975134270375279,0.8461021505376345,0.8115578976498713,0.1290808708335751,0.1257093205824351,0.40691489361702127,0.029361702127659574,1.0,2.525731494160393,0.021932031207561663,0.056652871601935904,0.8780241935483871,0.7183012924948408,0.8408938172043011,0.15972290105354636,0.037130376344086,0.12118327283746318,0.12368421052631573,6.025343453113267,14.463723898561245,0.025750414316249342,1.0,0.85,0.9,0.1,0.05,0.2,1.0,0.8,0.9
0.08,1.0564964112833521,1.1081562669251557,-0.18088552748996545,0.13306176514493978,0.4545997610513739,0.21848329097915684,-0.035577334687233564,0.974660422018088,0.3546195652173913,0.04,1.0,3.1517972519870647,0.0,0.04329901958962833,0.4688172043010752,0.366991756646929,0.4545997610513739,0.1018254476541462,0.014217443249701311,0.4,0.37192982456140344,5.745370563075899,12.089196551762129,0.0249859416120602,1.0,0.85,0.9,0.1,0.0,0.2,1.0,0.8,0.9
0.09,1.0725388222051868,1.1819089827525353,-0.1929538545477567,0.3523837142258336,0.5545997610513739,0.5973351979620325,-0.07622570673448792,0.22841654359812624,0.33699633699633696,0.04450549450549451,1.0,2.9607255596345254,0.04926801243641052,0.05891245479178352,0.6347670250896057,0.5036962365591398,0.5620071684587813,0.13107078853046594,0.0727598566308244,1.0,0.1301169590643274,6.542398984031143,11.559980642186558,0.04356763234163859,0.5,0.8,0.4,0.7,0.05,0.9,0.5,1.0,0.4
0.06,1.0409471163310124,1.1231626004165793,-0.13863271362953533,0.02398952430747438,0.37231182795698925,0.0428086708934436,0.008733931941816042,0.9042715739677216,0.29521276595744683,0.03,1.0,2.5562125370350266,0.0,0.020314514761566274,0.5161290322580645,0.5309139784946236,0.37785618279569894,-0.014784946236559127,0.13827284946236557,1.0,0.421345029239766,7.938432796286906,22.113460658923323,0.031830219514513945,1.0,0.8,0.1,0.8,0.1,0.9,1.0,0.6,0.1
0.09,1.0580819951459726,1.2084647471877499,-0.3093128536106038,0.03040450156852992,0.31708482676224614,0.03412508271633649,0.006202697018995562,0.9519783692472567,0.22374847374847376,0.04252747252747253,1.0,3.443500723074024,0.0,0.01365748070391027,0.4551971326164874,0.5754778972520908,0.3206690561529271,-0.12028076463560333,0.1345280764635603,0.4,0.44795321637426905,6.478868963906569,49.63251301054105,0.009502225608900669,1.0,0.85,0.9,0.1,0.1,0.1,1.0,0.8,0.9
0.1,1.0664375359593052,1.2749786349999943,-0.2072407272796295,0.3772110826896019,0.549074074074074,0.5967736600292763,0.06298055562814409,0.42455920237979217,0.25277777777777777,0.04888888888888889,1.0,3.209359037641088,0.005788066425204773,0.02762395852272713,0.5953703703703703,0.22402051662340874,0.5462962962962963,0.3713498537469616,0.04907407407407405,0.1,0.5111111111111111,9.26791813635877,10.164054312562046,0.041583139919281496,1.0,0.85,0.1,0.9,0.05,0.4,1.0,0.8,0.1
0.09,1.065163290880838,1.291622156341745,-0.21561665723224088,0.026381078053720926,0.42616487455197133,0.035889727585603395,0.006206323192571195,0.8850783331579537,0.24053724053724054,0.04450549450549451,1.0,3.1788690012104155,0.016394083384183935,0.016910221950805472,0.4848267622461171,0.6819014319014318,0.42974910394265237,-0.19707466965531473,0.05507765830346473,0.1,0.5175438596491226,7.338940582969533,17.9334209496494,0.03293190564798827,1.0,0.85,0.1,0.8,0.05,0.15,1.0,0.8,0.1
0.13,1.0958531906261657,1.4064097646089597,-0.2708931452525749,0.41626814301800025,0.6545977011494254,0.6703399234173564,0.07215984187960067,0.21872386522434395,0.2413793103448276,0.06275862068965517,1.0,4.027768024482557,0.013442304749085907,0.043550754579739545,0.6896551724137931,0.2825235629895128,0.654022988505747,0.40713160942428034,0.03563218390804612,0.1,0.4330065359477123,8.30153457982708,9.537954755291215,0.05467796814710316,1.0,0.85,0.9,0.1,0.0,0.3,1.0,1.0,0.9
0.13,1.0792671253852941,1.2306536453565187,-0.3509384122976025,0.2931073147198575,0.5448275862068965,0.47742095851959016,0.06119694320775193,0.246788064956179,0.20954907161803715,0.06425287356321839,1.0,3.623619907507951,0.03364657615076677,0.020932660599450374,0.5614942528735632,0.3797390987046159,0.542528735632184,0.18175515416894733,0.018965517241379293,0.1,0.599673202614379,7.394689069831641,20.906932762567582,0.026227356428798657,0.5,0.85,0.85,0.1,0.1,0.65,0.5,0.8,0.9
0.09,1.0639549118022904,1.1109453464712162,-0.22243146686412185,0.2253718492230859,0.427479091995221,0.33882002574158604,-0.04864436644571163,0.5311097531471883,0.25213675213675213,0.04450549450549451,1.0,3.0406938858741,0.038273784490141946,0.017859371148379953,0.4636798088410991,0.46091336052403903,0.427479091995221,0.0027664483170600773,0.03620071684587811,0.7,0.3494152046783626,4.846683406090502,19.428533106327986,0.026047151933387833,1.0,0.85,1.0,0.0,0.05,0.15,1.0,1.0,1.0
0.14,1.1037485314180215,1.1891784863452075,-0.3744005244143631,0.12838678527770137,0.6466338259441708,0.22334754710762553,0.027379046800017126,1.0,0.2728405315614618,0.06837209302325581,1.0,3.6209539851444075,0.028104921812929874,0.019956897841875106,0.6580459770114943,0.2819368131868132,0.6385057471264369,0.37610916382468107,0.019540229885057325,0.1,0.34411764705882364,6.3635504724793,22.983459598381796,0.023102635078072007,1.0,0.85,0.5,0.3,0.05,0.4,1.0,0.8,0.5
0.14,1.12154115931705,1.2753715512986223,-0.3131351143349401,0.09955403220673636,0.5077175697865354,0.16033323650700224,0.021544452670290926,0.7095059352037268,0.17857142857142855,0.06837209302325581,1.0,3.7250150795097614,0.028090528838013298,0.01816061961565772,0.5866995073891625,0.4051724137931034,0.5117405582922824,0.18152709359605912,0.07495894909688017,0.1,0.5908496732026143,6.857848254973999,11.126825870664232,0.047864274571022984,1.0,0.7,0.9,0.8,0.2,0.1,0.5,1.0,0.2
0.1,1.0703364617726177,1.093864462710268,-0.2752181442478534,0.4690841235310441,0.4166666666666667,0.9445581337225405,-0.10632191504044686,0.09919335581312617,0.25277777777777777,0.04666666666666667,1.0,3.4052953180754213,0.011607076558939708,0.03540108269501735,0.462037037037037,0.6284060846560847,0.4138888888888889,-0.1663690476190477,0.04814814814814811,0.4,0.3666666666666666,5.033837754092696,23.25075523503429,0.016648068739641957,1.0,0.8,0.1,0.9,0.1,0.85,1.0,0.8,0.1
