{
  "timestamp": "2026-04-18T23:03:25.297871",
  "method": "PKLM",
  "reference": "Spohn et al. (2024)",
  "data_type": "sintetico",
  "experiment": "step05_pro",
  "n_datasets": 1200,
  "n_permutations": 50,
  "classifier": "RandomForestClassifier",
  "accuracy_3way": 0.49833333333333335,
  "f1_macro_3way": 0.4418102620609516,
  "binary_test": {
    "type_i_rate": 0.03666666666666667,
    "power": 0.35888888888888887,
    "power_mar": 0.6,
    "power_mnar": 0.0575
  },
  "per_class": {
    "MCAR": {
      "precision": 0.33371824480369516,
      "recall": 0.9633333333333334,
      "f1": 0.4957118353344768,
      "support": 300
    },
    "MAR": {
      "precision": 0.9965156794425087,
      "recall": 0.572,
      "f1": 0.7268106734434562,
      "support": 500
    },
    "MNAR": {
      "precision": 0.48936170212765956,
      "recall": 0.0575,
      "f1": 0.1029082774049217,
      "support": 400
    }
  },
  "confusion_matrix": [
    [
      289,
      1,
      10
    ],
    [
      200,
      286,
      14
    ],
    [
      377,
      0,
      23
    ]
  ],
  "pklm_stats_by_class": {
    "MCAR": {
      "mean_statistic": 0.012095630779683368,
      "std_statistic": 0.00886045933722568,
      "mean_pvalue": 0.5025333333333334
    },
    "MAR": {
      "mean_statistic": 0.2895194999778878,
      "std_statistic": 0.3258527541072912,
      "mean_pvalue": 0.18603999999999998
    },
    "MNAR": {
      "mean_statistic": 0.01203036518837165,
      "std_statistic": 0.008943389953917746,
      "mean_pvalue": 0.501
    }
  }
}