modelo,classe,precision,recall,f1,support
PKLM,MCAR,0.33371824480369516,0.9633333333333334,0.4957118353344768,300
PKLM,MAR,0.9965156794425087,0.572,0.7268106734434562,500
PKLM,MNAR,0.48936170212765956,0.0575,0.1029082774049217,400
