modelo,V3_hier_hard_cv_mean,V3_hier_hard_cv_std,V3plus_threshold_cv_mean,V3plus_threshold_cv_std,V3plus_soft3zone_cv_mean,V3plus_soft3zone_cv_std,V3plus_fullprob_cv_mean,V3plus_fullprob_cv_std
RandomForest,0.39411933672803234,0.3380949045210616,0.3791461026243635,0.34780997605454234,0.3671628149889019,0.35498210100106103,0.3671628149889019,0.35498210100106103
GradientBoosting,0.38226922574748656,0.3372338304092251,0.374605039822431,0.33718066323635204,0.3655385820603212,0.34993219762227573,0.3655385820603212,0.34993219762227573
LogisticRegression,0.4473952213082648,0.30368185823875854,0.4508734821778301,0.3013924162556803,0.4505966836401618,0.3291816245190969,0.4497271184227705,0.32822970086742786
SVM_RBF,0.3139443791617705,0.29494742357099957,0.3079227053140097,0.2980796120331013,0.28360621491056276,0.30037241984407287,0.28360621491056276,0.30037241984407287
KNN,0.36829612220916574,0.2456975338605494,0.37375636506071297,0.23472389452084375,0.3841911476694086,0.2506760121111218,0.3833215824520173,0.2510010310653463
MLP,0.3415615615615616,0.3044324336894536,0.3416581799190494,0.30616934066161416,0.36109413761587666,0.32908664116418135,0.36109413761587666,0.32908664116418135
NaiveBayes,0.5143726335030683,0.3140966834984455,0.5149836793315054,0.31073763684255346,0.5575088131609871,0.3093486370821705,0.5575088131609871,0.3093486370821705
XGBoost,0.3819480349915132,0.34812796934503026,0.3810784697741219,0.3488055045450976,0.3680349915132523,0.35515064032337007,0.3680349915132523,0.35515064032337007
CatBoost,0.3747329938634285,0.34115231460951073,0.3749915132523828,0.3445318965258951,0.36629586107846973,0.357333647067565,0.36629586107846973,0.357333647067565
