modelo,cv_logo_acc,cv_groupkfold_acc,delta
RandomForest,0.398311048557354,0.4123856439127375,-0.014074595355383523
GradientBoosting,0.39338494018296977,0.36593947923997183,0.027445460942997935
LogisticRegression,0.4454609429978888,0.4243490499648135,0.021111893033075313
SVM_RBF,0.3194933145672062,0.3391977480647431,-0.019704433497536922
KNN,0.35467980295566504,0.386347642505278,-0.03166783954961294
MLP,0.34412385643912735,0.34412385643912735,0.0
NaiveBayes,0.43912737508796623,0.4637579169598874,-0.024630541871921152
