,acc_baseline,acc_llm,acc_ensemble,n_low_conf,pct_low_conf
RandomForest,0.4,0.4101694915254237,0.4101694915254237,87.0,29.491525423728817
GradientBoosting,0.4067796610169492,0.38305084745762713,0.4033898305084746,16.0,5.423728813559322
LogisticRegression,0.29491525423728815,0.3050847457627119,0.29491525423728815,60.0,20.33898305084746
SVM_RBF,0.3423728813559322,0.423728813559322,0.36271186440677966,43.0,14.576271186440678
KNN,0.41694915254237286,0.42033898305084744,0.4101694915254237,24.0,8.135593220338983
MLP,0.3525423728813559,0.423728813559322,0.3525423728813559,3.0,1.0169491525423728
NaiveBayes,0.39661016949152544,0.4067796610169492,0.4,11.0,3.728813559322034
