,acc_baseline,acc_llm,acc_ensemble,n_low_conf,pct_low_conf
RandomForest,0.3333333333333333,0.3333333333333333,0.3333333333333333,57.0,38.0
GradientBoosting,0.3333333333333333,0.3333333333333333,0.3333333333333333,0.0,0.0
LogisticRegression,0.54,0.5133333333333333,0.5266666666666666,11.0,7.333333333333333
SVM_RBF,0.3333333333333333,0.38,0.3333333333333333,0.0,0.0
KNN,0.47333333333333333,0.5,0.47333333333333333,0.0,0.0
MLP,0.6066666666666667,0.5133333333333333,0.5866666666666667,4.0,2.666666666666667
NaiveBayes,0.3333333333333333,0.3333333333333333,0.3333333333333333,0.0,0.0
