arquivo,mecanismo_rotulo,n_rows,missing_rate,mcar_min_p,mcar_consistente,mar_max_corr,mar_p_min,mar_evidencia,diagnostico
MCAR_breastcancer_barenuclei.txt,MCAR,699,0.022889842632331903,0.09943040986776305,True,-0.05672098221465927,0.13409528457629918,False,✅ CONSISTENTE
MCAR_oceanbuoys_airtemp.txt,MCAR,736,0.09918478260869565,1.8737512841703728e-38,False,0.3330270056893704,1.6050102546186364e-20,True,⚠️ INCONSISTENTE: rotulado MCAR mas rejeita hipótese MCAR
MCAR_oceanbuoys_humidity.txt,MCAR,736,0.09918478260869565,7.624778490023952e-32,False,-0.3330416724524255,1.5984823200289632e-20,True,⚠️ INCONSISTENTE: rotulado MCAR mas rejeita hipótese MCAR
MAR_airquality_ozone.txt,MAR,153,0.09803921568627451,0.02262854009482889,True,-0.1541474974331399,0.057112406754220434,False,⚠️ FRACO: rotulado MAR mas sem correlação significativa
MAR_mammographic_density.txt,MAR,886,0.06320541760722348,0.0001258128945637739,True,-0.1261343508673058,0.00016706506416418564,True,✅ CONSISTENTE
MAR_titanic_age.txt,MAR,891,0.09988776655443322,1.495157331481108e-07,True,0.13228010554467237,7.482936951968206e-05,True,✅ CONSISTENTE
MNAR_adult_capitalgain.txt,MNAR,1000,0.1,0.35461820629480534,True,-0.03332308096592445,0.2924589125284207,False,ℹ️ MNAR difícil de testar sem acesso ao valor verdadeiro
MNAR_mroz_wages.txt,MNAR,753,0.099601593625498,0.04936051719932711,True,0.08614356612738204,0.01806313026817499,False,ℹ️ MNAR difícil de testar sem acesso ao valor verdadeiro
MNAR_pima_insulin.txt,MNAR,768,0.09895833333333333,0.4396545676864099,True,-0.02670123969940374,0.45997201793531317,False,ℹ️ MNAR difícil de testar sem acesso ao valor verdadeiro
