{
  "MCAR_autompg_horsepower": {
    "X0_mean": 0.317768,
    "X0_std": 0.209191,
    "X0_min": 0.0,
    "X0_max": 1.0,
    "X0_median": 0.258152,
    "X0_skew": 1.083161,
    "X0_kurtosis": 0.672822,
    "X0_p5": 0.079076,
    "X0_p25": 0.157609,
    "X0_p75": 0.434783,
    "X0_p95": 0.728261,
    "n_total": 398,
    "n_missing": 6,
    "n_observed": 392,
    "missing_rate": 0.0151,
    "source": "normalized"
  },
  "MCAR_breastcancer_barenuclei": {
    "X0_mean": 0.28274,
    "X0_std": 0.404873,
    "X0_min": 0.0,
    "X0_max": 1.0,
    "X0_median": 0.0,
    "X0_skew": 0.98784,
    "X0_kurtosis": -0.80178,
    "X0_p5": 0.0,
    "X0_p25": 0.0,
    "X0_p75": 0.555556,
    "X0_p95": 1.0,
    "n_total": 699,
    "n_missing": 16,
    "n_observed": 683,
    "missing_rate": 0.0229,
    "source": "normalized"
  },
  "MCAR_cylinderbands_bladepressure": {
    "X0_mean": 0.275415,
    "X0_std": 0.168467,
    "X0_min": 0.0,
    "X0_max": 1.0,
    "X0_median": 0.259259,
    "X0_skew": 1.369529,
    "X0_kurtosis": 1.812415,
    "X0_p5": 0.074074,
    "X0_p25": 0.166667,
    "X0_p75": 0.296296,
    "X0_p95": 0.62963,
    "n_total": 540,
    "n_missing": 54,
    "n_observed": 486,
    "missing_rate": 0.1,
    "source": "normalized"
  },
  "MCAR_cylinderbands_esavoltage": {
    "X0_mean": 0.082047,
    "X0_std": 0.153535,
    "X0_min": 0.0,
    "X0_max": 1.0,
    "X0_median": 0.0,
    "X0_skew": 2.421741,
    "X0_kurtosis": 6.612646,
    "X0_p5": 0.0,
    "X0_p25": 0.0,
    "X0_p75": 0.125,
    "X0_p95": 0.375,
    "n_total": 540,
    "n_missing": 54,
    "n_observed": 486,
    "missing_rate": 0.1,
    "source": "normalized"
  },
  "MCAR_hypothyroid_t4u": {
    "X0_mean": 0.359889,
    "X0_std": 0.094325,
    "X0_min": 0.0,
    "X0_max": 1.0,
    "X0_median": 0.352657,
    "X0_skew": 1.232951,
    "X0_kurtosis": 4.075743,
    "X0_p5": 0.236715,
    "X0_p25": 0.304348,
    "X0_p75": 0.400966,
    "X0_p95": 0.52657,
    "n_total": 3772,
    "n_missing": 377,
    "n_observed": 3395,
    "missing_rate": 0.0999,
    "source": "normalized"
  },
  "MAR_airquality_ozone": {
    "X0_mean": 42.12931,
    "X0_std": 32.987885,
    "X0_min": 1.0,
    "X0_max": 168.0,
    "X0_median": 31.5,
    "X0_skew": 1.225681,
    "X0_kurtosis": 1.184071,
    "X0_p5": 7.75,
    "X0_p25": 18.0,
    "X0_p75": 63.25,
    "X0_p95": 108.5,
    "n_total": 153,
    "n_missing": 37,
    "n_observed": 116,
    "missing_rate": 0.2418,
    "source": "raw"
  },
  "MAR_colic_resprate": {
    "X0_mean": 0.253046,
    "X0_std": 0.198414,
    "X0_min": 0.0,
    "X0_max": 1.0,
    "X0_median": 0.1875,
    "X0_skew": 1.594494,
    "X0_kurtosis": 2.651865,
    "X0_p5": 0.045455,
    "X0_p25": 0.113636,
    "X0_p75": 0.318182,
    "X0_p95": 0.692045,
    "n_total": 368,
    "n_missing": 36,
    "n_observed": 332,
    "missing_rate": 0.0978,
    "source": "normalized"
  },
  "MAR_hearth_chol": {
    "X0_mean": 0.320171,
    "X0_std": 0.130613,
    "X0_min": 0.0,
    "X0_max": 1.0,
    "X0_median": 0.305019,
    "X0_skew": 1.42544,
    "X0_kurtosis": 4.472373,
    "X0_p5": 0.151544,
    "X0_p25": 0.239382,
    "X0_p75": 0.381274,
    "X0_p95": 0.524131,
    "n_total": 294,
    "n_missing": 23,
    "n_observed": 271,
    "missing_rate": 0.0782,
    "source": "normalized"
  },
  "MAR_kidney_hemo": {
    "X0_mean": 0.640306,
    "X0_std": 0.198604,
    "X0_min": 0.0,
    "X0_max": 1.0,
    "X0_median": 0.64966,
    "X0_skew": -0.345639,
    "X0_kurtosis": -0.480356,
    "X0_p5": 0.312585,
    "X0_p25": 0.489796,
    "X0_p75": 0.809524,
    "X0_p95": 0.938776,
    "n_total": 400,
    "n_missing": 40,
    "n_observed": 360,
    "missing_rate": 0.1,
    "source": "normalized"
  },
  "MAR_mammographic_density": {
    "X0_mean": 2.910734,
    "X0_std": 0.380444,
    "X0_min": 1.0,
    "X0_max": 4.0,
    "X0_median": 3.0,
    "X0_skew": -2.879913,
    "X0_kurtosis": 11.639445,
    "X0_p5": 2.0,
    "X0_p25": 3.0,
    "X0_p75": 3.0,
    "X0_p95": 3.0,
    "n_total": 961,
    "n_missing": 76,
    "n_observed": 885,
    "missing_rate": 0.0791,
    "source": "raw"
  },
  "MAR_oceanbuoys_airtemp": {
    "X0_mean": 0.50961,
    "X0_std": 0.282002,
    "X0_min": 0.0,
    "X0_max": 1.0,
    "X0_median": 0.437853,
    "X0_skew": 0.08541,
    "X0_kurtosis": -1.546685,
    "X0_p5": 0.117514,
    "X0_p25": 0.259887,
    "X0_p75": 0.798023,
    "X0_p95": 0.898305,
    "n_total": 736,
    "n_missing": 73,
    "n_observed": 663,
    "missing_rate": 0.0992,
    "source": "normalized"
  },
  "MAR_oceanbuoys_humidity": {
    "X0_mean": 0.553336,
    "X0_std": 0.197209,
    "X0_min": 0.0,
    "X0_max": 1.0,
    "X0_median": 0.586207,
    "X0_skew": -0.455465,
    "X0_kurtosis": -0.523122,
    "X0_p5": 0.194397,
    "X0_p25": 0.418104,
    "X0_p75": 0.711207,
    "X0_p95": 0.822845,
    "n_total": 736,
    "n_missing": 73,
    "n_observed": 663,
    "missing_rate": 0.0992,
    "source": "normalized"
  },
  "MAR_sick_t3": {
    "X0_mean": 0.185818,
    "X0_std": 0.078251,
    "X0_min": 0.0,
    "X0_max": 1.0,
    "X0_median": 0.184834,
    "X0_skew": 1.664736,
    "X0_kurtosis": 9.285341,
    "X0_p5": 0.07109,
    "X0_p25": 0.146919,
    "X0_p75": 0.21327,
    "X0_p95": 0.317536,
    "n_total": 3772,
    "n_missing": 377,
    "n_observed": 3395,
    "missing_rate": 0.0999,
    "source": "normalized"
  },
  "MAR_sick_tsh": {
    "X0_mean": 0.009588,
    "X0_std": 0.046267,
    "X0_min": 0.0,
    "X0_max": 1.0,
    "X0_median": 0.002632,
    "X0_skew": 13.876533,
    "X0_kurtosis": 237.829886,
    "X0_p5": 3.8e-05,
    "X0_p25": 0.000934,
    "X0_p75": 0.005085,
    "X0_p95": 0.024519,
    "n_total": 3772,
    "n_missing": 369,
    "n_observed": 3403,
    "missing_rate": 0.0978,
    "source": "normalized"
  },
  "MAR_titanic_age": {
    "X0_mean": 0.368382,
    "X0_std": 0.181913,
    "X0_min": 0.0,
    "X0_max": 1.0,
    "X0_median": 0.346569,
    "X0_skew": 0.415809,
    "X0_kurtosis": 0.165589,
    "X0_p5": 0.044986,
    "X0_p25": 0.246042,
    "X0_p75": 0.472229,
    "X0_p95": 0.698417,
    "n_total": 891,
    "n_missing": 89,
    "n_observed": 802,
    "missing_rate": 0.0999,
    "source": "normalized"
  },
  "MAR_titanic_age_v2": {
    "X0_mean": 0.367756,
    "X0_std": 0.183286,
    "X0_min": 0.0,
    "X0_max": 1.0,
    "X0_median": 0.346569,
    "X0_skew": 0.420178,
    "X0_kurtosis": 0.174785,
    "X0_p5": 0.044986,
    "X0_p25": 0.246042,
    "X0_p75": 0.472229,
    "X0_p95": 0.710354,
    "n_total": 891,
    "n_missing": 89,
    "n_observed": 802,
    "missing_rate": 0.0999,
    "source": "normalized"
  },
  "MNAR_adult_capitalgain": {
    "X0_mean": 0.090931,
    "X0_std": 0.131137,
    "X0_min": 0.0,
    "X0_max": 1.0,
    "X0_median": 0.062766,
    "X0_skew": 5.586566,
    "X0_kurtosis": 35.703663,
    "X0_p5": 0.011463,
    "X0_p25": 0.029241,
    "X0_p75": 0.137248,
    "X0_p95": 0.137248,
    "n_total": 1000,
    "n_missing": 100,
    "n_observed": 900,
    "missing_rate": 0.1,
    "source": "normalized"
  },
  "MNAR_colic_refluxph": {
    "X0_mean": 0.517992,
    "X0_std": 0.266681,
    "X0_min": 0.0,
    "X0_max": 1.0,
    "X0_median": 0.533333,
    "X0_skew": -0.380367,
    "X0_kurtosis": -1.013106,
    "X0_p5": 0.066667,
    "X0_p25": 0.266667,
    "X0_p75": 0.733333,
    "X0_p95": 0.866667,
    "n_total": 368,
    "n_missing": 36,
    "n_observed": 332,
    "missing_rate": 0.0978,
    "source": "normalized"
  },
  "MNAR_cylinderbands_varnishpct": {
    "X0_mean": 0.162408,
    "X0_std": 0.191706,
    "X0_min": 0.0,
    "X0_max": 1.0,
    "X0_median": 0.094972,
    "X0_skew": 1.09281,
    "X0_kurtosis": 0.68115,
    "X0_p5": 0.0,
    "X0_p25": 0.0,
    "X0_p75": 0.292598,
    "X0_p95": 0.541899,
    "n_total": 540,
    "n_missing": 54,
    "n_observed": 486,
    "missing_rate": 0.1,
    "source": "normalized"
  },
  "MNAR_kidney_pot": {
    "X0_mean": 0.047397,
    "X0_std": 0.06717,
    "X0_min": 0.0,
    "X0_max": 1.0,
    "X0_median": 0.042697,
    "X0_skew": 12.199923,
    "X0_kurtosis": 158.963037,