modelo,acc_direta,acc_hierarquica,delta_acc,recall_MCAR_direta,recall_MAR_direta,recall_MNAR_direta,recall_MCAR_hier,recall_MAR_hier,recall_MNAR_hier,delta_recall_MNAR,acc_level1,cv_logo,cv_groupkfold
RandomForest,0.43728813559322033,0.4067796610169492,-0.03050847457627115,0.43157894736842106,0.5133333333333333,0.22,0.37894736842105264,0.5,0.18,-0.04000000000000001,0.7966101694915254,0.36130742049469966,0.42667844522968196
GradientBoosting,0.3254237288135593,0.48135593220338985,0.15593220338983055,0.05263157894736842,0.5066666666666667,0.3,0.4421052631578947,0.5666666666666667,0.3,0.0,0.8169491525423729,0.35600706713780916,0.4196113074204947
LogisticRegression,0.4067796610169492,0.41694915254237286,0.01016949152542368,0.4421052631578947,0.47333333333333333,0.14,0.4631578947368421,0.4866666666666667,0.12,-0.020000000000000018,0.823728813559322,0.45229681978798586,0.48498233215547704
SVM_RBF,0.41694915254237286,0.376271186440678,-0.040677966101694885,0.4,0.5133333333333333,0.16,0.37894736842105264,0.44,0.18,0.01999999999999999,0.7966101694915254,0.3197879858657244,0.3710247349823322
KNN,0.43389830508474575,0.3898305084745763,-0.04406779661016946,0.3894736842105263,0.54,0.2,0.37894736842105264,0.4533333333333333,0.22,0.01999999999999999,0.7593220338983051,0.3745583038869258,0.39752650176678445
MLP,0.4101694915254237,0.4067796610169492,-0.003389830508474523,0.37894736842105264,0.43333333333333335,0.4,0.4,0.37333333333333335,0.52,0.12,0.8033898305084746,0.3295053003533569,0.36925795053003535
NaiveBayes,0.39661016949152544,0.31864406779661014,-0.0779661016949153,0.2736842105263158,0.49333333333333335,0.34,0.031578947368421054,0.49333333333333335,0.34,0.0,0.688135593220339,0.4708480565371025,0.4840989399293286
