modelo,cv_logo_acc,cv_groupkfold_acc,delta
RandomForest,0.36130742049469966,0.42667844522968196,-0.0653710247349823
GradientBoosting,0.35600706713780916,0.4196113074204947,-0.06360424028268552
LogisticRegression,0.45229681978798586,0.48498233215547704,-0.032685512367491176
SVM_RBF,0.3197879858657244,0.3710247349823322,-0.051236749116607805
KNN,0.3745583038869258,0.39752650176678445,-0.022968197879858654
MLP,0.3295053003533569,0.36925795053003535,-0.03975265017667845
NaiveBayes,0.4708480565371025,0.4840989399293286,-0.013250883392226132
