,acc_baseline,acc_llm,acc_ensemble,n_low_conf,pct_low_conf
RandomForest,0.39322033898305087,0.4406779661016949,0.4101694915254237,81.0,27.45762711864407
GradientBoosting,0.3728813559322034,0.4610169491525424,0.3864406779661017,12.0,4.067796610169491
LogisticRegression,0.29491525423728815,0.41694915254237286,0.34576271186440677,70.0,23.728813559322035
SVM_RBF,0.3593220338983051,0.48135593220338985,0.38305084745762713,40.0,13.559322033898304
KNN,0.39322033898305087,0.4745762711864407,0.3864406779661017,22.0,7.457627118644068
MLP,0.3525423728813559,0.4406779661016949,0.3559322033898305,6.0,2.0338983050847457
NaiveBayes,0.4,0.45084745762711864,0.4135593220338983,18.0,6.101694915254238
