config_a,config_b,label,mean_delta,wilcoxon_stat,wilcoxon_p,significant_005,mcnemar_model,mcnemar_chi2,mcnemar_p
E1_disc,E2_stat_mnar,+Stat+MNAR,0.049999999999999996,1.0,0.03125,True,LogisticRegression,3.506849315068493,0.061115577534702314
E2_stat_mnar,E3_baseline,+MechDetect,1.586032892321652e-17,12.0,0.8125,False,SVM_RBF,0.045454545454545456,0.8311704095417624
E3_baseline,E4_caafe,+CAAFE,0.012857142857142869,5.0,0.15625,False,RandomForest,2.857142857142857,0.09096894797535793
E3_baseline,E5_llm,+LLM,0.01809523809523807,0.0,0.03125,True,MLP,5.160714285714286,0.023103393801764183
E3_baseline,E6_all,+CAAFE+LLM,0.02190476190476189,0.0,0.03125,True,RandomForest,3.5121951219512195,0.060918690779716456
E4_caafe,E5_llm,CAAFE vs LLM,0.005238095238095201,13.0,0.890625,False,MLP,2.823529411764706,0.09289194088370512
