{
  "n_per_class": 100,
  "n_permutations": 100,
  "bandwidth": 0.42813323987193935,
  "raw_calibration": {
    "little_p": {
      "threshold": 0.16880469293989675,
      "youden_j": 0.41500000000000004,
      "auc": 0.74525
    },
    "pklm_p": {
      "threshold": 0.03,
      "youden_j": 0.26999999999999996,
      "auc": 0.65785
    },
    "levene_p": {
      "threshold": 0.25207231983181305,
      "youden_j": 0.325,
      "auc": 0.6907999999999999
    },
    "auc_obs": {
      "threshold": 0.5544999592437923,
      "youden_j": 0.695,
      "auc": 0.89535
    },
    "mi_max": {
      "threshold": 0.016232693397184805,
      "youden_j": 0.5249999999999999,
      "auc": 0.8036
    },
    "caafe_auc_self_delta": {
      "threshold": 0.4322200851117354,
      "youden_j": 0.31000000000000005,
      "auc": 0.6716
    },
    "caafe_kl_density": {
      "threshold": 21.866998691374057,
      "youden_j": 0.16499999999999998,
      "auc": 0.5627999999999999
    },
    "caafe_kurt_excess_abs": {
      "threshold": 0.4010139718884753,
      "youden_j": 0.31,
      "auc": 0.6288000000000001
    },
    "caafe_cond_entropy": {
      "threshold": 0.28084140503292404,
      "youden_j": 0.18999999999999995,
      "auc": 0.577125
    }
  },
  "thresholds": {
    "auc_mar": 0.5544999592437923,
    "auc_p": 0.05,
    "mi_max_mar": 0.016232693397184805,
    "auc_self_delta": 0.4322200851117354,
    "kl_density": 21.866998691374057,
    "kurt_abs": 0.4010139718884753,
    "cond_entropy": 0.28084140503292404
  },
  "validation_metrics": {
    "default": {
      "accuracy": 0.49666666666666665,
      "confusion_matrix": [
        [
          100,
          0,
          0
        ],
        [
          41,
          49,
          10
        ],
        [
          100,
          0,
          0
        ]
      ],
      "per_class": {
        "MCAR": {
          "n": 100,
          "recall": 1.0,
          "predictions": 241
        },
        "MAR": {
          "n": 100,
          "recall": 0.49,
          "predictions": 49
        },
        "MNAR": {
          "n": 100,
          "recall": 0.0,
          "predictions": 10
        }
      }
    },
    "calibrated": {
      "accuracy": 0.53,
      "confusion_matrix": [
        [
          100,
          0,
          0
        ],
        [
          41,
          59,
          0
        ],
        [
          100,
          0,
          0
        ]
      ],
      "per_class": {
        "MCAR": {
          "n": 100,
          "recall": 1.0,
          "predictions": 241
        },
        "MAR": {
          "n": 100,
          "recall": 0.59,
          "predictions": 59
        },
        "MNAR": {
          "n": 100,
          "recall": 0.0,
          "predictions": 0
        }
      }
    },
    "bayes": {
      "accuracy": 0.9133333333333333,
      "confusion_matrix": [
        [
          90,
          0,
          10
        ],
        [
          2,
          97,
          1
        ],
        [
          13,
          0,
          87
        ]
      ],
      "per_class": {
        "MCAR": {
          "n": 100,
          "recall": 0.9,
          "predictions": 105
        },
        "MAR": {
          "n": 100,
          "recall": 0.97,
          "predictions": 97
        },
        "MNAR": {
          "n": 100,
          "recall": 0.87,
          "predictions": 98
        }
      }
    },
    "bayes_cv": {
      "accuracy": 0.59,
      "confusion_matrix": [
        [
          51,
          6,
          43
        ],
        [
          9,
          78,
          13
        ],
        [
          49,
          3,
          48
        ]
      ],
      "per_class": {
        "MCAR": {
          "n": 100,
          "recall": 0.51,
          "predictions": 109
        },
        "MAR": {
          "n": 100,
          "recall": 0.78,
          "predictions": 87
        },
        "MNAR": {
          "n": 100,
          "recall": 0.48,
          "predictions": 104
        }
      },
      "accuracy_std": 0.04784233364802439,
      "fold_accuracies": [
        0.5166666666666667,
        0.6333333333333333,
        0.65,
        0.5833333333333334,
        0.5666666666666667
      ],
      "n_splits": 5
    }
  }
}