{
  "n_per_class": 15,
  "n_permutations": 10,
  "bandwidth": 0.5,
  "raw_calibration": {
    "little_p": {
      "threshold": 0.16252135357660746,
      "youden_j": 0.5666666666666667,
      "auc": 0.8044444444444445
    },
    "pklm_p": {
      "threshold": 0.0,
      "youden_j": 0.4,
      "auc": 0.7022222222222223
    },
    "levene_p": {
      "threshold": 0.5346153261739635,
      "youden_j": 0.4333333333333333,
      "auc": 0.73
    },
    "auc_obs": {
      "threshold": 0.5925287619454597,
      "youden_j": 0.7666666666666667,
      "auc": 0.9155555555555556
    },
    "mi_max": {
      "threshold": 0.027172965714278075,
      "youden_j": 0.5333333333333333,
      "auc": 0.7555555555555555
    },
    "caafe_quantile_ratio": {
      "threshold": Infinity,
      "youden_j": 0.0,
      "auc": 0.5
    },
    "caafe_tail_asym": {
      "threshold": Infinity,
      "youden_j": 0.0,
      "auc": 0.5
    },
    "caafe_kurt_excess_abs": {
      "threshold": 0.4010139718884753,
      "youden_j": 0.19999999999999996,
      "auc": 0.54
    },
    "caafe_cond_entropy": {
      "threshold": 0.28622722594720873,
      "youden_j": 0.39999999999999997,
      "auc": 0.6755555555555555
    }
  },
  "thresholds": {
    "auc_mar": 0.5925287619454597,
    "auc_p": 0.05,
    "mi_max_mar": 0.027172965714278075,
    "quantile_ratio": Infinity,
    "tail_asym": Infinity,
    "kurt_abs": 0.4010139718884753,
    "cond_entropy": 0.28622722594720873
  },
  "validation_metrics": {
    "default": {
      "accuracy": 0.5111111111111111,
      "confusion_matrix": [
        [
          15,
          0,
          0
        ],
        [
          6,
          7,
          2
        ],
        [
          14,
          0,
          1
        ]
      ],
      "per_class": {
        "MCAR": {
          "n": 15,
          "recall": 1.0,
          "predictions": 35
        },
        "MAR": {
          "n": 15,
          "recall": 0.4666666666666667,
          "predictions": 7
        },
        "MNAR": {
          "n": 15,
          "recall": 0.06666666666666667,
          "predictions": 3
        }
      }
    },
    "calibrated": {
      "accuracy": 0.5555555555555556,
      "confusion_matrix": [
        [
          15,
          0,
          0
        ],
        [
          6,
          9,
          0
        ],
        [
          14,
          0,
          1
        ]
      ],
      "per_class": {
        "MCAR": {
          "n": 15,
          "recall": 1.0,
          "predictions": 35
        },
        "MAR": {
          "n": 15,
          "recall": 0.6,
          "predictions": 9
        },
        "MNAR": {
          "n": 15,
          "recall": 0.06666666666666667,
          "predictions": 1
        }
      }
    },
    "bayes": {
      "accuracy": 0.9555555555555556,
      "confusion_matrix": [
        [
          14,
          0,
          1
        ],
        [
          1,
          14,
          0
        ],
        [
          0,
          0,
          15
        ]
      ],
      "per_class": {
        "MCAR": {
          "n": 15,
          "recall": 0.9333333333333333,
          "predictions": 15
        },
        "MAR": {
          "n": 15,
          "recall": 0.9333333333333333,
          "predictions": 14
        },
        "MNAR": {
          "n": 15,
          "recall": 1.0,
          "predictions": 16
        }
      }
    }
  }
}