modelo,cv_logo_acc,cv_groupkfold_acc,delta
RandomForest,0.3674911660777385,0.4381625441696113,-0.0706713780918728
GradientBoosting,0.37190812720848054,0.4160777385159011,-0.04416961130742053
LogisticRegression,0.3471731448763251,0.4275618374558304,-0.08038869257950526
SVM_RBF,0.32420494699646646,0.37014134275618377,-0.04593639575971731
KNN,0.3878091872791519,0.42226148409893993,-0.03445229681978801
MLP,0.30653710247349825,0.37985865724381623,-0.07332155477031799
NaiveBayes,0.4743816254416961,0.4876325088339223,-0.013250883392226187
