{
  "timestamp": "2026-04-19T15:32:38.943353",
  "model_name": "none",
  "data_type": "real",
  "experiment": "ctx_baseline",
  "abordagem": "apenas ML (baseline)",
  "n_samples": 1132,
  "n_features": 21,
  "n_train": 837,
  "n_test": 295,
  "seed": 42,
  "best_model_direct": "NaiveBayes",
  "best_acc_direct": 0.4033898305084746,
  "best_model_hier": "RandomForest",
  "best_acc_hier": 0.39661016949152544,
  "results_per_model": {
    "RandomForest": {
      "acc_direta": 0.39322033898305087,
      "acc_hierarquica": 0.39661016949152544,
      "recall_MNAR_direta": 0.32,
      "recall_MNAR_hier": 0.36
    },
    "GradientBoosting": {
      "acc_direta": 0.3694915254237288,
      "acc_hierarquica": 0.39661016949152544,
      "recall_MNAR_direta": 0.32,
      "recall_MNAR_hier": 0.36
    },
    "LogisticRegression": {
      "acc_direta": 0.26101694915254237,
      "acc_hierarquica": 0.2677966101694915,
      "recall_MNAR_direta": 0.08,
      "recall_MNAR_hier": 0.1
    },
    "SVM_RBF": {
      "acc_direta": 0.3525423728813559,
      "acc_hierarquica": 0.36271186440677966,
      "recall_MNAR_direta": 0.16,
      "recall_MNAR_hier": 0.24
    },
    "KNN": {
      "acc_direta": 0.4,
      "acc_hierarquica": 0.3864406779661017,
      "recall_MNAR_direta": 0.36,
      "recall_MNAR_hier": 0.34
    },
    "MLP": {
      "acc_direta": 0.3593220338983051,
      "acc_hierarquica": 0.34915254237288135,
      "recall_MNAR_direta": 0.3,
      "recall_MNAR_hier": 0.26
    },
    "NaiveBayes": {
      "acc_direta": 0.4033898305084746,
      "acc_hierarquica": 0.3898305084745763,
      "recall_MNAR_direta": 0.56,
      "recall_MNAR_hier": 0.56
    }
  },
  "cv_logo": {
    "RandomForest": 0.3674911660777385,
    "GradientBoosting": 0.37190812720848054,
    "LogisticRegression": 0.3471731448763251,
    "SVM_RBF": 0.32420494699646646,
    "KNN": 0.3878091872791519,
    "MLP": 0.30653710247349825,
    "NaiveBayes": 0.4743816254416961
  },
  "cv_groupkfold": {
    "RandomForest": 0.4381625441696113,
    "GradientBoosting": 0.4160777385159011,
    "LogisticRegression": 0.4275618374558304,
    "SVM_RBF": 0.37014134275618377,
    "KNN": 0.42226148409893993,
    "MLP": 0.37985865724381623,
    "NaiveBayes": 0.4876325088339223
  }
}