modelo,v1_correct_v4_wrong,v1_wrong_v4_correct,mcnemar_chi2,mcnemar_p,significant_005
RandomForest,27,10,6.918918918918919,0.008528852154051858,True
GradientBoosting,23,20,0.09302325581395349,0.7603683300552028,False
LogisticRegression,56,32,6.011363636363637,0.014214038869082013,True
SVM_RBF,52,23,10.453333333333333,0.0012242832644312474,True
KNN,30,19,2.0408163265306123,0.1531274510196654,False
MLP,26,15,2.4390243902439024,0.11834981273562872,False
NaiveBayes,84,44,11.8828125,0.0005665432545801652,True
