modelo,classe,precision,recall,f1,support
PKLM,MCAR,0.22268041237113403,0.9310344827586207,0.3594009983361065,232
PKLM,MAR,0.7339449541284404,0.14545454545454545,0.24279210925644917,550
PKLM,MNAR,0.2830188679245283,0.04285714285714286,0.07444168734491315,350
