{
  "timestamp": "2026-04-18T23:52:45.379695",
  "method": "PKLM",
  "reference": "Spohn et al. (2024)",
  "data_type": "real",
  "experiment": "step05_pro",
  "n_datasets": 1132,
  "n_permutations": 50,
  "classifier": "RandomForestClassifier",
  "accuracy_3way": 0.2747349823321555,
  "f1_macro_3way": 0.22554493164582298,
  "binary_test": {
    "type_i_rate": 0.06896551724137931,
    "power": 0.1622222222222222,
    "power_mar": 0.20909090909090908,
    "power_mnar": 0.08857142857142856
  },
  "per_class": {
    "MCAR": {
      "precision": 0.22268041237113403,
      "recall": 0.9310344827586207,
      "f1": 0.3594009983361065,
      "support": 232
    },
    "MAR": {
      "precision": 0.7339449541284404,
      "recall": 0.14545454545454545,
      "f1": 0.24279210925644917,
      "support": 550
    },
    "MNAR": {
      "precision": 0.2830188679245283,
      "recall": 0.04285714285714286,
      "f1": 0.07444168734491315,
      "support": 350
    }
  },
  "confusion_matrix": [
    [
      216,
      13,
      3
    ],
    [
      435,
      80,
      35
    ],
    [
      319,
      16,
      15
    ]
  ],
  "pklm_stats_by_class": {
    "MCAR": {
      "mean_statistic": 0.07079708291459463,
      "std_statistic": 0.08174379256044245,
      "mean_pvalue": 0.6681034482758621
    },
    "MAR": {
      "mean_statistic": 0.15100206560162296,
      "std_statistic": 0.10388219195251096,
      "mean_pvalue": 0.38621818181818185
    },
    "MNAR": {
      "mean_statistic": 0.10921966314962027,
      "std_statistic": 0.07493702400006548,
      "mean_pvalue": 0.4890857142857143
    }
  }
}