modelo,V1_cv_mean,V1_cv_std,V2_cv_mean,V2_cv_std,V4_cv_mean,V4_cv_std
RandomForest,0.7516666666666667,0.4320461652287738,0.7191666666666666,0.44940624408459456,0.715,0.4514144437210666
GradientBoosting,0.7425,0.43725707541445225,0.7141666666666666,0.4518104014837296,0.7083333333333334,0.45452967144315476
LogisticRegression,0.7458333333333333,0.4353917456983104,0.6583333333333333,0.47426844250440653,0.6575,0.4745458355101222
SVM_RBF,0.7525,0.43155967142447405,0.67,0.47021271782034996,0.6733333333333333,0.46899419565230827
KNN,0.6925,0.46145828630549046,0.6616666666666666,0.4731425671918443,0.665,0.4719904660054057
MLP,0.7183333333333334,0.44981168899391166,0.7083333333333334,0.45452967144315476,0.7108333333333333,0.4533754576017051
NaiveBayes,0.6975,0.45934055993347683,0.58,0.4935585071701227,0.5833333333333334,0.4930066485916346
